{"credit":"Made by Elo106","textures":{"8":"voxelspawns_daggers:item/vs_dagger7"},"elements":[{"from":[7,3,6],"to":[9,4,9],"rotation":{"angle":0,"axis":"y","origin":[8,3.5,7.5]},"faces":{"north":{"uv":[11,4,13,5],"texture":"#8"},"east":{"uv":[9,8,12,9],"texture":"#8"},"south":{"uv":[5,11,7,12],"texture":"#8"},"west":{"uv":[9,9,12,10],"texture":"#8"},"up":{"uv":[6,3,4,0],"texture":"#8"},"down":{"uv":[6,3,4,6],"texture":"#8"}}},{"from":[7,1,7.5],"to":[9,3,8.5],"rotation":{"angle":0,"axis":"y","origin":[8,3.5,7.5]},"faces":{"north":{"uv":[9,0,11,2],"texture":"#8"},"east":{"uv":[11,5,12,7],"texture":"#8"},"south":{"uv":[1,9,3,11],"texture":"#8"},"west":{"uv":[7,11,8,13],"texture":"#8"},"up":{"uv":[13,8,11,7],"texture":"#8"},"down":{"uv":[13,10,11,11],"texture":"#8"}}},{"from":[7.001,-1.03706,7.30966],"to":[8.999,0.96094,8.30766],"rotation":{"angle":-22.5,"axis":"x","origin":[8,1.46194,7.30866]},"faces":{"north":{"uv":[9,2,11,4],"texture":"#8"},"east":{"uv":[8,11,9,13],"texture":"#8"},"south":{"uv":[3,9,5,11],"texture":"#8"},"west":{"uv":[11,11,12,13],"texture":"#8"},"up":{"uv":[2,13,0,12],"texture":"#8"},"down":{"uv":[14,1,12,2],"texture":"#8"}}},{"from":[7,-1.99421,7.91181],"to":[9,-0.99421,8.91181],"rotation":{"angle":-45,"axis":"x","origin":[8,-0.49421,7.91181]},"faces":{"north":{"uv":[2,12,4,13],"texture":"#8"},"east":{"uv":[13,10,14,11],"texture":"#8"},"south":{"uv":[12,2,14,3],"texture":"#8"},"west":{"uv":[3,14,4,15],"texture":"#8"},"up":{"uv":[14,4,12,3],"texture":"#8"},"down":{"uv":[7,12,5,13],"texture":"#8"}}},{"from":[6.999,3.34362,5.26646],"to":[9.001,4.34562,6.26846],"rotation":{"angle":22.5,"axis":"x","origin":[8,3.84462,5.26746]},"faces":{"north":{"uv":[12,5,14,6],"texture":"#8"},"east":{"uv":[4,14,5,15],"texture":"#8"},"south":{"uv":[12,6,14,7],"texture":"#8"},"west":{"uv":[14,5,15,6],"texture":"#8"},"up":{"uv":[14,9,12,8],"texture":"#8"},"down":{"uv":[14,9,12,10],"texture":"#8"}}},{"from":[7,3.58979,4.57612],"to":[9,4.58979,5.57612],"rotation":{"angle":45,"axis":"x","origin":[8,4.08979,5.07612]},"faces":{"north":{"uv":[12,11,14,12],"texture":"#8"},"east":{"uv":[14,6,15,7],"texture":"#8"},"south":{"uv":[12,12,14,13],"texture":"#8"},"west":{"uv":[14,8,15,9],"texture":"#8"},"up":{"uv":[2,14,0,13],"texture":"#8"},"down":{"uv":[4,13,2,14],"texture":"#8"}}},{"from":[7.5,1,6],"to":[8.5,7,8],"rotation":{"angle":0,"axis":"y","origin":[7.5,6.5,9]},"faces":{"north":{"uv":[0,6,1,12],"texture":"#8"},"east":{"uv":[0,0,2,6],"texture":"#8"},"south":{"uv":[6,0,7,6],"texture":"#8"},"west":{"uv":[2,0,4,6],"texture":"#8"},"up":{"uv":[6,15,5,13],"texture":"#8"},"down":{"uv":[7,13,6,15],"texture":"#8"}}},{"from":[7.501,6.50414,5.5031],"to":[8.499,9.50214,7.5011],"rotation":{"angle":-22.5,"axis":"x","origin":[8,8.00314,6.5021]},"faces":{"north":{"uv":[9,10,10,13],"texture":"#8"},"east":{"uv":[1,6,3,9],"texture":"#8"},"south":{"uv":[10,10,11,13],"texture":"#8"},"west":{"uv":[3,6,5,9],"texture":"#8"},"up":{"uv":[8,15,7,13],"texture":"#8"},"down":{"uv":[9,13,8,15],"texture":"#8"}}},{"from":[7.001,9.50414,5.0031],"to":[8.999,10.50214,8.0011],"rotation":{"angle":-22.5,"axis":"x","origin":[8,8.00314,6.5021]},"faces":{"north":{"uv":[13,4,15,5],"texture":"#8"},"east":{"uv":[11,0,14,1],"texture":"#8"},"south":{"uv":[13,7,15,8],"texture":"#8"},"west":{"uv":[1,11,4,12],"texture":"#8"},"up":{"uv":[7,9,5,6],"texture":"#8"},"down":{"uv":[9,0,7,3],"texture":"#8"}}},{"from":[7.501,-1.50214,6.4989],"to":[8.499,1.49586,8.4969],"rotation":{"angle":-22.5,"axis":"x","origin":[8,-0.00314,7.4979]},"faces":{"north":{"uv":[11,1,12,4],"texture":"#8"},"east":{"uv":[7,3,9,6],"texture":"#8"},"south":{"uv":[4,11,5,14],"texture":"#8"},"west":{"uv":[7,6,9,9],"texture":"#8"},"up":{"uv":[10,15,9,13],"texture":"#8"},"down":{"uv":[11,13,10,15],"texture":"#8"}}},{"from":[7.5,-2.62519,7.91582],"to":[8.5,-0.62519,9.91582],"rotation":{"angle":-45,"axis":"x","origin":[8,-2.12519,8.91582]},"faces":{"north":{"uv":[11,13,12,15],"texture":"#8"},"east":{"uv":[9,4,11,6],"texture":"#8"},"south":{"uv":[12,13,13,15],"texture":"#8"},"west":{"uv":[5,9,7,11],"texture":"#8"},"up":{"uv":[14,15,13,13],"texture":"#8"},"down":{"uv":[1,14,0,16],"texture":"#8"}}},{"from":[7.501,-3.06963,8.98401],"to":[8.499,-1.07163,10.98201],"rotation":{"angle":22.5,"axis":"x","origin":[8,-2.07063,8.48301]},"faces":{"north":{"uv":[14,0,15,2],"texture":"#8"},"east":{"uv":[9,6,11,8],"texture":"#8"},"south":{"uv":[1,14,2,16],"texture":"#8"},"west":{"uv":[7,9,9,11],"texture":"#8"},"up":{"uv":[3,16,2,14],"texture":"#8"},"down":{"uv":[15,2,14,4],"texture":"#8"}}}],"gui_light":"front","display":{"thirdperson_righthand":{"rotation":[180,-180,0],"translation":[0,-3,1.5]},"thirdperson_lefthand":{"translation":[0,-1,1.5]},"firstperson_righthand":{"rotation":[180,-180,0],"translation":[4.25,-1.75,-0.25]},"firstperson_lefthand":{"rotation":[17.5,-1.5,0],"translation":[5.5,7.25,0.75]},"ground":{"translation":[0,7.25,0]},"gui":{"rotation":[-80,-45,100],"translation":[-2.75,-3.25,0]},"fixed":{"rotation":[-90,45,-90],"translation":[3.5,-3,0.5]}}}