{"credit":"by w11shes","textures":{"0":"elitecreatures:junk_food_cosmetic/icecream_back","1":"elitecreatures:junk_food_cosmetic/icecream_drops","particle":"elitecreatures:junk_food_cosmetic/icecream_back"},"elements":[{"from":[6,0,7],"to":[10,10,9],"faces":{"north":{"uv":[1,10,3,15],"texture":"#0"},"east":{"uv":[0,9,1,14],"texture":"#0"},"south":{"uv":[1,10,3,15],"texture":"#0"},"west":{"uv":[0,9,1,14],"texture":"#0"},"down":{"uv":[3,9,1,10],"texture":"#0"}}},{"from":[5.75,7.75,6.75],"to":[10.25,10.25,9.25],"faces":{"north":{"uv":[3,9,5,10],"texture":"#0","tintindex":0},"east":{"uv":[5,9,6,10],"texture":"#0","tintindex":0},"south":{"uv":[3,9,5,10],"texture":"#0","tintindex":0},"west":{"uv":[5,9,6,10],"texture":"#0","tintindex":0}}},{"from":[3,10,5],"to":[13,28,11],"faces":{"north":{"uv":[0,0,5,9],"texture":"#0","tintindex":0},"east":{"uv":[5,0,8,9],"texture":"#0","tintindex":0},"south":{"uv":[0,0,5,9],"texture":"#0","tintindex":0},"west":{"uv":[5,0,8,9],"texture":"#0","tintindex":0},"up":{"uv":[13,3,8,0],"texture":"#0","tintindex":0},"down":{"uv":[13,3,8,6],"texture":"#0","tintindex":0}}},{"from":[3,10,5],"to":[13,28,11],"faces":{"north":{"uv":[8,6,13,15],"texture":"#0"},"east":{"uv":[13,0,16,9],"texture":"#0"},"south":{"uv":[8,6,13,15],"texture":"#0"},"west":{"uv":[13,0,16,9],"texture":"#0"},"up":{"uv":[8,13,3,10],"texture":"#0"}}},{"from":[16,12,8],"to":[23,20,8.05],"rotation":{"angle":45,"axis":"z","origin":[0,0,0]},"faces":{"north":{"uv":[0,0,14,16],"texture":"#1","tintindex":0},"south":{"uv":[14,0,0,16],"texture":"#1","tintindex":0}}}],"gui_light":"front","display":{"thirdperson_righthand":{"rotation":[0,-90,0],"translation":[0,2,2.5]},"thirdperson_lefthand":{"rotation":[0,90,0],"translation":[0,2,2.5]},"firstperson_righthand":{"rotation":[5.62,-59.79,14.01],"translation":[0.75,-0.75,-0.75],"scale":[0.70352,0.70352,0.70352]},"firstperson_lefthand":{"rotation":[5.62,-59.79,14.01],"translation":[0.75,-0.75,-0.75],"scale":[0.70352,0.70352,0.70352]},"ground":{"rotation":[180,0,0],"translation":[0,9,0],"scale":[0.5,0.5,0.5]},"gui":{"rotation":[-159,11,-40],"translation":[-2.5,3,0],"scale":[0.5,0.5,0.5]},"head":{"rotation":[0,0,139],"translation":[9,-37.5,9],"scale":[1.6,1.6,1.6]}}}