{"credit":"by w11shes","textures":{"0":"elitecreatures:junk_food_cosmetic/icecream","particle":"elitecreatures:junk_food_cosmetic/icecream"},"elements":[{"from":[6.5,0,6.5],"to":[9.5,5,9.5],"faces":{"north":{"uv":[4,6.5,5.5,9],"texture":"#0"},"east":{"uv":[4,6.5,5.5,9],"texture":"#0"},"south":{"uv":[4,6.5,5.5,9],"texture":"#0"},"west":{"uv":[4,6.5,5.5,9],"texture":"#0"},"down":{"uv":[1.5,7,0,8.5],"texture":"#0"}}},{"from":[5.5,5,5.5],"to":[10.5,8,10.5],"faces":{"north":{"uv":[6.5,4,9,5.5],"texture":"#0"},"east":{"uv":[6.5,4,9,5.5],"texture":"#0"},"south":{"uv":[6.5,4,9,5.5],"texture":"#0"},"west":{"uv":[6.5,4,9,5.5],"texture":"#0"},"up":{"uv":[2.5,2.5,0,0],"texture":"#0"},"down":{"uv":[2.5,2.5,0,5],"texture":"#0"}}},{"from":[5.1,11,6],"to":[9.1,15,10],"rotation":{"angle":-45,"axis":"y","origin":[8,14,8]},"faces":{"north":{"uv":[2.5,2.5,4.5,4.5],"texture":"#0"},"east":{"uv":[2.5,2.5,4.5,4.5],"texture":"#0"},"south":{"uv":[2.5,2.5,4.5,4.5],"texture":"#0"},"west":{"uv":[2.5,2.5,4.5,4.5],"texture":"#0"},"up":{"uv":[4.5,6.5,2.5,4.5],"texture":"#0"},"down":{"uv":[6.5,2.5,4.5,4.5],"texture":"#0"}}},{"from":[6,8,6],"to":[10,12,10],"faces":{"north":{"uv":[4.5,4.5,6.5,6.5],"texture":"#0"},"east":{"uv":[4.5,4.5,6.5,6.5],"texture":"#0"},"south":{"uv":[4.5,4.5,6.5,6.5],"texture":"#0"},"west":{"uv":[4.5,4.5,6.5,6.5],"texture":"#0"},"up":{"uv":[2,7,0,5],"texture":"#0"}}},{"from":[6.2,14,6.3],"to":[10.2,18,10.3],"faces":{"north":{"uv":[5,0,7,2],"texture":"#0"},"east":{"uv":[5,0,7,2],"texture":"#0"},"south":{"uv":[5,0,7,2],"texture":"#0"},"west":{"uv":[5,0,7,2],"texture":"#0"},"up":{"uv":[4,8.5,2,6.5],"texture":"#0"},"down":{"uv":[8.5,2,6.5,4],"texture":"#0"}}},{"from":[5.25,4.75,5.25],"to":[10.75,8.25,10.75],"faces":{"north":{"uv":[8,6.5,5.5,8],"texture":"#0"},"east":{"uv":[5.5,6.5,8,8],"texture":"#0"},"south":{"uv":[8,6.5,5.5,8],"texture":"#0"},"west":{"uv":[5.5,6.5,8,8],"texture":"#0"},"up":{"uv":[5,2.5,2.5,0],"texture":"#0"}}}],"gui_light":"front","display":{"thirdperson_righthand":{"rotation":[56,0,0],"translation":[-2,3,4.5]},"thirdperson_lefthand":{"rotation":[56,0,0],"translation":[-2,3,4.5]},"firstperson_righthand":{"rotation":[0,225,0],"translation":[-0.25,2.5,-1.5],"scale":[0.80234,0.80234,0.80234]},"firstperson_lefthand":{"rotation":[0,225,0],"translation":[-0.25,2.5,-1.5],"scale":[0.80234,0.80234,0.80234]},"ground":{"rotation":[43.64,1.85,4.71],"translation":[0,3,0],"scale":[0.76367,0.76758,0.76367]},"gui":{"rotation":[-161.09,-36.59,160.2],"translation":[0.25,-0.5,0],"scale":[0.84727,0.84727,0.84727]},"head":{"translation":[0,14.75,0],"scale":[1.18555,1.18555,1.18555]},"fixed":{"translation":[0,0,-4],"scale":[1.62109,1.62109,1.62109]}}}