{"providers":[{"file":"char/black.png","chars":[""],"height":1,"ascent":-5000,"type":"bitmap"},{"file":"char/black.png","chars":[""],"height":2,"ascent":-5000,"type":"bitmap"},{"file":"char/black.png","chars":[""],"height":3,"ascent":-5000,"type":"bitmap"},{"file":"char/black.png","chars":[""],"height":4,"ascent":-5000,"type":"bitmap"},{"file":"char/black.png","chars":[""],"height":5,"ascent":-5000,"type":"bitmap"},{"file":"char/black.png","chars":[""],"height":6,"ascent":-5000,"type":"bitmap"},{"file":"char/black.png","chars":[""],"height":7,"ascent":-5000,"type":"bitmap"},{"file":"char/black.png","chars":[""],"height":15,"ascent":-5000,"type":"bitmap"},{"file":"char/black.png","chars":[""],"height":31,"ascent":-5000,"type":"bitmap"},{"file":"char/black.png","chars":[""],"height":63,"ascent":-5000,"type":"bitmap"},{"file":"char/black.png","chars":[""],"height":127,"ascent":-5000,"type":"bitmap"},{"file":"char/black.png","chars":[""],"height":256,"ascent":-5000,"type":"bitmap"},{"file":"char/black.png","chars":[""],"height":512,"ascent":-5000,"type":"bitmap"},{"file":"char/black.png","chars":[""],"height":1024,"ascent":-5000,"type":"bitmap"},{"file":"char/black.png","chars":[""],"height":-3,"ascent":-5000,"type":"bitmap"},{"file":"char/black.png","chars":[""],"height":-4,"ascent":-5000,"type":"bitmap"},{"file":"char/black.png","chars":[""],"height":-5,"ascent":-5000,"type":"bitmap"},{"file":"char/black.png","chars":[""],"height":-6,"ascent":-5000,"type":"bitmap"},{"file":"char/black.png","chars":[""],"height":-7,"ascent":-5000,"type":"bitmap"},{"file":"char/black.png","chars":[""],"height":-8,"ascent":-5000,"type":"bitmap"},{"file":"char/black.png","chars":[""],"height":-9,"ascent":-5000,"type":"bitmap"},{"file":"char/black.png","chars":[""],"height":-10,"ascent":-5000,"type":"bitmap"},{"file":"char/black.png","chars":[""],"height":-18,"ascent":-5000,"type":"bitmap"},{"file":"char/black.png","chars":[""],"height":-34,"ascent":-5000,"type":"bitmap"},{"file":"char/black.png","chars":[""],"height":-66,"ascent":-5000,"type":"bitmap"},{"file":"char/black.png","chars":[""],"height":-130,"ascent":-5000,"type":"bitmap"},{"file":"char/black.png","chars":[""],"height":-259,"ascent":-5000,"type":"bitmap"},{"file":"char/black.png","chars":[""],"height":-515,"ascent":-5000,"type":"bitmap"},{"file":"char/black.png","chars":[""],"height":-1027,"ascent":-5000,"type":"bitmap"},{"file":"_iainternal:gui/no_recipe.png","chars":[""],"height":170,"ascent":47,"type":"bitmap"},{"file":"_iainternal:gui/crafting.png","chars":[""],"height":170,"ascent":47,"type":"bitmap"},{"file":"_iainternal:gui/cooking.png","chars":[""],"height":170,"ascent":47,"type":"bitmap"},{"file":"_iainternal:gui/blank_menu.png","chars":[""],"height":170,"ascent":47,"type":"bitmap"},{"file":"_iainternal:gui/anvil_repair.png","chars":[""],"height":170,"ascent":47,"type":"bitmap"},{"file":"_iainternal:gui/smithing.png","chars":[""],"height":170,"ascent":47,"type":"bitmap"},{"file":"_iainternal:hud/small_cooldown_bar/0.png","chars":[""],"height":22,"ascent":-42,"type":"bitmap"},{"file":"_iainternal:hud/small_cooldown_bar/1.png","chars":[""],"height":22,"ascent":-42,"type":"bitmap"},{"file":"_iainternal:hud/small_cooldown_bar/2.png","chars":[""],"height":22,"ascent":-42,"type":"bitmap"},{"file":"_iainternal:hud/small_cooldown_bar/3.png","chars":[""],"height":22,"ascent":-42,"type":"bitmap"},{"file":"_iainternal:hud/small_cooldown_bar/4.png","chars":[""],"height":22,"ascent":-42,"type":"bitmap"},{"file":"_iainternal:hud/small_cooldown_bar/5.png","chars":[""],"height":22,"ascent":-42,"type":"bitmap"},{"file":"_iainternal:hud/small_cooldown_bar/6.png","chars":[""],"height":22,"ascent":-42,"type":"bitmap"},{"file":"_iainternal:hud/small_cooldown_bar/7.png","chars":[""],"height":22,"ascent":-42,"type":"bitmap"},{"file":"_iainternal:hud/small_cooldown_bar/8.png","chars":[""],"height":22,"ascent":-42,"type":"bitmap"},{"file":"_iainternal:hud/small_cooldown_bar/9.png","chars":[""],"height":22,"ascent":-42,"type":"bitmap"},{"file":"_iainternal:hud/small_cooldown_bar/10.png","chars":[""],"height":22,"ascent":-42,"type":"bitmap"},{"file":"_iainternal:hud/small_cooldown_bar/11.png","chars":[""],"height":22,"ascent":-42,"type":"bitmap"},{"file":"_iainternal:hud/small_cooldown_bar/12.png","chars":[""],"height":22,"ascent":-42,"type":"bitmap"},{"file":"_iainternal:hud/small_cooldown_bar/13.png","chars":[""],"height":22,"ascent":-42,"type":"bitmap"},{"file":"_iainternal:hud/small_cooldown_bar/14.png","chars":[""],"height":22,"ascent":-42,"type":"bitmap"},{"file":"_iainternal:hud/small_cooldown_bar/15.png","chars":[""],"height":22,"ascent":-42,"type":"bitmap"},{"file":"_iainternal:hud/small_cooldown_bar/16.png","chars":[""],"height":22,"ascent":-42,"type":"bitmap"},{"file":"_iainternal:hud/small_cooldown_bar/17.png","chars":[""],"height":22,"ascent":-42,"type":"bitmap"},{"file":"_iainternal:hud/small_cooldown_bar/18.png","chars":[""],"height":22,"ascent":-42,"type":"bitmap"},{"file":"_iainternal:hud/small_cooldown_bar/19.png","chars":[""],"height":22,"ascent":-42,"type":"bitmap"},{"file":"_iainternal:hud/small_cooldown_bar/20.png","chars":[""],"height":22,"ascent":-42,"type":"bitmap"},{"file":"z_iainternal:gui/no_recipe.png","chars":[""],"height":170,"ascent":47,"type":"bitmap"},{"file":"z_iainternal:gui/crafting.png","chars":[""],"height":170,"ascent":47,"type":"bitmap"},{"file":"z_iainternal:gui/cooking.png","chars":[""],"height":170,"ascent":47,"type":"bitmap"},{"file":"z_iainternal:gui/blank_menu.png","chars":[""],"height":170,"ascent":47,"type":"bitmap"},{"file":"z_iainternal:gui/anvil_repair.png","chars":[""],"height":170,"ascent":47,"type":"bitmap"},{"file":"tab:font/tab/mini.png","chars":[""],"height":40,"ascent":39,"type":"bitmap"},{"file":"tab:font/tab/tripslime.png","chars":[""],"height":10,"ascent":9,"type":"bitmap"},{"file":"tab:font/tab/slimeoji.png","chars":[""],"height":10,"ascent":9,"type":"bitmap"},{"file":"emojis:amongus.png","chars":[""],"height":10,"ascent":8,"type":"bitmap"},{"file":"emojis:eyes.png","chars":[""],"height":10,"ascent":8,"type":"bitmap"},{"file":"emojis:joy.png","chars":[""],"height":10,"ascent":8,"type":"bitmap"},{"file":"emojis:joy_2.png","chars":[""],"height":10,"ascent":8,"type":"bitmap"},{"file":"emojis:angel.png","chars":[""],"height":10,"ascent":8,"type":"bitmap"},{"file":"emojis:stunned.png","chars":[""],"height":10,"ascent":8,"type":"bitmap"},{"file":"emojis:skull.png","chars":[""],"height":10,"ascent":8,"type":"bitmap"},{"file":"emojis:confused.png","chars":[""],"height":10,"ascent":8,"type":"bitmap"},{"file":"emojis:confused_2.png","chars":[""],"height":10,"ascent":8,"type":"bitmap"},{"file":"emojis:frozen.png","chars":[""],"height":10,"ascent":8,"type":"bitmap"},{"file":"emojis:contagious.png","chars":[""],"height":10,"ascent":8,"type":"bitmap"},{"file":"emojis:dislike.png","chars":[""],"height":10,"ascent":8,"type":"bitmap"},{"file":"emojis:sleeping.png","chars":[""],"height":10,"ascent":8,"type":"bitmap"},{"file":"emojis:elegant.png","chars":[""],"height":10,"ascent":8,"type":"bitmap"},{"file":"emojis:fachero.png","chars":[""],"height":10,"ascent":8,"type":"bitmap"},{"file":"emojis:fascinated.png","chars":[""],"height":10,"ascent":8,"type":"bitmap"},{"file":"emojis:angry.png","chars":[""],"height":10,"ascent":8,"type":"bitmap"},{"file":"emojis:wink.png","chars":[""],"height":10,"ascent":8,"type":"bitmap"},{"file":"emojis:scream.png","chars":[""],"height":10,"ascent":8,"type":"bitmap"},{"file":"emojis:like.png","chars":[""],"height":10,"ascent":8,"type":"bitmap"},{"file":"emojis:cry.png","chars":[""],"height":10,"ascent":8,"type":"bitmap"},{"file":"emojis:nerd.png","chars":[""],"height":10,"ascent":8,"type":"bitmap"},{"file":"emojis:nausea.png","chars":[""],"height":10,"ascent":8,"type":"bitmap"},{"file":"emojis:eyes_hearts.png","chars":[""],"height":10,"ascent":8,"type":"bitmap"},{"file":"emojis:concerned.png","chars":[""],"height":10,"ascent":8,"type":"bitmap"},{"file":"emojis:pull_tongue.png","chars":[""],"height":10,"ascent":8,"type":"bitmap"},{"file":"emojis:without_expresion.png","chars":[""],"height":10,"ascent":8,"type":"bitmap"},{"file":"emojis:smiling.png","chars":[""],"height":10,"ascent":8,"type":"bitmap"},{"file":"emojis:sad.png","chars":[""],"height":10,"ascent":8,"type":"bitmap"},{"file":"emojis:sad_2.png","chars":[""],"height":10,"ascent":8,"type":"bitmap"},{"file":"emojis:vomit.png","chars":[""],"height":10,"ascent":8,"type":"bitmap"},{"file":"emojis:heart.png","chars":[""],"height":10,"ascent":8,"type":"bitmap"},{"file":"emojis:broken_heart.png","chars":[""],"height":10,"ascent":8,"type":"bitmap"},{"file":"emojis:yellow_heart.png","chars":[""],"height":10,"ascent":8,"type":"bitmap"},{"file":"emojis:green_heart.png","chars":[""],"height":10,"ascent":8,"type":"bitmap"},{"file":"emojis:purple_heart.png","chars":[""],"height":10,"ascent":8,"type":"bitmap"},{"file":"emojis:blue_heart.png","chars":[""],"height":10,"ascent":8,"type":"bitmap"},{"file":"emojis:gif.png","chars":[""],"height":10,"ascent":8,"type":"bitmap"},{"file":"emojis:demon.png","chars":[""],"height":10,"ascent":8,"type":"bitmap"},{"file":"emojis:to_sigh.png","chars":[""],"height":10,"ascent":8,"type":"bitmap"},{"file":"emojis:sneeze.png","chars":[""],"height":10,"ascent":8,"type":"bitmap"},{"file":"emojis:gg.png","chars":[""],"height":10,"ascent":8,"type":"bitmap"},{"file":"emojipedia:emojis/8ball.png","chars":[""],"height":9,"ascent":8,"type":"bitmap"},{"file":"emojipedia:emojis/alarm.png","chars":[""],"height":9,"ascent":8,"type":"bitmap"},{"file":"emojipedia:emojis/alert.png","chars":[""],"height":9,"ascent":8,"type":"bitmap"},{"file":"emojipedia:emojis/alien.png","chars":[""],"height":9,"ascent":8,"type":"bitmap"},{"file":"emojipedia:emojis/angry.png","chars":[""],"height":9,"ascent":8,"type":"bitmap"},{"file":"emojipedia:emojis/anguish.png","chars":[""],"height":9,"ascent":8,"type":"bitmap"},{"file":"emojipedia:emojis/anxious.png","chars":[""],"height":9,"ascent":8,"type":"bitmap"},{"file":"emojipedia:emojis/banana.png","chars":[""],"height":9,"ascent":8,"type":"bitmap"},{"file":"emojipedia:emojis/bang.png","chars":[""],"height":9,"ascent":8,"type":"bitmap"},{"file":"emojipedia:emojis/baseball.png","chars":[""],"height":9,"ascent":8,"type":"bitmap"},{"file":"emojipedia:emojis/basketball.png","chars":[""],"height":9,"ascent":8,"type":"bitmap"},{"file":"emojipedia:emojis/battery.png","chars":[""],"height":9,"ascent":8,"type":"bitmap"},{"file":"emojipedia:emojis/beam.png","chars":[""],"height":9,"ascent":8,"type":"bitmap"},{"file":"emojipedia:emojis/bear.png","chars":[""],"height":9,"ascent":8,"type":"bitmap"},{"file":"emojipedia:emojis/blowkiss.png","chars":[""],"height":9,"ascent":8,"type":"bitmap"},{"file":"emojipedia:emojis/blush.png","chars":[""],"height":9,"ascent":8,"type":"bitmap"},{"file":"emojipedia:emojis/blushkiss.png","chars":[""],"height":9,"ascent":8,"type":"bitmap"},{"file":"emojipedia:emojis/bolt.png","chars":[""],"height":9,"ascent":8,"type":"bitmap"},{"file":"emojipedia:emojis/bomb.png","chars":[""],"height":9,"ascent":8,"type":"bitmap"},{"file":"emojipedia:emojis/box.png","chars":[""],"height":9,"ascent":8,"type":"bitmap"},{"file":"emojipedia:emojis/brokenheart.png","chars":[""],"height":9,"ascent":8,"type":"bitmap"},{"file":"emojipedia:emojis/bulb.png","chars":[""],"height":9,"ascent":8,"type":"bitmap"},{"file":"emojipedia:emojis/burger.png","chars":[""],"height":9,"ascent":8,"type":"bitmap"},{"file":"emojipedia:emojis/cake.png","chars":[""],"height":9,"ascent":8,"type":"bitmap"},{"file":"emojipedia:emojis/card.png","chars":[""],"height":9,"ascent":8,"type":"bitmap"},{"file":"emojipedia:emojis/cat.png","chars":[""],"height":9,"ascent":8,"type":"bitmap"},{"file":"emojipedia:emojis/check.png","chars":[""],"height":9,"ascent":8,"type":"bitmap"},{"file":"emojipedia:emojis/chick.png","chars":[""],"height":9,"ascent":8,"type":"bitmap"},{"file":"emojipedia:emojis/chickinegg.png","chars":[""],"height":9,"ascent":8,"type":"bitmap"},{"file":"emojipedia:emojis/chocolate.png","chars":[""],"height":9,"ascent":8,"type":"bitmap"},{"file":"emojipedia:emojis/cloud.png","chars":[""],"height":9,"ascent":8,"type":"bitmap"},{"file":"emojipedia:emojis/cloudy.png","chars":[""],"height":9,"ascent":8,"type":"bitmap"},{"file":"emojipedia:emojis/cone.png","chars":[""],"height":9,"ascent":8,"type":"bitmap"},{"file":"emojipedia:emojis/confounded.png","chars":[""],"height":9,"ascent":8,"type":"bitmap"},{"file":"emojipedia:emojis/cookie.png","chars":[""],"height":9,"ascent":8,"type":"bitmap"},{"file":"emojipedia:emojis/cross.png","chars":[""],"height":9,"ascent":8,"type":"bitmap"},{"file":"emojipedia:emojis/crown.png","chars":[""],"height":9,"ascent":8,"type":"bitmap"},{"file":"emojipedia:emojis/cry.png","chars":[""],"height":9,"ascent":8,"type":"bitmap"},{"file":"emojipedia:emojis/dead.png","chars":[""],"height":9,"ascent":8,"type":"bitmap"},{"file":"emojipedia:emojis/deny.png","chars":[""],"height":9,"ascent":8,"type":"bitmap"},{"file":"emojipedia:emojis/dice.png","chars":[""],"height":9,"ascent":8,"type":"bitmap"},{"file":"emojipedia:emojis/disappointed.png","chars":[""],"height":9,"ascent":8,"type":"bitmap"},{"file":"emojipedia:emojis/dog.png","chars":[""],"height":9,"ascent":8,"type":"bitmap"},{"file":"emojipedia:emojis/donut.png","chars":[""],"height":9,"ascent":8,"type":"bitmap"},{"file":"emojipedia:emojis/downcast.png","chars":[""],"height":9,"ascent":8,"type":"bitmap"},{"file":"emojipedia:emojis/droplet.png","chars":[""],"height":9,"ascent":8,"type":"bitmap"},{"file":"emojipedia:emojis/earth.png","chars":[""],"height":9,"ascent":8,"type":"bitmap"},{"file":"emojipedia:emojis/envelope.png","chars":[""],"height":9,"ascent":8,"type":"bitmap"},{"file":"emojipedia:emojis/expressionless.png","chars":[""],"height":9,"ascent":8,"type":"bitmap"},{"file":"emojipedia:emojis/eyes.png","chars":[""],"height":9,"ascent":8,"type":"bitmap"},{"file":"emojipedia:emojis/ez.png","chars":[""],"height":9,"ascent":8,"type":"bitmap"},{"file":"emojipedia:emojis/faceless.png","chars":[""],"height":9,"ascent":8,"type":"bitmap"},{"file":"emojipedia:emojis/fearful.png","chars":[""],"height":9,"ascent":8,"type":"bitmap"},{"file":"emojipedia:emojis/finish.png","chars":[""],"height":9,"ascent":8,"type":"bitmap"},{"file":"emojipedia:emojis/fish.png","chars":[""],"height":9,"ascent":8,"type":"bitmap"},{"file":"emojipedia:emojis/fist.png","chars":[""],"height":9,"ascent":8,"type":"bitmap"},{"file":"emojipedia:emojis/flame.png","chars":[""],"height":9,"ascent":8,"type":"bitmap"},{"file":"emojipedia:emojis/flex.png","chars":[""],"height":9,"ascent":8,"type":"bitmap"},{"file":"emojipedia:emojis/flower.png","chars":[""],"height":9,"ascent":8,"type":"bitmap"},{"file":"emojipedia:emojis/football.png","chars":[""],"height":9,"ascent":8,"type":"bitmap"},{"file":"emojipedia:emojis/fries.png","chars":[""],"height":9,"ascent":8,"type":"bitmap"},{"file":"emojipedia:emojis/frown.png","chars":[""],"height":9,"ascent":8,"type":"bitmap"},{"file":"emojipedia:emojis/gg.png","chars":[""],"height":9,"ascent":8,"type":"bitmap"},{"file":"emojipedia:emojis/glasses.png","chars":[""],"height":9,"ascent":8,"type":"bitmap"},{"file":"emojipedia:emojis/goblin.png","chars":[""],"height":9,"ascent":8,"type":"bitmap"},{"file":"emojipedia:emojis/grimace.png","chars":[""],"height":9,"ascent":8,"type":"bitmap"},{"file":"emojipedia:emojis/grin.png","chars":[""],"height":9,"ascent":8,"type":"bitmap"},{"file":"emojipedia:emojis/happyhorns.png","chars":[""],"height":9,"ascent":8,"type":"bitmap"},{"file":"emojipedia:emojis/happysun.png","chars":[""],"height":9,"ascent":8,"type":"bitmap"},{"file":"emojipedia:emojis/heart.png","chars":[""],"height":9,"ascent":8,"type":"bitmap"},{"file":"emojipedia:emojis/hearteyes.png","chars":[""],"height":9,"ascent":8,"type":"bitmap"},{"file":"emojipedia:emojis/hibiscus.png","chars":[""],"height":9,"ascent":8,"type":"bitmap"},{"file":"emojipedia:emojis/horse.png","chars":[""],"height":9,"ascent":8,"type":"bitmap"},{"file":"emojipedia:emojis/hushed.png","chars":[""],"height":9,"ascent":8,"type":"bitmap"},{"file":"emojipedia:emojis/indexup.png","chars":[""],"height":9,"ascent":8,"type":"bitmap"},{"file":"emojipedia:emojis/kiss.png","chars":[""],"height":9,"ascent":8,"type":"bitmap"},{"file":"emojipedia:emojis/ladybug.png","chars":[""],"height":9,"ascent":8,"type":"bitmap"},{"file":"emojipedia:emojis/lion.png","chars":[""],"height":9,"ascent":8,"type":"bitmap"},{"file":"emojipedia:emojis/lips.png","chars":[""],"height":9,"ascent":8,"type":"bitmap"},{"file":"emojipedia:emojis/lock.png","chars":[""],"height":9,"ascent":8,"type":"bitmap"},{"file":"emojipedia:emojis/lol.png","chars":[""],"height":9,"ascent":8,"type":"bitmap"},{"file":"emojipedia:emojis/lollipop.png","chars":[""],"height":9,"ascent":8,"type":"bitmap"},{"file":"emojipedia:emojis/lovenote.png","chars":[""],"height":9,"ascent":8,"type":"bitmap"},{"file":"emojipedia:emojis/mail.png","chars":[""],"height":9,"ascent":8,"type":"bitmap"},{"file":"emojipedia:emojis/mailclosed.png","chars":[""],"height":9,"ascent":8,"type":"bitmap"},{"file":"emojipedia:emojis/mask.png","chars":[""],"height":9,"ascent":8,"type":"bitmap"},{"file":"emojipedia:emojis/masks.png","chars":[""],"height":9,"ascent":8,"type":"bitmap"},{"file":"emojipedia:emojis/meat.png","chars":[""],"height":9,"ascent":8,"type":"bitmap"},{"file":"emojipedia:emojis/money.png","chars":[""],"height":9,"ascent":8,"type":"bitmap"},{"file":"emojipedia:emojis/monkey.png","chars":[""],"height":9,"ascent":8,"type":"bitmap"},{"file":"emojipedia:emojis/moon.png","chars":[""],"height":9,"ascent":8,"type":"bitmap"},{"file":"emojipedia:emojis/moonbright.png","chars":[""],"height":9,"ascent":8,"type":"bitmap"},{"file":"emojipedia:emojis/moondark.png","chars":[""],"height":9,"ascent":8,"type":"bitmap"},{"file":"emojipedia:emojis/mouse.png","chars":[""],"height":9,"ascent":8,"type":"bitmap"},{"file":"emojipedia:emojis/mushroom.png","chars":[""],"height":9,"ascent":8,"type":"bitmap"},{"file":"emojipedia:emojis/neutral.png","chars":[""],"height":9,"ascent":8,"type":"bitmap"},{"file":"emojipedia:emojis/newspaper.png","chars":[""],"height":9,"ascent":8,"type":"bitmap"},{"file":"emojipedia:emojis/blocked.png","chars":[""],"height":9,"ascent":8,"type":"bitmap"},{"file":"emojipedia:emojis/nomail.png","chars":[""],"height":9,"ascent":8,"type":"bitmap"},{"file":"emojipedia:emojis/notstonks.png","chars":[""],"height":9,"ascent":8,"type":"bitmap"},{"file":"emojipedia:emojis/ok.png","chars":[""],"height":9,"ascent":8,"type":"bitmap"},{"file":"emojipedia:emojis/openmouth.png","chars":[""],"height":9,"ascent":8,"type":"bitmap"},{"file":"emojipedia:emojis/palette.png","chars":[""],"height":9,"ascent":8,"type":"bitmap"},{"file":"emojipedia:emojis/panda.png","chars":[""],"height":9,"ascent":8,"type":"bitmap"},{"file":"emojipedia:emojis/peace.png","chars":[""],"height":9,"ascent":8,"type":"bitmap"},{"file":"emojipedia:emojis/peach.png","chars":[""],"height":9,"ascent":8,"type":"bitmap"},{"file":"emojipedia:emojis/pencil.png","chars":[""],"height":9,"ascent":8,"type":"bitmap"},{"file":"emojipedia:emojis/penguin.png","chars":[""],"height":9,"ascent":8,"type":"bitmap"},{"file":"emojipedia:emojis/pensive.png","chars":[""],"height":9,"ascent":8,"type":"bitmap"},{"file":"emojipedia:emojis/perservere.png","chars":[""],"height":9,"ascent":8,"type":"bitmap"},{"file":"emojipedia:emojis/phone.png","chars":[""],"height":9,"ascent":8,"type":"bitmap"},{"file":"emojipedia:emojis/pig.png","chars":[""],"height":9,"ascent":8,"type":"bitmap"},{"file":"emojipedia:emojis/pigsnout.png","chars":[""],"height":9,"ascent":8,"type":"bitmap"},{"file":"emojipedia:emojis/pineapple.png","chars":[""],"height":9,"ascent":8,"type":"bitmap"},{"file":"emojipedia:emojis/pizza.png","chars":[""],"height":9,"ascent":8,"type":"bitmap"},{"file":"emojipedia:emojis/poop.png","chars":[""],"height":9,"ascent":8,"type":"bitmap"},{"file":"emojipedia:emojis/pout.png","chars":[""],"height":9,"ascent":8,"type":"bitmap"},{"file":"emojipedia:emojis/relieved.png","chars":[""],"height":9,"ascent":8,"type":"bitmap"},{"file":"emojipedia:emojis/rocket.png","chars":[""],"height":9,"ascent":8,"type":"bitmap"},{"file":"emojipedia:emojis/sadhorns.png","chars":[""],"height":9,"ascent":8,"type":"bitmap"},{"file":"emojipedia:emojis/sadworry.png","chars":[""],"height":9,"ascent":8,"type":"bitmap"},{"file":"emojipedia:emojis/screaming.png","chars":[""],"height":9,"ascent":8,"type":"bitmap"},{"file":"emojipedia:emojis/shimmer.png","chars":[""],"height":9,"ascent":8,"type":"bitmap"},{"file":"emojipedia:emojis/shimmeryheart.png","chars":[""],"height":9,"ascent":8,"type":"bitmap"},{"file":"emojipedia:emojis/shocked.png","chars":[""],"height":9,"ascent":8,"type":"bitmap"},{"file":"emojipedia:emojis/sidetongue.png","chars":[""],"height":9,"ascent":8,"type":"bitmap"},{"file":"emojipedia:emojis/silverware.png","chars":[""],"height":9,"ascent":8,"type":"bitmap"},{"file":"emojipedia:emojis/skull.png","chars":[""],"height":9,"ascent":8,"type":"bitmap"},{"file":"emojipedia:emojis/sleeping.png","chars":[""],"height":9,"ascent":8,"type":"bitmap"},{"file":"emojipedia:emojis/sleepy.png","chars":[""],"height":9,"ascent":8,"type":"bitmap"},{"file":"emojipedia:emojis/smile.png","chars":[""],"height":9,"ascent":8,"type":"bitmap"},{"file":"emojipedia:emojis/smirk.png","chars":[""],"height":9,"ascent":8,"type":"bitmap"},{"file":"emojipedia:emojis/snail.png","chars":[""],"height":9,"ascent":8,"type":"bitmap"},{"file":"emojipedia:emojis/snowman.png","chars":[""],"height":9,"ascent":8,"type":"bitmap"},{"file":"emojipedia:emojis/sob.png","chars":[""],"height":9,"ascent":8,"type":"bitmap"},{"file":"emojipedia:emojis/soccer.png","chars":[""],"height":9,"ascent":8,"type":"bitmap"},{"file":"emojipedia:emojis/spooky.png","chars":[""],"height":9,"ascent":8,"type":"bitmap"},{"file":"emojipedia:emojis/squid.png","chars":[""],"height":9,"ascent":8,"type":"bitmap"},{"file":"emojipedia:emojis/squint.png","chars":[""],"height":9,"ascent":8,"type":"bitmap"},{"file":"emojipedia:emojis/squintkiss.png","chars":[""],"height":9,"ascent":8,"type":"bitmap"},{"file":"emojipedia:emojis/squinttongue.png","chars":[""],"height":9,"ascent":8,"type":"bitmap"},{"file":"emojipedia:emojis/star.png","chars":[""],"height":9,"ascent":8,"type":"bitmap"},{"file":"emojipedia:emojis/steam.png","chars":[""],"height":9,"ascent":8,"type":"bitmap"},{"file":"emojipedia:emojis/stonks.png","chars":[""],"height":9,"ascent":8,"type":"bitmap"},{"file":"emojipedia:emojis/sun.png","chars":[""],"height":9,"ascent":8,"type":"bitmap"},{"file":"emojipedia:emojis/sweat.png","chars":[""],"height":9,"ascent":8,"type":"bitmap"},{"file":"emojipedia:emojis/tag.png","chars":[""],"height":9,"ascent":8,"type":"bitmap"},{"file":"emojipedia:emojis/target.png","chars":[""],"height":9,"ascent":8,"type":"bitmap"},{"file":"emojipedia:emojis/thumbsdown.png","chars":[""],"height":9,"ascent":8,"type":"bitmap"},{"file":"emojipedia:emojis/thumbsup.png","chars":[""],"height":9,"ascent":8,"type":"bitmap"},{"file":"emojipedia:emojis/tired.png","chars":[""],"height":9,"ascent":8,"type":"bitmap"},{"file":"emojipedia:emojis/toilet.png","chars":[""],"height":9,"ascent":8,"type":"bitmap"},{"file":"emojipedia:emojis/tongue.png","chars":[""],"height":9,"ascent":8,"type":"bitmap"},{"file":"emojipedia:emojis/tophat.png","chars":[""],"height":9,"ascent":8,"type":"bitmap"},{"file":"emojipedia:emojis/trafficlight.png","chars":[""],"height":9,"ascent":8,"type":"bitmap"},{"file":"emojipedia:emojis/trophy.png","chars":[""],"height":9,"ascent":8,"type":"bitmap"},{"file":"emojipedia:emojis/unamused.png","chars":[""],"height":9,"ascent":8,"type":"bitmap"},{"file":"emojipedia:emojis/unlock.png","chars":[""],"height":9,"ascent":8,"type":"bitmap"},{"file":"emojipedia:emojis/weary.png","chars":[""],"height":9,"ascent":8,"type":"bitmap"},{"file":"emojipedia:emojis/wink.png","chars":[""],"height":9,"ascent":8,"type":"bitmap"},{"file":"emojipedia:emojis/winktongue.png","chars":[""],"height":9,"ascent":8,"type":"bitmap"},{"file":"emojipedia:emojis/worry.png","chars":[""],"height":9,"ascent":8,"type":"bitmap"},{"file":"emojipedia:emojis/confirm.png","chars":[""],"height":9,"ascent":8,"type":"bitmap"},{"type":"bitmap","file":"minecraft:guis/pixel.png","ascent":-2000,"height":-3,"chars":["七"]},{"type":"bitmap","file":"minecraft:guis/shopgui/shopgui_sell.png","ascent":26,"height":66,"chars":["ㇳ"]},{"type":"bitmap","file":"minecraft:guis/shopgui/shopgui_category.png","ascent":26,"height":140,"chars":["ㇴ"]},{"type":"bitmap","file":"minecraft:guis/shopgui/shopgui_categories.png","ascent":26,"height":87,"chars":["ㇵ"]},{"type":"bitmap","file":"minecraft:guis/shopgui/plus.png","ascent":8,"height":9,"chars":["ㇷ"]},{"type":"bitmap","file":"minecraft:guis/shopgui/minus.png","ascent":6,"height":6,"chars":["ㇸ"]},{"type":"bitmap","file":"minecraft:guis/shopgui/click.png","ascent":10,"height":13,"chars":["ㇶ"]},{"type":"bitmap","file":"minecraft:guis/shopgui/shop.png","ascent":8,"height":13,"chars":["㆒"]},{"type":"bitmap","file":"minecraft:guis/shopgui/cart.png","ascent":2,"height":44,"chars":["ぁ"]}]}