{
	"credit": "byw11shes",
	"textures": {
		"1": "elitecreatures:assortment/paladin_shield"
	},
	"elements": [
		{
			"from": [2, 4, 5.5],
			"to": [8, 10, 8.5],
			"rotation": {"angle": 45, "axis": "z", "origin": [8, 10, 0]},
			"faces": {
				"north": {"uv": [0, 6.75, 1.5, 8.25], "texture": "#1"},
				"east": {"uv": [7.25, 7.5, 8, 9], "texture": "#1"},
				"west": {"uv": [1.5, 8, 2.25, 9.5], "texture": "#1"},
				"up": {"uv": [9, 6.75, 7.5, 6], "texture": "#1"},
				"down": {"uv": [9.5, 1.5, 8, 2.25], "texture": "#1"}
			}
		},
		{
			"from": [15.5, -0.5, 6.53],
			"to": [21.5, 5.5, 8.47],
			"rotation": {"angle": -45, "axis": "z", "origin": [15.5, 5.5, 0]},
			"faces": {
				"north": {"uv": [8, 1.5, 6.5, 3], "texture": "#1"},
				"east": {"uv": [3.5, 8, 3, 9.5], "texture": "#1"},
				"south": {"uv": [8, 3, 6.5, 4.5], "texture": "#1"},
				"up": {"uv": [8, 4, 9.5, 3.5], "texture": "#1"}
			}
		},
		{
			"from": [-5.5, -0.5, 6.53],
			"to": [0.5, 5.5, 8.47],
			"rotation": {"angle": 45, "axis": "z", "origin": [0.5, 5.5, 0]},
			"faces": {
				"north": {"uv": [6.5, 1.5, 8, 3], "texture": "#1"},
				"south": {"uv": [6.5, 3, 8, 4.5], "texture": "#1"},
				"west": {"uv": [3, 8, 3.5, 9.5], "texture": "#1"},
				"up": {"uv": [9.5, 4, 8, 3.5], "texture": "#1"}
			}
		},
		{
			"from": [6.5, -1.75, 8.5],
			"to": [9.5, 4.25, 13.5],
			"faces": {
				"east": {"uv": [6.5, 6.75, 5.25, 8.25], "texture": "#1"},
				"south": {"uv": [6.5, 7.5, 7.25, 9], "texture": "#1"},
				"west": {"uv": [5.25, 6.75, 6.5, 8.25], "texture": "#1"},
				"up": {"uv": [3, 9.25, 2.25, 8], "texture": "#1"},
				"down": {"uv": [8.75, 2.25, 8, 3.5], "texture": "#1"}
			}
		},
		{
			"from": [9.5, 3.25, 12.5],
			"to": [6.5, -0.75, 8.5],
			"rotation": {"angle": 0, "axis": "y", "origin": [16, 16, 16]},
			"faces": {
				"north": {"uv": [6.5, 8.75, 7.25, 7.75], "texture": "#1"},
				"up": {"uv": [8, 2.5, 8.75, 3.5], "texture": "#1"},
				"down": {"uv": [2.25, 9.25, 3, 8.25], "texture": "#1"}
			}
		},
		{
			"from": [4.8875, -15.6125, 6.47],
			"to": [15.5, -5, 8.53],
			"rotation": {"angle": -45, "axis": "z", "origin": [15.5, -5, 0]},
			"faces": {
				"north": {"uv": [3.75, 0, 6.5, 2.75], "texture": "#1"},
				"east": {"uv": [4.75, 7.25, 5.25, 10], "texture": "#1"},
				"south": {"uv": [3.75, 2.75, 6.5, 5.5], "texture": "#1"},
				"down": {"uv": [10.25, 5.5, 7.5, 6], "texture": "#1"}
			}
		},
		{
			"from": [3.5, 5.5, 6.5],
			"to": [12.5, 8.5, 8.5],
			"rotation": {"angle": 22.5, "axis": "x", "origin": [0, 5.5, 6.5]},
			"faces": {
				"north": {"uv": [6.5, 6.75, 8.75, 7.5], "texture": "#1"},
				"east": {"uv": [0.5, 8.25, 1, 9], "texture": "#1"},
				"south": {"uv": [1.5, 7.25, 3.75, 8], "texture": "#1"},
				"west": {"uv": [1, 8.25, 1.5, 9], "texture": "#1"}
			}
		},
		{
			"from": [11, 9, 8],
			"to": [20, 15, 8.05],
			"rotation": {"angle": 22.5, "axis": "x", "origin": [0, 5.5, 6.5]},
			"faces": {
				"north": {"uv": [8.75, 0, 6.5, 1.5], "texture": "#1"},
				"south": {"uv": [6.5, 0, 8.75, 1.5], "texture": "#1"}
			}
		},
		{
			"from": [-4, 9, 8],
			"to": [5, 15, 8.05],
			"rotation": {"angle": 22.5, "axis": "x", "origin": [0, 5.5, 6.5]},
			"faces": {
				"north": {"uv": [6.5, 0, 8.75, 1.5], "texture": "#1"},
				"south": {"uv": [8.75, 0, 6.5, 1.5], "texture": "#1"}
			}
		},
		{
			"from": [0.5, 8.5, 6.5],
			"to": [15.5, 13, 8.5],
			"rotation": {"angle": 22.5, "axis": "x", "origin": [0, 5.5, 6.5]},
			"faces": {
				"north": {"uv": [0, 5.5, 3.75, 6.75], "texture": "#1"},
				"east": {"uv": [8, 7.5, 8.5, 8.75], "texture": "#1"},
				"south": {"uv": [3.75, 5.5, 7.5, 6.75], "texture": "#1"},
				"west": {"uv": [0, 8.25, 0.5, 9.5], "texture": "#1"},
				"up": {"uv": [10.25, 5.5, 6.5, 5], "texture": "#1"},
				"down": {"uv": [5.25, 6.75, 1.5, 7.25], "texture": "#1"}
			}
		},
		{
			"from": [0.5, -5, 6.5],
			"to": [15.5, 5.5, 8.5],
			"faces": {
				"north": {"uv": [0, 0, 3.75, 2.75], "texture": "#1"},
				"east": {"uv": [3.75, 7.25, 4.25, 10], "texture": "#1"},
				"south": {"uv": [0, 2.75, 3.75, 5.5], "texture": "#1"},
				"west": {"uv": [4.25, 7.25, 4.75, 10], "texture": "#1"},
				"up": {"uv": [10.25, 5, 6.5, 4.5], "texture": "#1"}
			}
		}
	],
	"gui_light": "front",
	"display": {
		"thirdperson_righthand": {
			"rotation": [32, 0, 0],
			"translation": [0, 4, 1.5],
			"scale": [0.7, 0.7, 0.7]
		},
		"thirdperson_lefthand": {
			"rotation": [32, 0, 0],
			"translation": [0, 4, 1.5],
			"scale": [0.7, 0.7, 0.7]
		},
		"firstperson_righthand": {
			"rotation": [0, 0, 9.75],
			"translation": [-5.5, 5.75, 0],
			"scale": [0.39336, 0.39336, 0.39336]
		},
		"firstperson_lefthand": {
			"rotation": [0, 0, 9.75],
			"translation": [-5.5, 5.75, 0],
			"scale": [0.39336, 0.39336, 0.39336]
		},
		"ground": {
			"translation": [0, 11, 0],
			"scale": [0.5, 0.5, 0.5]
		},
		"gui": {
			"rotation": [0, 180, 0],
			"translation": [0, 4.25, 0],
			"scale": [0.58008, 0.58008, 0.58008]
		},
		"head": {
			"scale": [0, 0, 0]
		},
		"fixed": {
			"translation": [0, 13, -6],
			"scale": [1.9, 1.9, 1.9]
		}
	}
}