{
	"credit": "by w11shes",
	"textures": {
		"0": "elitecreatures:assortment/paladin_bow",
		"particle": "elitecreatures:assortment/paladin_bow"
	},
	"elements": [
		{
			"from": [7.02, 13, 5],
			"to": [8.98, 21, 7],
			"rotation": {"angle": -22.5, "axis": "x", "origin": [0, 13, 7]},
			"faces": {
				"north": {"uv": [5.5, 7, 6.5, 11], "texture": "#0"},
				"east": {"uv": [4.5, 7.5, 5.5, 11.5], "texture": "#0"},
				"south": {"uv": [8, 2, 9, 6], "texture": "#0"},
				"west": {"uv": [8, 6, 9, 10], "texture": "#0"}
			}
		},
		{
			"from": [6, 16.55, -2.2],
			"to": [10, 20.55, 0.8],
			"rotation": {"angle": 22.5, "axis": "x", "origin": [0, 13, 7]},
			"faces": {
				"north": {"uv": [8.5, 10, 10.5, 12], "texture": "#0"},
				"east": {"uv": [6.5, 8, 8, 10], "texture": "#0"},
				"south": {"uv": [10.5, 10, 12.5, 12], "texture": "#0"},
				"west": {"uv": [11, 0, 12.5, 2], "texture": "#0"},
				"up": {"uv": [13, 3.5, 11, 2], "texture": "#0"}
			}
		},
		{
			"from": [11.61143, 17.55, 7.09878],
			"to": [11.66143, 21.55, 13.09878],
			"rotation": {"angle": 22.5, "axis": "y", "origin": [0, 15, 9]},
			"faces": {
				"east": {"uv": [0.5, 12, 3.5, 14], "texture": "#0"},
				"west": {"uv": [3.5, 12, 0.5, 14], "texture": "#0"}
			}
		},
		{
			"from": [3.12064, 17.55, 0.97585],
			"to": [3.17064, 21.55, 6.97585],
			"rotation": {"angle": -22.5, "axis": "y", "origin": [0, 15, 9]},
			"faces": {
				"east": {"uv": [0.5, 12, 3.5, 14], "texture": "#0"},
				"west": {"uv": [3.5, 12, 0.5, 14], "texture": "#0"}
			}
		},
		{
			"from": [5.98, 16.01561, 3.00485],
			"to": [10.02, 22.01561, 6.00485],
			"rotation": {"angle": -22.5, "axis": "x", "origin": [0, 13, 7]},
			"faces": {
				"north": {"uv": [0.5, 2.15, 2.5, 5], "texture": "#0"},
				"east": {"uv": [6.5, 2.15, 8, 5], "texture": "#0"},
				"south": {"uv": [2.5, 2.15, 4.5, 5], "texture": "#0"},
				"west": {"uv": [6.5, 5.15, 8, 8], "texture": "#0"},
				"down": {"uv": [13, 3.5, 11, 5], "texture": "#0"}
			}
		},
		{
			"from": [7, 20.06739, 5.48827],
			"to": [9, 22.06739, 16.48827],
			"rotation": {"angle": -22.5, "axis": "x", "origin": [0, 14.6, 9.6]},
			"faces": {
				"east": {"uv": [3.5, 1, 9, 0], "texture": "#0"},
				"south": {"uv": [11, 8.5, 12, 7.5], "texture": "#0"},
				"west": {"uv": [3.5, 2, 9, 1], "texture": "#0"},
				"up": {"uv": [1.5, 10.5, 0.5, 5], "texture": "#0"},
				"down": {"uv": [5.5, 7.5, 4.5, 2], "texture": "#0"}
			}
		},
		{
			"from": [7, 22.06739, 14.48827],
			"to": [9, 25.06739, 16.48827],
			"rotation": {"angle": -22.5, "axis": "x", "origin": [0, 14.6, 9.6]},
			"faces": {
				"north": {"uv": [3.5, 10, 4.5, 11.5], "texture": "#0"},
				"east": {"uv": [0.5, 10.5, 1.5, 12], "texture": "#0"},
				"south": {"uv": [5.5, 11, 6.5, 12.5], "texture": "#0"},
				"west": {"uv": [11, 6, 12, 7.5], "texture": "#0"}
			}
		},
		{
			"from": [8, 24.06739, 16.28827],
			"to": [8.05, 28.06739, 22.28827],
			"rotation": {"angle": -22.5, "axis": "x", "origin": [0, 14.6, 9.6]},
			"faces": {
				"east": {"uv": [0.5, 0, 3.5, 2], "texture": "#0"},
				"west": {"uv": [3.5, 0, 0.5, 2], "texture": "#0"}
			}
		},
		{
			"from": [6, 24.85617, 3.6772],
			"to": [10, 28.85617, 7.6772],
			"rotation": {"angle": 22.5, "axis": "x", "origin": [0, 14.6, 9.6]},
			"faces": {
				"north": {"uv": [9, 4, 11, 6], "texture": "#0"},
				"east": {"uv": [9, 6, 11, 8], "texture": "#0"},
				"south": {"uv": [9, 8, 11, 10], "texture": "#0"},
				"west": {"uv": [9, 6, 11, 8], "rotation": 270, "texture": "#0"},
				"up": {"uv": [3.5, 12, 1.5, 10], "texture": "#0"},
				"down": {"uv": [8.5, 10, 6.5, 12], "texture": "#0"}
			}
		},
		{
			"from": [7.02, -5, 5],
			"to": [8.98, 3, 7],
			"rotation": {"angle": 22.5, "axis": "x", "origin": [0, 3, 7]},
			"faces": {
				"north": {"uv": [5.5, 11, 6.5, 7], "texture": "#0"},
				"east": {"uv": [4.5, 11.5, 5.5, 7.5], "texture": "#0"},
				"south": {"uv": [8, 6, 9, 2], "texture": "#0"},
				"west": {"uv": [8, 10, 9, 6], "texture": "#0"}
			}
		},
		{
			"from": [5.98, -6.01561, 3.00485],
			"to": [10.02, -0.01561, 6.00485],
			"rotation": {"angle": 22.5, "axis": "x", "origin": [0, 3, 7]},
			"faces": {
				"north": {"uv": [0.5, 5, 2.5, 2.15], "texture": "#0"},
				"east": {"uv": [6.5, 5, 8, 2.15], "texture": "#0"},
				"south": {"uv": [2.5, 5, 4.5, 2.15], "texture": "#0"},
				"west": {"uv": [6.5, 8, 8, 5.15], "texture": "#0"},
				"up": {"uv": [13, 5, 11, 3.5], "texture": "#0"}
			}
		},
		{
			"from": [6, -4.55, -2.2],
			"to": [10, -0.55, 0.8],
			"rotation": {"angle": -22.5, "axis": "x", "origin": [0, 3, 7]},
			"faces": {
				"north": {"uv": [8.5, 12, 10.5, 10], "texture": "#0"},
				"east": {"uv": [6.5, 10, 8, 8], "texture": "#0"},
				"south": {"uv": [10.5, 12, 12.5, 10], "texture": "#0"},
				"west": {"uv": [11, 2, 12.5, 0], "texture": "#0"},
				"down": {"uv": [13, 2, 11, 3.5], "texture": "#0"}
			}
		},
		{
			"from": [11.61143, -5.55, 7.09878],
			"to": [11.66143, -1.55, 13.09878],
			"rotation": {"angle": 22.5, "axis": "y", "origin": [0, 1, 9]},
			"faces": {
				"east": {"uv": [0.5, 14, 3.5, 12], "texture": "#0"},
				"west": {"uv": [3.5, 14, 0.5, 12], "texture": "#0"}
			}
		},
		{
			"from": [7, -6.06739, 5.48827],
			"to": [9, -4.06739, 16.48827],
			"rotation": {"angle": 22.5, "axis": "x", "origin": [0, 1.4, 9.6]},
			"faces": {
				"east": {"uv": [3.5, 0, 9, 1], "texture": "#0"},
				"south": {"uv": [11, 7.5, 12, 8.5], "texture": "#0"},
				"west": {"uv": [3.5, 1, 9, 2], "texture": "#0"},
				"up": {"uv": [5.5, 2, 4.5, 7.5], "texture": "#0"},
				"down": {"uv": [1.5, 5, 0.5, 10.5], "texture": "#0"}
			}
		},
		{
			"from": [3.12064, -5.55, 0.97585],
			"to": [3.17064, -1.55, 6.97585],
			"rotation": {"angle": -22.5, "axis": "y", "origin": [0, 1, 9]},
			"faces": {
				"east": {"uv": [0.5, 14, 3.5, 12], "texture": "#0"},
				"west": {"uv": [3.5, 14, 0.5, 12], "texture": "#0"}
			}
		},
		{
			"from": [7, -9.06739, 14.48827],
			"to": [9, -6.06739, 16.48827],
			"rotation": {"angle": 22.5, "axis": "x", "origin": [0, 1.4, 9.6]},
			"faces": {
				"north": {"uv": [3.5, 11.5, 4.5, 10], "texture": "#0"},
				"east": {"uv": [0.5, 12, 1.5, 10.5], "texture": "#0"},
				"south": {"uv": [5.5, 12.5, 6.5, 11], "texture": "#0"},
				"west": {"uv": [11, 7.5, 12, 6], "texture": "#0"}
			}
		},
		{
			"from": [6, -12.85617, 3.6772],
			"to": [10, -8.85617, 7.6772],
			"rotation": {"angle": -22.5, "axis": "x", "origin": [0, 1.4, 9.6]},
			"faces": {
				"north": {"uv": [9, 6, 11, 4], "texture": "#0"},
				"east": {"uv": [9, 8, 11, 6], "texture": "#0"},
				"south": {"uv": [9, 10, 11, 8], "texture": "#0"},
				"west": {"uv": [11, 6, 9, 8], "rotation": 270, "texture": "#0"},
				"up": {"uv": [8.5, 12, 6.5, 10], "texture": "#0"},
				"down": {"uv": [3.5, 10, 1.5, 12], "texture": "#0"}
			}
		},
		{
			"from": [8, -12.06739, 16.28827],
			"to": [8.05, -8.06739, 22.28827],
			"rotation": {"angle": 22.5, "axis": "x", "origin": [0, 1.4, 9.6]},
			"faces": {
				"east": {"uv": [0.5, 2, 3.5, 0], "texture": "#0"},
				"west": {"uv": [3.5, 2, 0.5, 0], "texture": "#0"}
			}
		},
		{
			"from": [7, 3, 5],
			"to": [9, 13, 7],
			"faces": {
				"north": {"uv": [1.5, 5, 2.5, 10], "texture": "#0"},
				"east": {"uv": [1.5, 5, 2.5, 10], "texture": "#0"},
				"south": {"uv": [3.5, 5, 4.5, 10], "texture": "#0"},
				"west": {"uv": [1.5, 5, 2.5, 10], "texture": "#0"}
			}
		},
		{
			"from": [6, 10, 4],
			"to": [10, 12, 8],
			"faces": {
				"north": {"uv": [11, 5, 13, 6], "texture": "#0"},
				"east": {"uv": [11, 5, 13, 6], "texture": "#0"},
				"south": {"uv": [11, 5, 13, 6], "texture": "#0"},
				"west": {"uv": [11, 5, 13, 6], "texture": "#0"},
				"up": {"uv": [11, 2, 9, 0], "texture": "#0"},
				"down": {"uv": [11, 2, 9, 4], "texture": "#0"}
			}
		},
		{
			"from": [6, 4, 4],
			"to": [10, 6, 8],
			"faces": {
				"north": {"uv": [11, 5, 13, 6], "texture": "#0"},
				"east": {"uv": [11, 5, 13, 6], "texture": "#0"},
				"south": {"uv": [11, 5, 13, 6], "texture": "#0"},
				"west": {"uv": [11, 5, 13, 6], "texture": "#0"},
				"up": {"uv": [11, 2, 9, 0], "texture": "#0"},
				"down": {"uv": [11, 2, 9, 4], "texture": "#0"}
			}
		},
		{
			"from": [8, 8, 17],
			"to": [8.05, 23, 18],
			"rotation": {"angle": -22.5, "axis": "x", "origin": [8, 8, 18]},
			"faces": {
				"east": {"uv": [0, 0, 0.5, 7.5], "texture": "#0"},
				"west": {"uv": [0, 0, 0.5, 7.5], "texture": "#0"}
			}
		},
		{
			"from": [8, -7, 17],
			"to": [8.05, 8, 18],
			"rotation": {"angle": 22.5, "axis": "x", "origin": [8, 8, 18]},
			"faces": {
				"east": {"uv": [0, 5.5, 0.5, 13], "texture": "#0"},
				"west": {"uv": [0, 5.5, 0.5, 13], "texture": "#0"}
			}
		},
		{
			"from": [10, 6, -3],
			"to": [10.05, 11, 17],
			"faces": {
				"east": {"uv": [5.5, 13.5, 15.5, 16], "texture": "#0"},
				"west": {"uv": [15.5, 13.5, 5.5, 16], "texture": "#0"}
			}
		},
		{
			"from": [7.525, 8.475, -3],
			"to": [12.525, 8.525, 17],
			"faces": {
				"up": {"uv": [5.5, 13.5, 15.5, 16], "rotation": 270, "texture": "#0"},
				"down": {"uv": [15.5, 13.5, 5.5, 16], "rotation": 270, "texture": "#0"}
			}
		},
		{
			"from": [9.5, 8, 0],
			"to": [10.5, 9, 16],
			"faces": {
				"north": {"uv": [13.5, 14.5, 14, 15], "texture": "#0"},
				"east": {"uv": [6, 14.5, 14, 15], "texture": "#0"},
				"south": {"uv": [6, 14.5, 6.5, 15], "texture": "#0"},
				"west": {"uv": [14, 14.5, 6, 15], "texture": "#0"},
				"up": {"uv": [14, 14.5, 6, 15], "rotation": 90, "texture": "#0"},
				"down": {"uv": [6, 14.5, 14, 15], "rotation": 90, "texture": "#0"}
			}
		}
	],
	"gui_light": "front",
	"display": {
		"thirdperson_righthand": {
			"translation": [-0.05, -2, 1.25],
			"scale": [0.5, 0.5, 0.5]
		},
		"thirdperson_lefthand": {
			"translation": [-0.05, -2, 1.25],
			"scale": [0.5, 0.5, 0.5]
		},
		"firstperson_righthand": {
			"rotation": [11, 0, 0],
			"translation": [4.75, 5.25, 0],
			"scale": [0.25, 0.25, 0.25]
		},
		"firstperson_lefthand": {
			"rotation": [11, 0, 0],
			"translation": [4.75, 5.25, 0],
			"scale": [0.25, 0.25, 0.25]
		},
		"ground": {
			"rotation": [45, 0, 0],
			"translation": [0, 6, 0],
			"scale": [0.4, 0.4, 0.4]
		},
		"gui": {
			"rotation": [90, 45, -90],
			"translation": [-1.25, 1.25, 0],
			"scale": [0.39414, 0.39414, 0.39414]
		},
		"head": {
			"scale": [0, 0, 0]
		},
		"fixed": {
			"rotation": [0, -90, 0],
			"translation": [-1.75, 0, -2.75],
			"scale": [1.4, 1.4, 1.4]
		}
	},
	"groups": [
		0,
		1,
		2,
		3,
		4,
		5,
		6,
		7,
		8,
		9,
		10,
		11,
		12,
		13,
		14,
		15,
		16,
		17,
		18,
		19,
		20,
		21,
		22,
		{
			"name": "arrow",
			"origin": [0, 0, 0],
			"color": 0,
			"children": [23, 24, 25]
		}
	]
}