{"credit":"Made with Blockbench","texture_size":[32,32],"textures":{"0":"birthdaypack:pack/birthday_blue_party_hat_texture","particle":"birthdaypack:pack/birthday_blue_party_hat_texture"},"elements":[{"from":[6,0,5.5],"to":[11,7,5.5],"rotation":{"angle":22.5,"axis":"x","origin":[8.5,0,5.5]},"faces":{"north":{"uv":[5,3.5,7.5,7],"texture":"#0"},"east":{"uv":[5,3.5,5,7],"texture":"#0"},"south":{"uv":[7.5,3.5,10,7],"texture":"#0"},"west":{"uv":[7.5,3.5,7.5,7],"texture":"#0"},"up":{"uv":[7.5,3.5,5,3.5],"texture":"#0"},"down":{"uv":[10,3.5,7.5,3.5],"texture":"#0"}}},{"from":[11.17786,0,5.67971],"to":[11.17786,7,10.67971],"rotation":{"angle":22.5,"axis":"z","origin":[11.17786,0,0.67971]},"faces":{"north":{"uv":[2.5,6,2.5,9.5],"texture":"#0"},"east":{"uv":[0,6,2.5,9.5],"texture":"#0"},"south":{"uv":[5,6,5,9.5],"texture":"#0"},"west":{"uv":[2.5,6,5,9.5],"texture":"#0"},"up":{"uv":[2.5,6,2.5,3.5],"rotation":90,"texture":"#0"},"down":{"uv":[2.5,3.5,2.5,6],"rotation":270,"texture":"#0"}}},{"from":[5.82122,0.00038,5.67971],"to":[5.82122,7.00038,10.67971],"rotation":{"angle":-22.5,"axis":"z","origin":[5.82122,0.00038,0.67971]},"faces":{"north":{"uv":[2.5,2.5,2.5,6],"texture":"#0"},"east":{"uv":[0,2.5,2.5,6],"texture":"#0"},"south":{"uv":[5,2.5,5,6],"texture":"#0"},"west":{"uv":[2.5,2.5,5,6],"texture":"#0"},"up":{"uv":[2.5,2.5,2.5,0],"rotation":90,"texture":"#0"},"down":{"uv":[2.5,0,2.5,2.5],"rotation":270,"texture":"#0"}}},{"from":[6,0,10.85757],"to":[11,7,10.85757],"rotation":{"angle":-22.5,"axis":"x","origin":[8.5,0,10.85757]},"faces":{"north":{"uv":[5,0,7.5,3.5],"texture":"#0"},"east":{"uv":[5,0,5,3.5],"texture":"#0"},"south":{"uv":[7.5,0,10,3.5],"texture":"#0"},"west":{"uv":[7.5,0,7.5,3.5],"texture":"#0"},"up":{"uv":[7.5,0,5,0],"texture":"#0"},"down":{"uv":[10,0,7.5,0],"texture":"#0"}}}],"gui_light":"front","display":{"thirdperson_righthand":{"rotation":[-15,0,0],"translation":[-0.5,5,-3.75]},"thirdperson_lefthand":{"rotation":[-15,0,0],"translation":[0.5,5,-3.75]},"firstperson_righthand":{"rotation":[-24,0,0],"translation":[0,7,0]},"firstperson_lefthand":{"rotation":[-24,0,0],"translation":[0,7,0]},"ground":{"translation":[0,3.5,0],"scale":[0.5,0.5,0.5]},"gui":{"rotation":[22.5,45,0],"translation":[-0.5,6.75,0],"scale":[1.4,1.4,1.4]},"head":{"translation":[-1,22.5,0],"scale":[2,2,2]},"fixed":{"rotation":[-90,0,0],"translation":[-1,-0.25,-16],"scale":[2,2,2]}}}