{"credit":"Made with Blockbench","textures":{"0":"birthdaypack:pack/birthday_party_blower_texture","particle":"birthdaypack:pack/birthday_party_blower_texture"},"elements":[{"from":[7.5,0,5],"to":[8.5,1,11],"faces":{"north":{"uv":[6,6,7,7],"texture":"#0"},"east":{"uv":[0,6,6,7],"texture":"#0"},"south":{"uv":[13,6,14,7],"texture":"#0"},"west":{"uv":[7,6,13,7],"texture":"#0"},"up":{"uv":[7,6,6,0],"texture":"#0"},"down":{"uv":[8,0,7,6],"texture":"#0"}}},{"from":[7.5,0.5,4],"to":[8.5,0.5,5],"faces":{"north":{"uv":[1,1,2,1],"texture":"#0"},"east":{"uv":[0,1,1,1],"texture":"#0"},"south":{"uv":[3,1,4,1],"texture":"#0"},"west":{"uv":[2,1,3,1],"texture":"#0"},"up":{"uv":[2,1,1,0],"texture":"#0"},"down":{"uv":[3,0,2,1],"texture":"#0"}}},{"from":[7.5,1,11],"to":[8.5,1,15],"rotation":{"angle":-22.5,"axis":"x","origin":[8,1,11]},"faces":{"north":{"uv":[8,4,9,4],"texture":"#0"},"east":{"uv":[4,4,8,4],"texture":"#0"},"south":{"uv":[13,4,14,4],"texture":"#0"},"west":{"uv":[9,4,13,4],"texture":"#0"},"up":{"uv":[9,4,8,0],"texture":"#0"},"down":{"uv":[10,0,9,4],"texture":"#0"}}},{"from":[7.5,0,11],"to":[8.5,0,15],"rotation":{"angle":22.5,"axis":"x","origin":[8,0,11]},"faces":{"north":{"uv":[4,4,5,4],"texture":"#0"},"east":{"uv":[0,4,4,4],"texture":"#0"},"south":{"uv":[9,4,10,4],"texture":"#0"},"west":{"uv":[5,4,9,4],"texture":"#0"},"up":{"uv":[5,4,4,0],"texture":"#0"},"down":{"uv":[6,0,5,4],"texture":"#0"}}},{"from":[7.5,0,11],"to":[7.5,1,15],"rotation":{"angle":-22.5,"axis":"y","origin":[7.5,0.5,11]},"faces":{"north":{"uv":[4,8,4,9],"texture":"#0"},"east":{"uv":[0,8,4,9],"texture":"#0"},"south":{"uv":[8,8,8,9],"texture":"#0"},"west":{"uv":[4,8,8,9],"texture":"#0"},"up":{"uv":[4,8,4,4],"texture":"#0"},"down":{"uv":[4,4,4,8],"texture":"#0"}}},{"from":[8.5,0,11],"to":[8.5,1,15],"rotation":{"angle":22.5,"axis":"y","origin":[8.5,0.5,11]},"faces":{"north":{"uv":[4,7,4,8],"texture":"#0"},"east":{"uv":[0,7,4,8],"texture":"#0"},"south":{"uv":[8,7,8,8],"texture":"#0"},"west":{"uv":[4,7,8,8],"texture":"#0"},"up":{"uv":[4,7,4,3],"texture":"#0"},"down":{"uv":[4,3,4,7],"texture":"#0"}}}],"gui_light":"front","display":{"thirdperson_righthand":{"rotation":[-90,0,0],"translation":[0,1.25,-6]},"thirdperson_lefthand":{"rotation":[-90,0,0],"translation":[0,1.25,-6]},"firstperson_righthand":{"rotation":[-141,0,0],"translation":[1,-4,-3]},"firstperson_lefthand":{"rotation":[-141,0,0],"translation":[1,-4,-3]},"ground":{"translation":[0,5,0],"scale":[0.5,0.5,0.5]},"gui":{"rotation":[90,137,69],"translation":[3.75,-6.25,0]},"head":{"rotation":[180,0,0],"translation":[0,-20,-13.25],"scale":[2,2,2]},"fixed":{"rotation":[90,0,0],"translation":[0,2,14],"scale":[2,2,2]}}}