{"textures​":{"layer0":"minecraft:item/poppy"},"credit":"Made with Blockbench","texture_size":[64,64],"\u0074\u0065\u0078\u0074\u0075\u0072\u0065\u0073":{"2":"\u0073\u006c\u0069\u006d\u0065_\u0063\u006f\u006c\u006c\u0065\u0063\u0074\u0069\u006f\u006e:\u0067\u006c\u006f\u0077","3":"\u0073\u006c\u0069\u006d\u0065_\u0063\u006f\u006c\u006c\u0065\u0063\u0074\u0069\u006f\u006e:\u0073\u006c\u0069\u006d\u0065\u0073\u0068\u006f\u0076\u0065\u006c","4":"\u0073\u006c\u0069\u006d\u0065_\u0063\u006f\u006c\u006c\u0065\u0063\u0074\u0069\u006f\u006e:\u0073\u006c\u0069\u006d\u0065_00","5":"\u0073\u006c\u0069\u006d\u0065_\u0063\u006f\u006c\u006c\u0065\u0063\u0074\u0069\u006f\u006e:\u0065\u0066\u0066\u0065\u0063\u0074_00","\u0070\u0061\u0072\u0074\u0069\u0063\u006c\u0065":"\u0073\u006c\u0069\u006d\u0065_\u0063\u006f\u006c\u006c\u0065\u0063\u0074\u0069\u006f\u006e:\u0067\u006c\u006f\u0077"},"elements":[{"from":[7,-9,7],"to":[9,-2,9],"rotation":{"angle":0,"axis":"y","origin":[0,0,7]},"faces":{"north":{"uv":[5,4,4,7.5],"texture":"#4"},"east":{"uv":[4,4,5,7.5],"texture":"#4"},"south":{"uv":[5,7.5,4,4],"texture":"#4"},"west":{"uv":[4,4,5,7.5],"texture":"#4"},"up":{"uv":[4,4,5,5],"texture":"#4"},"down":{"uv":[4,4,5,5],"texture":"#4"}}},{"from":[7,2,7],"to":[9,9,9],"rotation":{"angle":0,"axis":"y","origin":[0,13,7]},"faces":{"north":{"uv":[7.5,4,8.5,6.5],"texture":"#4"},"east":{"uv":[7.5,4,8.5,6.5],"texture":"#4"},"south":{"uv":[7.5,4,8.5,6.5],"texture":"#4"},"west":{"uv":[7.5,4,8.5,6.5],"texture":"#4"},"up":{"uv":[7.5,4,8.5,5],"texture":"#4"},"down":{"uv":[7.5,4,8.5,5],"texture":"#4"}}},{"from":[7.1,8.23671,5.1627],"to":[8.9,14.23671,7.1627],"rotation":{"angle":-22.5,"axis":"x","origin":[8,13.23671,6.1627]},"faces":{"north":{"uv":[0.5,8.5,1.5,11],"texture":"#4"},"east":{"uv":[0.5,8.5,1.5,11],"texture":"#4"},"south":{"uv":[0.5,8.5,1.5,11],"texture":"#4"},"west":{"uv":[0.5,8.5,1.5,11],"texture":"#4"},"up":{"uv":[0.5,8.5,1.5,9.5],"texture":"#4"},"down":{"uv":[0.5,8.5,1.5,9.5],"texture":"#4"}}},{"from":[7.2,12.3717,3.46126],"to":[8.8,18.3717,5.46126],"rotation":{"angle":-22.5,"axis":"x","origin":[8,17.3717,2.46126]},"faces":{"north":{"uv":[1.5,0,2.5,2.5],"texture":"#4"},"east":{"uv":[3,7,4,9.5],"texture":"#4"},"south":{"uv":[3,7,4,9.5],"texture":"#4"},"west":{"uv":[3,7,4,9.5],"texture":"#4"},"up":{"uv":[1.5,0,2.5,1],"texture":"#4"},"down":{"uv":[1.5,0,2.5,1],"texture":"#4"}}},{"from":[7.5,16.16127,2.1332],"to":[8.5,22.16127,3.1332],"rotation":{"angle":-22.5,"axis":"x","origin":[9.5,21.16127,-1.9668]},"faces":{"north":{"uv":[2.5,0,3,2.5],"rotation":180,"texture":"#4"},"east":{"uv":[1,0,3.5,0.5],"rotation":270,"texture":"#4"},"south":{"uv":[2,0,2.5,2.5],"texture":"#4"},"west":{"uv":[1,0,3.5,0.5],"rotation":90,"texture":"#4"},"up":{"uv":[1.5,0,2,0.5],"rotation":180,"texture":"#4"},"down":{"uv":[3,0,3.5,0.5],"texture":"#4"}}},{"from":[6,-2,6],"to":[10,2,10],"rotation":{"angle":0,"axis":"y","origin":[0,-1,7]},"faces":{"north":{"uv":[11,5.5,13,7.5],"texture":"#2"},"east":{"uv":[6,5.5,8,7.5],"texture":"#2"},"south":{"uv":[11,5.5,13,7.5],"texture":"#2"},"west":{"uv":[6,5.5,8,7.5],"texture":"#2"},"up":{"uv":[11,5.5,13,7.5],"texture":"#2"},"down":{"uv":[11,5.5,13,7.5],"texture":"#2"}}},{"from":[7,-14,7],"to":[9,-13,9],"rotation":{"angle":0,"axis":"y","origin":[0,0,7]},"faces":{"north":{"uv":[6.75,10.15,7.25,10.4],"texture":"#2"},"east":{"uv":[6.75,10.15,7.25,10.4],"texture":"#2"},"south":{"uv":[6.75,10.15,7.25,10.4],"texture":"#2"},"west":{"uv":[6.75,10.15,7.25,10.4],"texture":"#2"},"up":{"uv":[6.75,10.15,7.25,10.4],"texture":"#2"},"down":{"uv":[6.75,10.15,7.25,10.4],"texture":"#2"}}},{"from":[8,9.42059,-0.16835],"to":[8,21.42059,0.83165],"rotation":{"angle":0,"axis":"y","origin":[-0.5,26.42059,-0.16835]},"faces":{"north":{"uv":[0,0,0,3],"texture":"#4"},"east":{"uv":[8.75,5.75,9,7],"texture":"#4"},"south":{"uv":[0,0,0,3],"texture":"#4"},"west":{"uv":[8.75,5.75,9,7],"texture":"#4"},"up":{"uv":[0,0.25,0,0],"texture":"#4"},"down":{"uv":[0,0,0,0.25],"texture":"#4"}}},{"from":[8,5.42267,1.82119],"to":[8,9.42267,2.82119],"rotation":{"angle":22.5,"axis":"x","origin":[-0.5,14.42267,1.82119]},"faces":{"north":{"uv":[0,0,0,1],"texture":"#4"},"east":{"uv":[8.75,5.75,9,7],"texture":"#4"},"south":{"uv":[0,0,0,1],"texture":"#4"},"west":{"uv":[8.75,5.75,9,7],"texture":"#4"},"up":{"uv":[0,0.25,0,0],"texture":"#4"},"down":{"uv":[0,0,0,0.25],"texture":"#4"}}},{"from":[8,-0.81612,-4.00565],"to":[8,3.18388,-1.00565],"rotation":{"angle":22.5,"axis":"x","origin":[-0.5,5.18388,-2.00565]},"faces":{"north":{"uv":[0,0,0,1],"texture":"#4"},"east":{"uv":[13,0,11.5,2],"texture":"#4"},"south":{"uv":[0,0,0,1],"texture":"#4"},"west":{"uv":[11.5,0,13,2],"texture":"#4"},"up":{"uv":[0,0.75,0,0],"texture":"#4"},"down":{"uv":[0,0,0,0.75],"texture":"#4"}}},{"from":[8,2,5],"to":[8,9,6],"rotation":{"angle":0,"axis":"y","origin":[0,14,7]},"faces":{"north":{"uv":[0,0,0,1.75],"texture":"#4"},"east":{"uv":[8.75,5.75,9,7],"texture":"#4"},"south":{"uv":[0,0,0,1.75],"texture":"#4"},"west":{"uv":[8.75,5.75,9,7],"texture":"#4"},"up":{"uv":[0,0.25,0,0],"texture":"#4"},"down":{"uv":[0,0,0,0.25],"texture":"#4"}}},{"from":[8,9.46088,3.31703],"to":[8,13.46088,4.31703],"rotation":{"angle":-22.5,"axis":"x","origin":[8,13.46088,6.31703]},"faces":{"north":{"uv":[0,0,0,1],"texture":"#4"},"east":{"uv":[8.75,5.75,9,7],"texture":"#4"},"south":{"uv":[0,0,0,1],"texture":"#4"},"west":{"uv":[8.75,5.75,9,7],"texture":"#4"},"up":{"uv":[0,0.25,0,0],"texture":"#4"},"down":{"uv":[0,0,0,0.25],"texture":"#4"}}},{"from":[8,12.33816,1.75505],"to":[8,17.33816,2.75505],"rotation":{"angle":-22.5,"axis":"x","origin":[8,16.93816,3.05505]},"faces":{"north":{"uv":[0,0,0,1.25],"texture":"#4"},"east":{"uv":[8.75,5.75,9,7],"texture":"#4"},"south":{"uv":[0,0,0,1.25],"texture":"#4"},"west":{"uv":[8.75,5.75,9,7],"texture":"#4"},"up":{"uv":[0,0.25,0,0],"texture":"#4"},"down":{"uv":[0,0,0,0.25],"texture":"#4"}}},{"from":[8,15.60954,0.30358],"to":[8,20.60954,1.30358],"rotation":{"angle":-22.5,"axis":"x","origin":[8.5,19.60954,-1.99642]},"faces":{"north":{"uv":[0,0,0,1.25],"rotation":180,"texture":"#4"},"east":{"uv":[8.75,5.75,9,7],"rotation":270,"texture":"#4"},"south":{"uv":[0,1.25,0,0],"texture":"#4"},"west":{"uv":[8.75,5.75,9,7],"rotation":90,"texture":"#4"},"up":{"uv":[0,0,0,0.25],"rotation":180,"texture":"#4"},"down":{"uv":[0,0,0,0.25],"texture":"#4"}}},{"from":[6.45,0,7.775],"to":[9.55,10,11],"rotation":{"angle":0,"axis":"y","origin":[0,-1,7]},"faces":{"north":{"uv":[0,0.01064,1.68085,1.64894],"texture":"#3"},"east":{"uv":[0,0.01064,1.68085,1.64894],"texture":"#3"},"south":{"uv":[0,0.01064,1.68085,1.64894],"texture":"#3"},"west":{"uv":[0,0.01064,1.68085,1.64894],"texture":"#3"},"up":{"uv":[0.34043,3.75532,2.02128,5.39362],"texture":"#3"},"down":{"uv":[0,0.01064,1.68085,1.64894],"texture":"#3"}}},{"from":[6.75,0,8.275],"to":[9.15,10,10.5],"rotation":{"angle":0,"axis":"y","origin":[0,-1,7]},"faces":{"north":{"uv":[2.7234,1.71277,4.06383,3.01064],"texture":"#3"},"east":{"uv":[2.7234,1.71277,4.06383,3.01064],"texture":"#3"},"south":{"uv":[2.7234,1.71277,4.06383,3.01064],"texture":"#3"},"west":{"uv":[2.7234,1.71277,4.06383,3.01064],"texture":"#3"},"up":{"uv":[0.34043,3.75532,2.02128,5.39362],"texture":"#3"},"down":{"uv":[2.7234,1.71277,4.06383,3.01064],"texture":"#3"}}},{"from":[6.5,8.85403,6.23882],"to":[9.5,14.85403,9.23882],"rotation":{"angle":-22.5,"axis":"x","origin":[8,13.85403,7.23882]},"faces":{"north":{"uv":[0,0.01064,1.68085,1.64894],"texture":"#3"},"east":{"uv":[0,0.01064,1.68085,1.64894],"texture":"#3"},"south":{"uv":[0,0.01064,1.68085,1.64894],"texture":"#3"},"west":{"uv":[0,0.01064,1.68085,1.64894],"texture":"#3"},"up":{"uv":[0,0.01064,1.68085,1.64894],"texture":"#3"},"down":{"uv":[10,5.5,11,6.5],"texture":"#3"}}},{"from":[6.9,8.35403,6.73882],"to":[9.1,14.35403,8.73882],"rotation":{"angle":-22.5,"axis":"x","origin":[8,13.85403,7.23882]},"faces":{"north":{"uv":[2.7234,1.71277,4.06383,3.01064],"texture":"#3"},"east":{"uv":[2.7234,1.71277,4.06383,3.01064],"texture":"#3"},"south":{"uv":[2.7234,1.71277,4.06383,3.01064],"texture":"#3"},"west":{"uv":[2.7234,1.71277,4.06383,3.01064],"texture":"#3"},"up":{"uv":[2.7234,1.71277,4.06383,3.01064],"texture":"#3"},"down":{"uv":[10,5.5,11,6.5],"texture":"#3"}}},{"from":[7,-0.9,2.3],"to":[9,1.1,4.3],"rotation":{"angle":22.5,"axis":"x","origin":[8,15.2,11.9]},"faces":{"north":{"uv":[2.7234,1.77837,4.07802,3.13298],"texture":"#3"},"east":{"uv":[0,1.77837,1.35461,3.13298],"texture":"#3"},"south":{"uv":[2.7234,1.77837,4.07802,3.13298],"texture":"#3"},"west":{"uv":[0,1.77837,1.35461,3.13298],"texture":"#3"},"up":{"uv":[2.7234,1.77837,4.07802,3.13298],"texture":"#3"},"down":{"uv":[2.78404,1.78404,4.03404,3.03404],"texture":"#3"}}},{"from":[6.5,-1.4,1.8],"to":[9.5,1.6,4.8],"rotation":{"angle":22.5,"axis":"x","origin":[8,15.2,11.9]},"faces":{"north":{"uv":[0,0,1.77837,1.77837],"texture":"#3"},"east":{"uv":[0,0,1.77837,1.77837],"texture":"#3"},"south":{"uv":[0,0,1.77837,1.77837],"texture":"#3"},"west":{"uv":[0,0,1.77837,1.77837],"texture":"#3"},"up":{"uv":[0,0,1.77837,1.77837],"texture":"#3"},"down":{"uv":[0,0,1.77837,1.77837],"texture":"#3"}}},{"from":[6.5,-12.5,6.5],"to":[9.5,-9.5,9.5],"rotation":{"angle":0,"axis":"y","origin":[8,11,8]},"faces":{"north":{"uv":[2.7234,1.77837,4.07802,3.13298],"texture":"#3"},"east":{"uv":[2.7234,1.77837,4.07802,3.13298],"texture":"#3"},"south":{"uv":[2.7234,1.77837,4.07802,3.13298],"texture":"#3"},"west":{"uv":[2.7234,1.77837,4.07802,3.13298],"texture":"#3"},"up":{"uv":[2.7234,1.77837,4.07802,3.13298],"texture":"#3"},"down":{"uv":[2.78404,1.78404,4.03404,3.03404],"texture":"#3"}}},{"from":[6,-13,6],"to":[10,-9,10],"rotation":{"angle":0,"axis":"y","origin":[8,11,8]},"faces":{"north":{"uv":[0,0,1.77837,1.77837],"texture":"#3"},"east":{"uv":[0,0,1.77837,1.77837],"texture":"#3"},"south":{"uv":[0,0,1.77837,1.77837],"texture":"#3"},"west":{"uv":[0,0,1.77837,1.77837],"texture":"#3"},"up":{"uv":[0,0,1.77837,1.77837],"texture":"#3"},"down":{"uv":[0,0,1.77837,1.77837],"texture":"#3"}}},{"from":[8.08507,-9.29225,3.1],"to":[8.08507,0.70775,13.1],"rotation":{"angle":0,"axis":"y","origin":[3.18507,11.20775,8.5]},"faces":{"north":{"uv":[0,0,10.5,8.75],"texture":"#5"},"east":{"uv":[0,0,11,9.75],"texture":"#5"},"south":{"uv":[0,0,10.5,8.75],"texture":"#5"},"west":{"uv":[0,0,11,9.75],"texture":"#5"},"up":{"uv":[2,0,0,0],"rotation":90,"texture":"#5"},"down":{"uv":[2,0,0,0],"rotation":270,"texture":"#5"}}}],"gui_light":"front","display":{"thirdperson_righthand":{"translation":[0,8,2],"scale":[0.75,0.75,0.75]},"thirdperson_lefthand":{"translation":[0,7,2],"scale":[0.6,0.6,0.6]},"firstperson_righthand":{"rotation":[1.75,0,0],"translation":[4.75,5.5,0],"scale":[0.5,0.5,0.5]},"firstperson_lefthand":{"rotation":[1.75,0,0],"translation":[4.75,5.5,0],"scale":[0.5,0.5,0.5]},"ground":{"rotation":[-45,0,0],"translation":[0,6.5,0],"scale":[0.4,0.4,0.4]},"gui":{"rotation":[-90,-55,-90],"translation":[0.25,1.75,0],"scale":[0.5,0.5,0.5]},"fixed":{"rotation":[-90,90,90],"translation":[2,4.5,-0.5],"scale":[1.5,1.5,1.5]}}}