{"textures​":{"layer0":"minecraft:item/recovery_compass"},"credit":"MadewithBlockbench","texture_size":[32,32],"\u0074\u0065\u0078\u0074\u0075\u0072\u0065\u0073":{"0":"\u0065\u006c\u0069\u0074\u0065\u0063\u0072\u0065\u0061\u0074\u0075\u0072\u0065\u0073:\u0076\u0061\u006c\u0065\u006e\u0074\u0069\u006e\u0065\u0073/\u0076\u0061\u006c\u0065\u006e\u0074\u0069\u006e\u0065_\u0074\u0065\u00781","1":"\u0065\u006c\u0069\u0074\u0065\u0063\u0072\u0065\u0061\u0074\u0075\u0072\u0065\u0073:\u0076\u0061\u006c\u0065\u006e\u0074\u0069\u006e\u0065\u0073/\u0076\u0061\u006c\u0065\u006e\u0074\u0069\u006e\u0065_\u0074\u0065\u00782","2":"\u0065\u006c\u0069\u0074\u0065\u0063\u0072\u0065\u0061\u0074\u0075\u0072\u0065\u0073:\u0076\u0061\u006c\u0065\u006e\u0074\u0069\u006e\u0065\u0073/\u0076\u0061\u006c\u0065\u006e\u0074\u0069\u006e\u0065_\u0074\u0065\u00783","5":"\u0065\u006c\u0069\u0074\u0065\u0063\u0072\u0065\u0061\u0074\u0075\u0072\u0065\u0073:\u0076\u0061\u006c\u0065\u006e\u0074\u0069\u006e\u0065\u0073/\u0076\u0061\u006c\u0065\u006e\u0074\u0069\u006e\u0065_\u0074\u0065\u00786","6":"\u0065\u006c\u0069\u0074\u0065\u0063\u0072\u0065\u0061\u0074\u0075\u0072\u0065\u0073:\u0076\u0061\u006c\u0065\u006e\u0074\u0069\u006e\u0065\u0073/\u0076\u0061\u006c\u0065\u006e\u0074\u0069\u006e\u0065_\u0074\u0065\u00787","7":"\u0065\u006c\u0069\u0074\u0065\u0063\u0072\u0065\u0061\u0074\u0075\u0072\u0065\u0073:\u0076\u0061\u006c\u0065\u006e\u0074\u0069\u006e\u0065\u0073/\u0062\u006f\u0077\u0066\u0069\u006c\u006c","8":"\u0065\u006c\u0069\u0074\u0065\u0063\u0072\u0065\u0061\u0074\u0075\u0072\u0065\u0073:\u0076\u0061\u006c\u0065\u006e\u0074\u0069\u006e\u0065\u0073/\u0063\u0061\u006d\u0065\u0072\u0061\u006c\u0065\u006e\u00731","9":"\u0065\u006c\u0069\u0074\u0065\u0063\u0072\u0065\u0061\u0074\u0075\u0072\u0065\u0073:\u0076\u0061\u006c\u0065\u006e\u0074\u0069\u006e\u0065\u0073/\u0062\u0061\u0074\u0074\u0065\u0072\u0079","10":"\u0065\u006c\u0069\u0074\u0065\u0063\u0072\u0065\u0061\u0074\u0075\u0072\u0065\u0073:\u0076\u0061\u006c\u0065\u006e\u0074\u0069\u006e\u0065\u0073/\u0068\u0065\u0061\u0072\u0074\u006e\u0069\u0074\u0072\u006f","\u0070\u0061\u0072\u0074\u0069\u0063\u006c\u0065":"\u0065\u006c\u0069\u0074\u0065\u0063\u0072\u0065\u0061\u0074\u0075\u0072\u0065\u0073:\u0076\u0061\u006c\u0065\u006e\u0074\u0069\u006e\u0065\u0073/\u0076\u0061\u006c\u0065\u006e\u0074\u0069\u006e\u0065_\u0074\u0065\u00781"},"elements":[{"from":[3,16,4],"to":[11,20,12],"rotation":{"angle":0,"axis":"y","origin":[8,4,8]},"faces":{"north":{"uv":[0,12,3.5,14],"rotation":180,"texture":"#6"},"east":{"uv":[0,12,3.5,14],"rotation":180,"texture":"#6"},"south":{"uv":[0,12,3.5,14],"rotation":180,"texture":"#6"},"west":{"uv":[0,12,3.5,14],"rotation":180,"texture":"#6"},"up":{"uv":[8.5,11,12,14.5],"texture":"#6"},"down":{"uv":[5,11,8.5,14.5],"texture":"#6"}}},{"from":[4.7,16,12.001],"to":[6.7,20,12.001],"rotation":{"angle":0,"axis":"y","origin":[17,11.5,8]},"faces":{"north":{"uv":[7.5,10,9.5,6],"rotation":180,"texture":"#9"},"east":{"uv":[0,0,6,0],"rotation":270,"texture":"#9"},"south":{"uv":[7.5,6,9.5,10],"texture":"#9"},"west":{"uv":[0,0,6,0],"rotation":270,"texture":"#9"},"up":{"uv":[0,0,0,2],"rotation":270,"texture":"#9"},"down":{"uv":[0,0,0,2],"rotation":270,"texture":"#9"}}},{"from":[7.3,16,12.001],"to":[9.3,20,12.001],"rotation":{"angle":0,"axis":"y","origin":[17,11.5,8]},"faces":{"north":{"uv":[7.5,10,9.5,6],"rotation":180,"texture":"#9"},"east":{"uv":[0,0,6,0],"rotation":270,"texture":"#9"},"south":{"uv":[7.5,6,9.5,10],"texture":"#9"},"west":{"uv":[0,0,6,0],"rotation":270,"texture":"#9"},"up":{"uv":[0,0,0,2],"rotation":270,"texture":"#9"},"down":{"uv":[0,0,0,2],"rotation":270,"texture":"#9"}}},{"from":[7.3,16,3.899],"to":[9.3,20,3.899],"rotation":{"angle":0,"axis":"y","origin":[17,11.5,8]},"faces":{"north":{"uv":[9.5,6,7.5,10],"texture":"#9"},"east":{"uv":[0,0,6,0],"rotation":270,"texture":"#9"},"south":{"uv":[9.5,10,7.5,6],"rotation":180,"texture":"#9"},"west":{"uv":[0,0,6,0],"rotation":270,"texture":"#9"},"up":{"uv":[0,0,0,2],"rotation":270,"texture":"#9"},"down":{"uv":[0,0,0,2],"rotation":270,"texture":"#9"}}},{"from":[4.7,16,3.899],"to":[6.7,20,3.899],"rotation":{"angle":0,"axis":"y","origin":[17,11.5,8]},"faces":{"north":{"uv":[9.5,6,7.5,10],"texture":"#9"},"east":{"uv":[0,0,6,0],"rotation":270,"texture":"#9"},"south":{"uv":[9.5,10,7.5,6],"rotation":180,"texture":"#9"},"west":{"uv":[0,0,6,0],"rotation":270,"texture":"#9"},"up":{"uv":[0,0,0,2],"rotation":270,"texture":"#9"},"down":{"uv":[0,0,0,2],"rotation":270,"texture":"#9"}}},{"from":[3,2,6],"to":[5,16,10],"rotation":{"angle":0,"axis":"y","origin":[13,21,-3]},"faces":{"north":{"uv":[9,15,16,16],"rotation":90,"texture":"#2"},"east":{"uv":[6.5,0,13.5,2],"rotation":90,"texture":"#1"},"south":{"uv":[16,15,9,16],"rotation":270,"texture":"#2"},"west":{"uv":[15,6.5,1,2.5],"rotation":90,"texture":"#7"},"up":{"uv":[6.5,13,10.5,15],"rotation":270,"texture":"#7"},"down":{"uv":[7,15,9,16],"rotation":270,"texture":"#2"}}},{"from":[9,2,6],"to":[11,16,10],"rotation":{"angle":0,"axis":"y","origin":[3,21,-3]},"faces":{"north":{"uv":[9,16,16,15],"rotation":90,"texture":"#2"},"east":{"uv":[15,2.5,1,6.5],"rotation":90,"texture":"#7"},"south":{"uv":[16,16,9,15],"rotation":270,"texture":"#2"},"west":{"uv":[6.5,2,13.5,0],"rotation":90,"texture":"#1"},"up":{"uv":[6.5,15,10.5,13],"rotation":270,"texture":"#7"},"down":{"uv":[7,16,9,15],"rotation":270,"texture":"#2"}}},{"from":[5,2,4],"to":[9,16,6],"rotation":{"angle":0,"axis":"y","origin":[13,21,-3]},"faces":{"north":{"uv":[15,6.5,1,2.5],"rotation":90,"texture":"#7"},"east":{"uv":[9,15,16,16],"rotation":90,"texture":"#2"},"south":{"uv":[6.5,0,13.5,2],"rotation":90,"texture":"#1"},"west":{"uv":[16,15,9,16],"rotation":270,"texture":"#2"},"up":{"uv":[6.5,13,10.5,15],"texture":"#7"},"down":{"uv":[7,15,9,16],"rotation":180,"texture":"#2"}}},{"from":[5,2,10],"to":[9,16,12],"rotation":{"angle":0,"axis":"y","origin":[13,21,19]},"faces":{"north":{"uv":[6.5,2,13.5,0],"rotation":90,"texture":"#1"},"east":{"uv":[9,16,16,15],"rotation":90,"texture":"#2"},"south":{"uv":[15,2.5,1,6.5],"rotation":90,"texture":"#7"},"west":{"uv":[16,16,9,15],"rotation":270,"texture":"#2"},"up":{"uv":[6.5,15,10.5,13],"texture":"#7"},"down":{"uv":[7,16,9,15],"rotation":180,"texture":"#2"}}},{"from":[4.47657,-1.97657,11],"to":[9.47657,-0.97657,12],"rotation":{"angle":0,"axis":"y","origin":[6.97657,0.5,8]},"faces":{"north":{"uv":[11.5,7.5,11,10],"rotation":90,"texture":"#2"},"east":{"uv":[6.25,10,7.25,9.5],"rotation":180,"texture":"#2"},"south":{"uv":[7,10.5,6.5,13],"rotation":270,"texture":"#2"},"west":{"uv":[6.25,10,7.25,9.5],"rotation":180,"texture":"#2"},"up":{"uv":[12,7,9.5,6.5],"rotation":180,"texture":"#2"},"down":{"uv":[12,6.5,9.5,7],"rotation":180,"texture":"#2"}}},{"from":[4.47657,-0.97657,5],"to":[9.47657,2.02343,11],"rotation":{"angle":0,"axis":"y","origin":[6.97657,0.5,8]},"faces":{"north":{"uv":[9,10,10.5,12.5],"rotation":90,"texture":"#2"},"east":{"uv":[9,10,7.5,13],"rotation":90,"texture":"#2"},"south":{"uv":[10.5,10,9,12.5],"rotation":270,"texture":"#2"},"west":{"uv":[9,10,7.5,13],"rotation":90,"texture":"#2"},"up":{"uv":[7.5,10,10.5,7.5],"rotation":90,"texture":"#2"},"down":{"uv":[12,9,15,6.5],"rotation":90,"texture":"#2"}}},{"from":[5.57657,2.97657,6],"to":[8.57657,3.97657,10],"rotation":{"angle":0,"axis":"y","origin":[6.97657,-4.5,8]},"color":1,"faces":{"north":{"uv":[13,10,13.5,11.5],"rotation":90,"texture":"#missing"},"east":{"uv":[11,11.5,11.5,13.5],"rotation":90,"texture":"#missing"},"south":{"uv":[13.5,10,13,11.5],"rotation":270,"texture":"#missing"},"west":{"uv":[11,11.5,11.5,13.5],"rotation":90,"texture":"#missing"},"up":{"uv":[13,11.5,11,10],"rotation":90,"texture":"#missing"},"down":{"uv":[13,11.5,11,10],"rotation":90,"texture":"#missing"}}},{"from":[9.47657,-1.97657,5],"to":[10.47657,-0.97657,11],"rotation":{"angle":0,"axis":"y","origin":[6.97657,0.5,8]},"faces":{"north":{"uv":[8,13.5,7.5,13],"rotation":90,"texture":"#2"},"east":{"uv":[11,10.5,10.5,7.5],"rotation":90,"texture":"#2"},"south":{"uv":[8,13.5,7.5,13],"rotation":270,"texture":"#2"},"west":{"uv":[11,13.5,10.5,10.5],"rotation":90,"texture":"#2"},"up":{"uv":[7,10.5,7.5,13.5],"rotation":180,"texture":"#2"},"down":{"uv":[7,10.5,7.5,13.5],"rotation":180,"texture":"#2"}}},{"from":[4.47657,-1.97657,4],"to":[9.47657,-0.97657,5],"rotation":{"angle":0,"axis":"y","origin":[6.97657,0.5,8]},"faces":{"north":{"uv":[6.5,10.5,7,13],"rotation":90,"texture":"#2"},"east":{"uv":[7.25,10,6.25,9.5],"rotation":180,"texture":"#2"},"south":{"uv":[11.5,7.5,12,10],"rotation":270,"texture":"#2"},"west":{"uv":[7.25,10,6.25,9.5],"rotation":180,"texture":"#2"},"up":{"uv":[12,6.5,9.5,7],"rotation":180,"texture":"#2"},"down":{"uv":[12,7,9.5,6.5],"rotation":180,"texture":"#2"}}},{"from":[3.47657,-1.97657,5],"to":[4.47657,-0.97657,11],"rotation":{"angle":0,"axis":"y","origin":[6.97657,0.5,8]},"faces":{"north":{"uv":[8,13,7.5,13.5],"rotation":90,"texture":"#2"},"east":{"uv":[11,10.5,10.5,13.5],"rotation":90,"texture":"#2"},"south":{"uv":[8,13,7.5,13.5],"rotation":270,"texture":"#2"},"west":{"uv":[11,7.5,10.5,10.5],"rotation":90,"texture":"#2"},"up":{"uv":[7.5,10.5,7,13.5],"rotation":180,"texture":"#2"},"down":{"uv":[7.5,10.5,7,13.5],"rotation":180,"texture":"#2"}}},{"from":[7.72783,-2.52343,3.89812],"to":[8.72783,-0.52343,4.89812],"rotation":{"angle":0,"axis":"y","origin":[6.97657,0.5,8]},"faces":{"north":{"uv":[6.5,4.5,5.5,5],"rotation":270,"texture":"#0"},"east":{"uv":[2,7.5,1,8],"rotation":270,"texture":"#0"},"south":{"uv":[6.5,4,5.5,4.5],"rotation":270,"texture":"#0"},"west":{"uv":[2,8,1,7.5],"rotation":270,"texture":"#0"},"up":{"uv":[6,3.5,5.5,4],"texture":"#0"},"down":{"uv":[6,3.5,5.5,4],"rotation":180,"texture":"#0"}}},{"from":[7.82783,-1.98585,4.55529],"to":[8.62783,-0.98585,5.55529],"rotation":{"angle":22.5,"axis":"x","origin":[6.97657,0.5,8]},"faces":{"north":{"uv":[5,1.5,5.5,1],"rotation":180,"texture":"#0"},"east":{"uv":[5,2.5,5.5,2],"rotation":180,"texture":"#0"},"south":{"uv":[5,2,5.5,1.5],"rotation":180,"texture":"#0"},"west":{"uv":[5.5,2.5,5,2],"rotation":180,"texture":"#0"},"up":{"uv":[5,3,5.5,2.5],"rotation":270,"texture":"#0"},"down":{"uv":[5,3.5,5.5,3],"rotation":90,"texture":"#0"}}},{"from":[5.52783,-2.22414,5.43031],"to":[6.12783,-1.22414,6.43031],"rotation":{"angle":45,"axis":"x","origin":[6.97657,0.5,8]},"faces":{"north":{"uv":[5.25,4,5.5,3.5],"rotation":180,"texture":"#0"},"east":{"uv":[5,4.5,5.5,4],"rotation":180,"texture":"#0"},"south":{"uv":[5,4,5.25,3.5],"rotation":180,"texture":"#0"},"west":{"uv":[5.5,4.5,5,4],"rotation":180,"texture":"#0"},"up":{"uv":[5,4.75,5.5,4.5],"rotation":270,"texture":"#0"},"down":{"uv":[5,5,5.5,4.75],"rotation":90,"texture":"#0"}}},{"from":[5.42783,-1.98585,4.55529],"to":[6.22783,-0.98585,5.55529],"rotation":{"angle":22.5,"axis":"x","origin":[6.97657,0.5,8]},"faces":{"north":{"uv":[5,1.5,5.5,1],"rotation":180,"texture":"#0"},"east":{"uv":[5,2.5,5.5,2],"rotation":180,"texture":"#0"},"south":{"uv":[5,2,5.5,1.5],"rotation":180,"texture":"#0"},"west":{"uv":[5.5,2.5,5,2],"rotation":180,"texture":"#0"},"up":{"uv":[5,3,5.5,2.5],"rotation":270,"texture":"#0"},"down":{"uv":[5,3.5,5.5,3],"rotation":90,"texture":"#0"}}},{"from":[5.32783,-2.52343,3.89812],"to":[6.32783,-0.52343,4.89812],"rotation":{"angle":0,"axis":"y","origin":[6.97657,0.5,8]},"faces":{"north":{"uv":[6.5,4.5,5.5,5],"rotation":270,"texture":"#0"},"east":{"uv":[2,7.5,1,8],"rotation":270,"texture":"#0"},"south":{"uv":[6.5,4,5.5,4.5],"rotation":270,"texture":"#0"},"west":{"uv":[2,8,1,7.5],"rotation":270,"texture":"#0"},"up":{"uv":[6,3.5,5.5,4],"texture":"#0"},"down":{"uv":[6,3.5,5.5,4],"rotation":180,"texture":"#0"}}},{"from":[7.92783,-2.22414,5.43031],"to":[8.52783,-1.22414,6.43031],"rotation":{"angle":45,"axis":"x","origin":[6.97657,0.5,8]},"faces":{"north":{"uv":[5.25,4,5.5,3.5],"rotation":180,"texture":"#0"},"east":{"uv":[5,4.5,5.5,4],"rotation":180,"texture":"#0"},"south":{"uv":[5,4,5.25,3.5],"rotation":180,"texture":"#0"},"west":{"uv":[5.5,4.5,5,4],"rotation":180,"texture":"#0"},"up":{"uv":[5,4.75,5.5,4.5],"rotation":270,"texture":"#0"},"down":{"uv":[5,5,5.5,4.75],"rotation":90,"texture":"#0"}}},{"from":[7.72783,-2.52343,11.10188],"to":[8.72783,-0.52343,12.10188],"rotation":{"angle":0,"axis":"y","origin":[6.97657,0.5,8]},"faces":{"north":{"uv":[5.5,4,6.5,4.5],"rotation":90,"texture":"#0"},"east":{"uv":[2,8,1,7.5],"rotation":270,"texture":"#0"},"south":{"uv":[5.5,4.5,6.5,5],"rotation":90,"texture":"#0"},"west":{"uv":[2,7.5,1,8],"rotation":270,"texture":"#0"},"up":{"uv":[6,4,5.5,3.5],"texture":"#0"},"down":{"uv":[6,4,5.5,3.5],"rotation":180,"texture":"#0"}}},{"from":[7.82783,-1.98585,10.44471],"to":[8.62783,-0.98585,11.44471],"rotation":{"angle":-22.5,"axis":"x","origin":[6.97657,0.5,8]},"faces":{"north":{"uv":[5,1.5,5.5,2],"texture":"#0"},"east":{"uv":[5.5,2.5,5,2],"rotation":180,"texture":"#0"},"south":{"uv":[5,1,5.5,1.5],"texture":"#0"},"west":{"uv":[5,2.5,5.5,2],"rotation":180,"texture":"#0"},"up":{"uv":[5.5,3,5,2.5],"rotation":270,"texture":"#0"},"down":{"uv":[5.5,3.5,5,3],"rotation":90,"texture":"#0"}}},{"from":[5.42783,-1.98585,10.44471],"to":[6.22783,-0.98585,11.44471],"rotation":{"angle":-22.5,"axis":"x","origin":[6.97657,0.5,8]},"faces":{"north":{"uv":[5,1.5,5.5,2],"texture":"#0"},"east":{"uv":[5.5,2.5,5,2],"rotation":180,"texture":"#0"},"south":{"uv":[5,1,5.5,1.5],"texture":"#0"},"west":{"uv":[5,2.5,5.5,2],"rotation":180,"texture":"#0"},"up":{"uv":[5.5,3,5,2.5],"rotation":270,"texture":"#0"},"down":{"uv":[5.5,3.5,5,3],"rotation":90,"texture":"#0"}}},{"from":[5.32783,-2.52343,11.10188],"to":[6.32783,-0.52343,12.10188],"rotation":{"angle":0,"axis":"y","origin":[6.97657,0.5,8]},"faces":{"north":{"uv":[5.5,4,6.5,4.5],"rotation":90,"texture":"#0"},"east":{"uv":[2,8,1,7.5],"rotation":270,"texture":"#0"},"south":{"uv":[5.5,4.5,6.5,5],"rotation":90,"texture":"#0"},"west":{"uv":[2,7.5,1,8],"rotation":270,"texture":"#0"},"up":{"uv":[6,4,5.5,3.5],"texture":"#0"},"down":{"uv":[6,4,5.5,3.5],"rotation":180,"texture":"#0"}}},{"from":[7.92783,-2.22414,9.56969],"to":[8.52783,-1.22414,10.56969],"rotation":{"angle":-45,"axis":"x","origin":[6.97657,0.5,8]},"faces":{"north":{"uv":[5,3.5,5.25,4],"texture":"#0"},"east":{"uv":[5.5,4.5,5,4],"rotation":180,"texture":"#0"},"south":{"uv":[5.25,3.5,5.5,4],"texture":"#0"},"west":{"uv":[5,4.5,5.5,4],"rotation":180,"texture":"#0"},"up":{"uv":[5.5,4.75,5,4.5],"rotation":270,"texture":"#0"},"down":{"uv":[5.5,5,5,4.75],"rotation":90,"texture":"#0"}}},{"from":[5.52783,-2.22414,9.56969],"to":[6.12783,-1.22414,10.56969],"rotation":{"angle":-45,"axis":"x","origin":[6.97657,0.5,8]},"faces":{"north":{"uv":[5,3.5,5.25,4],"texture":"#0"},"east":{"uv":[5.5,4.5,5,4],"rotation":180,"texture":"#0"},"south":{"uv":[5.25,3.5,5.5,4],"texture":"#0"},"west":{"uv":[5,4.5,5.5,4],"rotation":180,"texture":"#0"},"up":{"uv":[5.5,4.75,5,4.5],"rotation":270,"texture":"#0"},"down":{"uv":[5.5,5,5,4.75],"rotation":90,"texture":"#0"}}},{"from":[10.99847,19,6.90153],"to":[12.19847,20,8.90153],"rotation":{"angle":0,"axis":"y","origin":[11.59847,14.46205,8.5]},"faces":{"north":{"uv":[2.5,11,2,11.5],"rotation":270,"texture":"#2"},"east":{"uv":[2,10,2.5,11],"rotation":90,"texture":"#2"},"south":{"uv":[2.5,11,2,11.5],"rotation":270,"texture":"#2"},"west":{"uv":[2.5,10,2,11],"rotation":270,"texture":"#2"},"up":{"uv":[3.5,10.5,3,11.5],"texture":"#2"},"down":{"uv":[3,10,2.5,11],"rotation":180,"texture":"#2"}}},{"from":[11.19847,16.10704,12.03416],"to":[11.99847,17.10704,13.03416],"rotation":{"angle":-45,"axis":"x","origin":[11.59847,14.46205,8.5]},"faces":{"north":{"uv":[0.5,11.5,1,12],"texture":"#2"},"east":{"uv":[1.5,11,1,11.5],"texture":"#2"},"south":{"uv":[3,10,3.5,10.5],"texture":"#2"},"west":{"uv":[1,11,1.5,11.5],"texture":"#2"},"up":{"uv":[1,10.5,1.5,11],"rotation":90,"texture":"#2"},"down":{"uv":[1,10.5,1.5,11],"rotation":270,"texture":"#2"}}},{"from":[11.09847,18.68121,6.81767],"to":[12.09847,19.68121,7.81767],"rotation":{"angle":22.5,"axis":"x","origin":[11.59847,14.46205,8.5]},"faces":{"north":{"uv":[3.25,11.5,3.75,12],"rotation":90,"texture":"#2"},"east":{"uv":[2.5,12,2,12.5],"rotation":270,"texture":"#2"},"south":{"uv":[3.25,11.5,3.75,12],"rotation":90,"texture":"#2"},"west":{"uv":[2.5,12,2,12.5],"rotation":270,"texture":"#2"},"up":{"uv":[2.75,11.5,3.25,12],"rotation":90,"texture":"#2"},"down":{"uv":[2,12.5,2.5,13],"rotation":270,"texture":"#2"}}},{"from":[10.99847,14.7,6.90153],"to":[12.19847,15.7,8.90153],"rotation":{"angle":0,"axis":"y","origin":[11.59847,14.46205,8.5]},"faces":{"north":{"uv":[1.75,11.5,2.25,12],"rotation":270,"texture":"#2"},"east":{"uv":[1.5,12,1,13],"rotation":90,"texture":"#2"},"south":{"uv":[1.75,11.5,2.25,12],"rotation":270,"texture":"#2"},"west":{"uv":[1,12,1.5,13],"rotation":270,"texture":"#2"},"up":{"uv":[1.5,12,2,13],"texture":"#2"},"down":{"uv":[2.5,12,3,13],"rotation":180,"texture":"#2"}}},{"from":[11.09847,14.50196,9.01321],"to":[12.09847,15.50196,10.01321],"rotation":{"angle":-22.5,"axis":"x","origin":[11.59847,14.46205,8.5]},"faces":{"north":{"uv":[1.5,11,2,11.5],"rotation":270,"texture":"#2"},"east":{"uv":[2,10.5,1.5,11],"rotation":90,"texture":"#2"},"south":{"uv":[1.5,11,2,11.5],"rotation":270,"texture":"#2"},"west":{"uv":[1.5,10.5,2,11],"rotation":270,"texture":"#2"},"up":{"uv":[1.25,11.5,1.75,12],"texture":"#2"},"down":{"uv":[2.25,11.5,2.75,12],"rotation":180,"texture":"#2"}}},{"from":[11.19847,15.8891,8.06211],"to":[11.99847,16.8891,9.06211],"rotation":{"angle":45,"axis":"x","origin":[11.59847,14.46205,8.5]},"faces":{"north":{"uv":[0.5,12.5,1,13],"texture":"#2"},"east":{"uv":[1,12,0.5,12.5],"texture":"#2"},"south":{"uv":[2.5,11,3,11.5],"texture":"#2"},"west":{"uv":[0.5,12,1,12.5],"texture":"#2"},"up":{"uv":[1.5,10,2,10.5],"rotation":90,"texture":"#2"},"down":{"uv":[1.5,10,2,10.5],"rotation":270,"texture":"#2"}}},{"from":[11.09847,15.8,9.60153],"to":[12.09847,18.8,10.60153],"rotation":{"angle":0,"axis":"y","origin":[11.59847,14.46205,8.5]},"faces":{"north":{"uv":[0,11.5,0.5,13],"texture":"#2"},"east":{"uv":[0.5,10,1,11.5],"texture":"#2"},"south":{"uv":[0,10,0.5,11.5],"texture":"#2"},"west":{"uv":[1,10,0.5,11.5],"texture":"#2"},"up":{"uv":[1,10,1.5,10.5],"rotation":90,"texture":"#2"},"down":{"uv":[1,10,1.5,10.5],"rotation":270,"texture":"#2"}}},{"from":[11.09847,15.8,5.40153],"to":[12.09847,18.8,6.40153],"rotation":{"angle":0,"axis":"y","origin":[11.59847,14.46205,8.5]},"faces":{"north":{"uv":[0.5,10,0,11.5],"texture":"#2"},"east":{"uv":[1,10,0.5,11.5],"texture":"#2"},"south":{"uv":[0.5,11.5,0,13],"texture":"#2"},"west":{"uv":[0.5,10,1,11.5],"texture":"#2"},"up":{"uv":[1.5,10,1,10.5],"rotation":90,"texture":"#2"},"down":{"uv":[1.5,10,1,10.5],"rotation":270,"texture":"#2"}}},{"from":[11.19847,16.59405,7.23294],"to":[11.99847,17.59405,8.23294],"rotation":{"angle":-45,"axis":"x","origin":[11.59847,14.46205,8.5]},"faces":{"north":{"uv":[3,11,2.5,11.5],"texture":"#2"},"east":{"uv":[0.5,12,1,12.5],"texture":"#2"},"south":{"uv":[1,12.5,0.5,13],"texture":"#2"},"west":{"uv":[1,12,0.5,12.5],"texture":"#2"},"up":{"uv":[2,10,1.5,10.5],"rotation":90,"texture":"#2"},"down":{"uv":[2,10,1.5,10.5],"rotation":270,"texture":"#2"}}},{"from":[11.09847,14.12045,6.06574],"to":[12.09847,15.12045,7.06574],"rotation":{"angle":22.5,"axis":"x","origin":[11.59847,14.46205,8.5]},"faces":{"north":{"uv":[1.5,11.5,2,11],"rotation":270,"texture":"#2"},"east":{"uv":[2,11,1.5,10.5],"rotation":90,"texture":"#2"},"south":{"uv":[1.5,11.5,2,11],"rotation":270,"texture":"#2"},"west":{"uv":[1.5,11,2,10.5],"rotation":270,"texture":"#2"},"up":{"uv":[1.25,12,1.75,11.5],"texture":"#2"},"down":{"uv":[2.25,12,2.75,11.5],"rotation":180,"texture":"#2"}}},{"from":[11.09847,19.06272,8.26127],"to":[12.09847,20.06272,9.26127],"rotation":{"angle":-22.5,"axis":"x","origin":[11.59847,14.46205,8.5]},"faces":{"north":{"uv":[2.5,12,2,12.5],"rotation":270,"texture":"#2"},"east":{"uv":[2.5,12.5,2,12],"rotation":270,"texture":"#2"},"south":{"uv":[3,12.5,3.5,12],"rotation":90,"texture":"#2"},"west":{"uv":[2.5,12.5,2,12],"rotation":270,"texture":"#2"},"up":{"uv":[3.25,11.5,2.75,12],"rotation":90,"texture":"#2"},"down":{"uv":[2.5,12.5,2,13],"rotation":270,"texture":"#2"}}},{"from":[11.59847,15.6,6.30153],"to":[11.59847,19.1,9.80153],"rotation":{"angle":0,"axis":"y","origin":[19.59847,11.6,-0.09847]},"faces":{"north":{"uv":[0,6,0,0],"texture":"#8"},"east":{"uv":[2,10,5.5,13.5],"texture":"#8"},"south":{"uv":[0,6,0,0],"texture":"#8"},"west":{"uv":[2,13.5,5.5,10],"texture":"#8"},"up":{"uv":[0,0,3,0],"rotation":90,"texture":"#8"},"down":{"uv":[0,0,3,0],"rotation":270,"texture":"#8"}}},{"from":[11.19847,15.4021,3.26089],"to":[11.99847,16.4021,4.26089],"rotation":{"angle":45,"axis":"x","origin":[11.59847,14.46205,8.5]},"faces":{"north":{"uv":[3.5,10,3,10.5],"texture":"#2"},"east":{"uv":[1,11,1.5,11.5],"texture":"#2"},"south":{"uv":[1,11.5,0.5,12],"texture":"#2"},"west":{"uv":[1.5,11,1,11.5],"texture":"#2"},"up":{"uv":[1.5,10.5,1,11],"rotation":90,"texture":"#2"},"down":{"uv":[1.5,10.5,1,11],"rotation":270,"texture":"#2"}}},{"from":[1.80153,19,6.90153],"to":[3.00153,20,8.90153],"rotation":{"angle":0,"axis":"y","origin":[2.40153,14.46205,8.5]},"faces":{"north":{"uv":[2.5,11.5,2,11],"rotation":270,"texture":"#2"},"east":{"uv":[2.5,11,2,10],"rotation":270,"texture":"#2"},"south":{"uv":[2.5,11.5,2,11],"rotation":270,"texture":"#2"},"west":{"uv":[2,11,2.5,10],"rotation":90,"texture":"#2"},"up":{"uv":[3,10.5,3.5,11.5],"texture":"#2"},"down":{"uv":[2.5,10,3,11],"rotation":180,"texture":"#2"}}},{"from":[2.00153,16.10704,12.03416],"to":[2.80153,17.10704,13.03416],"rotation":{"angle":-45,"axis":"x","origin":[2.40153,14.46205,8.5]},"faces":{"north":{"uv":[1,11.5,0.5,12],"texture":"#2"},"east":{"uv":[1.5,11,1,11.5],"texture":"#2"},"south":{"uv":[3.5,10,3,10.5],"texture":"#2"},"west":{"uv":[1,11,1.5,11.5],"texture":"#2"},"up":{"uv":[1,11,1.5,10.5],"rotation":90,"texture":"#2"},"down":{"uv":[1,11,1.5,10.5],"rotation":270,"texture":"#2"}}},{"from":[1.90153,18.68121,6.81767],"to":[2.90153,19.68121,7.81767],"rotation":{"angle":22.5,"axis":"x","origin":[2.40153,14.46205,8.5]},"faces":{"north":{"uv":[3.25,12,3.75,11.5],"rotation":90,"texture":"#2"},"east":{"uv":[2.5,12.5,2,12],"rotation":270,"texture":"#2"},"south":{"uv":[3.25,12,3.75,11.5],"rotation":90,"texture":"#2"},"west":{"uv":[2.5,12.5,2,12],"rotation":270,"texture":"#2"},"up":{"uv":[2.75,12,3.25,11.5],"rotation":90,"texture":"#2"},"down":{"uv":[2,13,2.5,12.5],"rotation":270,"texture":"#2"}}},{"from":[1.80153,14.7,6.90153],"to":[3.00153,15.7,8.90153],"rotation":{"angle":0,"axis":"y","origin":[2.40153,14.46205,8.5]},"faces":{"north":{"uv":[1.75,12,2.25,11.5],"rotation":270,"texture":"#2"},"east":{"uv":[1,13,1.5,12],"rotation":270,"texture":"#2"},"south":{"uv":[1.75,12,2.25,11.5],"rotation":270,"texture":"#2"},"west":{"uv":[1.5,13,1,12],"rotation":90,"texture":"#2"},"up":{"uv":[2,12,1.5,13],"texture":"#2"},"down":{"uv":[3,12,2.5,13],"rotation":180,"texture":"#2"}}},{"from":[1.90153,14.50196,9.01321],"to":[2.90153,15.50196,10.01321],"rotation":{"angle":-22.5,"axis":"x","origin":[2.40153,14.46205,8.5]},"faces":{"north":{"uv":[1.5,11.5,2,11],"rotation":270,"texture":"#2"},"east":{"uv":[1.5,11,2,10.5],"rotation":270,"texture":"#2"},"south":{"uv":[1.5,11.5,2,11],"rotation":270,"texture":"#2"},"west":{"uv":[2,11,1.5,10.5],"rotation":90,"texture":"#2"},"up":{"uv":[1.75,11.5,1.25,12],"texture":"#2"},"down":{"uv":[2.75,11.5,2.25,12],"rotation":180,"texture":"#2"}}},{"from":[2.00153,15.8891,8.06211],"to":[2.80153,16.8891,9.06211],"rotation":{"angle":45,"axis":"x","origin":[2.40153,14.46205,8.5]},"faces":{"north":{"uv":[1,12.5,0.5,13],"texture":"#2"},"east":{"uv":[1,12,0.5,12.5],"texture":"#2"},"south":{"uv":[3,11,2.5,11.5],"texture":"#2"},"west":{"uv":[0.5,12,1,12.5],"texture":"#2"},"up":{"uv":[1.5,10.5,2,10],"rotation":90,"texture":"#2"},"down":{"uv":[1.5,10.5,2,10],"rotation":270,"texture":"#2"}}},{"from":[1.90153,15.8,9.60153],"to":[2.90153,18.8,10.60153],"rotation":{"angle":0,"axis":"y","origin":[2.40153,14.46205,8.5]},"faces":{"north":{"uv":[0.5,11.5,0,13],"texture":"#2"},"east":{"uv":[0.5,10,1,11.5],"texture":"#2"},"south":{"uv":[0.5,10,0,11.5],"texture":"#2"},"west":{"uv":[1,10,0.5,11.5],"texture":"#2"},"up":{"uv":[1,10.5,1.5,10],"rotation":90,"texture":"#2"},"down":{"uv":[1,10.5,1.5,10],"rotation":270,"texture":"#2"}}},{"from":[1.90153,15.8,5.40153],"to":[2.90153,18.8,6.40153],"rotation":{"angle":0,"axis":"y","origin":[2.40153,14.46205,8.5]},"faces":{"north":{"uv":[0,10,0.5,11.5],"texture":"#2"},"east":{"uv":[1,10,0.5,11.5],"texture":"#2"},"south":{"uv":[0,11.5,0.5,13],"texture":"#2"},"west":{"uv":[0.5,10,1,11.5],"texture":"#2"},"up":{"uv":[1.5,10.5,1,10],"rotation":90,"texture":"#2"},"down":{"uv":[1.5,10.5,1,10],"rotation":270,"texture":"#2"}}},{"from":[2.00153,16.59405,7.23294],"to":[2.80153,17.59405,8.23294],"rotation":{"angle":-45,"axis":"x","origin":[2.40153,14.46205,8.5]},"faces":{"north":{"uv":[2.5,11,3,11.5],"texture":"#2"},"east":{"uv":[0.5,12,1,12.5],"texture":"#2"},"south":{"uv":[0.5,12.5,1,13],"texture":"#2"},"west":{"uv":[1,12,0.5,12.5],"texture":"#2"},"up":{"uv":[2,10.5,1.5,10],"rotation":90,"texture":"#2"},"down":{"uv":[2,10.5,1.5,10],"rotation":270,"texture":"#2"}}},{"from":[1.90153,14.12045,6.06574],"to":[2.90153,15.12045,7.06574],"rotation":{"angle":22.5,"axis":"x","origin":[2.40153,14.46205,8.5]},"faces":{"north":{"uv":[1.5,11,2,11.5],"rotation":270,"texture":"#2"},"east":{"uv":[1.5,10.5,2,11],"rotation":270,"texture":"#2"},"south":{"uv":[1.5,11,2,11.5],"rotation":270,"texture":"#2"},"west":{"uv":[2,10.5,1.5,11],"rotation":90,"texture":"#2"},"up":{"uv":[1.75,12,1.25,11.5],"texture":"#2"},"down":{"uv":[2.75,12,2.25,11.5],"rotation":180,"texture":"#2"}}},{"from":[1.90153,19.06272,8.26127],"to":[2.90153,20.06272,9.26127],"rotation":{"angle":-22.5,"axis":"x","origin":[2.40153,14.46205,8.5]},"faces":{"north":{"uv":[2.5,12.5,2,12],"rotation":270,"texture":"#2"},"east":{"uv":[2.5,12,2,12.5],"rotation":270,"texture":"#2"},"south":{"uv":[3,12,3.5,12.5],"rotation":90,"texture":"#2"},"west":{"uv":[2.5,12,2,12.5],"rotation":270,"texture":"#2"},"up":{"uv":[3.25,12,2.75,11.5],"rotation":90,"texture":"#2"},"down":{"uv":[2.5,13,2,12.5],"rotation":270,"texture":"#2"}}},{"from":[2.40153,15.6,6.30153],"to":[2.40153,19.1,9.80153],"rotation":{"angle":0,"axis":"y","origin":[-5.59847,11.6,-0.09847]},"faces":{"north":{"uv":[0,6,0,0],"texture":"#8"},"east":{"uv":[5.5,13.5,2,10],"texture":"#8"},"south":{"uv":[0,6,0,0],"texture":"#8"},"west":{"uv":[5.5,10,2,13.5],"texture":"#8"},"up":{"uv":[0,0,3,0],"rotation":90,"texture":"#8"},"down":{"uv":[0,0,3,0],"rotation":270,"texture":"#8"}}},{"from":[2.00153,15.4021,3.26089],"to":[2.80153,16.4021,4.26089],"rotation":{"angle":45,"axis":"x","origin":[2.40153,14.46205,8.5]},"faces":{"north":{"uv":[3,10,3.5,10.5],"texture":"#2"},"east":{"uv":[1,11,1.5,11.5],"texture":"#2"},"south":{"uv":[0.5,11.5,1,12],"texture":"#2"},"west":{"uv":[1.5,11,1,11.5],"texture":"#2"},"up":{"uv":[1.5,11,1,10.5],"rotation":90,"texture":"#2"},"down":{"uv":[1.5,11,1,10.5],"rotation":270,"texture":"#2"}}},{"from":[7.5,-16,3],"to":[7.5,0,13],"rotation":{"angle":0,"axis":"y","origin":[0,0,16]},"faces":{"north":{"uv":[0,0,0,16],"texture":"#10"},"east":{"uv":[10,0,0,16],"texture":"#10"},"south":{"uv":[0,0,0,16],"texture":"#10"},"west":{"uv":[0,0,10,16],"texture":"#10"},"up":{"uv":[0,8,0,0],"texture":"#10"},"down":{"uv":[0,8,0,0],"texture":"#10"}}},{"from":[6.5,11,7.5],"to":[7.5,22,8.5],"rotation":{"angle":0,"axis":"y","origin":[16,0,0]},"faces":{"north":{"uv":[5.5,15.5,0,16],"rotation":90,"texture":"#5"},"east":{"uv":[5.5,15.5,0,16],"rotation":270,"texture":"#5"},"south":{"uv":[5.5,15.5,0,16],"rotation":270,"texture":"#5"},"west":{"uv":[5.5,15.5,0,16],"rotation":270,"texture":"#5"},"up":{"uv":[16,10.5,15.5,11],"rotation":270,"texture":"#5"},"down":{"uv":[16,10.5,15.5,11],"rotation":270,"texture":"#5"}}},{"from":[6,29,7],"to":[8,30,9],"rotation":{"angle":0,"axis":"y","origin":[-11,6,8]},"faces":{"north":{"uv":[3,13,2,13.5],"rotation":180,"texture":"#5"},"east":{"uv":[3,13.5,2,14],"rotation":180,"texture":"#5"},"south":{"uv":[3,13,2,13.5],"rotation":180,"texture":"#5"},"west":{"uv":[3,13.5,2,14],"rotation":180,"texture":"#5"},"up":{"uv":[4,13,3,14],"rotation":180,"texture":"#5"},"down":{"uv":[5,13,4,14],"rotation":180,"texture":"#5"}}},{"from":[6,22,7],"to":[8,23,9],"rotation":{"angle":0,"axis":"y","origin":[8.5,10.5,8]},"faces":{"north":{"uv":[9.5,7,10,6],"rotation":90,"texture":"#5"},"east":{"uv":[9.5,6,10,5],"rotation":90,"texture":"#5"},"south":{"uv":[9.5,7,10,6],"rotation":90,"texture":"#5"},"west":{"uv":[9.5,6,10,5],"rotation":90,"texture":"#5"},"up":{"uv":[2,13,1,14],"rotation":180,"texture":"#5"},"down":{"uv":[2,13,1,14],"rotation":180,"texture":"#5"}}},{"from":[8,21,7],"to":[9,29,9],"rotation":{"angle":0,"axis":"y","origin":[8.5,10.5,8]},"faces":{"north":{"uv":[5.5,15.5,9.5,16],"rotation":90,"texture":"#5"},"east":{"uv":[10,4,11,8],"rotation":180,"texture":"#5"},"south":{"uv":[5.5,16,9.5,15.5],"rotation":90,"texture":"#5"},"west":{"uv":[11,4,12,8],"rotation":180,"texture":"#5"},"up":{"uv":[9.5,14,10,15],"rotation":180,"texture":"#5"},"down":{"uv":[9.5,15,10,16],"rotation":180,"texture":"#5"}}},{"from":[10,22,7],"to":[11,27,9],"rotation":{"angle":0,"axis":"y","origin":[8.5,10.5,8]},"faces":{"north":{"uv":[2.5,14,5,14.5],"rotation":90,"texture":"#5"},"east":{"uv":[1,14.5,3.5,15.5],"rotation":90,"texture":"#5"},"south":{"uv":[2.5,14.5,5,14],"rotation":90,"texture":"#5"},"west":{"uv":[3.5,14.5,6,15.5],"rotation":90,"texture":"#5"},"up":{"uv":[1.5,14,2.5,14.5],"rotation":90,"texture":"#5"},"down":{"uv":[5,14,6,14.5],"rotation":90,"texture":"#5"}}},{"from":[11,23,7],"to":[12,26,9],"rotation":{"angle":0,"axis":"y","origin":[8.5,10.5,8]},"faces":{"north":{"uv":[9.5,7,10,8.5],"rotation":180,"texture":"#5"},"east":{"uv":[0,12.5,1,14],"rotation":180,"texture":"#5"},"south":{"uv":[10,7,9.5,8.5],"rotation":180,"texture":"#5"},"west":{"uv":[0,14,1,15.5],"rotation":180,"texture":"#5"},"up":{"uv":[5,13.5,6,13],"rotation":90,"texture":"#5"},"down":{"uv":[5,13.5,6,14],"rotation":90,"texture":"#5"}}},{"from":[9,21,7],"to":[10,28,9],"rotation":{"angle":0,"axis":"y","origin":[8.5,10.5,8]},"faces":{"north":{"uv":[9.5,10.5,10,14],"rotation":180,"texture":"#5"},"east":{"uv":[6,13.5,9.5,14.5],"rotation":90,"texture":"#5"},"south":{"uv":[10,10.5,9.5,14],"rotation":180,"texture":"#5"},"west":{"uv":[6,14.5,9.5,15.5],"rotation":90,"texture":"#5"},"up":{"uv":[9.5,8.5,10,9.5],"rotation":180,"texture":"#5"},"down":{"uv":[9.5,9.5,10,10.5],"rotation":180,"texture":"#5"}}},{"from":[4,21,7],"to":[5,28,9],"rotation":{"angle":0,"axis":"y","origin":[7.5,10.5,8]},"faces":{"north":{"uv":[10,10.5,9.5,14],"rotation":180,"texture":"#5"},"east":{"uv":[6,15.5,9.5,14.5],"rotation":90,"texture":"#5"},"south":{"uv":[9.5,10.5,10,14],"rotation":180,"texture":"#5"},"west":{"uv":[6,14.5,9.5,13.5],"rotation":90,"texture":"#5"},"up":{"uv":[10,8.5,9.5,9.5],"rotation":180,"texture":"#5"},"down":{"uv":[10,9.5,9.5,10.5],"rotation":180,"texture":"#5"}}},{"from":[2,23,7],"to":[3,26,9],"rotation":{"angle":0,"axis":"y","origin":[7.5,10.5,8]},"faces":{"north":{"uv":[10,7,9.5,8.5],"rotation":180,"texture":"#5"},"east":{"uv":[1,14,0,15.5],"rotation":180,"texture":"#5"},"south":{"uv":[9.5,7,10,8.5],"rotation":180,"texture":"#5"},"west":{"uv":[1,12.5,0,14],"rotation":180,"texture":"#5"},"up":{"uv":[5,13.5,6,13],"rotation":90,"texture":"#5"},"down":{"uv":[5,14,6,13.5],"rotation":90,"texture":"#5"}}},{"from":[6,23,8],"to":[8,29,8],"rotation":{"angle":0,"axis":"y","origin":[16,-16,0]},"faces":{"north":{"uv":[7.5,11,9.5,5],"rotation":180,"texture":"#9"},"east":{"uv":[0,0,6,0],"rotation":270,"texture":"#9"},"south":{"uv":[7.5,5,9.5,11],"texture":"#9"},"west":{"uv":[0,0,6,0],"rotation":270,"texture":"#9"},"up":{"uv":[0,0,0,2],"rotation":270,"texture":"#9"},"down":{"uv":[0,0,0,2],"rotation":270,"texture":"#9"}}},{"from":[3,22,7],"to":[4,27,9],"rotation":{"angle":0,"axis":"y","origin":[7.5,10.5,8]},"faces":{"north":{"uv":[2.5,14.5,5,14],"rotation":90,"texture":"#5"},"east":{"uv":[3.5,15.5,6,14.5],"rotation":90,"texture":"#5"},"south":{"uv":[2.5,14,5,14.5],"rotation":90,"texture":"#5"},"west":{"uv":[1,15.5,3.5,14.5],"rotation":90,"texture":"#5"},"up":{"uv":[1.5,14.5,2.5,14],"rotation":90,"texture":"#5"},"down":{"uv":[5,14.5,6,14],"rotation":90,"texture":"#5"}}},{"from":[5,21,7],"to":[6,29,9],"rotation":{"angle":0,"axis":"y","origin":[7.5,10.5,8]},"faces":{"north":{"uv":[5.5,16,9.5,15.5],"rotation":90,"texture":"#5"},"east":{"uv":[12,4,11,8],"rotation":180,"texture":"#5"},"south":{"uv":[5.5,15.5,9.5,16],"rotation":90,"texture":"#5"},"west":{"uv":[11,4,10,8],"rotation":180,"texture":"#5"},"up":{"uv":[10,14,9.5,15],"rotation":180,"texture":"#5"},"down":{"uv":[10,15,9.5,16],"rotation":180,"texture":"#5"}}}],"gui_light":"front","display":{"thirdperson_righthand":{"rotation":[18,0,0],"translation":[0.5,-1.25,-1.25],"scale":[0.45,0.45,0.45]},"thirdperson_lefthand":{"rotation":[180,51.4,-98],"translation":[-6.75,-9.5,5],"scale":[0.61,0.61,0.61]},"firstperson_righthand":{"rotation":[0,-92,30],"translation":[0.5,0,2.25],"scale":[0.56,0.56,0.56]},"firstperson_lefthand":{"rotation":[0,-92,30],"translation":[0.5,0,2.25],"scale":[0,0,0]},"ground":{"rotation":[49,0,0],"translation":[0,8,0],"scale":[0.38,0.38,0.38]},"gui":{"rotation":[0,0,-45],"translation":[-1.5,-2,-2],"scale":[0.48,0.48,0.48]},"head":{"rotation":[-135.5,0,0],"translation":[0,20.5,4.75],"scale":[0,0,0]},"fixed":{"rotation":[1,-180,-49],"translation":[1.25,-4.5,-7],"scale":[1.5,1.5,1.5]}}}