{"credit":"MadewithBlockbench","texture_size":[128,128],"textures":{"0":"elitecreatures:mad_hatter_animated_weapon_set/madhatter_texture_01","4":"elitecreatures:mad_hatter_animated_weapon_set/madhatter_animation_04","particle":"elitecreatures:mad_hatter_animated_weapon_set/madhatter_texture_01"},"elements":[{"from":[3,0,2.5],"to":[13,1.5,12.5],"rotation":{"angle":0,"axis":"y","origin":[8.01781,2.63746,8.3]},"faces":{"north":{"uv":[2,9.3125,3.25,9.5],"texture":"#0"},"east":{"uv":[2,9.3125,3.25,9.5],"texture":"#0"},"south":{"uv":[2,9.3125,3.25,9.5],"texture":"#0"},"west":{"uv":[2,9.3125,3.25,9.5],"texture":"#0"},"up":{"uv":[2,8.0625,3.25,9.3125],"rotation":90,"texture":"#0"},"down":{"uv":[2,8.0625,3.25,9.3125],"rotation":90,"texture":"#0"}}},{"from":[3.5,7,2.98219],"to":[12.5,10.5,11.98219],"rotation":{"angle":0,"axis":"y","origin":[8.01781,2.63746,8.3]},"faces":{"north":{"uv":[0.875,7.875,2,8.3125],"texture":"#0"},"east":{"uv":[0.875,7.875,2,8.3125],"texture":"#0"},"south":{"uv":[0.875,7.875,2,8.3125],"texture":"#0"},"west":{"uv":[0.875,7.875,2,8.3125],"texture":"#0"},"up":{"uv":[0.875,8.3125,2,9.4375],"rotation":90,"texture":"#0"},"down":{"uv":[0.875,8.3125,2,9.4375],"rotation":90,"texture":"#0"}}},{"from":[4,1.5,3.48219],"to":[12,9,11.48219],"rotation":{"angle":0,"axis":"y","origin":[8.01781,2.63746,8.3]},"faces":{"north":{"uv":[0,12.5625,1,13.5],"texture":"#0"},"east":{"uv":[0,10.6875,1,11.625],"texture":"#0"},"south":{"uv":[0,12.5625,1,13.5],"texture":"#0"},"west":{"uv":[1,9.75,0,10.6875],"texture":"#0"},"up":{"uv":[0.25,7.875,1.25,8.875],"rotation":270,"texture":"#0"},"down":{"uv":[0.25,7.875,1.25,8.875],"rotation":270,"texture":"#0"}}},{"from":[3.8,1.5,3.48219],"to":[3.8,5,11.48219],"rotation":{"angle":0,"axis":"y","origin":[8.91781,2.63746,7.3]},"faces":{"north":{"uv":[0.625,10.5625,0,11.25],"texture":"#0"},"east":{"uv":[2,9.8125,1,10.25],"texture":"#0"},"south":{"uv":[0.875,8.5,0.25,9.1875],"texture":"#0"},"west":{"uv":[1,9.8125,2,10.25],"texture":"#0"},"up":{"uv":[0.25,7.875,0.875,8.5],"rotation":270,"texture":"#0"},"down":{"uv":[0.25,7.875,0.875,8.5],"rotation":270,"texture":"#0"}}},{"from":[13,0,2.6],"to":[14.5,1.5,12.4],"rotation":{"angle":22.5,"axis":"z","origin":[13,0,7.98219]},"faces":{"north":{"uv":[0.6875,9.1875,0.875,9.375],"texture":"#0"},"east":{"uv":[0.75,9.625,2,9.8125],"texture":"#0"},"south":{"uv":[0.6875,9.1875,0.875,9.375],"texture":"#0"},"west":{"uv":[0.75,9.625,2,9.8125],"texture":"#0"},"up":{"uv":[0.75,9.4375,2,9.625],"rotation":90,"texture":"#0"},"down":{"uv":[0.75,9.4375,2,9.625],"rotation":90,"texture":"#0"}}},{"from":[1.5,0,2.6],"to":[3,1.5,12.4],"rotation":{"angle":-22.5,"axis":"z","origin":[3,0,7.98219]},"faces":{"north":{"uv":[0.875,9.1875,0.6875,9.375],"texture":"#0"},"east":{"uv":[2,9.625,0.75,9.8125],"texture":"#0"},"south":{"uv":[0.875,9.1875,0.6875,9.375],"texture":"#0"},"west":{"uv":[2,9.625,0.75,9.8125],"texture":"#0"},"up":{"uv":[0.75,9.625,2,9.4375],"rotation":90,"texture":"#0"},"down":{"uv":[0.75,9.625,2,9.4375],"rotation":90,"texture":"#0"}}},{"from":[3.91781,3.40287,5.12131],"to":[3.91781,6.40287,7.62131],"rotation":{"angle":22.5,"axis":"x","origin":[8.91781,2.63746,7.3]},"faces":{"north":{"uv":[4.625,1.375,4,2.0625],"texture":"#0"},"east":{"uv":[2.375,3.8125,2.0625,4.1875],"texture":"#0"},"south":{"uv":[4.625,1.375,4,2.0625],"texture":"#0"},"west":{"uv":[2.375,3.8125,2.0625,4.1875],"texture":"#0"},"up":{"uv":[4,2.6875,4.625,2.0625],"rotation":90,"texture":"#0"},"down":{"uv":[4,2.6875,4.625,2.0625],"rotation":270,"texture":"#0"}}},{"from":[3.81781,3.40287,5.12131],"to":[3.81781,6.40287,7.62131],"rotation":{"angle":22.5,"axis":"x","origin":[8.91781,2.63746,7.3]},"faces":{"north":{"uv":[4.625,1.375,4,2.0625],"texture":"#0"},"east":{"uv":[3.125,3.0625,2.5,3.875],"texture":"#0"},"south":{"uv":[4.625,1.375,4,2.0625],"texture":"#0"},"west":{"uv":[2.5,3.0625,3.125,3.875],"texture":"#0"},"up":{"uv":[4,2.6875,4.625,2.0625],"rotation":90,"texture":"#0"},"down":{"uv":[4,2.6875,4.625,2.0625],"rotation":270,"texture":"#0"}}},{"from":[3.25039,-10.85644,16.88706],"to":[8.25039,-5.85644,16.88706],"rotation":{"angle":0,"axis":"y","origin":[5.75039,-3.5,14.91602]},"faces":{"north":{"uv":[15.375,6.4375,16,7.0625],"rotation":90,"texture":"#0"},"east":{"uv":[0.625,0.625,0.625,0],"texture":"#missing"},"south":{"uv":[16,6.4375,15.375,7.0625],"rotation":270,"texture":"#0"},"west":{"uv":[0.625,0.625,0.625,0],"rotation":180,"texture":"#missing"},"up":{"uv":[0.625,0,0.625,0.625],"rotation":270,"texture":"#missing"},"down":{"uv":[0.625,0,0.625,0.625],"rotation":270,"texture":"#missing"}}},{"from":[3.25039,-1.45972,7.58826],"to":[8.25039,-1.45972,12.58826],"rotation":{"angle":45,"axis":"x","origin":[5.75039,-3.5,14.91602]},"faces":{"north":{"uv":[0,0,0,0.625],"rotation":90,"texture":"#missing"},"east":{"uv":[0,0,0,0.625],"rotation":270,"texture":"#missing"},"south":{"uv":[0,0,0,0.625],"rotation":270,"texture":"#missing"},"west":{"uv":[0,0,0,0.625],"rotation":270,"texture":"#missing"},"up":{"uv":[14.625,6.4375,14,7.0625],"rotation":270,"texture":"#0"},"down":{"uv":[14,6.4375,14.625,7.0625],"rotation":270,"texture":"#0"}}},{"from":[3.25039,-6.48319,15.88936],"to":[8.25039,-0.48319,15.88936],"rotation":{"angle":-22.5,"axis":"x","origin":[5.75039,-3.5,14.91602]},"faces":{"north":{"uv":[14.625,6.4375,15.375,7.0625],"rotation":90,"texture":"#0"},"east":{"uv":[0.625,0.75,0.625,0],"texture":"#missing"},"south":{"uv":[15.375,6.4375,14.625,7.0625],"rotation":270,"texture":"#0"},"west":{"uv":[0.625,0.75,0.625,0],"rotation":180,"texture":"#missing"},"up":{"uv":[0.625,0,0.625,0.625],"rotation":270,"texture":"#missing"},"down":{"uv":[0.625,0,0.625,0.625],"rotation":270,"texture":"#missing"}}},{"from":[8,6,10],"to":[15,13,10],"rotation":{"angle":-22.5,"axis":"z","origin":[11.5,9.5,10]},"faces":{"north":{"uv":[7,14,0,7],"rotation":180,"texture":"#4"},"east":{"uv":[0,0,14,0],"rotation":90,"texture":"#4"},"south":{"uv":[7,14,0,7],"rotation":180,"texture":"#4"},"west":{"uv":[0,0,14,0],"rotation":270,"texture":"#4"},"up":{"uv":[0,0,14,0],"texture":"#4"},"down":{"uv":[0,0,14,0],"rotation":180,"texture":"#4"}}},{"from":[8,6,10],"to":[15,13,10],"rotation":{"angle":45,"axis":"z","origin":[11.5,9.5,10]},"faces":{"north":{"uv":[14,14,7,7],"rotation":270,"texture":"#4"},"east":{"uv":[0,0,14,0],"rotation":90,"texture":"#4"},"south":{"uv":[14,14,7,7],"rotation":270,"texture":"#4"},"west":{"uv":[0,0,14,0],"rotation":270,"texture":"#4"},"up":{"uv":[0,0,14,0],"texture":"#4"},"down":{"uv":[0,0,14,0],"rotation":180,"texture":"#4"}}},{"from":[8,6,10],"to":[15,13,10],"rotation":{"angle":22.5,"axis":"z","origin":[11.5,9.5,10]},"faces":{"north":{"uv":[14,7,7,0],"rotation":270,"texture":"#4"},"east":{"uv":[0,0,14,0],"rotation":90,"texture":"#4"},"south":{"uv":[14,7,7,0],"rotation":270,"texture":"#4"},"west":{"uv":[0,0,14,0],"rotation":270,"texture":"#4"},"up":{"uv":[0,0,14,0],"texture":"#4"},"down":{"uv":[0,0,14,0],"rotation":180,"texture":"#4"}}},{"from":[8,6,10],"to":[15,13,10],"rotation":{"angle":0,"axis":"y","origin":[11.5,9.5,10]},"faces":{"north":{"uv":[7,7,0,0],"rotation":270,"texture":"#4"},"east":{"uv":[0,0,14,0],"rotation":90,"texture":"#4"},"south":{"uv":[7,7,0,0],"rotation":270,"texture":"#4"},"west":{"uv":[0,0,14,0],"rotation":270,"texture":"#4"},"up":{"uv":[0,0,14,0],"texture":"#4"},"down":{"uv":[0,0,14,0],"rotation":180,"texture":"#4"}}}],"gui_light":"front","display":{"thirdperson_righthand":{"rotation":[67.5,0,0],"translation":[0,2.75,2.25],"scale":[0.50469,0.50469,0.50469]},"thirdperson_lefthand":{"rotation":[67.5,0,0],"translation":[0,2.75,2.25],"scale":[0.50469,0.50469,0.50469]},"firstperson_righthand":{"translation":[0.25,4.75,2.25],"scale":[0.31445,0.31445,0.31445]},"firstperson_lefthand":{"translation":[0.25,4.75,2.25],"scale":[0.31445,0.31445,0.31445]},"ground":{"translation":[0.25,6,0.25],"scale":[0.6,0.6,0.6]},"gui":{"rotation":[30,135,0],"translation":[-0.25,2.25,-1.5],"scale":[0.70313,0.70313,0.70313]},"head":{"translation":[0,14.75,1],"scale":[1.71133,1.71133,1.71133]},"fixed":{"rotation":[-90,0,0],"translation":[0,0.5,-14.25],"scale":[1.8,1.8,1.8]}}}