{"credit":"MadewithBlockbench","texture_size":[128,128],"textures":{"0":"elitecreatures:mad_hatter_animated_weapon_set/madhatter_texture_01","1":"elitecreatures:mad_hatter_animated_weapon_set/madhatter_animation_01","2":"elitecreatures:mad_hatter_animated_weapon_set/madhatter_animation_02","3":"elitecreatures:mad_hatter_animated_weapon_set/madhatter_animation_03","4":"elitecreatures:mad_hatter_animated_weapon_set/madhatter_animation_04","particle":"elitecreatures:mad_hatter_animated_weapon_set/madhatter_texture_01"},"elements":[{"from":[6,8.5,6],"to":[10,10,10],"rotation":{"angle":0,"axis":"y","origin":[0,4,16]},"faces":{"north":{"uv":[0,3.6875,0.5,3.875],"texture":"#0"},"east":{"uv":[0,3.6875,0.5,3.875],"texture":"#0"},"south":{"uv":[0,3.6875,0.5,3.875],"texture":"#0"},"west":{"uv":[0,3.6875,0.5,3.875],"texture":"#0"},"up":{"uv":[0,3.1875,0.5,3.6875],"texture":"#0"},"down":{"uv":[0,3.1875,0.5,3.6875],"texture":"#0"}}},{"from":[6,11.5,6],"to":[10,13,10],"rotation":{"angle":0,"axis":"y","origin":[0,4,16]},"faces":{"north":{"uv":[0,3.6875,0.5,3.875],"texture":"#0"},"east":{"uv":[0,3.6875,0.5,3.875],"texture":"#0"},"south":{"uv":[0,3.6875,0.5,3.875],"texture":"#0"},"west":{"uv":[0,3.6875,0.5,3.875],"texture":"#0"},"up":{"uv":[0,3.1875,0.5,3.6875],"texture":"#0"},"down":{"uv":[0,3.1875,0.5,3.6875],"texture":"#0"}}},{"from":[7,7,7],"to":[9,11,9],"rotation":{"angle":0,"axis":"y","origin":[0,4,16]},"faces":{"north":{"uv":[4.3125,0.5,4.5625,1],"texture":"#0"},"east":{"uv":[4.3125,0.5,4.5625,1],"texture":"#0"},"south":{"uv":[4.3125,0.5,4.5625,1],"texture":"#0"},"west":{"uv":[4.3125,0.5,4.5625,1],"texture":"#0"},"up":{"uv":[4.3125,1,4.5625,1.25],"texture":"#0"},"down":{"uv":[4.3125,1,4.5625,1.25],"texture":"#0"}}},{"from":[7,11,7],"to":[9,15,9],"rotation":{"angle":0,"axis":"y","origin":[0,18,16]},"faces":{"north":{"uv":[4.3125,1,4.5625,0.5],"texture":"#0"},"east":{"uv":[4.3125,1,4.5625,0.5],"texture":"#0"},"south":{"uv":[4.3125,1,4.5625,0.5],"texture":"#0"},"west":{"uv":[4.3125,1,4.5625,0.5],"texture":"#0"},"up":{"uv":[4.3125,1.25,4.5625,1],"texture":"#0"},"down":{"uv":[4.3125,1.25,4.5625,1],"texture":"#0"}}},{"from":[7,-11,7],"to":[9,-10,9],"rotation":{"angle":0,"axis":"y","origin":[0,0,16]},"faces":{"north":{"uv":[4.8125,0.8125,4.5625,0.9375],"texture":"#0"},"east":{"uv":[4.8125,0.8125,4.5625,0.9375],"texture":"#0"},"south":{"uv":[4.8125,0.8125,4.5625,0.9375],"texture":"#0"},"west":{"uv":[4.8125,0.8125,4.5625,0.9375],"texture":"#0"},"up":{"uv":[4.5625,1.1875,4.8125,0.9375],"texture":"#0"},"down":{"uv":[4.5625,1.1875,4.8125,0.9375],"texture":"#0"}}},{"from":[6.75,-9.5,6.75],"to":[9.25,-8.5,9.25],"rotation":{"angle":0,"axis":"y","origin":[0,0,16]},"faces":{"north":{"uv":[4.25,1.25,4.5625,1.375],"texture":"#0"},"east":{"uv":[4.25,1.25,4.5625,1.375],"texture":"#0"},"south":{"uv":[4.25,1.25,4.5625,1.375],"texture":"#0"},"west":{"uv":[4.25,1.25,4.5625,1.375],"texture":"#0"},"up":{"uv":[4.5625,0.5,4.875,0.8125],"texture":"#0"},"down":{"uv":[4.5625,0.5,4.875,0.8125],"texture":"#0"}}},{"from":[7,-14.5,7],"to":[9,-13,9],"rotation":{"angle":0,"axis":"y","origin":[0,0,16]},"faces":{"north":{"uv":[5.5,0.25,5.75,0.4375],"texture":"#0"},"east":{"uv":[5.25,0.25,5.5,0.4375],"texture":"#0"},"south":{"uv":[6,0.25,6.25,0.4375],"texture":"#0"},"west":{"uv":[5.75,0.25,6,0.4375],"texture":"#0"},"up":{"uv":[4.875,0.625,5.125,0.875],"texture":"#0"},"down":{"uv":[4.875,0.625,5.125,0.875],"texture":"#0"}}},{"from":[7.5,-15.5,7.5],"to":[8.5,-14.5,8.5],"rotation":{"angle":0,"axis":"y","origin":[0,0,16]},"faces":{"north":{"uv":[5.125,0.625,5.25,0.75],"texture":"#0"},"east":{"uv":[5.125,0.75,5.25,0.875],"texture":"#0"},"south":{"uv":[5.125,0.75,5.25,0.875],"texture":"#0"},"west":{"uv":[5.125,0.625,5.25,0.75],"texture":"#0"},"up":{"uv":[5.125,0.75,5.25,0.875],"texture":"#0"},"down":{"uv":[5.125,0.75,5.25,0.875],"texture":"#0"}}},{"from":[6.5,-13,6.5],"to":[9.5,-11,9.5],"rotation":{"angle":0,"axis":"y","origin":[0,0,16]},"faces":{"north":{"uv":[5.5625,0,5.1875,0.25],"texture":"#0"},"east":{"uv":[5.1875,0,4.8125,0.25],"texture":"#0"},"south":{"uv":[6.3125,0,5.9375,0.25],"texture":"#0"},"west":{"uv":[5.9375,0,5.5625,0.25],"texture":"#0"},"up":{"uv":[4.875,0.625,5.25,0.25],"texture":"#0"},"down":{"uv":[4.875,0.625,5.25,0.25],"texture":"#0"}}},{"from":[7.25,-10,7.25],"to":[8.75,4,8.75],"rotation":{"angle":0,"axis":"y","origin":[8,5.81499,8]},"faces":{"north":{"uv":[0.5625,3.875,0.375,5.625],"texture":"#0"},"east":{"uv":[0.5625,3.875,0.375,5.625],"texture":"#0"},"south":{"uv":[0.5625,3.875,0.375,5.625],"texture":"#0"},"west":{"uv":[0.5625,3.875,0.375,5.625],"texture":"#0"},"up":{"uv":[2.25,2.75,2.4375,2.5625],"texture":"#0"},"down":{"uv":[2.25,2.75,2.4375,2.5625],"texture":"#0"}}},{"from":[5.5,13,5.75],"to":[5.5,18.5,10.25],"rotation":{"angle":0,"axis":"y","origin":[24,23.75,6.25]},"faces":{"north":{"uv":[0,0,0,11],"texture":"#3"},"east":{"uv":[0,0,9,11],"texture":"#3"},"south":{"uv":[0,0,0,11],"texture":"#3"},"west":{"uv":[9,0,0,11],"texture":"#3"},"up":{"uv":[0,9,0,0],"texture":"#3"},"down":{"uv":[0,0,0,9],"texture":"#3"}}},{"from":[10.5,13,5.75],"to":[10.5,18.5,10.25],"rotation":{"angle":0,"axis":"y","origin":[-8,23.75,6.25]},"faces":{"north":{"uv":[0,0,0,11],"texture":"#3"},"east":{"uv":[0,0,9,11],"texture":"#3"},"south":{"uv":[0,0,0,11],"texture":"#3"},"west":{"uv":[9,0,0,11],"texture":"#3"},"up":{"uv":[0,9,0,0],"texture":"#3"},"down":{"uv":[0,0,0,9],"texture":"#3"}}},{"from":[8,16,9.75],"to":[8,21.5,14.25],"rotation":{"angle":22.5,"axis":"x","origin":[-4,14.82627,13.43332]},"faces":{"north":{"uv":[0,0,0,11],"texture":"#2"},"east":{"uv":[9,0,0,11],"texture":"#2"},"south":{"uv":[0,0,0,11],"texture":"#2"},"west":{"uv":[0,0,9,11],"texture":"#2"},"up":{"uv":[0,0,0,9],"texture":"#2"},"down":{"uv":[0,9,0,0],"texture":"#2"}}},{"from":[7.25,4,7.25],"to":[8.75,7,8.75],"rotation":{"angle":0,"axis":"y","origin":[8,5.81499,8]},"faces":{"north":{"uv":[0.5625,3.875,0.375,4.25],"texture":"#0"},"east":{"uv":[0.5625,3.875,0.375,4.25],"texture":"#0"},"south":{"uv":[0.5625,3.875,0.375,4.25],"texture":"#0"},"west":{"uv":[0.5625,3.875,0.375,4.25],"texture":"#0"},"up":{"uv":[2.25,2.75,2.4375,2.5625],"texture":"#0"},"down":{"uv":[2.25,2.75,2.4375,2.5625],"texture":"#0"}}},{"from":[4.5,-12,4.5],"to":[11.5,-12,11.5],"rotation":{"angle":22.5,"axis":"y","origin":[8,-12,8]},"faces":{"north":{"uv":[0,0,14,0],"texture":"#4"},"east":{"uv":[0,0,14,0],"texture":"#4"},"south":{"uv":[0,0,14,0],"texture":"#4"},"west":{"uv":[0,0,14,0],"texture":"#4"},"up":{"uv":[7,14,0,7],"rotation":270,"texture":"#4"},"down":{"uv":[7,14,0,7],"rotation":270,"texture":"#4"}}},{"from":[4.5,-12,4.5],"to":[11.5,-12,11.5],"rotation":{"angle":-45,"axis":"y","origin":[8,-12,8]},"faces":{"north":{"uv":[0,0,14,0],"texture":"#4"},"east":{"uv":[0,0,14,0],"texture":"#4"},"south":{"uv":[0,0,14,0],"texture":"#4"},"west":{"uv":[0,0,14,0],"texture":"#4"},"up":{"uv":[14,14,7,7],"texture":"#4"},"down":{"uv":[14,14,7,7],"texture":"#4"}}},{"from":[4.5,-12,4.5],"to":[11.5,-12,11.5],"rotation":{"angle":-22.5,"axis":"y","origin":[8,-12,8]},"faces":{"north":{"uv":[0,0,14,0],"texture":"#4"},"east":{"uv":[0,0,14,0],"texture":"#4"},"south":{"uv":[0,0,14,0],"texture":"#4"},"west":{"uv":[0,0,14,0],"texture":"#4"},"up":{"uv":[14,7,7,0],"texture":"#4"},"down":{"uv":[14,7,7,0],"texture":"#4"}}},{"from":[4.5,-12,4.5],"to":[11.5,-12,11.5],"rotation":{"angle":0,"axis":"y","origin":[8,-12,8]},"faces":{"north":{"uv":[0,0,14,0],"texture":"#4"},"east":{"uv":[0,0,14,0],"texture":"#4"},"south":{"uv":[0,0,14,0],"texture":"#4"},"west":{"uv":[0,0,14,0],"texture":"#4"},"up":{"uv":[7,7,0,0],"texture":"#4"},"down":{"uv":[7,7,0,0],"texture":"#4"}}},{"from":[4.5,13.2,4.5],"to":[11.5,13.2,11.5],"rotation":{"angle":22.5,"axis":"y","origin":[8,13.2,8]},"faces":{"north":{"uv":[0,0,14,0],"texture":"#4"},"east":{"uv":[0,0,14,0],"texture":"#4"},"south":{"uv":[0,0,14,0],"texture":"#4"},"west":{"uv":[0,0,14,0],"texture":"#4"},"up":{"uv":[7,14,0,7],"rotation":270,"texture":"#4"},"down":{"uv":[7,14,0,7],"rotation":270,"texture":"#4"}}},{"from":[4.5,13.2,4.5],"to":[11.5,13.2,11.5],"rotation":{"angle":-45,"axis":"y","origin":[8,13.2,8]},"faces":{"north":{"uv":[0,0,14,0],"texture":"#4"},"east":{"uv":[0,0,14,0],"texture":"#4"},"south":{"uv":[0,0,14,0],"texture":"#4"},"west":{"uv":[0,0,14,0],"texture":"#4"},"up":{"uv":[14,14,7,7],"texture":"#4"},"down":{"uv":[14,14,7,7],"texture":"#4"}}},{"from":[4.5,13.2,4.5],"to":[11.5,13.2,11.5],"rotation":{"angle":-22.5,"axis":"y","origin":[8,13.2,8]},"faces":{"north":{"uv":[0,0,14,0],"texture":"#4"},"east":{"uv":[0,0,14,0],"texture":"#4"},"south":{"uv":[0,0,14,0],"texture":"#4"},"west":{"uv":[0,0,14,0],"texture":"#4"},"up":{"uv":[14,7,7,0],"texture":"#4"},"down":{"uv":[14,7,7,0],"texture":"#4"}}},{"from":[4.5,13.2,4.5],"to":[11.5,13.2,11.5],"rotation":{"angle":0,"axis":"y","origin":[8,13.2,8]},"faces":{"north":{"uv":[0,0,14,0],"texture":"#4"},"east":{"uv":[0,0,14,0],"texture":"#4"},"south":{"uv":[0,0,14,0],"texture":"#4"},"west":{"uv":[0,0,14,0],"texture":"#4"},"up":{"uv":[7,7,0,0],"texture":"#4"},"down":{"uv":[7,7,0,0],"texture":"#4"}}},{"from":[1.25,10.5,1.25],"to":[14.75,10.5,14.75],"rotation":{"angle":0,"axis":"y","origin":[8,8.81499,8]},"faces":{"north":{"uv":[0,0,5.75,0],"texture":"#1"},"east":{"uv":[0,0,5.75,0],"texture":"#1"},"south":{"uv":[0,0,5.75,0],"texture":"#1"},"west":{"uv":[0,0,5.75,0],"texture":"#1"},"up":{"uv":[6.75,6.75,0,0],"texture":"#1"},"down":{"uv":[6.75,6.75,0,0],"texture":"#1"}}},{"from":[7.5,11.91272,15.46227],"to":[8.5,13.91272,17.46227],"rotation":{"angle":22.5,"axis":"x","origin":[8,13.13493,13.77609]},"faces":{"north":{"uv":[3.25,0.875,3.375,0.625],"texture":"#0"},"east":{"uv":[2.25,2.3125,2.5,2.0625],"texture":"#0"},"south":{"uv":[3.25,0.875,3.375,0.625],"texture":"#0"},"west":{"uv":[2.5,2.3125,2.25,2.0625],"texture":"#0"},"up":{"uv":[3.375,0.625,3.25,0.875],"rotation":180,"texture":"#0"},"down":{"uv":[3.375,0.625,3.25,0.875],"rotation":180,"texture":"#0"}}},{"from":[7,10.90328,14.3747],"to":[9,12.90328,15.3747],"rotation":{"angle":-45,"axis":"x","origin":[8,13.13493,13.77609]},"faces":{"north":{"uv":[2.5,2.5625,2.25,2.3125],"texture":"#0"},"east":{"uv":[1.5,2.9375,1.625,2.6875],"texture":"#0"},"south":{"uv":[2.25,2.5625,2.5,2.3125],"texture":"#0"},"west":{"uv":[1.5,2.9375,1.625,2.6875],"texture":"#0"},"up":{"uv":[1.625,2.6875,1.5,2.9375],"rotation":270,"texture":"#0"},"down":{"uv":[1.625,2.6875,1.5,2.9375],"rotation":90,"texture":"#0"}}},{"from":[7.5,13.16466,13.60815],"to":[8.5,15.16466,15.60815],"rotation":{"angle":0,"axis":"y","origin":[8,13.63493,13.67609]},"faces":{"north":{"uv":[3.25,0.875,3.375,0.625],"texture":"#0"},"east":{"uv":[2.25,2.3125,2.5,2.0625],"texture":"#0"},"south":{"uv":[3.25,0.875,3.375,0.625],"texture":"#0"},"west":{"uv":[2.5,2.3125,2.25,2.0625],"texture":"#0"},"up":{"uv":[3.375,0.625,3.25,0.875],"rotation":180,"texture":"#0"},"down":{"uv":[3.375,0.625,3.25,0.875],"rotation":180,"texture":"#0"}}},{"from":[7,14.20152,11.9318],"to":[9,15.20152,13.9318],"rotation":{"angle":22.5,"axis":"x","origin":[8,13.63493,13.67609]},"faces":{"north":{"uv":[1.625,2.6875,1.5,2.9375],"rotation":90,"texture":"#0"},"east":{"uv":[1.5,2.9375,1.625,2.6875],"rotation":90,"texture":"#0"},"south":{"uv":[1.625,2.6875,1.5,2.9375],"rotation":90,"texture":"#0"},"west":{"uv":[1.5,2.9375,1.625,2.6875],"rotation":270,"texture":"#0"},"up":{"uv":[2.25,2.5625,2.5,2.3125],"texture":"#0"},"down":{"uv":[2.5,2.5625,2.25,2.3125],"rotation":180,"texture":"#0"}}},{"from":[7.5,15.04502,11.99446],"to":[8.5,17.04502,13.99446],"rotation":{"angle":-22.5,"axis":"x","origin":[8,13.63493,13.67609]},"faces":{"north":{"uv":[3.25,0.875,3.375,0.625],"texture":"#0"},"east":{"uv":[2.25,2.3125,2.5,2.0625],"texture":"#0"},"south":{"uv":[3.25,0.875,3.375,0.625],"texture":"#0"},"west":{"uv":[2.5,2.3125,2.25,2.0625],"texture":"#0"},"up":{"uv":[3.375,0.625,3.25,0.875],"rotation":180,"texture":"#0"},"down":{"uv":[3.375,0.625,3.25,0.875],"rotation":180,"texture":"#0"}}},{"from":[7.5,15.04502,2.00554],"to":[8.5,17.04502,4.00554],"rotation":{"angle":22.5,"axis":"x","origin":[8,13.63493,2.32391]},"faces":{"north":{"uv":[3.375,0.875,3.25,0.625],"texture":"#0"},"east":{"uv":[2.5,2.3125,2.25,2.0625],"texture":"#0"},"south":{"uv":[3.375,0.875,3.25,0.625],"texture":"#0"},"west":{"uv":[2.25,2.3125,2.5,2.0625],"texture":"#0"},"up":{"uv":[3.375,0.875,3.25,0.625],"rotation":180,"texture":"#0"},"down":{"uv":[3.375,0.875,3.25,0.625],"rotation":180,"texture":"#0"}}},{"from":[7,14.20152,2.0682],"to":[9,15.20152,4.0682],"rotation":{"angle":-22.5,"axis":"x","origin":[8,13.63493,2.32391]},"faces":{"north":{"uv":[1.625,2.9375,1.5,2.6875],"rotation":90,"texture":"#0"},"east":{"uv":[1.5,2.6875,1.625,2.9375],"rotation":90,"texture":"#0"},"south":{"uv":[1.625,2.9375,1.5,2.6875],"rotation":90,"texture":"#0"},"west":{"uv":[1.5,2.6875,1.625,2.9375],"rotation":270,"texture":"#0"},"up":{"uv":[2.25,2.3125,2.5,2.5625],"texture":"#0"},"down":{"uv":[2.5,2.3125,2.25,2.5625],"rotation":180,"texture":"#0"}}},{"from":[7.5,13.16466,0.39185],"to":[8.5,15.16466,2.39185],"rotation":{"angle":0,"axis":"y","origin":[8,13.63493,2.32391]},"faces":{"north":{"uv":[3.375,0.875,3.25,0.625],"texture":"#0"},"east":{"uv":[2.5,2.3125,2.25,2.0625],"texture":"#0"},"south":{"uv":[3.375,0.875,3.25,0.625],"texture":"#0"},"west":{"uv":[2.25,2.3125,2.5,2.0625],"texture":"#0"},"up":{"uv":[3.375,0.875,3.25,0.625],"rotation":180,"texture":"#0"},"down":{"uv":[3.375,0.875,3.25,0.625],"rotation":180,"texture":"#0"}}},{"from":[7,10.90328,0.6253],"to":[9,12.90328,1.6253],"rotation":{"angle":45,"axis":"x","origin":[8,13.13493,2.22391]},"faces":{"north":{"uv":[2.5,2.5625,2.25,2.3125],"texture":"#0"},"east":{"uv":[1.625,2.9375,1.5,2.6875],"texture":"#0"},"south":{"uv":[2.25,2.5625,2.5,2.3125],"texture":"#0"},"west":{"uv":[1.625,2.9375,1.5,2.6875],"texture":"#0"},"up":{"uv":[1.5,2.6875,1.625,2.9375],"rotation":270,"texture":"#0"},"down":{"uv":[1.5,2.6875,1.625,2.9375],"rotation":90,"texture":"#0"}}},{"from":[7.5,11.91272,-1.46227],"to":[8.5,13.91272,0.53773],"rotation":{"angle":-22.5,"axis":"x","origin":[8,13.13493,2.22391]},"faces":{"north":{"uv":[3.375,0.875,3.25,0.625],"texture":"#0"},"east":{"uv":[2.5,2.3125,2.25,2.0625],"texture":"#0"},"south":{"uv":[3.375,0.875,3.25,0.625],"texture":"#0"},"west":{"uv":[2.25,2.3125,2.5,2.0625],"texture":"#0"},"up":{"uv":[3.375,0.875,3.25,0.625],"rotation":180,"texture":"#0"},"down":{"uv":[3.375,0.875,3.25,0.625],"rotation":180,"texture":"#0"}}},{"from":[1.25,10.5,1.25],"to":[14.75,10.5,14.75],"rotation":{"angle":-22.5,"axis":"y","origin":[8,8.81499,8]},"faces":{"north":{"uv":[0,0,5.75,0],"texture":"#1"},"east":{"uv":[0,0,5.75,0],"texture":"#1"},"south":{"uv":[0,0,5.75,0],"texture":"#1"},"west":{"uv":[0,0,5.75,0],"texture":"#1"},"up":{"uv":[13.5,6.75,6.75,0],"texture":"#1"},"down":{"uv":[13.5,6.75,6.75,0],"texture":"#1"}}},{"from":[1.25,10.5,1.25],"to":[14.75,10.5,14.75],"rotation":{"angle":-45,"axis":"y","origin":[8,8.81499,8]},"faces":{"north":{"uv":[0,0,5.75,0],"texture":"#1"},"east":{"uv":[0,0,5.75,0],"texture":"#1"},"south":{"uv":[0,0,5.75,0],"texture":"#1"},"west":{"uv":[0,0,5.75,0],"texture":"#1"},"up":{"uv":[13.5,13.5,6.75,6.75],"texture":"#1"},"down":{"uv":[13.5,13.5,6.75,6.75],"texture":"#1"}}},{"from":[1.25,10.5,1.25],"to":[14.75,10.5,14.75],"rotation":{"angle":22.5,"axis":"y","origin":[8,8.81499,8]},"faces":{"north":{"uv":[0,0,5.75,0],"texture":"#1"},"east":{"uv":[0,0,5.75,0],"texture":"#1"},"south":{"uv":[0,0,5.75,0],"texture":"#1"},"west":{"uv":[0,0,5.75,0],"texture":"#1"},"up":{"uv":[6.75,13.5,0,6.75],"rotation":270,"texture":"#1"},"down":{"uv":[6.75,13.5,0,6.75],"rotation":270,"texture":"#1"}}},{"from":[6,14.5,6],"to":[8,17.5,9],"rotation":{"angle":-45,"axis":"x","origin":[8,16.5,8]},"faces":{"north":{"uv":[4.75,2.6875,4.5,3.0625],"texture":"#0"},"east":{"uv":[4.5,2.6875,4.125,3.0625],"texture":"#0"},"south":{"uv":[4.75,3.0625,4.5,2.6875],"texture":"#0"},"west":{"uv":[4.125,2.6875,4.5,3.0625],"texture":"#0"},"up":{"uv":[4.75,2.6875,4.5,3.0625],"texture":"#0"},"down":{"uv":[4.75,2.6875,4.5,3.0625],"texture":"#0"}}},{"from":[8,14.5,6],"to":[10,17.5,9],"rotation":{"angle":-45,"axis":"x","origin":[8,16.5,8]},"faces":{"north":{"uv":[4.5,2.6875,4.75,3.0625],"texture":"#0"},"east":{"uv":[4.5,2.6875,4.125,3.0625],"texture":"#0"},"south":{"uv":[4.5,3.0625,4.75,2.6875],"texture":"#0"},"west":{"uv":[4.125,2.6875,4.5,3.0625],"texture":"#0"},"up":{"uv":[4.5,2.6875,4.75,3.0625],"texture":"#0"},"down":{"uv":[4.5,2.6875,4.75,3.0625],"texture":"#0"}}},{"from":[6.5,13.5,4.5],"to":[9.5,15.5,11.5],"rotation":{"angle":0,"axis":"y","origin":[0,16,16]},"faces":{"north":{"uv":[1.6875,3.8125,2.0625,4.0625],"texture":"#0"},"east":{"uv":[2.25,2.5625,3.125,2.8125],"texture":"#0"},"south":{"uv":[1.6875,3.8125,2.0625,4.0625],"texture":"#0"},"west":{"uv":[2.25,2.5625,3.125,2.8125],"texture":"#0"},"up":{"uv":[1.6875,2.9375,2.0625,3.8125],"texture":"#0"},"down":{"uv":[1.6875,2.9375,2.0625,3.8125],"texture":"#0"}}},{"from":[8,16.5,4.5],"to":[8,29.5,11.5],"rotation":{"angle":0,"axis":"y","origin":[0,16,16]},"faces":{"north":{"uv":[1.6875,3.8125,2.0625,4.0625],"texture":"#0"},"east":{"uv":[13.9375,8.0625,13.0625,9.6875],"texture":"#0"},"south":{"uv":[1.6875,3.8125,2.0625,4.0625],"texture":"#0"},"west":{"uv":[13.0625,8.0625,13.9375,9.6875],"texture":"#0"},"up":{"uv":[1.6875,2.9375,2.0625,3.8125],"texture":"#0"},"down":{"uv":[1.6875,2.9375,2.0625,3.8125],"texture":"#0"}}},{"from":[14.22295,4.51681,5.41602],"to":[14.22295,10.51681,10.41602],"rotation":{"angle":22.5,"axis":"z","origin":[13.24961,7.5,7.91602]},"faces":{"north":{"uv":[0.625,0.75,0.625,0],"rotation":180,"texture":"#missing"},"east":{"uv":[15.375,7.0625,14.625,6.4375],"rotation":270,"texture":"#0"},"south":{"uv":[0.625,0.75,0.625,0],"texture":"#missing"},"west":{"uv":[14.625,7.0625,15.375,6.4375],"rotation":90,"texture":"#0"},"up":{"uv":[0.625,0,0.625,0.625],"texture":"#missing"},"down":{"uv":[0.625,0,0.625,0.625],"rotation":180,"texture":"#missing"}}},{"from":[5.92185,9.54028,5.41602],"to":[10.92185,9.54028,10.41602],"rotation":{"angle":-45,"axis":"z","origin":[13.24961,7.5,7.91602]},"faces":{"north":{"uv":[0,0.625,0,0],"rotation":270,"texture":"#missing"},"east":{"uv":[0,0.625,0,0],"rotation":270,"texture":"#missing"},"south":{"uv":[0,0.625,0,0],"rotation":270,"texture":"#missing"},"west":{"uv":[0,0.625,0,0],"rotation":90,"texture":"#missing"},"up":{"uv":[14,6.4375,14.625,7.0625],"texture":"#0"},"down":{"uv":[14.625,6.4375,14,7.0625],"rotation":180,"texture":"#0"}}},{"from":[15.22066,0.14356,5.41602],"to":[15.22066,5.14356,10.41602],"rotation":{"angle":0,"axis":"y","origin":[13.24961,7.5,7.91602]},"faces":{"north":{"uv":[0.625,0.625,0.625,0],"rotation":180,"texture":"#missing"},"east":{"uv":[16,7.0625,15.375,6.4375],"rotation":270,"texture":"#0"},"south":{"uv":[0.625,0.625,0.625,0],"texture":"#missing"},"west":{"uv":[15.375,7.0625,16,6.4375],"rotation":90,"texture":"#0"},"up":{"uv":[0.625,0,0.625,0.625],"texture":"#missing"},"down":{"uv":[0.625,0,0.625,0.625],"rotation":180,"texture":"#missing"}}}],"gui_light":"front","display":{"thirdperson_righthand":{"translation":[0,7,1],"scale":[0.7,0.7,0.7]},"thirdperson_lefthand":{"translation":[0,7,1],"scale":[0.7,0.7,0.7]},"firstperson_righthand":{"rotation":[5.75,0,0],"translation":[4.5,5.25,0],"scale":[0.36562,0.36562,0.36562]},"firstperson_lefthand":{"rotation":[5.75,0,0],"translation":[4.5,5.25,0],"scale":[0.36562,0.36562,0.36562]},"ground":{"rotation":[-45,0,0],"translation":[0,9,0],"scale":[0.45,0.45,0.45]},"gui":{"rotation":[90,45,-90],"translation":[0.25,0.25,-1.5],"scale":[0.47852,0.47852,0.47852]},"head":{"scale":[0,0,0]},"fixed":{"rotation":[0,-90,0],"translation":[0,6.75,-5.25],"scale":[1.35,1.35,1.35]}}}