{"credit":"Made with Blockbench","texture_size":[28,28],"textures":{"1":"ender_eye_set:ender_eye_set/animation_2","2":"ender_eye_set:ender_eye_set/pickaxe","particle":"ender_eye_set:ender_eye_set/pickaxe"},"elements":[{"from":[7.4,-0.1,7.4],"to":[8.6,1.1,8.6],"rotation":{"angle":-45,"axis":"x","origin":[8,0.5,8]},"faces":{"north":{"uv":[11.42857,3.42857,12.14286,4.14286],"texture":"#2"},"east":{"uv":[11.42857,4.57143,12.14286,5.28571],"texture":"#2"},"south":{"uv":[5.71429,11.42857,6.42857,12.14286],"texture":"#2"},"west":{"uv":[11.42857,5.71429,12.14286,6.42857],"texture":"#2"},"up":{"uv":[12.14286,7.57143,11.42857,6.85714],"texture":"#2"},"down":{"uv":[12.14286,8,11.42857,8.71429],"texture":"#2"}}},{"from":[7.5,0.8,7.5],"to":[8.5,7.8,8.5],"rotation":{"angle":0,"axis":"x","origin":[8,1.3,8]},"faces":{"north":{"uv":[3.42857,6.85714,4,10.85714],"texture":"#2"},"east":{"uv":[4,6.85714,4.57143,10.85714],"texture":"#2"},"south":{"uv":[4.57143,6.85714,5.14286,10.85714],"texture":"#2"},"west":{"uv":[5.14286,6.85714,5.71429,10.85714],"texture":"#2"},"up":{"uv":[8,2.28571,7.42857,1.71429],"texture":"#2"},"down":{"uv":[8.57143,6.28571,8,6.85714],"texture":"#2"}}},{"from":[7.4,1.8,7.4],"to":[8.6,3.8,8.6],"rotation":{"angle":0,"axis":"x","origin":[8,2.3,8]},"faces":{"north":{"uv":[5.71429,10.28571,6.42857,11.42857],"texture":"#2"},"east":{"uv":[10.28571,5.71429,11,6.85714],"texture":"#2"},"south":{"uv":[10.28571,6.85714,11,8],"texture":"#2"},"west":{"uv":[10.28571,8,11,9.14286],"texture":"#2"},"up":{"uv":[12.14286,11,11.42857,10.28571],"texture":"#2"},"down":{"uv":[12.14286,11.42857,11.42857,12.14286],"texture":"#2"}}},{"from":[7.4,4.8,7.4],"to":[8.6,6.8,8.6],"rotation":{"angle":0,"axis":"x","origin":[8,2.3,8]},"faces":{"north":{"uv":[10.28571,9.14286,11,10.28571],"texture":"#2"},"east":{"uv":[10.28571,10.28571,11,11.42857],"texture":"#2"},"south":{"uv":[3.42857,10.85714,4.14286,12],"texture":"#2"},"west":{"uv":[4.57143,10.85714,5.28571,12],"texture":"#2"},"up":{"uv":[12.71429,0.71429,12,0],"texture":"#2"},"down":{"uv":[12.71429,1.14286,12,1.85714],"texture":"#2"}}},{"from":[7.284,16.31775,6.24],"to":[8.716,17.19775,7.12],"rotation":{"angle":0,"axis":"y","origin":[7.836,16.31775,6.24]},"faces":{"north":{"uv":[4,12,4.85714,12.57143],"texture":"#2"},"east":{"uv":[2.85714,11.42857,3.42857,12],"texture":"#2"},"south":{"uv":[9.14286,12,10,12.57143],"texture":"#2"},"west":{"uv":[5.14286,12,5.71429,12.57143],"texture":"#2"},"up":{"uv":[0.85714,13.14286,0,12.57143],"texture":"#2"},"down":{"uv":[2,12.57143,1.14286,13.14286],"texture":"#2"}}},{"from":[7.273,16.75775,6.05775],"to":[8.727,18.51775,6.93775],"rotation":{"angle":-45,"axis":"x","origin":[8.287,17.19775,6.49775]},"faces":{"north":{"uv":[9.14286,0.57143,10,1.57143],"texture":"#2"},"east":{"uv":[7.42857,0.57143,8,1.57143],"texture":"#2"},"south":{"uv":[9.14286,1.71429,10,2.71429],"texture":"#2"},"west":{"uv":[8,5.14286,8.57143,6.14286],"texture":"#2"},"up":{"uv":[13.42857,4,12.57143,3.42857],"texture":"#2"},"down":{"uv":[4.85714,12.57143,4,13.14286],"texture":"#2"}}},{"from":[7.284,20.20225,6.24],"to":[8.716,21.08225,7.12],"rotation":{"angle":0,"axis":"y","origin":[7.836,21.08225,6.24]},"faces":{"north":{"uv":[12.57143,4,13.42857,4.57143],"texture":"#2"},"east":{"uv":[2.28571,12.57143,2.85714,13.14286],"texture":"#2"},"south":{"uv":[12.57143,4.57143,13.42857,5.14286],"texture":"#2"},"west":{"uv":[6.28571,12.57143,6.85714,13.14286],"texture":"#2"},"up":{"uv":[6,13.14286,5.14286,12.57143],"texture":"#2"},"down":{"uv":[13.42857,5.14286,12.57143,5.71429],"texture":"#2"}}},{"from":[7.273,18.88225,6.05775],"to":[8.727,20.64225,6.93775],"rotation":{"angle":45,"axis":"x","origin":[8.287,20.20225,6.49775]},"faces":{"north":{"uv":[9.14286,2.85714,10,3.85714],"texture":"#2"},"east":{"uv":[9.14286,10.85714,9.71429,11.85714],"texture":"#2"},"south":{"uv":[9.14286,4,10,5],"texture":"#2"},"west":{"uv":[9.71429,10.85714,10.28571,11.85714],"texture":"#2"},"up":{"uv":[13.42857,6.28571,12.57143,5.71429],"texture":"#2"},"down":{"uv":[13.42857,6.28571,12.57143,6.85714],"texture":"#2"}}},{"from":[7.262,17.82,5.25324],"to":[8.738,19.58,6.13324],"rotation":{"angle":0,"axis":"x","origin":[8.298,18.26,5.69324]},"faces":{"north":{"uv":[9.14286,5.14286,10,6.14286],"texture":"#2"},"east":{"uv":[0,11.42857,0.57143,12.42857],"texture":"#2"},"south":{"uv":[9.14286,6.28571,10,7.28571],"texture":"#2"},"west":{"uv":[11.42857,0,12,1],"texture":"#2"},"up":{"uv":[13.42857,7.42857,12.57143,6.85714],"texture":"#2"},"down":{"uv":[13.42857,7.42857,12.57143,8],"texture":"#2"}}},{"from":[7.372,16.39324,7.56],"to":[8.628,19.91324,11.08],"rotation":{"angle":-45,"axis":"x","origin":[7.66,16.83324,8]},"faces":{"north":{"uv":[5.14286,2.28571,5.85714,4.28571],"texture":"#2"},"east":{"uv":[4.57143,4.57143,6.57143,6.57143],"texture":"#2"},"south":{"uv":[6.85714,7.42857,7.57143,9.42857],"texture":"#2"},"west":{"uv":[5.14286,0,7.14286,2],"texture":"#2"},"up":{"uv":[8.71429,2.57143,8,0.57143],"texture":"#2"},"down":{"uv":[8.71429,2.85714,8,4.85714],"texture":"#2"}}},{"from":[7.273,18.88225,9.06225],"to":[8.727,20.64225,9.94225],"rotation":{"angle":-45,"axis":"x","origin":[8.287,20.20225,9.50225]},"faces":{"north":{"uv":[9.14286,7.42857,10,8.42857],"texture":"#2"},"east":{"uv":[0.57143,11.42857,1.14286,12.42857],"texture":"#2"},"south":{"uv":[9.14286,8.57143,10,9.57143],"texture":"#2"},"west":{"uv":[1.14286,11.42857,1.71429,12.42857],"texture":"#2"},"up":{"uv":[13.42857,8.57143,12.57143,8],"texture":"#2"},"down":{"uv":[13.42857,8.57143,12.57143,9.14286],"texture":"#2"}}},{"from":[7.284,20.20225,8.88],"to":[8.716,21.08225,9.76],"rotation":{"angle":0,"axis":"y","origin":[7.836,21.08225,9.76]},"faces":{"north":{"uv":[9.14286,12.57143,10,13.14286],"texture":"#2"},"east":{"uv":[13.14286,0.57143,13.71429,1.14286],"texture":"#2"},"south":{"uv":[12.57143,9.14286,13.42857,9.71429],"texture":"#2"},"west":{"uv":[1.14286,13.14286,1.71429,13.71429],"texture":"#2"},"up":{"uv":[13.42857,10.28571,12.57143,9.71429],"texture":"#2"},"down":{"uv":[11.14286,12.57143,10.28571,13.14286],"texture":"#2"}}},{"from":[7.262,17.82,9.86676],"to":[8.738,19.58,10.74676],"rotation":{"angle":0,"axis":"x","origin":[8.298,18.26,10.30676]},"faces":{"north":{"uv":[6.85714,9.71429,7.71429,10.71429],"texture":"#2"},"east":{"uv":[11.42857,1.14286,12,2.14286],"texture":"#2"},"south":{"uv":[8,9.71429,8.85714,10.71429],"texture":"#2"},"west":{"uv":[1.71429,11.42857,2.28571,12.42857],"texture":"#2"},"up":{"uv":[13.42857,10.85714,12.57143,10.28571],"texture":"#2"},"down":{"uv":[13.42857,10.85714,12.57143,11.42857],"texture":"#2"}}},{"from":[7.273,16.75775,9.06225],"to":[8.727,18.51775,9.94225],"rotation":{"angle":45,"axis":"x","origin":[8.287,17.19775,9.50225]},"faces":{"north":{"uv":[9.14286,9.71429,10,10.71429],"texture":"#2"},"east":{"uv":[2.28571,11.42857,2.85714,12.42857],"texture":"#2"},"south":{"uv":[10.28571,0,11.14286,1],"texture":"#2"},"west":{"uv":[11.42857,2.28571,12,3.28571],"texture":"#2"},"up":{"uv":[12.28571,13.14286,11.42857,12.57143],"texture":"#2"},"down":{"uv":[13.42857,11.42857,12.57143,12],"texture":"#2"}}},{"from":[7.284,16.31775,8.88],"to":[8.716,17.19775,9.76],"rotation":{"angle":0,"axis":"y","origin":[7.836,16.31775,9.76]},"faces":{"north":{"uv":[12.57143,12,13.42857,12.57143],"texture":"#2"},"east":{"uv":[13.14286,1.14286,13.71429,1.71429],"texture":"#2"},"south":{"uv":[12.57143,12.57143,13.42857,13.14286],"texture":"#2"},"west":{"uv":[1.71429,13.14286,2.28571,13.71429],"texture":"#2"},"up":{"uv":[0.85714,13.71429,0,13.14286],"texture":"#2"},"down":{"uv":[14,0,13.14286,0.57143],"texture":"#2"}}},{"from":[7.4,7.8,7.4],"to":[8.6,15.8,8.6],"rotation":{"angle":0,"axis":"y","origin":[7,7.6,7]},"faces":{"north":{"uv":[0,6.85714,0.71429,11.42857],"texture":"#2"},"east":{"uv":[1.14286,6.85714,1.85714,11.42857],"texture":"#2"},"south":{"uv":[2.28571,6.85714,3,11.42857],"texture":"#2"},"west":{"uv":[6.85714,2.28571,7.57143,6.85714],"texture":"#2"},"up":{"uv":[12.71429,3,12,2.28571],"texture":"#2"},"down":{"uv":[3.57143,12,2.85714,12.71429],"texture":"#2"}}},{"from":[7.5,15.8,7.5],"to":[8.5,16.8,8.5],"rotation":{"angle":0,"axis":"y","origin":[7,8.6,7]},"faces":{"north":{"uv":[13.14286,1.71429,13.71429,2.28571],"texture":"#2"},"east":{"uv":[2.28571,13.14286,2.85714,13.71429],"texture":"#2"},"south":{"uv":[13.14286,2.28571,13.71429,2.85714],"texture":"#2"},"west":{"uv":[2.85714,13.14286,3.42857,13.71429],"texture":"#2"},"up":{"uv":[13.71429,3.42857,13.14286,2.85714],"texture":"#2"},"down":{"uv":[4,13.14286,3.42857,13.71429],"texture":"#2"}}},{"from":[7.45,16.7,3.3],"to":[8.55,20.7,7.3],"rotation":{"angle":45,"axis":"x","origin":[8.25,18.7,5.3]},"faces":{"north":{"uv":[6.28571,2.28571,6.85714,4.57143],"texture":"#2"},"east":{"uv":[0,4.57143,2.28571,6.85714],"texture":"#2"},"south":{"uv":[8,7.42857,8.57143,9.71429],"texture":"#2"},"west":{"uv":[2.28571,4.57143,4.57143,6.85714],"texture":"#2"},"up":{"uv":[9.14286,7.42857,8.57143,5.14286],"texture":"#2"},"down":{"uv":[9.14286,7.42857,8.57143,9.71429],"texture":"#2"}}},{"from":[8,19.3,3.5],"to":[8,24.3,12.5],"rotation":{"angle":0,"axis":"x","origin":[8,23.5,8]},"faces":{"north":{"uv":[0,0,0,2.85714],"texture":"#2"},"east":{"uv":[5.14286,0,0,2.85714],"texture":"#2"},"south":{"uv":[0,0,0,2.85714],"texture":"#2"},"west":{"uv":[0,0,5.14286,2.85714],"texture":"#2"},"up":{"uv":[0,5.14286,0,0],"texture":"#2"},"down":{"uv":[0,0,0,5.14286],"texture":"#2"}}},{"from":[7.5,19.1,-0.1],"to":[8.5,20.1,4.9],"rotation":{"angle":-22.5,"axis":"x","origin":[8,20.5,2.5]},"faces":{"north":{"uv":[4,13.14286,4.57143,13.71429],"texture":"#2"},"east":{"uv":[5.71429,6.85714,8.57143,7.42857],"texture":"#2"},"south":{"uv":[4.57143,13.14286,5.14286,13.71429],"texture":"#2"},"west":{"uv":[7.42857,0,10.28571,0.57143],"texture":"#2"},"up":{"uv":[6.28571,10.28571,5.71429,7.42857],"texture":"#2"},"down":{"uv":[6.85714,7.42857,6.28571,10.28571],"texture":"#2"}}},{"from":[8,16.3,-4.1],"to":[8,19.3,4.9],"rotation":{"angle":-22.5,"axis":"x","origin":[7.5,20.5,2.5]},"faces":{"north":{"uv":[0,0,0,1.71429],"texture":"#2"},"east":{"uv":[5.14286,2.85714,0,4.57143],"texture":"#2"},"south":{"uv":[0,0,0,1.71429],"texture":"#2"},"west":{"uv":[0,2.85714,5.14286,4.57143],"texture":"#2"},"up":{"uv":[0,5.14286,0,0],"texture":"#2"},"down":{"uv":[0,0,0,5.14286],"texture":"#2"}}},{"from":[7.61,16.05055,-0.97683],"to":[8.39,19.25055,-0.17683],"rotation":{"angle":45,"axis":"x","origin":[8.01,17.65055,-0.52683]},"faces":{"north":{"uv":[6.85714,10.85714,7.28571,12.71429],"texture":"#2"},"east":{"uv":[7.42857,10.85714,7.85714,12.71429],"texture":"#2"},"south":{"uv":[8,10.85714,8.42857,12.71429],"texture":"#2"},"west":{"uv":[8.57143,10.85714,9,12.71429],"texture":"#2"},"up":{"uv":[9,13.57143,8.57143,13.14286],"texture":"#2"},"down":{"uv":[9.57143,13.14286,9.14286,13.57143],"texture":"#2"}}},{"from":[7.5,15.9451,-2.2861],"to":[8.5,16.9451,-1.2861],"rotation":{"angle":22.5,"axis":"x","origin":[8,16.4451,-1.7861]},"faces":{"north":{"uv":[5.14286,13.14286,5.71429,13.71429],"texture":"#2"},"east":{"uv":[5.71429,13.14286,6.28571,13.71429],"texture":"#2"},"south":{"uv":[6.28571,13.14286,6.85714,13.71429],"texture":"#2"},"west":{"uv":[6.85714,13.14286,7.42857,13.71429],"texture":"#2"},"up":{"uv":[8,13.71429,7.42857,13.14286],"texture":"#2"},"down":{"uv":[8.57143,13.14286,8,13.71429],"texture":"#2"}}},{"from":[7.45,16.7,8.7],"to":[8.55,20.7,12.7],"rotation":{"angle":-45,"axis":"x","origin":[8.25,18.7,10.7]},"faces":{"north":{"uv":[8.57143,7.42857,8,9.71429],"texture":"#2"},"east":{"uv":[2.28571,4.57143,0,6.85714],"texture":"#2"},"south":{"uv":[6.85714,2.28571,6.28571,4.57143],"texture":"#2"},"west":{"uv":[4.57143,4.57143,2.28571,6.85714],"texture":"#2"},"up":{"uv":[9.14286,5.14286,8.57143,7.42857],"texture":"#2"},"down":{"uv":[9.14286,9.71429,8.57143,7.42857],"texture":"#2"}}},{"from":[7.5,19.1,11.1],"to":[8.5,20.1,16.1],"rotation":{"angle":22.5,"axis":"x","origin":[8,20.5,13.5]},"faces":{"north":{"uv":[5.14286,13.14286,4.57143,13.71429],"texture":"#2"},"east":{"uv":[8.57143,6.85714,5.71429,7.42857],"texture":"#2"},"south":{"uv":[4.57143,13.14286,4,13.71429],"texture":"#2"},"west":{"uv":[10.28571,0,7.42857,0.57143],"texture":"#2"},"up":{"uv":[6.28571,7.42857,5.71429,10.28571],"texture":"#2"},"down":{"uv":[6.85714,10.28571,6.28571,7.42857],"texture":"#2"}}},{"from":[7.61,16.05055,16.17683],"to":[8.39,19.25055,16.97683],"rotation":{"angle":-45,"axis":"x","origin":[8.01,17.65055,16.52683]},"faces":{"north":{"uv":[8.42857,10.85714,8,12.71429],"texture":"#2"},"east":{"uv":[7.85714,10.85714,7.42857,12.71429],"texture":"#2"},"south":{"uv":[7.28571,10.85714,6.85714,12.71429],"texture":"#2"},"west":{"uv":[9,10.85714,8.57143,12.71429],"texture":"#2"},"up":{"uv":[9,13.14286,8.57143,13.57143],"texture":"#2"},"down":{"uv":[9.57143,13.57143,9.14286,13.14286],"texture":"#2"}}},{"from":[7.5,15.9451,17.2861],"to":[8.5,16.9451,18.2861],"rotation":{"angle":-22.5,"axis":"x","origin":[8,16.4451,17.7861]},"faces":{"north":{"uv":[6.85714,13.14286,6.28571,13.71429],"texture":"#2"},"east":{"uv":[6.28571,13.14286,5.71429,13.71429],"texture":"#2"},"south":{"uv":[5.71429,13.14286,5.14286,13.71429],"texture":"#2"},"west":{"uv":[7.42857,13.14286,6.85714,13.71429],"texture":"#2"},"up":{"uv":[8,13.14286,7.42857,13.71429],"texture":"#2"},"down":{"uv":[8.57143,13.71429,8,13.14286],"texture":"#2"}}},{"from":[8,16.3,11.1],"to":[8,19.3,20.1],"rotation":{"angle":22.5,"axis":"x","origin":[7.5,20.5,13.5]},"faces":{"north":{"uv":[0,0,0,1.71429],"texture":"#2"},"east":{"uv":[0,2.85714,5.14286,4.57143],"texture":"#2"},"south":{"uv":[0,0,0,1.71429],"texture":"#2"},"west":{"uv":[5.14286,2.85714,0,4.57143],"texture":"#2"},"up":{"uv":[0,0,0,5.14286],"texture":"#2"},"down":{"uv":[0,5.14286,0,0],"texture":"#2"}}},{"from":[7,15,4],"to":[7,23,12],"rotation":{"angle":0,"axis":"y","origin":[7,15,4]},"faces":{"north":{"uv":[0,0,0,4.57143],"texture":"#1"},"east":{"uv":[16,0,0,16],"texture":"#1"},"south":{"uv":[0,0,0,4.57143],"texture":"#1"},"west":{"uv":[0,0,16,16],"texture":"#1"},"up":{"uv":[0,0,0,4.57143],"texture":"#1"},"down":{"uv":[0,0,0,4.57143],"texture":"#1"}}},{"from":[9,15,4],"to":[9,23,12],"rotation":{"angle":0,"axis":"y","origin":[9,15,4]},"faces":{"north":{"uv":[0,0,0,4.57143],"texture":"#1"},"east":{"uv":[16,0,0,16],"texture":"#1"},"south":{"uv":[0,0,0,4.57143],"texture":"#1"},"west":{"uv":[0,0,16,16],"texture":"#1"},"up":{"uv":[0,0,0,4.57143],"texture":"#1"},"down":{"uv":[0,0,0,4.57143],"texture":"#1"}}}],"gui_light":"front","display":{"thirdperson_righthand":{"translation":[0,1.75,1.75]},"thirdperson_lefthand":{"translation":[0,1.75,1.75]},"firstperson_righthand":{"rotation":[-20,7.07,7.6],"translation":[2.5,-2.25,-2.25],"scale":[0.95703,0.95703,0.95703]},"firstperson_lefthand":{"rotation":[-20,7.07,7.6],"translation":[2.5,-2.25,-2.25],"scale":[0.95703,0.95703,0.95703]},"ground":{"rotation":[0,0,-86],"translation":[-3.25,-0.25,0.5],"scale":[0.87383,0.87383,0.87383]},"gui":{"rotation":[90,-135,90],"translation":[-2.5,-2.75,0],"scale":[0.69258,0.69258,0.69258]},"head":{"scale":[0,0,0]},"fixed":{"rotation":[0,90,0],"translation":[0.25,-7.5,-2.25],"scale":[2.33398,2.33398,2.33398]}}}