{"textures​":{"3":"\u0068\u0061\u006c\u006c\u006f\u0077\u0065\u0065\u006e_\u0063\u0072\u0065\u0061\u0074\u0069\u0066:\u0068\u0061\u006c\u006c\u006f\u0077\u0065\u0065\u006e_\u0063\u0072\u0065\u0061\u0074\u0069\u0066/\u0062\u006c\u006f\u0063\u006b/\u0063\u006f\u0066\u0066\u0069\u006e_\u0062\u0072\u006f\u0077\u006e_1","\u0070\u0061\u0072\u0074\u0069\u0063\u006c\u0065":"#3"},"credit":"Made with Blockbench","texture_size":[64,32],"\u0074\u0065\u0078\u0074\u0075\u0072\u0065\u0073":{"3":"\u0068\u0061\u006c\u006c\u006f\u0077\u0065\u0065\u006e_\u0063\u0072\u0065\u0061\u0074\u0069\u0066:\u0068\u0061\u006c\u006c\u006f\u0077\u0065\u0065\u006e_\u0063\u0072\u0065\u0061\u0074\u0069\u0066/\u0062\u006c\u006f\u0063\u006b/\u0063\u006f\u0066\u0066\u0069\u006e_\u0062\u0072\u006f\u0077\u006e_1","\u0070\u0061\u0072\u0074\u0069\u0063\u006c\u0065":"#3"},"elements":[{"from":[-10.86277,1.44901,-5.03169],"to":[26.45128,1.4867,21.3788],"rotation":{"angle":0,"axis":"y","origin":[7.82885,7.88427,8.1838]},"faces":{"north":{"uv":[0,0,5.5,0],"texture":"#3","tintindex":0},"east":{"uv":[0,0,3.875,0],"texture":"#3","tintindex":0},"south":{"uv":[0,0,5.5,0],"texture":"#3","tintindex":0},"west":{"uv":[0,0,3.875,0],"texture":"#3","tintindex":0},"up":{"uv":[3.875,5.5,0,0],"rotation":270,"texture":"#3","tintindex":0},"down":{"uv":[7.875,0,4,5.5],"rotation":90,"texture":"#3","tintindex":0}}},{"from":[-7.78407,-0.14925,18.06954],"to":[14.28598,13.44589,19.76554],"rotation":{"angle":-22.5,"axis":"y","origin":[7.82885,7.88427,8.1838]},"faces":{"north":{"uv":[8,4,11.25,6],"texture":"#3","tintindex":0},"east":{"uv":[12.75,8,13,10],"texture":"#3","tintindex":0},"south":{"uv":[11.25,8,8,10],"texture":"#3","tintindex":0},"west":{"uv":[12.75,6,13,8],"texture":"#3","tintindex":0},"up":{"uv":[8,14.25,7.75,11],"rotation":270,"texture":"#3","tintindex":0},"down":{"uv":[11.5,10,11.25,13.25],"rotation":90,"texture":"#3","tintindex":0}}},{"from":[-7.77623,-0.14925,-3.41687],"to":[14.29382,13.44589,-1.72087],"rotation":{"angle":22.5,"axis":"y","origin":[7.82885,7.88427,8.1838]},"faces":{"north":{"uv":[8,8,11.25,10],"texture":"#3","tintindex":0},"east":{"uv":[12.5,12.75,12.75,14.75],"texture":"#3","tintindex":0},"south":{"uv":[8,10,11.25,12],"texture":"#3","tintindex":0},"west":{"uv":[12.25,12.75,12.5,14.75],"texture":"#3","tintindex":0},"up":{"uv":[11.75,13.25,11.5,10],"rotation":270,"texture":"#3","tintindex":0},"down":{"uv":[12,10,11.75,13.25],"rotation":90,"texture":"#3","tintindex":0}}},{"from":[-11.00854,-0.14246,3.43201],"to":[-9.31254,13.4391,12.92961],"rotation":{"angle":0,"axis":"y","origin":[7.82885,7.88427,8.1838]},"faces":{"north":{"uv":[12.75,12.75,13,14.75],"texture":"#3","tintindex":0},"east":{"uv":[11.25,8,12.625,10],"texture":"#3","tintindex":0},"south":{"uv":[0,13,0.25,15],"texture":"#3","tintindex":0},"west":{"uv":[11.25,6,12.625,8],"texture":"#3","tintindex":0},"up":{"uv":[14.375,9,13,8.75],"rotation":270,"texture":"#3","tintindex":0},"down":{"uv":[14.375,9,13,9.25],"rotation":90,"texture":"#3","tintindex":0}}},{"from":[4.19724,-0.14246,-4.5878],"to":[22.85324,13.4391,-2.8918],"rotation":{"angle":-22.5,"axis":"y","origin":[7.82885,7.88427,8.1838]},"faces":{"north":{"uv":[0,11,2.75,13],"texture":"#3","tintindex":0},"east":{"uv":[0.5,13,0.75,15],"texture":"#3","tintindex":0},"south":{"uv":[2.75,11,5.5,13],"texture":"#3","tintindex":0},"west":{"uv":[0.25,13,0.5,15],"texture":"#3","tintindex":0},"up":{"uv":[9,15,8.75,12.25],"rotation":270,"texture":"#3","tintindex":0},"down":{"uv":[9.25,12.25,9,15],"rotation":90,"texture":"#3","tintindex":0}}},{"from":[24.91333,-0.14925,2.17155],"to":[26.61103,13.44589,14.21315],"rotation":{"angle":0,"axis":"y","origin":[7.82885,7.88427,8.1838]},"faces":{"north":{"uv":[0.75,13,1,15],"texture":"#3","tintindex":0},"east":{"uv":[11.25,4,13,6],"texture":"#3","tintindex":0},"south":{"uv":[1,13,1.25,15],"texture":"#3","tintindex":0},"west":{"uv":[5.5,11,7.25,13],"texture":"#3","tintindex":0},"up":{"uv":[3.5,13.25,1.75,13],"rotation":270,"texture":"#3","tintindex":0},"down":{"uv":[5.25,13,3.5,13.25],"rotation":90,"texture":"#3","tintindex":0}}},{"from":[4.20508,-0.14246,19.24047],"to":[22.86108,13.4391,20.93647],"rotation":{"angle":22.5,"axis":"y","origin":[7.82885,7.88427,8.1838]},"faces":{"north":{"uv":[11.25,0,14,2],"texture":"#3","tintindex":0},"east":{"uv":[1.5,13,1.75,15],"texture":"#3","tintindex":0},"south":{"uv":[11.25,2,14,4],"texture":"#3","tintindex":0},"west":{"uv":[1.25,13,1.5,15],"texture":"#3","tintindex":0},"up":{"uv":[9.5,15,9.25,12.25],"rotation":270,"texture":"#3","tintindex":0},"down":{"uv":[9.75,12.25,9.5,15],"rotation":90,"texture":"#3","tintindex":0}}},{"from":[-10.16054,13.4391,3.43201],"to":[-10.16054,15.1351,12.92961],"rotation":{"angle":0,"axis":"y","origin":[7.82885,7.88427,8.1838]},"faces":{"north":{"uv":[0,0,0,0.25],"texture":"#3","tintindex":0},"east":{"uv":[14.375,8.25,13,8.5],"texture":"#3","tintindex":0},"south":{"uv":[0,0,0,0.25],"texture":"#3","tintindex":0},"west":{"uv":[13,8.25,14.375,8.5],"texture":"#3","tintindex":0},"up":{"uv":[1.375,0,0,0],"rotation":270,"texture":"#3","tintindex":0},"down":{"uv":[1.375,0,0,0],"rotation":90,"texture":"#3","tintindex":0}}},{"from":[-7.77622,13.44589,-2.51234],"to":[14.29383,15.14189,-2.51234],"rotation":{"angle":22.5,"axis":"y","origin":[7.82885,7.88427,8.1838]},"faces":{"north":{"uv":[12.25,10.75,15.5,11],"texture":"#3","tintindex":0},"east":{"uv":[0,0,0,0.25],"texture":"#3","tintindex":0},"south":{"uv":[15.5,10.75,12.25,11],"texture":"#3","tintindex":0},"west":{"uv":[0,0,0,0.25],"texture":"#3","tintindex":0},"up":{"uv":[0,3.25,0,0],"rotation":270,"texture":"#3","tintindex":0},"down":{"uv":[0,0,0,3.25],"rotation":90,"texture":"#3","tintindex":0}}},{"from":[25.76133,13.44589,2.17155],"to":[25.76133,15.14189,14.21315],"rotation":{"angle":0,"axis":"y","origin":[7.82885,7.88427,8.1838]},"faces":{"north":{"uv":[0,0,0,0.25],"texture":"#3","tintindex":0},"east":{"uv":[5.25,13,7,13.25],"texture":"#3","tintindex":0},"south":{"uv":[0,0,0,0.25],"texture":"#3","tintindex":0},"west":{"uv":[7,13,5.25,13.25],"texture":"#3","tintindex":0},"up":{"uv":[1.75,0,0,0],"rotation":270,"texture":"#3","tintindex":0},"down":{"uv":[1.75,0,0,0],"rotation":90,"texture":"#3","tintindex":0}}},{"from":[4.19724,13.4391,-3.68328],"to":[22.85324,15.1351,-3.68328],"rotation":{"angle":-22.5,"axis":"y","origin":[7.82885,7.88427,8.1838]},"faces":{"north":{"uv":[12.25,12.25,15,12.5],"texture":"#3","tintindex":0},"east":{"uv":[0,0,0,0.25],"texture":"#3","tintindex":0},"south":{"uv":[15,12.25,12.25,12.5],"texture":"#3","tintindex":0},"west":{"uv":[0,0,0,0.25],"texture":"#3","tintindex":0},"up":{"uv":[0,2.75,0,0],"rotation":270,"texture":"#3","tintindex":0},"down":{"uv":[0,0,0,2.75],"rotation":90,"texture":"#3","tintindex":0}}},{"from":[-7.76632,12.5911,-2.56142],"to":[14.30373,14.2871,-2.56142],"rotation":{"angle":22.5,"axis":"y","origin":[7.82885,7.88427,8.1838]},"faces":{"north":{"uv":[12.25,10.75,15.5,11],"texture":"#3","tintindex":0},"east":{"uv":[0,0,0,0.25],"texture":"#3","tintindex":0},"south":{"uv":[15.5,10.75,12.25,11],"texture":"#3","tintindex":0},"west":{"uv":[0,0,0,0.25],"texture":"#3","tintindex":0},"up":{"uv":[0,3.25,0,0],"rotation":270,"texture":"#3","tintindex":0},"down":{"uv":[0,0,0,3.25],"rotation":90,"texture":"#3","tintindex":0}}},{"from":[-10.16017,12.58432,3.45252],"to":[-10.16017,14.28032,12.95012],"rotation":{"angle":0,"axis":"y","origin":[7.82885,7.88427,8.1838]},"faces":{"north":{"uv":[0,0,0,0.25],"texture":"#3","tintindex":0},"east":{"uv":[14.375,8.25,13,8.5],"texture":"#3","tintindex":0},"south":{"uv":[0,0,0,0.25],"texture":"#3","tintindex":0},"west":{"uv":[13,8.25,14.375,8.5],"texture":"#3","tintindex":0},"up":{"uv":[1.375,0,0,0],"rotation":270,"texture":"#3","tintindex":0},"down":{"uv":[1.375,0,0,0],"rotation":90,"texture":"#3","tintindex":0}}},{"from":[4.22284,12.58432,-3.74706],"to":[22.87884,14.28032,-3.74706],"rotation":{"angle":-22.5,"axis":"y","origin":[7.82885,7.88427,8.1838]},"faces":{"north":{"uv":[12.25,12.25,15,12.5],"texture":"#3","tintindex":0},"east":{"uv":[0,0,0,0.25],"texture":"#3","tintindex":0},"south":{"uv":[15,12.25,12.25,12.5],"texture":"#3","tintindex":0},"west":{"uv":[0,0,0,0.25],"texture":"#3","tintindex":0},"up":{"uv":[0,2.75,0,0],"rotation":270,"texture":"#3","tintindex":0},"down":{"uv":[0,0,0,2.75],"rotation":90,"texture":"#3","tintindex":0}}},{"from":[25.81823,12.5911,2.19204],"to":[25.81823,14.2871,14.23364],"rotation":{"angle":0,"axis":"y","origin":[7.82885,7.88427,8.1838]},"faces":{"north":{"uv":[0,0,0,0.25],"texture":"#3","tintindex":0},"east":{"uv":[5.25,13,7,13.25],"texture":"#3","tintindex":0},"south":{"uv":[0,0,0,0.25],"texture":"#3","tintindex":0},"west":{"uv":[7,13,5.25,13.25],"texture":"#3","tintindex":0},"up":{"uv":[1.75,0,0,0],"rotation":270,"texture":"#3","tintindex":0},"down":{"uv":[1.75,0,0,0],"rotation":90,"texture":"#3","tintindex":0}}},{"from":[-10.83699,13.57806,-5.0112],"to":[26.47706,13.61574,21.39929],"rotation":{"angle":0,"axis":"y","origin":[7.82885,7.88427,8.1838]},"faces":{"north":{"uv":[0,0,5.5,0],"texture":"#3","tintindex":0},"east":{"uv":[0,0,3.875,0],"texture":"#3","tintindex":0},"south":{"uv":[0,0,5.5,0],"texture":"#3","tintindex":0},"west":{"uv":[0,0,3.875,0],"texture":"#3","tintindex":0},"up":{"uv":[3.875,11,0,5.5],"rotation":270,"texture":"#3","tintindex":0},"down":{"uv":[7.875,5.5,4,11],"rotation":90,"texture":"#3","tintindex":0}}},{"from":[4.22282,13.44589,-4.57623],"to":[22.87882,15.15546,-2.88023],"rotation":{"angle":-22.5,"axis":"y","origin":[7.82885,7.88427,8.1838]},"faces":{"north":{"uv":[12.25,11.25,15,11.5],"texture":"#3","tintindex":0},"east":{"uv":[13,13,13.25,13.25],"texture":"#3","tintindex":0},"south":{"uv":[12.25,11.5,15,11.75],"texture":"#3","tintindex":0},"west":{"uv":[7,13,7.25,13.25],"texture":"#3","tintindex":0},"up":{"uv":[10,15,9.75,12.25],"rotation":270,"texture":"#3","tintindex":0},"down":{"uv":[10.25,12.25,10,15],"rotation":90,"texture":"#3","tintindex":0}}},{"from":[24.93253,13.4391,2.19204],"to":[26.63023,15.16226,14.23364],"rotation":{"angle":0,"axis":"y","origin":[7.82885,7.88427,8.1838]},"faces":{"north":{"uv":[1.75,13.25,2,13.5],"texture":"#3","tintindex":0},"east":{"uv":[13,4.25,14.75,4.5],"texture":"#3","tintindex":0},"south":{"uv":[2,13.25,2.25,13.5],"texture":"#3","tintindex":0},"west":{"uv":[13,4,14.75,4.25],"texture":"#3","tintindex":0},"up":{"uv":[14.75,4.75,13,4.5],"rotation":270,"texture":"#3","tintindex":0},"down":{"uv":[14.75,4.75,13,5],"rotation":90,"texture":"#3","tintindex":0}}},{"from":[-7.76632,13.4391,-3.3906],"to":[14.30373,15.16226,-1.6946],"rotation":{"angle":22.5,"axis":"y","origin":[7.82885,7.88427,8.1838]},"faces":{"north":{"uv":[8,12,11.25,12.25],"texture":"#3","tintindex":0},"east":{"uv":[2.5,13.25,2.75,13.5],"texture":"#3","tintindex":0},"south":{"uv":[12,10,15.25,10.25],"texture":"#3","tintindex":0},"west":{"uv":[2.25,13.25,2.5,13.5],"texture":"#3","tintindex":0},"up":{"uv":[12.25,13.5,12,10.25],"rotation":270,"texture":"#3","tintindex":0},"down":{"uv":[8.25,12.25,8,15.5],"rotation":90,"texture":"#3","tintindex":0}}},{"from":[-10.98932,13.44589,3.45252],"to":[-9.29332,15.15546,12.95012],"rotation":{"angle":0,"axis":"y","origin":[7.82885,7.88427,8.1838]},"faces":{"north":{"uv":[2.75,13.25,3,13.5],"texture":"#3","tintindex":0},"east":{"uv":[13,9.5,14.375,9.75],"texture":"#3","tintindex":0},"south":{"uv":[3,13.25,3.25,13.5],"texture":"#3","tintindex":0},"west":{"uv":[13,9.25,14.375,9.5],"texture":"#3","tintindex":0},"up":{"uv":[14.375,10,13,9.75],"rotation":270,"texture":"#3","tintindex":0},"down":{"uv":[14.375,12.75,13,13],"rotation":90,"texture":"#3","tintindex":0}}},{"from":[-7.75848,13.4391,18.08112],"to":[14.31156,15.16226,19.77712],"rotation":{"angle":-22.5,"axis":"y","origin":[7.82885,7.88427,8.1838]},"faces":{"north":{"uv":[12.25,10.25,15.5,10.5],"texture":"#3","tintindex":0},"east":{"uv":[3.5,13.25,3.75,13.5],"texture":"#3","tintindex":0},"south":{"uv":[12.25,10.5,15.5,10.75],"texture":"#3","tintindex":0},"west":{"uv":[3.25,13.25,3.5,13.5],"texture":"#3","tintindex":0},"up":{"uv":[8.5,15.5,8.25,12.25],"rotation":270,"texture":"#3","tintindex":0},"down":{"uv":[8.75,12.25,8.5,15.5],"rotation":90,"texture":"#3","tintindex":0}}},{"from":[4.21499,13.44589,19.26676],"to":[22.87099,15.15546,20.96276],"rotation":{"angle":22.5,"axis":"y","origin":[7.82885,7.88427,8.1838]},"faces":{"north":{"uv":[12.25,11.75,15,12],"texture":"#3","tintindex":0},"east":{"uv":[4,13.25,4.25,13.5],"texture":"#3","tintindex":0},"south":{"uv":[12.25,12,15,12.25],"texture":"#3","tintindex":0},"west":{"uv":[3.75,13.25,4,13.5],"texture":"#3","tintindex":0},"up":{"uv":[10.5,15,10.25,12.25],"rotation":270,"texture":"#3","tintindex":0},"down":{"uv":[10.75,12.25,10.5,15],"rotation":90,"texture":"#3","tintindex":0}}}],"gui_light":"front","display":{"thirdperson_righthand":{"rotation":[0,87,0],"translation":[0,2.75,0],"scale":[0.3,0.3,0.3]},"thirdperson_lefthand":{"rotation":[0,87,0],"translation":[0,2.75,0],"scale":[0.3,0.3,0.3]},"firstperson_righthand":{"rotation":[57,-121,0],"translation":[2.75,2.75,0],"scale":[0.25,0.25,0.25]},"firstperson_lefthand":{"rotation":[57,-121,0],"translation":[2.75,2.75,0],"scale":[0.25,0.25,0.25]},"ground":{"rotation":[0,0,50],"translation":[0,13.5,0],"scale":[0.77,0.77,0.77]},"gui":{"rotation":[37,-28,0],"translation":[0,0.25,0],"scale":[0.36,0.36,0.36]},"head":{"translation":[0,-30.75,0],"scale":[1.55,1.55,1.55]},"fixed":{"rotation":[-90,0,0],"translation":[0,0,-15.75],"scale":[1.9,1.9,1.9]}}}