{"textures​":{"layer0":"minecraft:item/ladder"},"credit":"Made with Blockbench","texture_size":[128,128],"\u0074\u0065\u0078\u0074\u0075\u0072\u0065\u0073":{"0":"\u0068\u0061\u006c\u006c\u006f\u0077\u0065\u0065\u006e_\u0063\u0072\u0065\u0061\u0074\u0069\u0066:\u0068\u0061\u006c\u006c\u006f\u0077\u0065\u0065\u006e_\u0063\u0072\u0065\u0061\u0074\u0069\u0066/\u0062\u006c\u006f\u0063\u006b/\u0067\u0072\u0061\u0076\u0065\u0073","\u0070\u0061\u0072\u0074\u0069\u0063\u006c\u0065":"\u0068\u0061\u006c\u006c\u006f\u0077\u0065\u0065\u006e_\u0063\u0072\u0065\u0061\u0074\u0069\u0066:\u0068\u0061\u006c\u006c\u006f\u0077\u0065\u0065\u006e_\u0063\u0072\u0065\u0061\u0074\u0069\u0066/\u0062\u006c\u006f\u0063\u006b/\u0067\u0072\u0061\u0076\u0065\u0073"},"elements":[{"from":[5.9,2.025,6],"to":[10.1,13.375,10],"rotation":{"angle":0,"axis":"y","origin":[8,4.35,8]},"faces":{"north":{"uv":[12.875,11.125,13.375,12.5],"texture":"#0"},"east":{"uv":[12.375,12.875,12.875,14.25],"texture":"#0"},"south":{"uv":[12.875,12.5,13.375,13.875],"texture":"#0"},"west":{"uv":[5.5,13,6,14.375],"texture":"#0"},"up":{"uv":[14.5,2.5,14,2],"texture":"#0"},"down":{"uv":[5,14,4.5,14.5],"texture":"#0"}}},{"from":[2.21111,5.08611,6.01111],"to":[13.78889,9.26389,9.98889],"rotation":{"angle":0,"axis":"y","origin":[8,4.35,8]},"faces":{"north":{"uv":[12.75,7.125,14.25,7.625],"texture":"#0"},"east":{"uv":[5,14,5.5,14.5],"texture":"#0"},"south":{"uv":[12.75,7.625,14.25,8.125],"texture":"#0"},"west":{"uv":[14.125,3.25,14.625,3.75],"texture":"#0"},"up":{"uv":[14.375,11.125,12.875,10.625],"texture":"#0"},"down":{"uv":[12.375,12.875,10.875,13.375],"texture":"#0"}}},{"from":[-2,0,0],"to":[18,2,16],"rotation":{"angle":0,"axis":"y","origin":[8,4.35,8]},"faces":{"north":{"uv":[13,9.125,15.5,9.375],"texture":"#0"},"east":{"uv":[13.625,2.75,15.625,3],"texture":"#0"},"south":{"uv":[13,9.375,15.5,9.625],"texture":"#0"},"west":{"uv":[13.625,3,15.625,3.25],"texture":"#0"},"up":{"uv":[7.625,4,5.125,2],"texture":"#0"},"down":{"uv":[7.625,4,5.125,2],"texture":"#0"}}}],"gui_light":"front","display":{"thirdperson_righthand":{"translation":[0.5,3,1],"scale":[0.44,0.44,0.44]},"thirdperson_lefthand":{"translation":[0.5,3,1],"scale":[0.44,0.44,0.44]},"firstperson_righthand":{"translation":[0.5,3,1],"scale":[0.44,0.44,0.44]},"firstperson_lefthand":{"translation":[0.5,3,1],"scale":[0.44,0.44,0.44]},"ground":{"translation":[0,6.8,0],"scale":[0.96,0.96,0.96]},"gui":{"rotation":[30,225,0],"translation":[0,1.25,0],"scale":[0.44,0.44,0.44]},"head":{"translation":[0,-30.7,0],"scale":[1.56,1.56,1.56]},"fixed":{"rotation":[-90,0,0],"translation":[0,0,-16],"scale":[2,2,2]}}}