{"credit":"Made by PolygonMC","texture_size":[32,32],"textures":{"2":"halloween23:pumpkin_warlock_backpack","particle":"halloween23:pumpkin_warlock_backpack"},"elements":[{"from":[5,-15.75,6.5],"to":[11,-9.75,7.5],"rotation":{"angle":0,"axis":"y","origin":[3,-18,0]},"faces":{"north":{"uv":[0,3.5,3,6.5],"texture":"#2","tintindex":0},"east":{"uv":[9,0,9.5,3],"texture":"#2","tintindex":0},"south":{"uv":[3,3.5,6,6.5],"texture":"#2","tintindex":0},"west":{"uv":[9,3,9.5,6],"texture":"#2","tintindex":0},"up":{"uv":[3,10,0,9.5],"texture":"#2","tintindex":0},"down":{"uv":[12.5,0,9.5,0.5],"texture":"#2","tintindex":0}}},{"from":[5,-15.75,11.5],"to":[11,-9.75,12.5],"rotation":{"angle":0,"axis":"y","origin":[3,-18,5]},"faces":{"north":{"uv":[6,0,9,3],"texture":"#2","tintindex":0},"east":{"uv":[9.5,0.5,10,3.5],"texture":"#2","tintindex":0},"south":{"uv":[6,3,9,6],"texture":"#2","tintindex":0},"west":{"uv":[3,9.5,3.5,12.5],"texture":"#2","tintindex":0},"up":{"uv":[12.5,4,9.5,3.5],"texture":"#2","tintindex":0},"down":{"uv":[12.5,4,9.5,4.5],"texture":"#2","tintindex":0}}},{"from":[6,-15.75,7.5],"to":[10,-10.75,11.5],"rotation":{"angle":0,"axis":"y","origin":[3,-18,6]},"faces":{"up":{"uv":[10,8,8,6],"texture":"#2","tintindex":0},"down":{"uv":[10,8,8,10],"texture":"#2","tintindex":0}}},{"from":[5,-15.75,7.5],"to":[6,-9.75,11.5],"rotation":{"angle":0,"axis":"y","origin":[5.5,-11.75,11.5]},"faces":{"east":{"uv":[6,6,8,9],"texture":"#2","tintindex":0},"west":{"uv":[0,6.5,2,9.5],"texture":"#2","tintindex":0},"up":{"uv":[11.5,11,11,9],"texture":"#2","tintindex":0},"down":{"uv":[11.5,11,11,13],"texture":"#2","tintindex":0}}},{"from":[10,-15.75,7.5],"to":[11,-9.75,11.5],"rotation":{"angle":0,"axis":"y","origin":[10.5,-11.75,11.5]},"faces":{"east":{"uv":[2,6.5,4,9.5],"texture":"#2","tintindex":0},"west":{"uv":[4,6.5,6,9.5],"texture":"#2","tintindex":0},"up":{"uv":[12,2.5,11.5,0.5],"texture":"#2","tintindex":0},"down":{"uv":[8.5,11.5,8,13.5],"texture":"#2","tintindex":0}}},{"from":[9.5,-8.91421,3.1],"to":[10.5,-8.41421,6.1],"rotation":{"angle":0,"axis":"y","origin":[9.5,-17.66421,5.1]},"faces":{"north":{"uv":[2,14.5,2.5,14.75],"texture":"#2","tintindex":0},"east":{"uv":[13.5,10.5,15,10.75],"texture":"#2","tintindex":0},"west":{"uv":[13.5,11,15,11.25],"texture":"#2","tintindex":0},"up":{"uv":[12.5,2,12,0.5],"texture":"#2","tintindex":0},"down":{"uv":[6.5,12,6,13.5],"texture":"#2","tintindex":0}}},{"from":[5.25,-15.16421,6.1],"to":[10.75,-8.16421,6.6],"rotation":{"angle":0,"axis":"y","origin":[9.5,-17.91421,4.5]},"faces":{"north":{"uv":[0,0,2.75,3.5],"texture":"#2","tintindex":0},"east":{"uv":[9.5,11.5,9.75,15],"texture":"#2","tintindex":0},"south":{"uv":[3,0,5.75,3.5],"texture":"#2","tintindex":0},"west":{"uv":[12,5.5,12.25,9],"texture":"#2","tintindex":0},"up":{"uv":[14.75,2.25,12,2],"texture":"#2","tintindex":0},"down":{"uv":[14.75,12,12,12.25],"texture":"#2","tintindex":0}}},{"from":[9.5,-14.41421,3.1],"to":[10.5,-8.91421,3.6],"rotation":{"angle":0,"axis":"y","origin":[10,-9.91421,5.1]},"faces":{"north":{"uv":[1,10,1.5,12.75],"texture":"#2","tintindex":0},"east":{"uv":[12.5,2.5,12.75,5.25],"texture":"#2","tintindex":0},"south":{"uv":[1.5,10,2,12.75],"texture":"#2","tintindex":0},"west":{"uv":[3,12.5,3.25,15.25],"texture":"#2","tintindex":0}}},{"from":[9.5,-14.91421,3.1],"to":[10.5,-14.41421,6.1],"rotation":{"angle":0,"axis":"y","origin":[9.5,-17.66421,5.1]},"faces":{"north":{"uv":[2.5,14.5,3,14.75],"texture":"#2","tintindex":0},"east":{"uv":[13.5,11.5,15,11.75],"texture":"#2","tintindex":0},"west":{"uv":[13.5,12.5,15,12.75],"texture":"#2","tintindex":0},"up":{"uv":[7,13.5,6.5,12],"texture":"#2","tintindex":0},"down":{"uv":[7.5,12,7,13.5],"texture":"#2","tintindex":0}}},{"from":[5.5,-8.91421,3.1],"to":[6.5,-8.41421,6.1],"rotation":{"angle":0,"axis":"y","origin":[6.5,-17.66421,5.1]},"faces":{"north":{"uv":[14.5,4.5,15,4.75],"texture":"#2","tintindex":0},"east":{"uv":[14,0,15.5,0.25],"texture":"#2","tintindex":0},"west":{"uv":[14,0.5,15.5,0.75],"texture":"#2","tintindex":0},"up":{"uv":[11,13.5,10.5,12],"texture":"#2","tintindex":0},"down":{"uv":[12,12,11.5,13.5],"texture":"#2","tintindex":0}}},{"from":[5.5,-14.41421,3.1],"to":[6.5,-8.91421,3.6],"rotation":{"angle":0,"axis":"y","origin":[6,-9.91421,5.1]},"faces":{"north":{"uv":[2,10,2.5,12.75],"texture":"#2","tintindex":0},"east":{"uv":[3.5,12.5,3.75,15.25],"texture":"#2","tintindex":0},"south":{"uv":[2.5,10,3,12.75],"texture":"#2","tintindex":0},"west":{"uv":[4,12.5,4.25,15.25],"texture":"#2","tintindex":0}}},{"from":[5.5,-14.91421,3.1],"to":[6.5,-14.41421,6.1],"rotation":{"angle":0,"axis":"y","origin":[6.5,-17.66421,5.1]},"faces":{"north":{"uv":[14.5,4,15,4.25],"texture":"#2","tintindex":0},"east":{"uv":[13,13.5,14.5,13.75],"texture":"#2","tintindex":0},"west":{"uv":[13.5,13,15,13.25],"texture":"#2","tintindex":0},"up":{"uv":[8,13.5,7.5,12],"texture":"#2","tintindex":0},"down":{"uv":[10.5,12,10,13.5],"texture":"#2","tintindex":0}}},{"from":[5.9,-13.65,7.55],"to":[6.9,-7.65,8.55],"rotation":{"angle":22.5,"axis":"z","origin":[5.4,-9.4,8.05]},"faces":{"north":{"uv":[7.5,9,8,12],"texture":"#2","tintindex":0},"east":{"uv":[6,9,6.5,12],"texture":"#2","tintindex":0},"south":{"uv":[6.5,9,7,12],"texture":"#2","tintindex":0},"west":{"uv":[7,9,7.5,12],"texture":"#2","tintindex":0},"up":{"uv":[12,6,11.5,5.5],"rotation":90,"texture":"#2","tintindex":0},"down":{"uv":[11,13.5,10.5,14],"rotation":270,"texture":"#2","tintindex":0}}},{"from":[3.9,-8.65,7.55],"to":[5.9,-7.65,8.55],"rotation":{"angle":22.5,"axis":"z","origin":[5.4,-9.4,8.05]},"faces":{"north":{"uv":[13,4.5,14,5],"texture":"#2","tintindex":0},"south":{"uv":[12.5,11.5,13.5,12],"texture":"#2","tintindex":0},"west":{"uv":[11.5,13.5,12,14],"texture":"#2","tintindex":0},"up":{"uv":[3,14,2.5,13],"rotation":90,"texture":"#2","tintindex":0},"down":{"uv":[13.5,5,13,6],"rotation":270,"texture":"#2","tintindex":0}}},{"from":[3.9,-9.65,7.55],"to":[4.9,-8.65,8.55],"rotation":{"angle":22.5,"axis":"z","origin":[5.4,-9.4,8.05]},"faces":{"north":{"uv":[14,5,14.5,5.5],"texture":"#2","tintindex":0},"east":{"uv":[2.5,14,3,14.5],"texture":"#2","tintindex":0},"south":{"uv":[14,4,14.5,4.5],"texture":"#2","tintindex":0},"west":{"uv":[14,4.5,14.5,5],"texture":"#2","tintindex":0},"down":{"uv":[14.5,5.5,14,6],"rotation":270,"texture":"#2","tintindex":0}}},{"from":[7.6,-10.8,7.85],"to":[8.6,-4.8,8.85],"rotation":{"angle":22.5,"axis":"y","origin":[7.1,-6.55,8.35]},"faces":{"north":{"uv":[5,9.5,5.5,12.5],"texture":"#2","tintindex":0},"east":{"uv":[3.5,9.5,4,12.5],"texture":"#2","tintindex":0},"south":{"uv":[4,9.5,4.5,12.5],"texture":"#2","tintindex":0},"west":{"uv":[4.5,9.5,5,12.5],"texture":"#2","tintindex":0},"up":{"uv":[14.5,9.5,14,9],"rotation":90,"texture":"#2","tintindex":0},"down":{"uv":[14.5,9.5,14,10],"rotation":270,"texture":"#2","tintindex":0}}},{"from":[5.6,-5.8,7.85],"to":[7.6,-4.8,8.85],"rotation":{"angle":22.5,"axis":"y","origin":[7.1,-6.55,8.35]},"faces":{"north":{"uv":[7,13.5,8,14],"texture":"#2","tintindex":0},"south":{"uv":[13,10,14,10.5],"texture":"#2","tintindex":0},"west":{"uv":[14,7.5,14.5,8],"texture":"#2","tintindex":0},"up":{"uv":[14,8,13.5,7],"rotation":90,"texture":"#2","tintindex":0},"down":{"uv":[8.5,13.5,8,14.5],"rotation":270,"texture":"#2","tintindex":0}}},{"from":[5.6,-6.8,7.85],"to":[6.6,-5.8,8.85],"rotation":{"angle":22.5,"axis":"y","origin":[7.1,-6.55,8.35]},"faces":{"north":{"uv":[14,7,14.5,7.5],"texture":"#2","tintindex":0},"east":{"uv":[14,6,14.5,6.5],"texture":"#2","tintindex":0},"south":{"uv":[14,6.5,14.5,7],"texture":"#2","tintindex":0},"west":{"uv":[7,14,7.5,14.5],"texture":"#2","tintindex":0},"down":{"uv":[8,14,7.5,14.5],"rotation":270,"texture":"#2","tintindex":0}}},{"from":[9.5,-13,7.5],"to":[10.5,-7,8.5],"rotation":{"angle":-22.5,"axis":"z","origin":[11,-8.75,8]},"faces":{"north":{"uv":[0,10,0.5,13],"texture":"#2","tintindex":0},"east":{"uv":[0.5,10,1,13],"texture":"#2","tintindex":0},"south":{"uv":[10,0.5,10.5,3.5],"texture":"#2","tintindex":0},"west":{"uv":[5.5,9.5,6,12.5],"texture":"#2","tintindex":0},"up":{"uv":[14.5,14.5,14,14],"rotation":270,"texture":"#2","tintindex":0},"down":{"uv":[2,14.5,1.5,15],"rotation":90,"texture":"#2","tintindex":0}}},{"from":[10.5,-8,7.5],"to":[12.5,-7,8.5],"rotation":{"angle":-22.5,"axis":"z","origin":[11,-8.75,8]},"faces":{"north":{"uv":[13.5,8,14.5,8.5],"texture":"#2","tintindex":0},"east":{"uv":[13.5,14,14,14.5],"texture":"#2","tintindex":0},"south":{"uv":[13.5,8.5,14.5,9],"texture":"#2","tintindex":0},"up":{"uv":[14,10,13.5,9],"rotation":270,"texture":"#2","tintindex":0},"down":{"uv":[10.5,13.5,10,14.5],"rotation":90,"texture":"#2","tintindex":0}}},{"from":[11.5,-9,7.5],"to":[12.5,-8,8.5],"rotation":{"angle":-22.5,"axis":"z","origin":[11,-8.75,8]},"faces":{"north":{"uv":[10.5,14,11,14.5],"texture":"#2","tintindex":0},"east":{"uv":[11,14,11.5,14.5],"texture":"#2","tintindex":0},"south":{"uv":[11.5,14,12,14.5],"texture":"#2","tintindex":0},"west":{"uv":[14,10,14.5,10.5],"texture":"#2","tintindex":0},"down":{"uv":[13.5,14,13,14.5],"rotation":90,"texture":"#2","tintindex":0}}},{"from":[7.93033,-8.81256,8.8],"to":[9.93033,-6.81256,9.8],"rotation":{"angle":45,"axis":"z","origin":[7.9,-8.84289,9.3]},"faces":{"north":{"uv":[11.5,2.5,12.5,3.5],"rotation":270,"texture":"#2","tintindex":0},"east":{"uv":[13.5,9,13,8],"texture":"#2","tintindex":0},"south":{"uv":[11.5,4.5,12.5,5.5],"rotation":90,"texture":"#2","tintindex":0},"west":{"uv":[13.5,9,13,10],"rotation":180,"texture":"#2","tintindex":0},"up":{"uv":[13,6,13.5,7],"rotation":90,"texture":"#2","tintindex":0},"down":{"uv":[13,7,13.5,8],"rotation":90,"texture":"#2","tintindex":0}}},{"from":[7.6,-12.8,9],"to":[8.2,-7.8,9.6],"rotation":{"angle":0,"axis":"z","origin":[7.9,-8.84289,9.3]},"faces":{"north":{"uv":[5,12.5,5.25,15],"texture":"#2","tintindex":0},"east":{"uv":[5.5,12.5,5.75,15],"texture":"#2","tintindex":0},"south":{"uv":[12.5,5.5,12.75,8],"texture":"#2","tintindex":0},"west":{"uv":[4.5,12.5,4.75,15],"texture":"#2","tintindex":0},"down":{"uv":[14.75,5,14.5,5.25],"rotation":90,"texture":"#2","tintindex":0}}},{"from":[10.20533,-8.76256,8.8],"to":[12.20533,-6.76256,9.8],"rotation":{"angle":22.5,"axis":"z","origin":[11.20533,-7.76256,9.3]},"faces":{"north":{"uv":[11.5,9,12.5,10],"texture":"#2","tintindex":0},"east":{"uv":[11,13,11.5,14],"texture":"#2","tintindex":0},"south":{"uv":[8.5,11.5,9.5,12.5],"texture":"#2","tintindex":0},"west":{"uv":[13,12.5,13.5,13.5],"texture":"#2","tintindex":0},"up":{"uv":[14,1,13.5,0],"rotation":90,"texture":"#2","tintindex":0},"down":{"uv":[14,1,13.5,2],"rotation":270,"texture":"#2","tintindex":0}}},{"from":[10.7,-12.5,9],"to":[11.3,-7.5,9.6],"rotation":{"angle":-45,"axis":"z","origin":[11,-8.54289,9.3]},"faces":{"north":{"uv":[12,12.5,12.25,15],"texture":"#2","tintindex":0},"east":{"uv":[12.5,8,12.75,10.5],"texture":"#2","tintindex":0},"south":{"uv":[8.5,12.5,8.75,15],"texture":"#2","tintindex":0},"west":{"uv":[9,12.5,9.25,15],"texture":"#2","tintindex":0},"down":{"uv":[14.75,5.5,14.5,5.75],"rotation":270,"texture":"#2","tintindex":0}}},{"from":[3.56967,-8.26256,9],"to":[5.56967,-6.26256,10],"rotation":{"angle":-22.5,"axis":"z","origin":[5.6,-8.29289,9.5]},"faces":{"north":{"uv":[11.5,11,12.5,12],"rotation":90,"texture":"#2","tintindex":0},"east":{"uv":[7,13.5,6.5,14.5],"rotation":180,"texture":"#2","tintindex":0},"south":{"uv":[11.5,10,12.5,11],"rotation":270,"texture":"#2","tintindex":0},"west":{"uv":[14,7,13.5,6],"texture":"#2","tintindex":0},"up":{"uv":[13.5,5,14,6],"rotation":270,"texture":"#2","tintindex":0},"down":{"uv":[6,13.5,6.5,14.5],"rotation":270,"texture":"#2","tintindex":0}}},{"from":[5.3,-12.25,9.2],"to":[5.9,-7.25,9.8],"rotation":{"angle":22.5,"axis":"z","origin":[5.6,-8.29289,9.5]},"faces":{"north":{"uv":[1,13,1.25,15.5],"texture":"#2","tintindex":0},"east":{"uv":[12.5,12.5,12.75,15],"texture":"#2","tintindex":0},"south":{"uv":[0,13,0.25,15.5],"texture":"#2","tintindex":0},"west":{"uv":[0.5,13,0.75,15.5],"texture":"#2","tintindex":0},"down":{"uv":[6.25,14.5,6,14.75],"rotation":270,"texture":"#2","tintindex":0}}},{"from":[8.75,-11.75,9.9],"to":[10.25,-8.75,11.4],"rotation":{"angle":-22.5,"axis":"z","origin":[9.5,-10.25,10.65]},"faces":{"north":{"uv":[10.25,4.5,9.5,6],"texture":"#2","tintindex":0},"east":{"uv":[8.75,10,8,11.5],"texture":"#2","tintindex":0},"south":{"uv":[10.75,7.5,10,9],"texture":"#2","tintindex":0},"west":{"uv":[10.75,6,10,7.5],"texture":"#2","tintindex":0},"up":{"uv":[12.5,0.75,13.25,0],"texture":"#2","tintindex":0},"down":{"uv":[12.5,1,13.25,1.75],"texture":"#2","tintindex":0}}},{"from":[8.75,-8.75,10.65],"to":[10.25,-7.75,10.65],"rotation":{"angle":-22.5,"axis":"z","origin":[9.5,-10.25,10.65]},"faces":{"north":{"uv":[14.75,1,14,1.5],"texture":"#2","tintindex":0},"south":{"uv":[2.25,14,1.5,14.5],"texture":"#2","tintindex":0}}},{"from":[9.5,-8.75,9.9],"to":[9.5,-7.75,11.4],"rotation":{"angle":-22.5,"axis":"z","origin":[9.5,-10.25,10.65]},"faces":{"east":{"uv":[14.75,1,14,1.5],"texture":"#2","tintindex":0},"west":{"uv":[2.25,14,1.5,14.5],"texture":"#2","tintindex":0}}},{"from":[5.55,-8.6,10.5],"to":[7.05,-7.6,10.5],"rotation":{"angle":22.5,"axis":"z","origin":[6.3,-9.1,10.5]},"faces":{"north":{"uv":[14,1.5,14.75,2],"texture":"#2","tintindex":0},"south":{"uv":[14,2.5,14.75,3],"texture":"#2","tintindex":0}}},{"from":[6.3,-8.6,9.75],"to":[6.3,-7.6,11.25],"rotation":{"angle":22.5,"axis":"z","origin":[6.3,-9.1,10.5]},"faces":{"east":{"uv":[14,2.5,14.75,3],"texture":"#2","tintindex":0},"west":{"uv":[14,1.5,14.75,2],"texture":"#2","tintindex":0}}},{"from":[7.35,-8.25,11],"to":[8.85,-7.25,11],"rotation":{"angle":22.5,"axis":"x","origin":[8.1,-8.75,11]},"faces":{"north":{"uv":[14,3,14.75,3.5],"texture":"#2","tintindex":0},"south":{"uv":[14,3.5,14.75,4],"texture":"#2","tintindex":0}}},{"from":[8.1,-8.25,10.25],"to":[8.1,-7.25,11.75],"rotation":{"angle":22.5,"axis":"x","origin":[8.1,-8.75,11]},"faces":{"east":{"uv":[14,3.5,14.75,4],"texture":"#2","tintindex":0},"west":{"uv":[14,3,14.75,3.5],"texture":"#2","tintindex":0}}},{"from":[5.55,-11.6,9.75],"to":[7.05,-8.6,11.25],"rotation":{"angle":22.5,"axis":"z","origin":[6.3,-9.1,10.5]},"faces":{"north":{"uv":[9,10,9.75,11.5],"texture":"#2","tintindex":0},"east":{"uv":[10,9,10.75,10.5],"texture":"#2","tintindex":0},"south":{"uv":[10.5,0.5,11.25,2],"texture":"#2","tintindex":0},"west":{"uv":[10.5,2,11.25,3.5],"texture":"#2","tintindex":0},"up":{"uv":[13.25,11.25,12.5,10.5],"texture":"#2","tintindex":0},"down":{"uv":[2.25,13,1.5,13.75],"texture":"#2","tintindex":0}}},{"from":[7.35,-11.25,10.25],"to":[8.85,-8.25,11.75],"rotation":{"angle":22.5,"axis":"x","origin":[8.1,-8.75,11]},"faces":{"north":{"uv":[10.5,4.5,11.25,6],"texture":"#2","tintindex":0},"east":{"uv":[10,10.5,10.75,12],"texture":"#2","tintindex":0},"south":{"uv":[11,6,11.75,7.5],"texture":"#2","tintindex":0},"west":{"uv":[11,7.5,11.75,9],"texture":"#2","tintindex":0},"up":{"uv":[13.75,3.25,13,2.5],"texture":"#2","tintindex":0},"down":{"uv":[13.75,3.5,13,4.25],"texture":"#2","tintindex":0}}}],"gui_light":"front","display":{"thirdperson_righthand":{"rotation":[54,180,0],"translation":[0,0,-2]},"thirdperson_lefthand":{"rotation":[67.25,0,0],"translation":[-5.5,-6.75,12.25],"scale":[1.47656,1.47656,1.47656]},"firstperson_righthand":{"rotation":[-10,0,0],"translation":[0,2.25,0]},"firstperson_lefthand":{"rotation":[-10,0,0],"translation":[0,2.25,0]},"ground":{"rotation":[-45,0,0],"translation":[0,5.5,0]},"gui":{"rotation":[0,-40,0],"translation":[0.5,18.5,0]},"head":{"translation":[0,-57.25,7.75],"scale":[2.5,2.5,2.5]},"fixed":{"rotation":[-90,180,0],"translation":[0,-3,-24],"scale":[3,3,3]}}}