{"credit":"Made with Blockbench","texture_size":[32,32],"textures":{"1":"mickeysr:party_weapon_set/animation_01","2":"mickeysr:party_weapon_set/animation_03","3":"mickeysr:party_weapon_set/animation_02","6":"mickeysr:party_weapon_set/shield","particle":"mickeysr:party_weapon_set/animation_01"},"elements":[{"from":[4.05605,-1.1,8],"to":[8.15605,7.8,8],"rotation":{"angle":22.5,"axis":"y","origin":[6.10605,3.35,8]},"faces":{"north":{"uv":[0,0,2,4.5],"texture":"#6"},"east":{"uv":[0,0,0,4.5],"texture":"#6"},"south":{"uv":[2,0,4,4.5],"texture":"#6"},"west":{"uv":[0,0,0,4.5],"texture":"#6"},"up":{"uv":[2,0,0,0],"texture":"#6"},"down":{"uv":[0,0,0,4.5],"texture":"#6"}}},{"from":[7.65,-1,7.1],"to":[8.35,7.4,7.6],"rotation":{"angle":0,"axis":"y","origin":[7.35,3.4,6.8]},"faces":{"north":{"uv":[0,6.5,0.375,10.75],"texture":"#6"},"east":{"uv":[1,6.5,1.25,10.75],"texture":"#6"},"south":{"uv":[0.5,6.5,0.875,10.75],"texture":"#6"},"west":{"uv":[1.5,6.5,1.75,10.75],"texture":"#6"},"up":{"uv":[6.875,0.25,6.5,0],"texture":"#6"},"down":{"uv":[6.875,0.5,6.5,0.75],"texture":"#6"}}},{"from":[7.45,-1.1,7.3],"to":[7.75,7.3,7.5],"rotation":{"angle":22.5,"axis":"y","origin":[7.55,3.1,7.35]},"faces":{"north":{"uv":[2,6.5,2.125,10.75],"texture":"#6"},"east":{"uv":[2.5,6.5,2.625,10.75],"texture":"#6"},"south":{"uv":[6,6.5,6.125,10.75],"texture":"#6"},"west":{"uv":[6.5,6.5,6.625,10.75],"texture":"#6"},"up":{"uv":[7.125,3.625,7,3.5],"texture":"#6"},"down":{"uv":[7.125,4,7,4.125],"texture":"#6"}}},{"from":[4.925,2.6,7.625],"to":[7.625,6.3,7.625],"rotation":{"angle":45,"axis":"y","origin":[6.275,4.45,7.625]},"faces":{"north":{"uv":[4.05,1.5,5.375,3.375],"texture":"#6"},"east":{"uv":[4.05,1.5,5.375,3.375],"texture":"#6"},"south":{"uv":[5.375,1.5,4.05,3.375],"texture":"#6"},"west":{"uv":[4.05,1.5,5.375,3.375],"texture":"#6"},"up":{"uv":[4.05,1.5,5.375,3.375],"texture":"#6"},"down":{"uv":[4.05,1.5,5.375,3.375],"texture":"#6"}}},{"from":[8.025,0.3,7.625],"to":[10.725,4,7.625],"rotation":{"angle":-22.5,"axis":"y","origin":[9.375,2.15,7.625]},"faces":{"north":{"uv":[2.875,4.5,1.5,6.375],"texture":"#6"},"east":{"uv":[1.5,4.5,2.875,6.375],"texture":"#6"},"south":{"uv":[1.5,4.5,2.875,6.375],"texture":"#6"},"west":{"uv":[1.5,4.5,2.875,6.375],"texture":"#6"},"up":{"uv":[1.5,4.5,2.875,6.375],"texture":"#6"},"down":{"uv":[1.5,4.5,2.875,6.375],"texture":"#6"}}},{"from":[5.75,5,7.275],"to":[10.25,7.4,7.275],"rotation":{"angle":0,"axis":"y","origin":[8.95,0.6,7.375]},"faces":{"north":{"uv":[4.025,0,6.25,1.25],"texture":"#6"},"east":{"uv":[4.025,0,6.25,1.25],"texture":"#6"},"south":{"uv":[4.025,0,6.25,1.25],"texture":"#6"},"west":{"uv":[4.025,0,6.25,1.25],"texture":"#6"},"up":{"uv":[4.025,0,6.25,1.25],"texture":"#6"},"down":{"uv":[4.025,0,6.25,1.25],"texture":"#6"}}},{"from":[4.375,5.5,7.875],"to":[8.275,7.6,7.875],"rotation":{"angle":22.5,"axis":"y","origin":[6.325,6.55,7.875]},"faces":{"north":{"uv":[6,5.5,8,6.4875],"texture":"#6"},"east":{"uv":[6,5.5,8,6.4875],"texture":"#6"},"south":{"uv":[8,5.5,6,6.4875],"texture":"#6"},"west":{"uv":[6,5.5,8,6.4875],"texture":"#6"},"up":{"uv":[6,5.5,8,6.4875],"texture":"#6"},"down":{"uv":[6,5.5,8,6.4875],"texture":"#6"}}},{"from":[8.25,-1.1,7.3],"to":[8.55,7.3,7.5],"rotation":{"angle":-22.5,"axis":"y","origin":[8.45,3.1,7.35]},"faces":{"north":{"uv":[2.125,6.5,2,10.75],"texture":"#6"},"east":{"uv":[6.625,6.5,6.5,10.75],"texture":"#6"},"south":{"uv":[6.125,6.5,6,10.75],"texture":"#6"},"west":{"uv":[2.625,6.5,2.5,10.75],"texture":"#6"},"up":{"uv":[7,3.625,7.125,3.5],"texture":"#6"},"down":{"uv":[7,4,7.125,4.125],"texture":"#6"}}},{"from":[7.84395,-1.1,8],"to":[11.94395,7.8,8],"rotation":{"angle":-22.5,"axis":"y","origin":[9.89395,3.35,8]},"faces":{"north":{"uv":[2,0,0,4.5],"texture":"#6"},"east":{"uv":[0,0,0,4.5],"texture":"#6"},"south":{"uv":[4,0,2,4.5],"texture":"#6"},"west":{"uv":[0,0,0,4.5],"texture":"#6"},"up":{"uv":[0,0,2,0],"texture":"#6"},"down":{"uv":[0,0,0,4.5],"texture":"#6"}}},{"from":[7.725,5.5,7.875],"to":[11.625,7.6,7.875],"rotation":{"angle":-22.5,"axis":"y","origin":[9.675,6.55,7.875]},"faces":{"north":{"uv":[8,5.5,6,6.4875],"texture":"#6"},"east":{"uv":[8,5.5,6,6.4875],"texture":"#6"},"south":{"uv":[6,5.5,8,6.4875],"texture":"#6"},"west":{"uv":[8,5.5,6,6.4875],"texture":"#6"},"up":{"uv":[8,5.5,6,6.4875],"texture":"#6"},"down":{"uv":[8,5.5,6,6.4875],"texture":"#6"}}},{"from":[5.275,-2.2,7.325],"to":[7.975,1.5,7.325],"rotation":{"angle":0,"axis":"y","origin":[6.875,-5,7.225]},"faces":{"north":{"uv":[5.5,1.5,6.875,3.375],"texture":"#6"},"east":{"uv":[5.5,1.5,6.875,3.375],"texture":"#6"},"south":{"uv":[3,5.5,4.375,7.375],"texture":"#6"},"west":{"uv":[5.5,1.5,6.875,3.375],"texture":"#6"},"up":{"uv":[6.875,3.375,5.5,1.5],"texture":"#6"},"down":{"uv":[6.875,1.5,5.5,3.375],"texture":"#6"}}},{"from":[8.025,-2.2,7.325],"to":[10.725,1.5,7.325],"rotation":{"angle":0,"axis":"y","origin":[9.125,-5,7.225]},"faces":{"north":{"uv":[5.5,3.5,6.875,5.375],"texture":"#6"},"east":{"uv":[5.5,3.5,6.875,5.375],"texture":"#6"},"south":{"uv":[4.5,5.5,5.875,7.375],"texture":"#6"},"west":{"uv":[5.5,3.5,6.875,5.375],"texture":"#6"},"up":{"uv":[6.875,5.375,5.5,3.5],"texture":"#6"},"down":{"uv":[6.875,3.5,5.5,5.375],"texture":"#6"}}},{"from":[3.775,-4.8,7.7],"to":[12.775,3.2,8.4],"rotation":{"angle":0,"axis":"y","origin":[10.875,-7.9,8]},"faces":{"north":{"uv":[0,0,16,16],"texture":"#1"},"east":{"uv":[15,15,16,16],"texture":"#1"},"south":{"uv":[16,0,0,16],"texture":"#1"},"west":{"uv":[14.5,14.5,16,16],"texture":"#1"},"up":{"uv":[14.5,14.5,16,16],"texture":"#1"},"down":{"uv":[14.5,14.5,16,16],"texture":"#1"}}},{"from":[8.825,0.6,7.875],"to":[12.425,4.1,8.375],"rotation":{"angle":0,"axis":"y","origin":[9.625,-1.8,7.975]},"faces":{"north":{"uv":[13.95,1.025,2.5,11.96875],"texture":"#2"},"east":{"uv":[16,14.05625,13.55,16],"texture":"#2"},"south":{"uv":[2.5,1.025,13.95,11.96875],"texture":"#2"},"west":{"uv":[16,14.55625,13.55,16],"texture":"#2"},"up":{"uv":[16,14.05625,14.05,16],"texture":"#2"},"down":{"uv":[16,15.05625,14.05,16],"texture":"#2"}}},{"from":[3.425,4.7,7.875],"to":[6.825,8.1,8.475],"rotation":{"angle":0,"axis":"y","origin":[4.225,2.1,7.975]},"faces":{"north":{"uv":[13.95,1.025,2.5,11.96875],"texture":"#3"},"east":{"uv":[16,14.55625,13.55,16],"texture":"#3"},"south":{"uv":[2.5,1.025,13.95,11.96875],"texture":"#3"},"west":{"uv":[16,13.55625,13.55,16],"texture":"#3"},"up":{"uv":[16,14.05625,13.55,16],"texture":"#3"},"down":{"uv":[16,14.55625,13.55,16],"texture":"#3"}}},{"from":[7.7,3.4,7.6],"to":[8.3,4.2,8.4],"rotation":{"angle":0,"axis":"y","origin":[7,3,7.6]},"faces":{"north":{"uv":[6.5,1,6.75,1.375],"texture":"#6"},"east":{"uv":[3,5,3.375,5.375],"texture":"#6"},"south":{"uv":[7,0,7.25,0.375],"texture":"#6"},"west":{"uv":[3.5,5,3.875,5.375],"texture":"#6"},"up":{"uv":[7.25,0.875,7,0.5],"texture":"#6"},"down":{"uv":[7.25,1,7,1.375],"texture":"#6"}}},{"from":[7.6,3.3,8.4],"to":[8.4,4.3,8.6],"rotation":{"angle":0,"axis":"y","origin":[7,3,8.4]},"faces":{"north":{"uv":[3,4.5,3.375,5],"texture":"#6"},"east":{"uv":[7,1.5,7.125,2],"texture":"#6"},"south":{"uv":[3.5,4.5,3.875,5],"texture":"#6"},"west":{"uv":[7,2,7.125,2.5],"texture":"#6"},"up":{"uv":[7.375,2.625,7,2.5],"texture":"#6"},"down":{"uv":[7.375,3,7,3.125],"texture":"#6"}}}],"display":{"thirdperson_righthand":{"rotation":[94.98,-85.46,92.29],"translation":[1.5,6.5,2],"scale":[2,2,2]},"thirdperson_lefthand":{"rotation":[94.98,-85.46,92.29],"translation":[1.5,6.5,2],"scale":[2,2,2]},"firstperson_righthand":{"rotation":[0,-55.5,0],"translation":[0.75,6,0],"scale":[2,2,2]},"firstperson_lefthand":{"rotation":[0,-55.5,0],"translation":[0.75,6,0],"scale":[2,2,2]},"ground":{"translation":[0,18.25,0],"scale":[2,2,2]},"gui":{"rotation":[179.94,4.25,-179.25],"translation":[0,5.75,0],"scale":[1.2,1.2,1.2]},"fixed":{"translation":[-0.25,20.5,-2.75],"scale":[4,4,4]}}}