{"textures​":{"layer0":"minecraft:item/slime_block"},"credit":"MadewithBlockbench","texture_size":[32,32],"\u0074\u0065\u0078\u0074\u0075\u0072\u0065\u0073":{"1":"\u0064\u0065\u0066\u0061\u0075\u006c\u0074_\u0074\u006f\u006f\u006c\u0073:\u006e\u0065\u0074\u0068\u0065\u0072\u0069\u0074\u0065/\u006e\u0065\u0074\u0068\u0065\u0072\u0069\u0074\u0065_\u0068\u006f\u0065","\u0070\u0061\u0072\u0074\u0069\u0063\u006c\u0065":"#1"},"elements":[{"from":[6,13,7],"to":[9,16,9],"rotation":{"angle":-45,"axis":"z","origin":[8,14,8]},"faces":{"north":{"uv":[4,3,5.5,4.5],"texture":"#1"},"east":{"uv":[5,7.5,6,9],"texture":"#1"},"south":{"uv":[4,4.5,5.5,6],"texture":"#1"},"west":{"uv":[7.5,5,8.5,6.5],"texture":"#1"},"up":{"uv":[7.5,8.5,6,7.5],"texture":"#1"},"down":{"uv":[9,6.5,7.5,7.5],"texture":"#1"}}},{"from":[6.5,13.5,6.75],"to":[8.5,15.5,9.25],"rotation":{"angle":-45,"axis":"z","origin":[8,14,8]},"faces":{"north":{"uv":[9,2.5,10,3.5],"texture":"#1"},"east":{"uv":[7.5,7.5,8.75,8.5],"texture":"#1"},"south":{"uv":[4.5,9,5.5,10],"texture":"#1"},"west":{"uv":[0,8,1.25,9],"texture":"#1"},"up":{"uv":[2.5,9.25,1.5,8],"texture":"#1"},"down":{"uv":[9,2.5,8,3.75],"texture":"#1"}}},{"from":[7.5,-1.25,6.85],"to":[9,0.25,9.15],"rotation":{"angle":45,"axis":"z","origin":[8,-0.75,8.5]},"faces":{"north":{"uv":[10.5,4,11.25,4.75],"texture":"#1"},"east":{"uv":[10,8,11.25,8.75],"texture":"#1"},"south":{"uv":[9,10.5,9.75,11.25],"texture":"#1"},"west":{"uv":[10,9,11.25,9.75],"texture":"#1"},"up":{"uv":[8.75,11.25,8,10],"texture":"#1"},"down":{"uv":[10.75,10,10,11.25],"texture":"#1"}}},{"from":[7.6559,-1.58074,7.1],"to":[9.6559,0.91926,8.9],"rotation":{"angle":22.5,"axis":"z","origin":[8.4059,-0.83074,8.5]},"faces":{"north":{"uv":[2.5,8.5,3.5,9.75],"texture":"#1"},"east":{"uv":[3.5,8.5,4.5,9.75],"texture":"#1"},"south":{"uv":[8.5,4,9.5,5.25],"texture":"#1"},"west":{"uv":[6,8.5,7,9.75],"texture":"#1"},"up":{"uv":[10,7.5,9,6.5],"texture":"#1"},"down":{"uv":[10,7.5,9,8.5],"texture":"#1"}}},{"from":[6.3441,-1.58074,7.1],"to":[8.3441,0.91926,8.9],"rotation":{"angle":-22.5,"axis":"z","origin":[7.5941,-0.83074,8.5]},"faces":{"north":{"uv":[7,8.5,8,9.75],"texture":"#1"},"east":{"uv":[8,8.5,9,9.75],"texture":"#1"},"south":{"uv":[0,9,1,10.25],"texture":"#1"},"west":{"uv":[9,1,10,2.25],"texture":"#1"},"up":{"uv":[10,9.5,9,8.5],"texture":"#1"},"down":{"uv":[2,9.5,1,10.5],"texture":"#1"}}},{"from":[5.5,13.5,7.25],"to":[10,16,8.75],"faces":{"north":{"uv":[4,0,6.25,1.25],"texture":"#1"},"east":{"uv":[10,6.5,10.75,7.75],"texture":"#1"},"south":{"uv":[4,1.5,6.25,2.75],"texture":"#1"},"west":{"uv":[7,10,7.75,11.25],"texture":"#1"},"up":{"uv":[2.25,7.75,0,7],"texture":"#1"},"down":{"uv":[9.75,0,7.5,0.75],"texture":"#1"}}},{"from":[9.3694,13.32978,7.5],"to":[13.8694,15.07978,8.5],"rotation":{"angle":-22.5,"axis":"z","origin":[11.3694,14.07978,8]},"faces":{"north":{"uv":[5.5,3,7.75,4],"texture":"#1"},"east":{"uv":[5,6,5.5,7],"texture":"#1"},"south":{"uv":[5.5,4,7.75,5],"texture":"#1"},"west":{"uv":[8,4,8.5,5],"texture":"#1"},"up":{"uv":[10.75,6,8.5,5.5],"texture":"#1"},"down":{"uv":[10.75,6,8.5,6.5],"texture":"#1"}}},{"from":[14.51889,9.92563,7.75],"to":[15.51889,13.92563,8.25],"rotation":{"angle":45,"axis":"z","origin":[14.76889,11.92563,7.75]},"faces":{"north":{"uv":[5.5,9,6,11],"texture":"#1"},"east":{"uv":[1.5,10.5,1.75,12.5],"texture":"#1"},"south":{"uv":[2,9.5,2.5,11.5],"texture":"#1"},"west":{"uv":[1,11,1.25,13],"texture":"#1"},"up":{"uv":[5.5,7.25,5,7],"texture":"#1"},"down":{"uv":[5,8.5,4.5,8.75],"texture":"#1"}}},{"from":[6.75,12,6.75],"to":[9.25,13,9.25],"faces":{"north":{"uv":[6.5,2.5,7.75,3],"texture":"#1"},"east":{"uv":[10,3,11.25,3.5],"texture":"#1"},"south":{"uv":[0,10.5,1.25,11],"texture":"#1"},"west":{"uv":[10.5,3.5,11.75,4],"texture":"#1"},"up":{"uv":[3.75,8.25,2.5,7],"texture":"#1"},"down":{"uv":[8.75,1,7.5,2.25],"texture":"#1"}}},{"from":[7,11,7],"to":[9,12,9],"faces":{"north":{"uv":[10.5,5,11.5,5.5],"texture":"#1"},"east":{"uv":[11,1,12,1.5],"texture":"#1"},"south":{"uv":[11,1.5,12,2],"texture":"#1"},"west":{"uv":[11,2,12,2.5],"texture":"#1"},"up":{"uv":[10.5,4.5,9.5,3.5],"texture":"#1"},"down":{"uv":[10.5,4.5,9.5,5.5],"texture":"#1"}}},{"from":[7.25,0,7.25],"to":[8.75,14,8.75],"faces":{"north":{"uv":[0,0,0.75,7],"texture":"#1"},"east":{"uv":[1,0,1.75,7],"texture":"#1"},"south":{"uv":[2,0,2.75,7],"texture":"#1"},"west":{"uv":[3,0,3.75,7],"texture":"#1"},"up":{"uv":[0.75,11.75,0,11],"texture":"#1"},"down":{"uv":[11.75,0,11,0.75],"texture":"#1"}}},{"from":[7,9.5,7],"to":[9,10.5,9],"faces":{"north":{"uv":[2.5,11,3.5,11.5],"texture":"#1"},"east":{"uv":[11,2.5,12,3],"texture":"#1"},"south":{"uv":[3.5,11,4.5,11.5],"texture":"#1"},"west":{"uv":[4.5,11,5.5,11.5],"texture":"#1"},"up":{"uv":[10,10.5,9,9.5],"texture":"#1"},"down":{"uv":[11,0,10,1],"texture":"#1"}}},{"from":[7,4,7],"to":[9,8.5,9],"faces":{"north":{"uv":[5.5,5,6.5,7.25],"texture":"#1"},"east":{"uv":[4,6,5,8.25],"texture":"#1"},"south":{"uv":[6.5,0,7.5,2.25],"texture":"#1"},"west":{"uv":[6.5,5,7.5,7.25],"texture":"#1"},"up":{"uv":[11,2,10,1],"texture":"#1"},"down":{"uv":[11,2,10,3],"texture":"#1"}}},{"from":[7,2,7],"to":[9,3,9],"faces":{"north":{"uv":[5.5,11,6.5,11.5],"texture":"#1"},"east":{"uv":[11,5.5,12,6],"texture":"#1"},"south":{"uv":[11,6,12,6.5],"texture":"#1"},"west":{"uv":[11,6.5,12,7],"texture":"#1"},"up":{"uv":[3.5,11,2.5,10],"texture":"#1"},"down":{"uv":[4.5,10,3.5,11],"texture":"#1"}}},{"from":[7,0.5,7],"to":[9,1.5,9],"faces":{"north":{"uv":[11,7,12,7.5],"texture":"#1"},"east":{"uv":[11,7.5,12,8],"texture":"#1"},"south":{"uv":[11,10,12,10.5],"texture":"#1"},"west":{"uv":[11,10.5,12,11],"texture":"#1"},"up":{"uv":[5.5,11,4.5,10],"texture":"#1"},"down":{"uv":[7,10,6,11],"texture":"#1"}}}],"gui_light":"front","display":{"thirdperson_righthand":{"rotation":[0,90,0],"translation":[0,-0.25,0]},"thirdperson_lefthand":{"rotation":[0,-90,0],"translation":[0,-0.25,0],"scale":[1,1,-1]},"firstperson_righthand":{"rotation":[0,90,0],"translation":[0,-0.25,0]},"firstperson_lefthand":{"rotation":[0,-90,0],"translation":[0,-0.25,0],"scale":[1,1,-1]},"gui":{"rotation":[0,0,-45],"translation":[-0.25,0,0],"scale":[0.97656,0.97656,0.97656]},"fixed":{"translation":[0,1,-2],"scale":[1.62891,1.62891,1.62891]}}}