{"textures​":{"layer0":"minecraft:item/cyan_wall_banner"},"credit":"MadewithBlockbench","texture_size":[32,32],"\u0074\u0065\u0078\u0074\u0075\u0072\u0065\u0073":{"0":"\u0065\u006c\u0069\u0074\u0065\u0063\u0072\u0065\u0061\u0074\u0075\u0072\u0065\u0073:\u006d\u0075\u0073\u0069\u0063_\u0066\u0065\u0073\u0074\u0069\u0076\u0061\u006c_\u0063\u006f\u0073\u006d\u0065\u0074\u0069\u0063_\u0073\u0065\u0074/\u0074\u0065\u00782","1":"\u0065\u006c\u0069\u0074\u0065\u0063\u0072\u0065\u0061\u0074\u0075\u0072\u0065\u0073:\u006d\u0075\u0073\u0069\u0063_\u0066\u0065\u0073\u0074\u0069\u0076\u0061\u006c_\u0063\u006f\u0073\u006d\u0065\u0074\u0069\u0063_\u0073\u0065\u0074/\u0061\u006e\u00693","\u0070\u0061\u0072\u0074\u0069\u0063\u006c\u0065":"\u0065\u006c\u0069\u0074\u0065\u0063\u0072\u0065\u0061\u0074\u0075\u0072\u0065\u0073:\u006d\u0075\u0073\u0069\u0063_\u0066\u0065\u0073\u0074\u0069\u0076\u0061\u006c_\u0063\u006f\u0073\u006d\u0065\u0074\u0069\u0063_\u0073\u0065\u0074/\u0074\u0065\u00782"},"elements":[{"from":[0,4,0],"to":[1,6,6],"rotation":{"angle":0,"axis":"y","origin":[8,10.75,7.875]},"faces":{"north":{"uv":[11.75,6.75,12,7.25],"texture":"#0"},"east":{"uv":[11,3,12.5,3.5],"texture":"#0"},"south":{"uv":[11.75,7.25,12,7.75],"texture":"#0"},"west":{"uv":[4.5,11,6,11.5],"texture":"#0"},"up":{"uv":[3.5,12.75,3.25,11.25],"texture":"#0"},"down":{"uv":[9.5,11.25,9.25,12.75],"texture":"#0"}}},{"from":[1,4,0],"to":[15,6,1],"rotation":{"angle":0,"axis":"y","origin":[8,10.75,7.875]},"faces":{"north":{"uv":[3.5,10,7,10.5],"texture":"#0"},"east":{"uv":[11.75,10,12,10.5],"texture":"#0"},"south":{"uv":[3.5,10.5,7,11],"texture":"#0"},"west":{"uv":[10.5,11.75,10.75,12.25],"texture":"#0"},"up":{"uv":[14.5,1.75,11,1.5],"texture":"#0"},"down":{"uv":[14.5,1.75,11,2],"texture":"#0"}}},{"from":[0,4,6],"to":[1,10,8],"rotation":{"angle":0,"axis":"y","origin":[0.5,4,10]},"faces":{"north":{"uv":[9.5,11.25,9.75,12.75],"texture":"#0"},"east":{"uv":[6,11,6.5,12.5],"texture":"#0"},"south":{"uv":[9.75,11.25,10,12.75],"texture":"#0"},"west":{"uv":[6.5,11,7,12.5],"texture":"#0"},"up":{"uv":[12,9.5,11.75,9],"texture":"#0"},"down":{"uv":[12,9.5,11.75,10],"texture":"#0"}}},{"from":[0.025,10,6],"to":[1,12,7.8],"rotation":{"angle":22.5,"axis":"x","origin":[0.5,10,6]},"faces":{"north":{"uv":[10.75,11.75,11,12.25],"texture":"#0"},"east":{"uv":[3.5,7.5,4,8],"texture":"#0"},"south":{"uv":[11,11.75,11.25,12.25],"texture":"#0"},"west":{"uv":[7,10,7.5,10.5],"texture":"#0"},"up":{"uv":[11.5,12.25,11.25,11.75],"texture":"#0"},"down":{"uv":[12,11.25,11.75,11.75],"texture":"#0"}}},{"from":[0,9.91201,6.73848],"to":[1,11.91201,8.73848],"rotation":{"angle":-45,"axis":"x","origin":[0.5,11.9,6.8]},"faces":{"north":{"uv":[11.75,11.75,12,12.25],"texture":"#0"},"east":{"uv":[10.5,11.25,11,11.75],"texture":"#0"},"south":{"uv":[12,2,12.25,2.5],"texture":"#0"},"west":{"uv":[11,11.25,11.5,11.75],"texture":"#0"},"up":{"uv":[12.25,3,12,2.5],"texture":"#0"},"down":{"uv":[3.75,12,3.5,12.5],"texture":"#0"}}},{"from":[0.05,11.32665,8.16465],"to":[1,13.22665,10.16465],"rotation":{"angle":-22.5,"axis":"x","origin":[0.5,13.25,8.1]},"faces":{"north":{"uv":[12,3.5,12.25,4],"texture":"#0"},"east":{"uv":[11.5,3.5,12,4],"texture":"#0"},"south":{"uv":[3.75,12,4,12.5],"texture":"#0"},"west":{"uv":[11.5,4,12,4.5],"texture":"#0"},"up":{"uv":[4.25,12.5,4,12],"texture":"#0"},"down":{"uv":[12.25,4,12,4.5],"texture":"#0"}}},{"from":[0.025,11.32665,12.83535],"to":[1,13.22665,14.83535],"rotation":{"angle":22.5,"axis":"x","origin":[0.5,13.25,14.9]},"faces":{"north":{"uv":[12,6,12.25,6.5],"texture":"#0"},"east":{"uv":[5.5,11.5,6,12],"texture":"#0"},"south":{"uv":[12,6.5,12.25,7],"texture":"#0"},"west":{"uv":[11.5,5.5,12,6],"texture":"#0"},"up":{"uv":[12.25,7.5,12,7],"texture":"#0"},"down":{"uv":[12.25,7.5,12,8],"texture":"#0"}}},{"from":[0,9.91201,14.26152],"to":[1,11.91201,16.26152],"rotation":{"angle":45,"axis":"x","origin":[0.5,11.9,16.2]},"faces":{"north":{"uv":[5.25,12,5.5,12.5],"texture":"#0"},"east":{"uv":[5,11.5,5.5,12],"texture":"#0"},"south":{"uv":[5.5,12,5.75,12.5],"texture":"#0"},"west":{"uv":[11.5,5,12,5.5],"texture":"#0"},"up":{"uv":[12.25,6,12,5.5],"texture":"#0"},"down":{"uv":[6,12,5.75,12.5],"texture":"#0"}}},{"from":[0.025,10,15.2],"to":[1,12,17],"rotation":{"angle":-22.5,"axis":"x","origin":[0.5,10,17]},"faces":{"north":{"uv":[12,4.5,12.25,5],"texture":"#0"},"east":{"uv":[4.5,11.5,5,12],"texture":"#0"},"south":{"uv":[4.75,12,5,12.5],"texture":"#0"},"west":{"uv":[11.5,4.5,12,5],"texture":"#0"},"up":{"uv":[5.25,12.5,5,12],"texture":"#0"},"down":{"uv":[12.25,5,12,5.5],"texture":"#0"}}},{"from":[0,4,15],"to":[1,10,17],"rotation":{"angle":0,"axis":"y","origin":[0.5,4,13]},"faces":{"north":{"uv":[10,11.25,10.25,12.75],"texture":"#0"},"east":{"uv":[0,11.25,0.5,12.75],"texture":"#0"},"south":{"uv":[10.25,11.25,10.5,12.75],"texture":"#0"},"west":{"uv":[0.5,11.25,1,12.75],"texture":"#0"},"up":{"uv":[4.5,12.5,4.25,12],"texture":"#0"},"down":{"uv":[4.75,12,4.5,12.5],"texture":"#0"}}},{"from":[1,4,1],"to":[15,19.1,17],"rotation":{"angle":0,"axis":"y","origin":[8,10.85,7.875]},"faces":{"north":{"uv":[8.25,0.25,15.25,7.8],"texture":"#1"},"east":{"uv":[15.75,8.25,7.75,15.8],"texture":"#1"},"south":{"uv":[8.25,0.25,15.25,7.8],"texture":"#1"},"west":{"uv":[7.75,8.25,15.75,15.8],"texture":"#1"},"up":{"uv":[7.25,15.75,0.25,7.75],"texture":"#1"},"down":{"uv":[7.25,0,0.25,8],"texture":"#1"}}},{"from":[0,4,17],"to":[16,8,18],"rotation":{"angle":0,"axis":"y","origin":[8,10.75,14.875]},"faces":{"north":{"uv":[7.5,7.75,11.5,8.75],"texture":"#0"},"east":{"uv":[11.75,7,11.5,8],"texture":"#0"},"south":{"uv":[3.5,8,7.5,9],"texture":"#0"},"west":{"uv":[11.5,7,11.75,8],"texture":"#0"},"up":{"uv":[15,1.25,11,1],"texture":"#0"},"down":{"uv":[15,1.25,11,1.5],"texture":"#0"}}},{"from":[1,8,17],"to":[15,10,19],"rotation":{"angle":0,"axis":"y","origin":[8,14.75,14.875]},"faces":{"north":{"uv":[7,10.75,10.5,11.25],"texture":"#0"},"east":{"uv":[12,8.5,11.5,9],"texture":"#0"},"south":{"uv":[10.5,10.75,14,11.25],"texture":"#0"},"west":{"uv":[11.5,8.5,12,9],"texture":"#0"},"up":{"uv":[14.5,0.5,11,0],"texture":"#0"},"down":{"uv":[14.5,0.5,11,1],"texture":"#0"}}},{"from":[-1,6.7,12.75],"to":[1,10.2,16.25],"rotation":{"angle":45,"axis":"x","origin":[17,11.85,12.5]},"faces":{"north":{"uv":[8.25,12.125,7.75,11.25],"texture":"#0"},"east":{"uv":[11,2,11.875,2.875],"texture":"#0"},"south":{"uv":[7,11.25,7.5,12.125],"texture":"#0"},"west":{"uv":[3.5,11,4.375,11.875],"texture":"#0"},"up":{"uv":[8.25,12.125,7.75,11.25],"texture":"#0"},"down":{"uv":[7,11.25,7.5,12.125],"texture":"#0"}}},{"from":[0,12.00703,10.0414],"to":[1,16.00703,13.0414],"rotation":{"angle":0,"axis":"y","origin":[0.5,13.95,10]},"faces":{"north":{"uv":[11.5,9,11.75,10],"texture":"#0"},"east":{"uv":[1,11.25,1.75,12.25],"texture":"#0"},"south":{"uv":[11.5,11.25,11.75,12.25],"texture":"#0"},"west":{"uv":[1.75,11.25,2.5,12.25],"texture":"#0"},"up":{"uv":[11.75,10.75,11.5,10],"texture":"#0"},"down":{"uv":[12,6,11.75,6.75],"texture":"#0"}}},{"from":[15,4,0],"to":[16,6,6],"rotation":{"angle":0,"axis":"y","origin":[8,10.75,7.875]},"faces":{"north":{"uv":[12,6.75,11.75,7.25],"texture":"#0"},"east":{"uv":[6,11,4.5,11.5],"texture":"#0"},"south":{"uv":[12,7.25,11.75,7.75],"texture":"#0"},"west":{"uv":[12.5,3,11,3.5],"texture":"#0"},"up":{"uv":[3.25,12.75,3.5,11.25],"texture":"#0"},"down":{"uv":[9.25,11.25,9.5,12.75],"texture":"#0"}}},{"from":[15,4,6],"to":[16,10,8],"rotation":{"angle":0,"axis":"y","origin":[15.5,4,10]},"faces":{"north":{"uv":[9.75,11.25,9.5,12.75],"texture":"#0"},"east":{"uv":[7,11,6.5,12.5],"texture":"#0"},"south":{"uv":[10,11.25,9.75,12.75],"texture":"#0"},"west":{"uv":[6.5,11,6,12.5],"texture":"#0"},"up":{"uv":[11.75,9.5,12,9],"texture":"#0"},"down":{"uv":[11.75,9.5,12,10],"texture":"#0"}}},{"from":[15,6.7,12.75],"to":[17,10.2,16.25],"rotation":{"angle":45,"axis":"x","origin":[-1,11.85,12.5]},"faces":{"north":{"uv":[7.75,12.125,8.25,11.25],"texture":"#0"},"east":{"uv":[4.375,11,3.5,11.875],"texture":"#0"},"south":{"uv":[7.5,11.25,7,12.125],"texture":"#0"},"west":{"uv":[11.875,2,11,2.875],"texture":"#0"},"up":{"uv":[8.25,12.125,7.75,11.25],"texture":"#0"},"down":{"uv":[7.5,11.25,7,12.125],"texture":"#0"}}},{"from":[15,10,6],"to":[15.975,12,8],"rotation":{"angle":22.5,"axis":"x","origin":[15.5,10,6]},"faces":{"north":{"uv":[11,11.75,10.75,12.25],"texture":"#0"},"east":{"uv":[7.5,10,7,10.5],"texture":"#0"},"south":{"uv":[11.25,11.75,11,12.25],"texture":"#0"},"west":{"uv":[4,7.5,3.5,8],"texture":"#0"},"up":{"uv":[11.25,12.25,11.5,11.75],"texture":"#0"},"down":{"uv":[11.75,11.25,12,11.75],"texture":"#0"}}},{"from":[15,9.91201,6.73848],"to":[16,11.91201,8.73848],"rotation":{"angle":-45,"axis":"x","origin":[15.5,11.9,6.8]},"faces":{"north":{"uv":[12,11.75,11.75,12.25],"texture":"#0"},"east":{"uv":[11.5,11.25,11,11.75],"texture":"#0"},"south":{"uv":[12.25,2,12,2.5],"texture":"#0"},"west":{"uv":[11,11.25,10.5,11.75],"texture":"#0"},"up":{"uv":[12,3,12.25,2.5],"texture":"#0"},"down":{"uv":[3.5,12,3.75,12.5],"texture":"#0"}}},{"from":[15,11.22665,8.16465],"to":[15.95,13.22665,10.16465],"rotation":{"angle":-22.5,"axis":"x","origin":[15.5,13.25,8.1]},"faces":{"north":{"uv":[12.25,3.5,12,4],"texture":"#0"},"east":{"uv":[12,4,11.5,4.5],"texture":"#0"},"south":{"uv":[4,12,3.75,12.5],"texture":"#0"},"west":{"uv":[12,3.5,11.5,4],"texture":"#0"},"up":{"uv":[4,12.5,4.25,12],"texture":"#0"},"down":{"uv":[12,4,12.25,4.5],"texture":"#0"}}},{"from":[15,4,15],"to":[16,10,17],"rotation":{"angle":0,"axis":"y","origin":[15.5,4,13]},"faces":{"north":{"uv":[10.25,11.25,10,12.75],"texture":"#0"},"east":{"uv":[1,11.25,0.5,12.75],"texture":"#0"},"south":{"uv":[10.5,11.25,10.25,12.75],"texture":"#0"},"west":{"uv":[0.5,11.25,0,12.75],"texture":"#0"},"up":{"uv":[4.25,12.5,4.5,12],"texture":"#0"},"down":{"uv":[4.5,12,4.75,12.5],"texture":"#0"}}},{"from":[15,10,15],"to":[15.975,12,17],"rotation":{"angle":-22.5,"axis":"x","origin":[15.5,10,17]},"faces":{"north":{"uv":[12.25,4.5,12,5],"texture":"#0"},"east":{"uv":[12,4.5,11.5,5],"texture":"#0"},"south":{"uv":[5,12,4.75,12.5],"texture":"#0"},"west":{"uv":[5,11.5,4.5,12],"texture":"#0"},"up":{"uv":[5,12.5,5.25,12],"texture":"#0"},"down":{"uv":[12,5,12.25,5.5],"texture":"#0"}}},{"from":[15,9.91201,14.26152],"to":[16,11.91201,16.26152],"rotation":{"angle":45,"axis":"x","origin":[15.5,11.9,16.2]},"faces":{"north":{"uv":[5.5,12,5.25,12.5],"texture":"#0"},"east":{"uv":[12,5,11.5,5.5],"texture":"#0"},"south":{"uv":[5.75,12,5.5,12.5],"texture":"#0"},"west":{"uv":[5.5,11.5,5,12],"texture":"#0"},"up":{"uv":[12,6,12.25,5.5],"texture":"#0"},"down":{"uv":[5.75,12,6,12.5],"texture":"#0"}}},{"from":[15,11.22665,12.83535],"to":[15.975,13.22665,14.83535],"rotation":{"angle":22.5,"axis":"x","origin":[15.5,13.25,14.9]},"faces":{"north":{"uv":[12.25,6,12,6.5],"texture":"#0"},"east":{"uv":[12,5.5,11.5,6],"texture":"#0"},"south":{"uv":[12.25,6.5,12,7],"texture":"#0"},"west":{"uv":[6,11.5,5.5,12],"texture":"#0"},"up":{"uv":[12,7.5,12.25,7],"texture":"#0"},"down":{"uv":[12,7.5,12.25,8],"texture":"#0"}}},{"from":[15,12.00703,10.0414],"to":[16,16.00703,13.0414],"rotation":{"angle":0,"axis":"y","origin":[15.5,13.95,10]},"faces":{"north":{"uv":[11.75,9,11.5,10],"texture":"#0"},"east":{"uv":[2.5,11.25,1.75,12.25],"texture":"#0"},"south":{"uv":[11.75,11.25,11.5,12.25],"texture":"#0"},"west":{"uv":[1.75,11.25,1,12.25],"texture":"#0"},"up":{"uv":[11.5,10.75,11.75,10],"texture":"#0"},"down":{"uv":[11.75,6,12,6.75],"texture":"#0"}}},{"from":[0,16.00703,10.0414],"to":[16,20.00703,18.0414],"rotation":{"angle":0,"axis":"y","origin":[15.5,20.95,10]},"faces":{"north":{"uv":[7.5,8.75,11.5,9.75],"texture":"#0"},"east":{"uv":[7.5,9.75,9.5,10.75],"texture":"#0"},"south":{"uv":[3.5,9,7.5,10],"texture":"#0"},"west":{"uv":[9.5,9.75,11.5,10.75],"texture":"#0"},"up":{"uv":[11.5,5.75,7.5,3.75],"texture":"#0"},"down":{"uv":[11.5,5.75,7.5,7.75],"texture":"#0"}}}],"gui_light":"front","display":{"thirdperson_righthand":{"rotation":[67.5,0,0],"translation":[0,2.75,-0.75],"scale":[0.31055,0.31055,0.31055]},"thirdperson_lefthand":{"rotation":[67.5,0,0],"translation":[0,2.75,-0.75],"scale":[0.31055,0.31055,0.31055]},"firstperson_righthand":{"translation":[1.5,2.5,0],"scale":[0.26172,0.26172,0.26172]},"firstperson_lefthand":{"translation":[1.5,2.5,0],"scale":[0.26172,0.26172,0.26172]},"ground":{"translation":[0,3,0],"scale":[0.5,0.5,0.5]},"gui":{"rotation":[30,135,0],"translation":[-0.5,-2.25,0],"scale":[0.58961,0.58961,0.58961]},"head":{"translation":[0,-2.75,-1],"scale":[1.1,1.1,1.1]},"fixed":{"rotation":[-90,0,0],"translation":[0,-1,-5.5],"scale":[1.4,1.4,1.4]}}}