{"credit":"MadewithBlockbench","texture_size":[32,32],"textures":{"0":"elitecreatures:music_festival_cosmetic_set/tex10","1":"elitecreatures:music_festival_cosmetic_set/ani5","2":"elitecreatures:music_festival_cosmetic_set/ani9","particle":"elitecreatures:music_festival_cosmetic_set/tex10"},"elements":[{"from":[6.225,-15.475,1.875],"to":[9.025,-8.475,2.925],"rotation":{"angle":-45,"axis":"z","origin":[7.44872,-5.91616,2.4]},"faces":{"north":{"uv":[0,0,2,5],"texture":"#0"},"east":{"uv":[5,0,5.75,5],"texture":"#0"},"south":{"uv":[2,0,4,5],"texture":"#0"},"west":{"uv":[1,5,1.75,10],"texture":"#0"},"up":{"uv":[10.5,0.75,8.5,0],"texture":"#0"},"down":{"uv":[10.5,1,8.5,1.75],"texture":"#0"}}},{"from":[9.725,-8.93,2.225],"to":[11.125,0.52,2.575],"rotation":{"angle":-45,"axis":"z","origin":[10.24872,-3.11616,2.4]},"faces":{"north":{"uv":[4,0,5,6.75],"texture":"#0"},"east":{"uv":[6,7.5,6.25,14.25],"texture":"#0"},"south":{"uv":[0,5,1,11.75],"texture":"#0"},"west":{"uv":[8,6,8.25,12.75],"texture":"#0"},"up":{"uv":[12,10.75,11,10.5],"texture":"#0"},"down":{"uv":[12,11,11,11.25],"texture":"#0"}}},{"from":[12.41996,-1.50419,2.05],"to":[13.81996,0.24581,2.75],"rotation":{"angle":0,"axis":"y","origin":[13.6904,0.22818,2.4]},"faces":{"north":{"uv":[2.5,9,3.5,10.25],"texture":"#0"},"east":{"uv":[2.5,10.5,3,11.75],"texture":"#0"},"south":{"uv":[3.5,9,4.5,10.25],"texture":"#0"},"west":{"uv":[3,10.5,3.5,11.75],"texture":"#0"},"up":{"uv":[5,7.5,4,7],"texture":"#0"},"down":{"uv":[11.5,6,10.5,6.5],"texture":"#0"}}},{"from":[12.77502,0.08108,2.225],"to":[14.87502,1.13108,2.575],"rotation":{"angle":45,"axis":"z","origin":[13.6904,0.22818,2.4]},"faces":{"north":{"uv":[9,7,10.5,7.75],"texture":"#0"},"east":{"uv":[1,11.5,1.25,12.25],"texture":"#0"},"south":{"uv":[9,8,10.5,8.75],"texture":"#0"},"west":{"uv":[1.5,11.5,1.75,12.25],"texture":"#0"},"up":{"uv":[12,6.75,10.5,6.5],"texture":"#0"},"down":{"uv":[12,7,10.5,7.25],"texture":"#0"}}},{"from":[14.87502,-0.26892,2.225],"to":[15.92502,1.13108,2.575],"rotation":{"angle":45,"axis":"z","origin":[13.6904,0.22818,2.4]},"faces":{"north":{"uv":[9.5,5,10.25,6],"texture":"#0"},"east":{"uv":[9,11,9.25,12],"texture":"#0"},"south":{"uv":[6.5,10,7.25,11],"texture":"#0"},"west":{"uv":[9.5,11,9.75,12],"texture":"#0"},"up":{"uv":[5.25,11.75,4.5,11.5],"texture":"#0"},"down":{"uv":[12.25,5,11.5,5.25],"texture":"#0"}}},{"from":[5.247,-15.3506,2.05],"to":[7.207,-12.1306,2.75],"rotation":{"angle":-22.5,"axis":"z","origin":[7.44872,-5.91616,2.4]},"faces":{"north":{"uv":[2,5,3.5,7.5],"texture":"#0"},"east":{"uv":[3.5,5,4,7.5],"texture":"#0"},"south":{"uv":[5,5,6.5,7.5],"texture":"#0"},"west":{"uv":[4.5,9,5,11.5],"texture":"#0"},"up":{"uv":[12,0.5,10.5,0],"texture":"#0"},"down":{"uv":[12,0.5,10.5,1],"texture":"#0"}}},{"from":[-1.85079,-8.4436,2.0675],"to":[1.43921,-6.3436,2.7325],"rotation":{"angle":22.5,"axis":"z","origin":[7.44872,-5.91616,2.4]},"faces":{"north":{"uv":[6,0,8.5,1.5],"texture":"#0"},"east":{"uv":[6,3,6.5,4.5],"texture":"#0"},"south":{"uv":[6,1.5,8.5,3],"texture":"#0"},"west":{"uv":[7.5,10,8,11.5],"texture":"#0"},"up":{"uv":[11,2.5,8.5,2],"texture":"#0"},"down":{"uv":[11,2.5,8.5,3],"texture":"#0"}}},{"from":[3.78544,-10.12506,2.085],"to":[5.36044,-6.27506,2.715],"rotation":{"angle":-22.5,"axis":"z","origin":[7.44872,-5.91616,2.4]},"faces":{"north":{"uv":[6.5,3,7.75,5.75],"texture":"#0"},"east":{"uv":[8.5,6,9,8.75],"texture":"#0"},"south":{"uv":[6.5,6,7.75,8.75],"texture":"#0"},"west":{"uv":[2,9,2.5,11.75],"texture":"#0"},"up":{"uv":[11.75,1.5,10.5,1],"texture":"#0"},"down":{"uv":[11.75,2,10.5,1.5],"texture":"#0"}}},{"from":[4.2224,-7.72601,2.225],"to":[5.6224,-5.62601,2.575],"rotation":{"angle":-45,"axis":"z","origin":[7.44872,-5.91616,2.4]},"faces":{"north":{"uv":[4.5,7.5,5.75,9],"texture":"#0"},"east":{"uv":[4,10.5,4.25,12],"texture":"#0"},"south":{"uv":[8,4.5,9.25,6],"texture":"#0"},"west":{"uv":[10.5,7.5,10.75,9],"texture":"#0"},"up":{"uv":[12,3.25,11,3],"texture":"#0"},"down":{"uv":[12.25,3.5,11,3.75],"texture":"#0"}}},{"from":[9.32753,-8.35342,2.225],"to":[10.79753,-6.95342,2.575],"rotation":{"angle":-45,"axis":"z","origin":[7.44872,-5.91616,2.4]},"faces":{"north":{"uv":[9,6,10.25,7],"texture":"#0"},"east":{"uv":[11,9.5,11.25,10.5],"texture":"#0"},"south":{"uv":[6.5,9,7.75,10],"texture":"#0"},"west":{"uv":[10,11,10.25,12],"texture":"#0"},"up":{"uv":[12.05,4.25,11,4],"texture":"#0"},"down":{"uv":[12.25,7.5,11,7.75],"texture":"#0"}}},{"from":[5.315,-12.115,2.05],"to":[6.505,-10.365,2.75],"rotation":{"angle":-45,"axis":"z","origin":[7.44872,-5.91616,2.4]},"faces":{"north":{"uv":[7,14.75,7.75,16],"texture":"#0"},"east":{"uv":[6.5,12.25,7,13.5],"texture":"#0"},"south":{"uv":[7,13.5,7.75,14.75],"texture":"#0"},"west":{"uv":[6.5,13.5,7,14.75],"texture":"#0"},"up":{"uv":[12.25,6,11.5,5.5],"texture":"#0"},"down":{"uv":[12.25,6,11.5,6.5],"texture":"#0"}}},{"from":[8.955,-12.675,2.0675],"to":[10.005,-10.225,2.7325],"rotation":{"angle":-45,"axis":"z","origin":[7.44872,-5.91616,2.4]},"faces":{"north":{"uv":[12.75,8,13.5,9.75],"texture":"#0"},"east":{"uv":[12.25,8,12.75,9.75],"texture":"#0"},"south":{"uv":[1,10,1.75,11.25],"texture":"#0"},"west":{"uv":[8.5,11,9,12.75],"texture":"#0"},"up":{"uv":[12.25,8.5,11.5,8],"texture":"#0"},"down":{"uv":[12.25,8.5,11.5,9],"texture":"#0"}}},{"from":[3.37474,-9.90517,2.05],"to":[6.52474,-8.33017,2.75],"rotation":{"angle":22.5,"axis":"z","origin":[7.44872,-5.91616,2.4]},"faces":{"north":{"uv":[2,7.5,4.25,8.75],"texture":"#0"},"east":{"uv":[10.5,3,11,4.25],"texture":"#0"},"south":{"uv":[8,3,10.25,4.25],"texture":"#0"},"west":{"uv":[3.5,10.5,4,11.75],"texture":"#0"},"up":{"uv":[10.75,9.5,8.5,9],"texture":"#0"},"down":{"uv":[11.75,4.5,9.5,5],"texture":"#0"}}},{"from":[9.725,-9.63,1.875],"to":[11.125,-8.93,2.925],"rotation":{"angle":-45,"axis":"z","origin":[10.24872,-3.11616,2.4]},"faces":{"north":{"uv":[5,10.5,5.75,11.25],"texture":"#0"},"east":{"uv":[10.5,9.5,11,10.25],"texture":"#0"},"south":{"uv":[10.25,5,11.25,5.5],"texture":"#0"},"west":{"uv":[10.5,10.5,11,11.25],"texture":"#0"},"up":{"uv":[12,2.75,11,2],"texture":"#0"},"down":{"uv":[11.75,2.5,11,3],"texture":"#0"}}},{"from":[12.77502,1.13108,2.4],"to":[15.92502,2.53108,2.4],"rotation":{"angle":45,"axis":"z","origin":[13.6904,0.22818,2.4]},"faces":{"north":{"uv":[13.75,15,16,16],"texture":"#0"},"east":{"uv":[1,11.5,1.25,12.25],"texture":"#0"},"south":{"uv":[13.75,15,16,16],"texture":"#0"},"west":{"uv":[1.5,11.5,1.75,12.25],"texture":"#0"},"up":{"uv":[12.75,6.5,10.5,6.5],"texture":"#0"},"down":{"uv":[12.75,7,10.5,7],"texture":"#0"}}},{"from":[7.45,-10.365,2.75],"to":[8.15,-9.665,3.1],"rotation":{"angle":-45,"axis":"z","origin":[7.625,-4.8,2.14853]},"faces":{"north":{"uv":[0.5,3.5,1.5,4.5],"texture":"#1"},"east":{"uv":[1.5,3.5,2,4.5],"texture":"#1"},"south":{"uv":[0.5,3.5,1.5,4.5],"texture":"#1"},"west":{"uv":[1.5,3.5,2,4.5],"texture":"#1"},"up":{"uv":[0.5,4.5,1.5,5],"texture":"#1"},"down":{"uv":[0.5,4.5,1.5,5],"texture":"#1"}}},{"from":[8.85,-10.365,2.75],"to":[9.55,-9.665,3.1],"rotation":{"angle":-45,"axis":"z","origin":[7.625,-4.8,2.14853]},"faces":{"north":{"uv":[0.5,2,1.5,3],"texture":"#1"},"east":{"uv":[1.5,2,2,3],"texture":"#1"},"south":{"uv":[0.5,2,1.5,3],"texture":"#1"},"west":{"uv":[1.5,2,2,3],"texture":"#1"},"up":{"uv":[0.5,3,1.5,3.5],"texture":"#1"},"down":{"uv":[0.5,3,1.5,3.5],"texture":"#1"}}},{"from":[8.85,-13.165,2.75],"to":[9.55,-12.465,3.1],"rotation":{"angle":-45,"axis":"z","origin":[7.625,-4.8,2.14853]},"faces":{"north":{"uv":[0.5,0.5,1.5,1.5],"texture":"#1"},"east":{"uv":[1.5,0.5,2,1.5],"texture":"#1"},"south":{"uv":[0.5,0.5,1.5,1.5],"texture":"#1"},"west":{"uv":[1.5,0.5,2,1.5],"texture":"#1"},"up":{"uv":[0.5,1.5,1.5,2],"texture":"#1"},"down":{"uv":[0.5,1.5,1.5,2],"texture":"#1"}}},{"from":[7.45,-13.165,2.75],"to":[8.15,-12.465,3.1],"rotation":{"angle":-45,"axis":"z","origin":[7.625,-4.8,2.14853]},"faces":{"north":{"uv":[0.5,2,1.5,3],"texture":"#1"},"east":{"uv":[1.5,2,2,3],"texture":"#1"},"south":{"uv":[0.5,2,1.5,3],"texture":"#1"},"west":{"uv":[1.5,2,2,3],"texture":"#1"},"up":{"uv":[0.5,3,1.5,3.5],"texture":"#1"},"down":{"uv":[0.5,3,1.5,3.5],"texture":"#1"}}},{"from":[9.375,-5.325,2.4],"to":[19.175,4.475,2.4],"rotation":{"angle":-45,"axis":"z","origin":[13.75,1.15,2.75]},"faces":{"north":{"uv":[1,1.5,15,15.5],"texture":"#2"},"east":{"uv":[0,0,0,8.5],"texture":"#2"},"south":{"uv":[15,1.5,1,15.5],"texture":"#2"},"west":{"uv":[0,0,0,8.5],"texture":"#2"},"up":{"uv":[0,0,0,7],"rotation":90,"texture":"#2"},"down":{"uv":[0,0,0,7],"rotation":270,"texture":"#2"}}},{"from":[4.125,-11.625,-0.925],"to":[4.475,-10.925,1.875],"rotation":{"angle":45,"axis":"z","origin":[2.2,-11.275,1.525]},"faces":{"north":{"uv":[2.25,15.5,2.5,16],"texture":"#0"},"east":{"uv":[0.25,15.5,2.25,16],"texture":"#0"},"south":{"uv":[2.25,15.5,2.5,16],"texture":"#0"},"west":{"uv":[0.25,15,2.25,15.5],"texture":"#0"},"up":{"uv":[0,14,0.25,16],"texture":"#0"},"down":{"uv":[0,12,0.25,14],"texture":"#0"}}},{"from":[13.225,-11.625,-0.925],"to":[13.575,-10.925,2.225],"rotation":{"angle":45,"axis":"z","origin":[2.2,-11.275,1.525]},"faces":{"north":{"uv":[0.25,14.5,0.5,15],"texture":"#0"},"east":{"uv":[0.5,14.5,2.75,15],"texture":"#0"},"south":{"uv":[0.25,14.5,0.5,15],"texture":"#0"},"west":{"uv":[0.5,14,2.75,14.5],"texture":"#0"},"up":{"uv":[2.75,13.75,3,16],"texture":"#0"},"down":{"uv":[3,13.75,3.25,16],"texture":"#0"}}},{"from":[3.425,-11.975,1.525],"to":[5.175,-10.575,1.875],"rotation":{"angle":45,"axis":"z","origin":[2.2,-11.275,1.525]},"faces":{"north":{"uv":[3.5,15,4.75,16],"texture":"#0"},"east":{"uv":[3.25,15,3.5,16],"texture":"#0"},"south":{"uv":[3.5,15,4.75,16],"texture":"#0"},"west":{"uv":[3.25,14,3.5,15],"texture":"#0"},"up":{"uv":[3.5,14.5,4.75,14.75],"texture":"#0"},"down":{"uv":[3.5,14.75,4.75,15],"texture":"#0"}}},{"from":[12.525,-11.975,1.875],"to":[14.275,-10.575,2.225],"rotation":{"angle":45,"axis":"z","origin":[2.2,-11.275,1.525]},"faces":{"north":{"uv":[3.5,15,4.75,16],"texture":"#0"},"east":{"uv":[3.25,15,3.5,16],"texture":"#0"},"south":{"uv":[3.5,15,4.75,16],"texture":"#0"},"west":{"uv":[3.25,14,3.5,15],"texture":"#0"},"up":{"uv":[3.5,14.5,4.75,14.75],"texture":"#0"},"down":{"uv":[3.5,14.75,4.75,15],"texture":"#0"}}},{"from":[4.475,-11.625,-0.925],"to":[13.225,-10.925,-0.575],"rotation":{"angle":45,"axis":"z","origin":[2.2,-11.275,1.525]},"faces":{"north":{"uv":[9.75,14,16,14.5],"texture":"#0"},"east":{"uv":[2.5,15.5,2.75,16],"texture":"#0"},"south":{"uv":[9.75,13.5,16,14],"texture":"#0"},"west":{"uv":[2.5,15.5,2.75,16],"texture":"#0"},"up":{"uv":[9.75,13.25,16,13.5],"texture":"#0"},"down":{"uv":[9.75,13,16,13.25],"texture":"#0"}}}],"gui_light":"front","display":{"thirdperson_righthand":{"rotation":[67.5,-180,0],"translation":[0,5.5,0],"scale":[0.55664,0.55664,0.55664]},"thirdperson_lefthand":{"rotation":[67.5,0,0],"translation":[-7.25,-9.25,13.25]},"firstperson_righthand":{"translation":[-32.75,0,0],"scale":[0,0,0]},"firstperson_lefthand":{"rotation":[0,-180,0],"translation":[-19.75,3.25,0],"scale":[0.53516,0.53516,0.53516]},"ground":{"translation":[0,6,3.75],"scale":[0.5,0.5,0.5]},"gui":{"rotation":[30,-45,0],"translation":[-3.25,0,0],"scale":[0.82711,0.82711,0.82711]},"head":{"translation":[2.5,-74,15.75],"scale":[2.23242,2.23242,2.23242]},"fixed":{"rotation":[0,180,0],"translation":[0,5.75,-21],"scale":[2,2,2]}}}