{"textures​":{"layer0":"minecraft:item/yellow_concrete_powder"},"credit":"Made with Blockbench","\u0074\u0065\u0078\u0074\u0075\u0072\u0065\u0073":{"1":"\u0072\u0061\u0064\u0069\u0061\u006e\u0063\u0065_\u0063\u006f\u006c\u006c\u0065\u0063\u0074\u0069\u006f\u006e:\u0077\u0069\u006e\u0067\u0073_\u0066\u0075\u006c\u006c","2":"\u0072\u0061\u0064\u0069\u0061\u006e\u0063\u0065_\u0063\u006f\u006c\u006c\u0065\u0063\u0074\u0069\u006f\u006e:\u0072\u0069\u006e\u0067_\u0066\u0075\u006c\u006c","3":"\u0072\u0061\u0064\u0069\u0061\u006e\u0063\u0065_\u0063\u006f\u006c\u006c\u0065\u0063\u0074\u0069\u006f\u006e:\u0073\u0075\u0062_\u0077\u0069\u006e\u0067\u0073","\u0070\u0061\u0072\u0074\u0069\u0063\u006c\u0065":"\u0072\u0061\u0064\u0069\u0061\u006e\u0063\u0065_\u0063\u006f\u006c\u006c\u0065\u0063\u0074\u0069\u006f\u006e:\u0072\u0069\u006e\u0067_\u0066\u0075\u006c\u006c"},"elements":[{"from":[0.01407,21.57913,8.0539],"to":[2.91407,24.47913,9.1039],"rotation":{"angle":-45,"axis":"z","origin":[8,16.4932,8]},"faces":{"north":{"uv":[0,0,3,3],"texture":"#3"},"east":{"uv":[7,0,8,3],"texture":"#3"},"south":{"uv":[0,3,3,6],"texture":"#3"},"west":{"uv":[7,3,8,6],"texture":"#3"},"up":{"uv":[3,9,0,8],"texture":"#3"},"down":{"uv":[11,0,8,1],"texture":"#3"}}},{"from":[3.91321,18.77999,7.9289],"to":[5.71321,20.57999,9.2289],"rotation":{"angle":-45,"axis":"z","origin":[8,16.4932,8]},"faces":{"north":{"uv":[3,2,4.75,3.75],"texture":"#3"},"east":{"uv":[7,8,8.25,9.75],"texture":"#3"},"south":{"uv":[3,4,4.75,5.75],"texture":"#3"},"west":{"uv":[0,9,1.25,10.75],"texture":"#3"},"up":{"uv":[3.75,10.25,2,9],"texture":"#3"},"down":{"uv":[5.75,9,4,10.25],"texture":"#3"}}},{"from":[6.83549,20.57371,7.9789],"to":[8.13549,21.37371,9.1789],"rotation":{"angle":-22.5,"axis":"z","origin":[8,16.4932,8]},"faces":{"north":{"uv":[11,0,12.25,0.75],"texture":"#3"},"east":{"uv":[11,3,12.25,3.75],"texture":"#3"},"south":{"uv":[11,5,12.25,5.75],"texture":"#3"},"west":{"uv":[11,6,12.25,6.75],"texture":"#3"},"up":{"uv":[10.25,6.25,9,5],"texture":"#3"},"down":{"uv":[3.25,11,2,12.25],"texture":"#3"}}},{"from":[10.74685,18.54844,8.0289],"to":[11.54685,19.84844,9.1289],"rotation":{"angle":22.5,"axis":"z","origin":[8,16.4932,8]},"faces":{"north":{"uv":[6,11,6.75,12.25],"texture":"#3"},"east":{"uv":[4,11,5,12.25],"texture":"#3"},"south":{"uv":[11,7,11.75,8.25],"texture":"#3"},"west":{"uv":[5,11,6,12.25],"texture":"#3"},"up":{"uv":[9.75,12,9,11],"texture":"#3"},"down":{"uv":[11.75,9,11,10],"texture":"#3"}}},{"from":[11.54685,18.54844,8.0289],"to":[13.84685,19.34844,9.1289],"rotation":{"angle":22.5,"axis":"z","origin":[8,16.4932,8]},"faces":{"north":{"uv":[8,7,10.25,7.75],"texture":"#3"},"east":{"uv":[10,11,11,11.75],"texture":"#3"},"south":{"uv":[9,4,11.25,4.75],"texture":"#3"},"west":{"uv":[11,10,12,10.75],"texture":"#3"},"up":{"uv":[5.25,9,3,8],"texture":"#3"},"down":{"uv":[10.25,3,8,4],"texture":"#3"}}},{"from":[11.81528,20.62948,8.0789],"to":[12.61528,22.92948,9.0789],"rotation":{"angle":0,"axis":"z","origin":[8,16.4932,8]},"faces":{"north":{"uv":[9,8,9.75,10.25],"texture":"#3"},"east":{"uv":[8,4,9,6.25],"texture":"#3"},"south":{"uv":[7,10,7.75,12.25],"texture":"#3"},"west":{"uv":[6,8,7,10.25],"texture":"#3"},"up":{"uv":[11.75,12,11,11],"texture":"#3"},"down":{"uv":[12.75,1,12,2],"texture":"#3"}}},{"from":[6.5009,23.40574,8.1289],"to":[9.8009,24.20574,9.0289],"rotation":{"angle":-22.5,"axis":"z","origin":[8,16.4932,8]},"faces":{"north":{"uv":[8,1,11.25,1.75],"texture":"#3"},"east":{"uv":[12,2,13,2.75],"texture":"#3"},"south":{"uv":[8,2,11.25,2.75],"texture":"#3"},"west":{"uv":[12,4,13,4.75],"texture":"#3"},"up":{"uv":[6.25,1,3,0],"texture":"#3"},"down":{"uv":[6.25,1,3,2],"texture":"#3"}}},{"from":[9.26033,23.45324,8.1789],"to":[10.06033,25.75324,8.9789],"rotation":{"angle":0,"axis":"z","origin":[8,16.4932,8]},"faces":{"north":{"uv":[8,10,8.75,12.25],"texture":"#3"},"east":{"uv":[10,8,10.75,10.25],"texture":"#3"},"south":{"uv":[0,11,0.75,13.25],"texture":"#3"},"west":{"uv":[1,11,1.75,13.25],"texture":"#3"},"up":{"uv":[12.75,7.75,12,7],"texture":"#3"},"down":{"uv":[12.75,8,12,8.75],"texture":"#3"}}},{"from":[7.86451,20.57371,7.9789],"to":[9.16451,21.37371,9.1789],"rotation":{"angle":22.5,"axis":"z","origin":[8,16.4932,8]},"faces":{"north":{"uv":[12.25,0,11,0.75],"texture":"#3"},"east":{"uv":[12.25,6,11,6.75],"texture":"#3"},"south":{"uv":[12.25,5,11,5.75],"texture":"#3"},"west":{"uv":[12.25,3,11,3.75],"texture":"#3"},"up":{"uv":[9,6.25,10.25,5],"texture":"#3"},"down":{"uv":[2,11,3.25,12.25],"texture":"#3"}}},{"from":[4.45315,18.54844,8.0289],"to":[5.25315,19.84844,9.1289],"rotation":{"angle":-22.5,"axis":"z","origin":[8,16.4932,8]},"faces":{"north":{"uv":[6.75,11,6,12.25],"texture":"#3"},"east":{"uv":[6,11,5,12.25],"texture":"#3"},"south":{"uv":[11.75,7,11,8.25],"texture":"#3"},"west":{"uv":[5,11,4,12.25],"texture":"#3"},"up":{"uv":[9,12,9.75,11],"texture":"#3"},"down":{"uv":[11,9,11.75,10],"texture":"#3"}}},{"from":[2.15315,18.54844,8.0289],"to":[4.45315,19.34844,9.1289],"rotation":{"angle":-22.5,"axis":"z","origin":[8,16.4932,8]},"faces":{"north":{"uv":[10.25,7,8,7.75],"texture":"#3"},"east":{"uv":[12,10,11,10.75],"texture":"#3"},"south":{"uv":[11.25,4,9,4.75],"texture":"#3"},"west":{"uv":[11,11,10,11.75],"texture":"#3"},"up":{"uv":[3,9,5.25,8],"texture":"#3"},"down":{"uv":[8,3,10.25,4],"texture":"#3"}}},{"from":[3.38472,20.62948,8.0789],"to":[4.18472,22.92948,9.0789],"rotation":{"angle":0,"axis":"z","origin":[8,16.4932,8]},"faces":{"north":{"uv":[9.75,8,9,10.25],"texture":"#3"},"east":{"uv":[7,8,6,10.25],"texture":"#3"},"south":{"uv":[7.75,10,7,12.25],"texture":"#3"},"west":{"uv":[9,4,8,6.25],"texture":"#3"},"up":{"uv":[11,12,11.75,11],"texture":"#3"},"down":{"uv":[12,1,12.75,2],"texture":"#3"}}},{"from":[6.1991,23.40574,8.1289],"to":[9.4991,24.20574,9.0289],"rotation":{"angle":22.5,"axis":"z","origin":[8,16.4932,8]},"faces":{"north":{"uv":[11.25,1,8,1.75],"texture":"#3"},"east":{"uv":[13,4,12,4.75],"texture":"#3"},"south":{"uv":[11.25,2,8,2.75],"texture":"#3"},"west":{"uv":[13,2,12,2.75],"texture":"#3"},"up":{"uv":[3,1,6.25,0],"texture":"#3"},"down":{"uv":[3,1,6.25,2],"texture":"#3"}}},{"from":[5.93967,23.45324,8.1789],"to":[6.73967,25.75324,8.9789],"rotation":{"angle":0,"axis":"z","origin":[8,16.4932,8]},"faces":{"north":{"uv":[8.75,10,8,12.25],"texture":"#3"},"east":{"uv":[1.75,11,1,13.25],"texture":"#3"},"south":{"uv":[0.75,11,0,13.25],"texture":"#3"},"west":{"uv":[10.75,8,10,10.25],"texture":"#3"},"up":{"uv":[12,7.75,12.75,7],"texture":"#3"},"down":{"uv":[12,8,12.75,8.75],"texture":"#3"}}},{"from":[8.15585,14.53735,4.9289],"to":[9.95585,16.33735,6.7289],"rotation":{"angle":-45,"axis":"z","origin":[8,16.4932,8]},"faces":{"north":{"uv":[5,2,6.75,3.75],"texture":"#3"},"east":{"uv":[5,4,6.75,5.75],"texture":"#3"},"south":{"uv":[0,6,1.75,7.75],"texture":"#3"},"west":{"uv":[2,6,3.75,7.75],"texture":"#3"},"up":{"uv":[5.75,7.75,4,6],"texture":"#3"},"down":{"uv":[7.75,6,6,7.75],"texture":"#3"}}},{"from":[-15.07348,-4.75,5.76319],"to":[8.92652,19.25,5.76319],"rotation":{"angle":22.5,"axis":"y","origin":[8,16.4932,8]},"faces":{"north":{"uv":[16,0,0,16],"texture":"#1"},"east":{"uv":[0,0,0,16],"texture":"#1"},"south":{"uv":[0,0,16,16],"texture":"#1"},"west":{"uv":[0,0,0,16],"texture":"#1"},"up":{"uv":[0,0,16,0],"texture":"#1"},"down":{"uv":[0,0,16,0],"texture":"#1"}}},{"from":[7.07348,-4.75,5.76319],"to":[31.07348,19.25,5.76319],"rotation":{"angle":-22.5,"axis":"y","origin":[8,16.4932,8]},"faces":{"north":{"uv":[0,0,16,16],"texture":"#1"},"east":{"uv":[0,0,0,16],"texture":"#1"},"south":{"uv":[16,0,0,16],"texture":"#1"},"west":{"uv":[0,0,0,16],"texture":"#1"},"up":{"uv":[16,0,0,0],"texture":"#1"},"down":{"uv":[16,0,0,0],"texture":"#1"}}},{"from":[-8,-0.75,13.76319],"to":[24,31.25,13.76319],"rotation":{"angle":0,"axis":"y","origin":[8,15.25,13.76319]},"faces":{"north":{"uv":[0,0,16,16],"texture":"#2"},"east":{"uv":[0,0,0,16],"texture":"#2"},"south":{"uv":[16,0,0,16],"texture":"#2"},"west":{"uv":[0,0,0,16],"texture":"#2"},"up":{"uv":[16,0,0,0],"texture":"#2"},"down":{"uv":[16,0,0,0],"texture":"#2"}}}],"gui_light":"front","display":{"thirdperson_righthand":{"rotation":[55.75,0,0],"scale":[0.31,0.31,0.31]},"thirdperson_lefthand":{"rotation":[57.5,0,0],"translation":[-5.5,-14.25,9.5],"scale":[1.39,1.39,1.39]},"firstperson_righthand":{"translation":[1.25,0,0],"scale":[0.29,0.29,0.29]},"firstperson_lefthand":{"translation":[1.25,0,0],"scale":[0,0,0]},"ground":{"rotation":[73,0,0],"translation":[0,1.75,0],"scale":[0.57,0.57,0.57]},"gui":{"rotation":[0,-180,0],"translation":[0,-2,0],"scale":[0.46,0.46,0.46]},"head":{"translation":[0,-17.5,14.75],"scale":[2.09,2.09,2.09]},"fixed":{"translation":[0,0,-6.25]}}}