{"credit":"MadewithBlockbench","texture_size":[64,64],"textures":{"0":"elitecreatures:retro_cosmetic_set/tex7","1":"elitecreatures:retro_cosmetic_set/ani6","particle":"elitecreatures:retro_cosmetic_set/tex7"},"elements":[{"from":[6,-4.7,3.4],"to":[10.2,0.2,7.6],"rotation":{"angle":0,"axis":"y","origin":[0,11.2,0]},"faces":{"north":{"uv":[0,0,3,3.5],"texture":"#0"},"east":{"uv":[6,3.5,3,7],"texture":"#0"},"south":{"uv":[0,3.5,3,7],"texture":"#0"},"west":{"uv":[3,3.5,6,7],"texture":"#0"},"up":{"uv":[9,3,6,0],"texture":"#0"},"down":{"uv":[9,3,6,6],"texture":"#0"}}},{"from":[6.35,0.2,3.75],"to":[7.05,0.9,7.25],"rotation":{"angle":0,"axis":"y","origin":[0,11.2,0]},"faces":{"north":{"uv":[9,5.5,9.5,6],"texture":"#0"},"east":{"uv":[11.5,0,9,0.5],"texture":"#0"},"south":{"uv":[8.5,9,9,9.5],"texture":"#0"},"west":{"uv":[9,0.5,11.5,1],"texture":"#0"},"up":{"uv":[9.5,3.5,9,1],"texture":"#0"},"down":{"uv":[3,9,2.5,11.5],"texture":"#0"}}},{"from":[6.7,-6.8,4.1],"to":[9.5,-5.4,6.9],"rotation":{"angle":0,"axis":"y","origin":[0,11.2,0]},"faces":{"north":{"uv":[8.5,6,10.5,7],"texture":"#0"},"east":{"uv":[10.5,8,8.5,9],"texture":"#0"},"south":{"uv":[8.5,7,10.5,8],"texture":"#0"},"west":{"uv":[8.5,8,10.5,9],"texture":"#0"},"up":{"uv":[4.5,9,2.5,7],"texture":"#0"},"down":{"uv":[6.5,8.5,4.5,10.5],"texture":"#0"}}},{"from":[6.35,-5.4,3.75],"to":[9.85,-4.7,7.25],"rotation":{"angle":0,"axis":"y","origin":[0,11.2,0]},"faces":{"north":{"uv":[9,3.5,11.5,4],"texture":"#0"},"east":{"uv":[11.5,5,9,5.5],"texture":"#0"},"south":{"uv":[9,4.5,11.5,5],"texture":"#0"},"west":{"uv":[9,5,11.5,5.5],"texture":"#0"},"up":{"uv":[8.5,8.5,6,6],"texture":"#0"},"down":{"uv":[2.5,7,0,9.5],"texture":"#0"}}},{"from":[7.05,0.2,3.75],"to":[9.15,0.9,4.45],"rotation":{"angle":0,"axis":"y","origin":[0,11.2,0]},"faces":{"north":{"uv":[4.5,7,6,7.5],"texture":"#0"},"east":{"uv":[9,9,9.5,9.5],"texture":"#0"},"south":{"uv":[6,7.5,4.5,8],"texture":"#0"},"west":{"uv":[0,9.5,0.5,10],"texture":"#0"},"up":{"uv":[6,8.5,4.5,8],"texture":"#0"},"down":{"uv":[4.5,9,3,9.5],"texture":"#0"}}},{"from":[9.15,0.2,3.75],"to":[9.85,0.9,7.25],"rotation":{"angle":0,"axis":"y","origin":[11.2,11.2,0]},"faces":{"north":{"uv":[9.5,5.5,9,6],"texture":"#0"},"east":{"uv":[11.5,0.5,9,1],"texture":"#0"},"south":{"uv":[9,9,8.5,9.5],"texture":"#0"},"west":{"uv":[11.5,0,9,0.5],"texture":"#0"},"up":{"uv":[9,3.5,9.5,1],"texture":"#0"},"down":{"uv":[2.5,9,3,11.5],"texture":"#0"}}},{"from":[7.05,0.2,6.55],"to":[9.15,0.9,7.25],"rotation":{"angle":0,"axis":"y","origin":[0,11.2,11.2]},"faces":{"north":{"uv":[6,7.5,4.5,8],"texture":"#0"},"east":{"uv":[9.5,9,9,9.5],"texture":"#0"},"south":{"uv":[6,7,4.5,7.5],"texture":"#0"},"west":{"uv":[0.5,9.5,0,10],"texture":"#0"},"up":{"uv":[6,8,4.5,8.5],"texture":"#0"},"down":{"uv":[4.5,9.5,3,9],"texture":"#0"}}},{"from":[10.9,-4,3.75],"to":[13,-1.2,4.45],"rotation":{"angle":0,"axis":"y","origin":[11.2,0,0]},"faces":{"north":{"uv":[2.5,10,1,12],"texture":"#0"},"east":{"uv":[1,10,0.5,12],"texture":"#0"},"south":{"uv":[2.5,12,1,14],"texture":"#0"},"west":{"uv":[1,10,0.5,12],"texture":"#0"},"up":{"uv":[0,11.5,0.5,10],"rotation":90,"texture":"#0"},"down":{"uv":[2,9.5,0.5,10],"texture":"#0"}}},{"from":[10.2,-3.3,3.4],"to":[11.6,-1.9,4.8],"rotation":{"angle":0,"axis":"y","origin":[11.2,0,0]},"faces":{"north":{"uv":[10.5,2,9.5,3],"texture":"#0"},"east":{"uv":[10.5,1,9.5,2],"texture":"#0"},"south":{"uv":[11.5,5.5,10.5,6.5],"texture":"#0"},"west":{"uv":[10.5,1,9.5,2],"texture":"#0"},"up":{"uv":[11.5,2,10.5,3],"texture":"#0"},"down":{"uv":[11.5,1,10.5,2],"texture":"#0"}}},{"from":[8.1,-3.3,-0.1],"to":[11.6,-1.9,0.25],"rotation":{"angle":0,"axis":"y","origin":[11.2,0,0]},"faces":{"north":{"uv":[3.5,15,6,16],"texture":"#0"},"east":{"uv":[3.25,15,3.5,16],"texture":"#0"},"south":{"uv":[6,15,8.5,16],"texture":"#0"},"west":{"uv":[3.25,15,3.5,16],"texture":"#0"},"up":{"uv":[3.5,14.75,6,15],"texture":"#0"},"down":{"uv":[6,14.75,8.5,15],"texture":"#0"}}},{"from":[10.2,-0.85,0.6],"to":[11.6,-0.5,3.4],"rotation":{"angle":0,"axis":"y","origin":[11.2,0,0]},"faces":{"north":{"uv":[3.5,11.5,2.5,11.75],"texture":"#0"},"east":{"uv":[4.5,11.75,2.5,12],"texture":"#0"},"south":{"uv":[3.5,11.5,2.5,11.75],"texture":"#0"},"west":{"uv":[4.5,11.5,2.5,11.75],"texture":"#0"},"up":{"uv":[4.5,12,3.5,14],"texture":"#0"},"down":{"uv":[3.5,12,2.5,14],"texture":"#0"}}},{"from":[10.2,-4.7,0.25],"to":[11.6,-0.5,0.6],"rotation":{"angle":0,"axis":"y","origin":[11.2,0,0]},"faces":{"north":{"uv":[0.25,16,3.25,15],"rotation":90,"texture":"#0"},"east":{"uv":[0.25,13,0,16],"texture":"#0"},"south":{"uv":[0.25,15,3.25,14],"rotation":90,"texture":"#0"},"west":{"uv":[3.25,14.25,6.25,14],"rotation":90,"texture":"#0"},"up":{"uv":[0.5,14,0.75,13],"rotation":90,"texture":"#0"},"down":{"uv":[0.25,14,0.5,13],"rotation":90,"texture":"#0"}}},{"from":[10.2,-1.9,3.4],"to":[11.6,-0.5,3.75],"rotation":{"angle":0,"axis":"y","origin":[11.2,0,0]},"faces":{"north":{"uv":[4.25,9.75,3.25,10.75],"texture":"#0"},"east":{"uv":[3.25,9.75,3,10.75],"texture":"#0"},"south":{"uv":[5.5,10.5,4.5,11.5],"texture":"#0"},"west":{"uv":[3.25,9.75,3,10.75],"texture":"#0"},"up":{"uv":[4,9.5,3,9.75],"texture":"#0"},"down":{"uv":[4,9.5,3,9.75],"texture":"#0"}}},{"from":[4.6,-1.9,3.4],"to":[6,-0.5,3.75],"faces":{"north":{"uv":[3.25,9.75,4.25,10.75],"texture":"#0"},"east":{"uv":[3,9.75,3.25,10.75],"texture":"#0"},"south":{"uv":[4.5,10.5,5.5,11.5],"texture":"#0"},"west":{"uv":[3,9.75,3.25,10.75],"texture":"#0"},"up":{"uv":[3,9.5,4,9.75],"texture":"#0"},"down":{"uv":[3,9.5,4,9.75],"texture":"#0"}}},{"from":[4.6,-4.7,0.25],"to":[6,-0.5,0.6],"faces":{"north":{"uv":[0.25,15,3.25,16],"rotation":90,"texture":"#0"},"east":{"uv":[3.25,14.25,6.25,14],"rotation":90,"texture":"#0"},"south":{"uv":[0.25,14,3.25,15],"rotation":90,"texture":"#0"},"west":{"uv":[0,13,0.25,16],"texture":"#0"},"up":{"uv":[0.5,13,0.75,14],"rotation":90,"texture":"#0"},"down":{"uv":[0.25,13,0.5,14],"rotation":90,"texture":"#0"}}},{"from":[4.6,-0.85,0.6],"to":[6,-0.5,3.4],"faces":{"north":{"uv":[2.5,11.5,3.5,11.75],"texture":"#0"},"east":{"uv":[2.5,11.5,4.5,11.75],"texture":"#0"},"south":{"uv":[2.5,11.5,3.5,11.75],"texture":"#0"},"west":{"uv":[2.5,11.75,4.5,12],"texture":"#0"},"up":{"uv":[3.5,12,4.5,14],"texture":"#0"},"down":{"uv":[2.5,12,3.5,14],"texture":"#0"}}},{"from":[4.6,-3.3,-0.1],"to":[8.1,-1.9,0.25],"faces":{"north":{"uv":[6,15,3.5,16],"texture":"#0"},"east":{"uv":[3.5,15,3.25,16],"texture":"#0"},"south":{"uv":[8.5,15,6,16],"texture":"#0"},"west":{"uv":[3.5,15,3.25,16],"texture":"#0"},"up":{"uv":[6,14.75,3.5,15],"texture":"#0"},"down":{"uv":[8.5,14.75,6,15],"texture":"#0"}}},{"from":[4.6,-3.3,3.4],"to":[6,-1.9,4.8],"faces":{"north":{"uv":[9.5,2,10.5,3],"texture":"#0"},"east":{"uv":[9.5,1,10.5,2],"texture":"#0"},"south":{"uv":[10.5,5.5,11.5,6.5],"texture":"#0"},"west":{"uv":[9.5,1,10.5,2],"texture":"#0"},"up":{"uv":[10.5,2,11.5,3],"texture":"#0"},"down":{"uv":[10.5,1,11.5,2],"texture":"#0"}}},{"from":[3.2,-4,3.75],"to":[5.3,-1.2,4.45],"faces":{"north":{"uv":[1,10,2.5,12],"texture":"#0"},"east":{"uv":[0.5,10,1,12],"texture":"#0"},"south":{"uv":[1,12,2.5,14],"texture":"#0"},"west":{"uv":[0.5,10,1,12],"texture":"#0"},"up":{"uv":[0,10,0.5,11.5],"rotation":90,"texture":"#0"},"down":{"uv":[0.5,9.5,2,10],"texture":"#0"}}},{"from":[4.6,-15.2,5.5],"to":[11.6,-6.1,5.5],"faces":{"north":{"uv":[13,3,3,16],"texture":"#1"},"east":{"uv":[5,3,5,16],"texture":"#1"},"south":{"uv":[3,3,13,16],"texture":"#1"},"west":{"uv":[5,3,5,16],"texture":"#1"},"up":{"uv":[0,0,3,0],"texture":"#1"},"down":{"uv":[0,0,3,0],"texture":"#1"}}}],"gui_light":"front","display":{"thirdperson_righthand":{"rotation":[67.5,180,0],"translation":[0,3,-1.5],"scale":[0.4043,0.4043,0.4043]},"thirdperson_lefthand":{"rotation":[67.5,0,0],"translation":[-6,-10,11.5]},"firstperson_righthand":{"translation":[4.5,3,0],"scale":[0.45898,0.45898,0.45898]},"firstperson_lefthand":{"translation":[12.75,0,0],"scale":[0,0,0]},"ground":{"translation":[0,6,3],"scale":[0.7,0.7,0.7]},"gui":{"rotation":[30,-45,0],"translation":[-3.25,1,0],"scale":[0.74898,0.74898,0.74898]},"head":{"translation":[0,-79,13.75],"scale":[2.26757,2.26757,2.26757]},"fixed":{"rotation":[-90,180,0],"translation":[0,-8,-20],"scale":[2,2,2]}}}