{"credit":"MadewithBlockbench","texture_size":[32,32],"textures":{"0":"elitecreatures:retro_cosmetic_set/tex3","1":"elitecreatures:retro_cosmetic_set/ani5","particle":"elitecreatures:retro_cosmetic_set/tex3"},"elements":[{"from":[0,11,1],"to":[16,16,16],"rotation":{"angle":0,"axis":"y","origin":[8,10.75,7.875]},"faces":{"north":{"uv":[4,5,8,6.25],"texture":"#0"},"east":{"uv":[3.75,7.5,7.5,8.75],"texture":"#0"},"south":{"uv":[4,6.25,8,7.5],"texture":"#0"},"west":{"uv":[7.5,7.5,3.75,8.75],"texture":"#0"},"up":{"uv":[4,3.75,0,0],"texture":"#0"},"down":{"uv":[4,3.75,0,7.5],"texture":"#0"}}},{"from":[0.8,17.55,4.95],"to":[15.2,21.55,14.95],"rotation":{"angle":22.5,"axis":"x","origin":[8,19,-0.5]},"faces":{"north":{"uv":[7.75,3.25,11.375,4.25],"texture":"#0"},"east":{"uv":[10.75,9.75,8.25,10.75],"texture":"#0"},"south":{"uv":[8,4.25,11.625,5.25],"texture":"#0"},"west":{"uv":[8.25,9.75,10.75,10.75],"texture":"#0"},"up":{"uv":[7.625,2.5,4,0],"texture":"#0"},"down":{"uv":[7.625,2.5,4,5],"texture":"#0"}}},{"from":[0.75,15.75,1],"to":[15.25,19.25,5.5],"rotation":{"angle":0,"axis":"y","origin":[8,10.75,7.875]},"faces":{"north":{"uv":[2,8.75,5.625,9.625],"texture":"#0"},"east":{"uv":[3.125,11.5,2,12.375],"texture":"#0"},"south":{"uv":[5.75,8.75,9.375,9.625],"texture":"#0"},"west":{"uv":[2,11.5,3.125,12.375],"texture":"#0"},"up":{"uv":[11.125,8.625,7.5,7.5],"texture":"#0"},"down":{"uv":[11.375,0,7.75,1.125],"texture":"#0"}}},{"from":[5,13.6,-2],"to":[11,14.6,1],"rotation":{"angle":0,"axis":"y","origin":[6.85,11.35,8.125]},"faces":{"north":{"uv":[8,7.25,9.5,7.5],"texture":"#0"},"east":{"uv":[11.75,1.25,12.5,1.5],"texture":"#0"},"south":{"uv":[9.5,7.25,11,7.5],"texture":"#0"},"west":{"uv":[11.75,1.5,12.5,1.75],"texture":"#0"},"up":{"uv":[11,12,9.5,11.25],"texture":"#0"},"down":{"uv":[12.5,11.25,11,12],"texture":"#0"}}},{"from":[0.5,12,-2],"to":[4,13,16],"rotation":{"angle":22.5,"axis":"z","origin":[4.35,11.05,8.125]},"faces":{"north":{"uv":[11.5,1,12.375,1.25],"texture":"#0"},"east":{"uv":[11.25,7.75,15.75,8],"texture":"#0"},"south":{"uv":[11.5,4,12.375,4.25],"texture":"#0"},"west":{"uv":[11.25,8,15.75,8.25],"texture":"#0"},"up":{"uv":[0.875,13.25,0,8.75],"texture":"#0"},"down":{"uv":[1.875,8.75,1,13.25],"texture":"#0"}}},{"from":[2,13.6,-1.975],"to":[5,14.6,1],"rotation":{"angle":45,"axis":"z","origin":[5.05,14.65,8.125]},"faces":{"north":{"uv":[6.75,11.5,7.5,11.75],"texture":"#0"},"east":{"uv":[11.5,7,12.25,7.25],"texture":"#0"},"south":{"uv":[7.5,11.5,8.25,11.75],"texture":"#0"},"west":{"uv":[8.25,11.5,9,11.75],"texture":"#0"},"up":{"uv":[12.25,4,11.5,3.25],"texture":"#0"},"down":{"uv":[4.5,11.5,3.75,12.25],"texture":"#0"}}},{"from":[0.85,13.8,-0.3],"to":[15.15,17.3,1.7],"rotation":{"angle":-22.5,"axis":"x","origin":[8,17.55,0.7]},"faces":{"north":{"uv":[9.5,8.75,13.125,9.625],"texture":"#0"},"east":{"uv":[5.5,11.5,5,12.375],"texture":"#0"},"south":{"uv":[2,9.75,5.625,10.625],"texture":"#0"},"west":{"uv":[5,11.5,5.5,12.375],"texture":"#0"},"up":{"uv":[13.125,11.25,9.5,10.75],"texture":"#0"},"down":{"uv":[14.375,9.75,10.75,10.25],"texture":"#0"}}},{"from":[0.8,16.94818,-0.13129],"to":[15.2,19.44818,1.86871],"rotation":{"angle":22.5,"axis":"x","origin":[8,16.95,-0.1]},"faces":{"north":{"uv":[2,10.75,5.625,11.375],"texture":"#0"},"east":{"uv":[6,11.5,5.5,12.125],"texture":"#0"},"south":{"uv":[5.75,10.75,9.375,11.375],"texture":"#0"},"west":{"uv":[5.5,11.5,6,12.125],"texture":"#0"},"up":{"uv":[14.375,10.75,10.75,10.25],"texture":"#0"},"down":{"uv":[14.875,7.25,11.25,7.75],"texture":"#0"}}},{"from":[0,11,16],"to":[16,15,17],"rotation":{"angle":0,"axis":"y","origin":[8,10.75,7.875]},"faces":{"north":{"uv":[7.75,1.25,11.75,2.25],"texture":"#0"},"east":{"uv":[6.75,11.5,6.5,12.5],"texture":"#0"},"south":{"uv":[7.75,2.25,11.75,3.25],"texture":"#0"},"west":{"uv":[6.5,11.5,6.75,12.5],"texture":"#0"},"up":{"uv":[15.25,8.5,11.25,8.25],"texture":"#0"},"down":{"uv":[15.25,8.5,11.25,8.75],"texture":"#0"}}},{"from":[-1,11,2],"to":[0,15,16],"rotation":{"angle":0,"axis":"y","origin":[8,10.75,7.875]},"faces":{"north":{"uv":[6,11.5,6.25,12.5],"texture":"#0"},"east":{"uv":[8,5.25,11.5,6.25],"texture":"#0"},"south":{"uv":[11.5,6,11.75,7],"texture":"#0"},"west":{"uv":[8,6.25,11.5,7.25],"texture":"#0"},"up":{"uv":[3.5,15,3.25,11.5],"texture":"#0"},"down":{"uv":[3.75,11.5,3.5,15],"texture":"#0"}}},{"from":[11,13.6,-1.975],"to":[14,14.6,1],"rotation":{"angle":-45,"axis":"z","origin":[10.95,14.65,8.125]},"faces":{"north":{"uv":[7.5,11.5,6.75,11.75],"texture":"#0"},"east":{"uv":[9,11.5,8.25,11.75],"texture":"#0"},"south":{"uv":[8.25,11.5,7.5,11.75],"texture":"#0"},"west":{"uv":[12.25,7,11.5,7.25],"texture":"#0"},"up":{"uv":[11.5,4,12.25,3.25],"texture":"#0"},"down":{"uv":[3.75,11.5,4.5,12.25],"texture":"#0"}}},{"from":[12,12,-2],"to":[15.5,13,16],"rotation":{"angle":-22.5,"axis":"z","origin":[11.65,11.05,8.125]},"faces":{"north":{"uv":[12.375,1,11.5,1.25],"texture":"#0"},"east":{"uv":[15.75,8,11.25,8.25],"texture":"#0"},"south":{"uv":[12.375,4,11.5,4.25],"texture":"#0"},"west":{"uv":[15.75,7.75,11.25,8],"texture":"#0"},"up":{"uv":[0,13.25,0.875,8.75],"texture":"#0"},"down":{"uv":[1,8.75,1.875,13.25],"texture":"#0"}}},{"from":[16,11,2],"to":[17,15,16],"rotation":{"angle":0,"axis":"y","origin":[8,10.75,7.875]},"faces":{"north":{"uv":[6.25,11.5,6,12.5],"texture":"#0"},"east":{"uv":[11.5,6.25,8,7.25],"texture":"#0"},"south":{"uv":[11.75,6,11.5,7],"texture":"#0"},"west":{"uv":[11.5,5.25,8,6.25],"texture":"#0"},"up":{"uv":[3.25,15,3.5,11.5],"texture":"#0"},"down":{"uv":[3.5,11.5,3.75,15],"texture":"#0"}}},{"from":[6,5,-1],"to":[10,8,2],"faces":{"north":{"uv":[14.125,8.75,15.125,9.5],"texture":"#0"},"east":{"uv":[11.75,6.25,12.5,7],"texture":"#0"},"south":{"uv":[13.5,6.25,14.5,7],"texture":"#0"},"west":{"uv":[12.5,6.25,11.75,7],"texture":"#0"},"up":{"uv":[13.125,8.75,14.125,9.5],"texture":"#0"},"down":{"uv":[12.5,6.25,13.5,7],"texture":"#0"}}},{"from":[1,2,0.5],"to":[15,8,0.5],"faces":{"north":{"uv":[12.5,14.5,16,16],"texture":"#0"},"east":{"uv":[0,0,0,1.5],"texture":"#0"},"south":{"uv":[12.5,14.5,16,16],"texture":"#0"},"west":{"uv":[0,0,0,1.5],"texture":"#0"},"up":{"uv":[0,0,3.5,0],"texture":"#0"},"down":{"uv":[0,0,3.5,0],"texture":"#0"}}},{"from":[-1,18,4],"to":[17,29,4],"faces":{"north":{"uv":[3.5,4.5,12.5,10],"texture":"#1"},"east":{"uv":[0,0,0,8],"texture":"#1"},"south":{"uv":[12.5,4.5,3.5,10],"texture":"#1"},"west":{"uv":[0,0,0,8],"texture":"#1"},"up":{"uv":[0,0,4,0],"texture":"#1"},"down":{"uv":[0,0,4,0],"texture":"#1"}}}],"gui_light":"front","display":{"thirdperson_righthand":{"rotation":[67.5,0,0],"translation":[0,1.25,-2],"scale":[0.29492,0.29492,0.29492]},"thirdperson_lefthand":{"rotation":[67.5,0,0],"translation":[0,1.25,-2],"scale":[0.29492,0.29492,0.29492]},"firstperson_righthand":{"translation":[0.75,0.75,0],"scale":[0.31445,0.31445,0.31445]},"firstperson_lefthand":{"translation":[0.75,0.75,0],"scale":[0.31445,0.31445,0.31445]},"ground":{"translation":[0,3,0],"scale":[0.55,0.55,0.55]},"gui":{"rotation":[30,135,0],"translation":[0,-2.25,0],"scale":[0.57008,0.57008,0.57008]},"head":{"translation":[0,-0.5,0],"scale":[1.1,1.1,1.1]},"fixed":{"rotation":[-90,0,0],"translation":[0,0,-3.25],"scale":[1.3,1.3,1.3]}}}