{"textures​":{"layer0":"minecraft:item/dark_oak_sapling"},"credit":"Made with Blockbench","texture_size":[32,32],"\u0074\u0065\u0078\u0074\u0075\u0072\u0065\u0073":{"1":"\u006d\u0069\u0063\u006b\u0065\u0079\u0073\u0072:\u0070\u0061\u0072\u0074\u0079_\u0077\u0065\u0061\u0070\u006f\u006e_\u0073\u0065\u0074/\u0061\u006e\u0069\u006d\u0061\u0074\u0069\u006f\u006e_01","2":"\u006d\u0069\u0063\u006b\u0065\u0079\u0073\u0072:\u0070\u0061\u0072\u0074\u0079_\u0077\u0065\u0061\u0070\u006f\u006e_\u0073\u0065\u0074/\u0061\u006e\u0069\u006d\u0061\u0074\u0069\u006f\u006e_03","3":"\u006d\u0069\u0063\u006b\u0065\u0079\u0073\u0072:\u0070\u0061\u0072\u0074\u0079_\u0077\u0065\u0061\u0070\u006f\u006e_\u0073\u0065\u0074/\u0061\u006e\u0069\u006d\u0061\u0074\u0069\u006f\u006e_02","9":"\u006d\u0069\u0063\u006b\u0065\u0079\u0073\u0072:\u0070\u0061\u0072\u0074\u0079_\u0077\u0065\u0061\u0070\u006f\u006e_\u0073\u0065\u0074/\u0062\u006f\u0077","\u0070\u0061\u0072\u0074\u0069\u0063\u006c\u0065":"\u006d\u0069\u0063\u006b\u0065\u0079\u0073\u0072:\u0070\u0061\u0072\u0074\u0079_\u0077\u0065\u0061\u0070\u006f\u006e_\u0073\u0065\u0074/\u0061\u006e\u0069\u006d\u0061\u0074\u0069\u006f\u006e_01"},"elements":[{"from":[8.6,1.9,7.5],"to":[9.6,6.2,8.5],"rotation":{"angle":0,"axis":"y","origin":[8.6,1.9,7.5]},"faces":{"north":{"uv":[0.5,4,1,6.125],"texture":"#9"},"east":{"uv":[1,4,1.5,6.125],"texture":"#9"},"south":{"uv":[1.5,4,2,6.125],"texture":"#9"},"west":{"uv":[2,4,2.5,6.125],"texture":"#9"},"up":{"uv":[1,7,0.5,6.5],"texture":"#9"},"down":{"uv":[1.5,6.5,1,7],"texture":"#9"}}},{"from":[6.4,12.525,7.4],"to":[7.6,13.1,8.6],"rotation":{"angle":45,"axis":"z","origin":[7,12.8125,8]},"faces":{"north":{"uv":[7,1,7.625,1.25],"texture":"#9"},"east":{"uv":[1.5,7,2.125,7.25],"texture":"#9"},"south":{"uv":[7,1.5,7.625,1.75],"texture":"#9"},"west":{"uv":[7,2,7.625,2.25],"texture":"#9"},"up":{"uv":[6.625,5.625,6,5],"texture":"#9"},"down":{"uv":[6.625,6,6,6.625],"texture":"#9"}}},{"from":[7.3,7,7.5],"to":[8.3,12.6,8.5],"rotation":{"angle":45,"axis":"z","origin":[7.3,11.8,7.5]},"faces":{"north":{"uv":[2.5,3,3,5.75],"texture":"#9"},"east":{"uv":[3.5,0,4,2.75],"texture":"#9"},"south":{"uv":[3.5,3,4,5.75],"texture":"#9"},"west":{"uv":[4,0,4.5,2.75],"texture":"#9"},"up":{"uv":[2,7,1.5,6.5],"texture":"#9"},"down":{"uv":[2.5,6.5,2,7],"texture":"#9"}}},{"from":[8.5,5.5,7.4],"to":[9.7,6.075,8.575],"rotation":{"angle":0,"axis":"y","origin":[8.6,1.1,7.5]},"faces":{"north":{"uv":[4,6.5,4.625,6.75],"texture":"#9"},"east":{"uv":[7,0,7.625,0.25],"texture":"#9"},"south":{"uv":[0.5,7,1.125,7.25],"texture":"#9"},"west":{"uv":[7,0.5,7.625,0.75],"texture":"#9"},"up":{"uv":[6.625,4.625,6,4],"texture":"#9"},"down":{"uv":[5.625,6,5,6.625],"texture":"#9"}}},{"from":[8.5,1.8,7.4],"to":[9.7,2.375,8.575],"rotation":{"angle":0,"axis":"y","origin":[8.6,-2.6,7.5]},"faces":{"north":{"uv":[4,6.5,4.625,6.75],"texture":"#9"},"east":{"uv":[7,0,7.625,0.25],"texture":"#9"},"south":{"uv":[0.5,7,1.125,7.25],"texture":"#9"},"west":{"uv":[7,0.5,7.625,0.75],"texture":"#9"},"up":{"uv":[6.625,4.625,6,4],"texture":"#9"},"down":{"uv":[5.625,6,5,6.625],"texture":"#9"}}},{"from":[8.61716,5.4,7.375],"to":[9.81716,6.6,8.6],"rotation":{"angle":45,"axis":"z","origin":[8.81716,6,8]},"faces":{"north":{"uv":[4,4.5,4.625,5.125],"texture":"#9"},"east":{"uv":[5,0,5.625,0.625],"texture":"#9"},"south":{"uv":[5,1,5.625,1.625],"texture":"#9"},"west":{"uv":[5,2,5.625,2.625],"texture":"#9"},"up":{"uv":[5.625,3.625,5,3],"texture":"#9"},"down":{"uv":[5.625,4,5,4.625],"texture":"#9"}}},{"from":[11.425,9.9,7.975],"to":[14.825,13.3,7.975],"rotation":{"angle":0,"axis":"y","origin":[12.225,7.3,8.075]},"faces":{"north":{"uv":[13.95,1.025,2.5,11.96875],"texture":"#2"},"east":{"uv":[16,14.55625,13.55,16],"texture":"#2"},"south":{"uv":[2.5,1.025,13.95,11.96875],"texture":"#2"},"west":{"uv":[16,13.55625,13.55,16],"texture":"#2"},"up":{"uv":[16,14.05625,13.55,16],"texture":"#2"},"down":{"uv":[16,14.55625,13.55,16],"texture":"#2"}}},{"from":[2.425,-4.6,7.975],"to":[5.825,-1.2,7.975],"rotation":{"angle":0,"axis":"y","origin":[3.225,-7.2,8.075]},"faces":{"north":{"uv":[13.95,1.025,2.5,11.96875],"texture":"#3"},"east":{"uv":[16,14.55625,13.55,16],"texture":"#3"},"south":{"uv":[2.5,1.025,13.95,11.96875],"texture":"#3"},"west":{"uv":[16,13.55625,13.55,16],"texture":"#3"},"up":{"uv":[16,14.05625,13.55,16],"texture":"#3"},"down":{"uv":[16,14.55625,13.55,16],"texture":"#3"}}},{"from":[4.175,12,7.325],"to":[8.075,14.1,7.325],"rotation":{"angle":0,"axis":"y","origin":[6.125,13.05,7.325]},"faces":{"north":{"uv":[0.5,3,2.475,3.975],"texture":"#9"},"east":{"uv":[0.5,3,2.475,3.975],"texture":"#9"},"south":{"uv":[2.475,3,0.5,3.975],"texture":"#9"},"west":{"uv":[0.5,3,2.475,3.975],"texture":"#9"},"up":{"uv":[0.5,3,2.475,3.975],"texture":"#9"},"down":{"uv":[0.5,3,2.475,3.975],"texture":"#9"}}},{"from":[4.175,12,8.625],"to":[8.075,14.1,8.625],"rotation":{"angle":0,"axis":"y","origin":[6.125,13.05,8.625]},"faces":{"north":{"uv":[0.5,3,2.475,3.975],"texture":"#9"},"east":{"uv":[0.5,3,2.475,3.975],"texture":"#9"},"south":{"uv":[2.475,3,0.5,3.975],"texture":"#9"},"west":{"uv":[0.5,3,2.475,3.975],"texture":"#9"},"up":{"uv":[0.5,3,2.475,3.975],"texture":"#9"},"down":{"uv":[0.5,3,2.475,3.975],"texture":"#9"}}},{"from":[9.7,6.25,7.5],"to":[10.7,8.55,8.5],"rotation":{"angle":-45,"axis":"z","origin":[10.2,7.4,8]},"faces":{"north":{"uv":[4,3,4.5,4.125],"texture":"#9"},"east":{"uv":[4.5,0,5,1.125],"texture":"#9"},"south":{"uv":[4.5,1.5,5,2.625],"texture":"#9"},"west":{"uv":[4.5,3,5,4.125],"texture":"#9"},"up":{"uv":[2,7,1.5,6.5],"texture":"#9"},"down":{"uv":[2.5,6.5,2,7],"texture":"#9"}}},{"from":[10.7,7.86716,7.375],"to":[11.9,9.06716,8.6],"rotation":{"angle":-45,"axis":"z","origin":[11.3,8.46716,7.9875]},"faces":{"north":{"uv":[5,5,5.625,5.625],"texture":"#9"},"east":{"uv":[4,5.5,4.625,6.125],"texture":"#9"},"south":{"uv":[6,0,6.625,0.625],"texture":"#9"},"west":{"uv":[6,1,6.625,1.625],"texture":"#9"},"up":{"uv":[6.625,2.625,6,2],"texture":"#9"},"down":{"uv":[6.625,3,6,3.625],"texture":"#9"}}},{"from":[11.30408,8.74445,7.45],"to":[12.37908,9.14445,8.55],"rotation":{"angle":-45,"axis":"z","origin":[11.95408,8.94445,7.7]},"faces":{"north":{"uv":[2.5,7,3,7.25],"texture":"#9"},"east":{"uv":[7,2.5,7.5,2.75],"texture":"#9"},"south":{"uv":[7,3,7.5,3.25],"texture":"#9"},"west":{"uv":[3.5,7,4,7.25],"texture":"#9"},"up":{"uv":[3,6.5,2.5,6],"texture":"#9"},"down":{"uv":[4,6,3.5,6.5],"texture":"#9"}}},{"from":[11.25408,7.80555,7.45],"to":[12.32908,8.20555,8.55],"rotation":{"angle":45,"axis":"z","origin":[11.90408,8.00555,7.7]},"faces":{"north":{"uv":[7,3.5,7.5,3.75],"texture":"#9"},"east":{"uv":[4,7,4.5,7.25],"texture":"#9"},"south":{"uv":[7,4,7.5,4.25],"texture":"#9"},"west":{"uv":[4.5,7,5,7.25],"texture":"#9"},"up":{"uv":[3,7,2.5,6.5],"texture":"#9"},"down":{"uv":[4,6.5,3.5,7],"texture":"#9"}}},{"from":[8.4,7.85,8],"to":[11.4,13.55,8],"rotation":{"angle":45,"axis":"z","origin":[9.9,10.7,8]},"faces":{"north":{"uv":[0,0,1.5,2.875],"texture":"#9"},"east":{"uv":[0,0,0,2.875],"texture":"#9"},"south":{"uv":[1.5,0,3,2.875],"texture":"#9"},"west":{"uv":[0,0,0,2.875],"texture":"#9"},"up":{"uv":[1.5,2.875,0,0],"texture":"#9"},"down":{"uv":[1.5,0,0,2.875],"texture":"#9"}}},{"from":[4.175,-6.2,7.325],"to":[8.075,-4.1,7.325],"rotation":{"angle":0,"axis":"y","origin":[6.125,-5.15,7.325]},"faces":{"north":{"uv":[0.5,3.975,2.475,3],"texture":"#9"},"east":{"uv":[0.5,3.975,2.475,3],"texture":"#9"},"south":{"uv":[2.475,3.975,0.5,3],"texture":"#9"},"west":{"uv":[0.5,3.975,2.475,3],"texture":"#9"},"up":{"uv":[0.5,3.975,2.475,3],"texture":"#9"},"down":{"uv":[0.5,3.975,2.475,3],"texture":"#9"}}},{"from":[11.30408,-1.24445,7.45],"to":[12.37908,-0.84445,8.55],"rotation":{"angle":45,"axis":"z","origin":[11.95408,-1.04445,7.7]},"faces":{"north":{"uv":[2.5,7.25,3,7],"texture":"#9"},"east":{"uv":[7,2.75,7.5,2.5],"texture":"#9"},"south":{"uv":[7,3.25,7.5,3],"texture":"#9"},"west":{"uv":[3.5,7.25,4,7],"texture":"#9"},"up":{"uv":[4,6.5,3.5,6],"texture":"#9"},"down":{"uv":[3,6,2.5,6.5],"texture":"#9"}}},{"from":[8.4,-5.65,8],"to":[11.4,0.05,8],"rotation":{"angle":-45,"axis":"z","origin":[9.9,-2.8,8]},"faces":{"north":{"uv":[0,2.875,1.5,0],"texture":"#9"},"east":{"uv":[0,2.875,0,0],"texture":"#9"},"south":{"uv":[1.5,2.875,3,0],"texture":"#9"},"west":{"uv":[0,2.875,0,0],"texture":"#9"},"up":{"uv":[1.5,2.875,0,0],"texture":"#9"},"down":{"uv":[1.5,0,0,2.875],"texture":"#9"}}},{"from":[8.61716,1.3,7.375],"to":[9.81716,2.5,8.6],"rotation":{"angle":-45,"axis":"z","origin":[8.81716,1.9,8]},"faces":{"north":{"uv":[4,5.125,4.625,4.5],"texture":"#9"},"east":{"uv":[5,0.625,5.625,0],"texture":"#9"},"south":{"uv":[5,1.625,5.625,1],"texture":"#9"},"west":{"uv":[5,2.625,5.625,2],"texture":"#9"},"up":{"uv":[5.625,4.625,5,4],"texture":"#9"},"down":{"uv":[5.625,3,5,3.625],"texture":"#9"}}},{"from":[10.7,-1.16716,7.375],"to":[11.9,0.03284,8.6],"rotation":{"angle":45,"axis":"z","origin":[11.3,-0.56716,7.9875]},"faces":{"north":{"uv":[5,5.625,5.625,5],"texture":"#9"},"east":{"uv":[4,6.125,4.625,5.5],"texture":"#9"},"south":{"uv":[6,0.625,6.625,0],"texture":"#9"},"west":{"uv":[6,1.625,6.625,1],"texture":"#9"},"up":{"uv":[6.625,3.625,6,3],"texture":"#9"},"down":{"uv":[6.625,2,6,2.625],"texture":"#9"}}},{"from":[9.7,-0.65,7.5],"to":[10.7,1.65,8.5],"rotation":{"angle":45,"axis":"z","origin":[10.2,0.5,8]},"faces":{"north":{"uv":[4,4.125,4.5,3],"texture":"#9"},"east":{"uv":[4.5,1.125,5,0],"texture":"#9"},"south":{"uv":[4.5,2.625,5,1.5],"texture":"#9"},"west":{"uv":[4.5,4.125,5,3],"texture":"#9"},"up":{"uv":[2.5,7,2,6.5],"texture":"#9"},"down":{"uv":[2,6.5,1.5,7],"texture":"#9"}}},{"from":[7.3,-4.7,7.5],"to":[8.3,0.9,8.5],"rotation":{"angle":-45,"axis":"z","origin":[7.3,-3.9,7.5]},"faces":{"north":{"uv":[2.5,5.75,3,3],"texture":"#9"},"east":{"uv":[3.5,2.75,4,0],"texture":"#9"},"south":{"uv":[3.5,5.75,4,3],"texture":"#9"},"west":{"uv":[4,2.75,4.5,0],"texture":"#9"},"up":{"uv":[2.5,7,2,6.5],"texture":"#9"},"down":{"uv":[2,6.5,1.5,7],"texture":"#9"}}},{"from":[6.4,-5.2,7.4],"to":[7.6,-4.625,8.6],"rotation":{"angle":-45,"axis":"z","origin":[7,-4.9125,8]},"faces":{"north":{"uv":[7,1.25,7.625,1],"texture":"#9"},"east":{"uv":[1.5,7.25,2.125,7],"texture":"#9"},"south":{"uv":[7,1.75,7.625,1.5],"texture":"#9"},"west":{"uv":[7,2.25,7.625,2],"texture":"#9"},"up":{"uv":[6.625,6.625,6,6],"texture":"#9"},"down":{"uv":[6.625,5,6,5.625],"texture":"#9"}}},{"from":[11.25408,-0.30555,7.45],"to":[12.32908,0.09445,8.55],"rotation":{"angle":-45,"axis":"z","origin":[11.90408,-0.10555,7.7]},"faces":{"north":{"uv":[7,3.75,7.5,3.5],"texture":"#9"},"east":{"uv":[4,7.25,4.5,7],"texture":"#9"},"south":{"uv":[7,4.25,7.5,4],"texture":"#9"},"west":{"uv":[4.5,7.25,5,7],"texture":"#9"},"up":{"uv":[4,7,3.5,6.5],"texture":"#9"},"down":{"uv":[3,6.5,2.5,7],"texture":"#9"}}},{"from":[4.175,-6.2,8.625],"to":[8.075,-4.1,8.625],"rotation":{"angle":0,"axis":"y","origin":[6.125,-5.15,8.625]},"faces":{"north":{"uv":[0.5,3.975,2.475,3],"texture":"#9"},"east":{"uv":[0.5,3.975,2.475,3],"texture":"#9"},"south":{"uv":[2.475,3.975,0.5,3],"texture":"#9"},"west":{"uv":[0.5,3.975,2.475,3],"texture":"#9"},"up":{"uv":[0.5,3.975,2.475,3],"texture":"#9"},"down":{"uv":[0.5,3.975,2.475,3],"texture":"#9"}}},{"from":[6.2,-5.45,8],"to":[6.7,13.55,8],"rotation":{"angle":0,"axis":"z","origin":[6.3,10.7,8]},"faces":{"north":{"uv":[0,3,0.25,12.5],"texture":"#9"},"east":{"uv":[0,3,0.25,12.5],"texture":"#9"},"south":{"uv":[3,0,3.25,9.5],"texture":"#9"},"west":{"uv":[0,3,0.25,12.5],"texture":"#9"},"up":{"uv":[0.25,12.5,0,3],"texture":"#9"},"down":{"uv":[0.25,3,0,12.5],"texture":"#9"}}},{"from":[3.775,5.2,7.7],"to":[12.775,13.2,8.4],"rotation":{"angle":0,"axis":"y","origin":[10.875,2.1,8]},"faces":{"north":{"uv":[0,0,16,16],"texture":"#1"},"east":{"uv":[15,15,16,16],"texture":"#1"},"south":{"uv":[16,0,0,16],"texture":"#1"},"west":{"uv":[14.5,14.5,16,16],"texture":"#1"},"up":{"uv":[14.5,14.5,16,16],"texture":"#1"},"down":{"uv":[14.5,14.5,16,16],"texture":"#1"}}},{"from":[3.775,-6.5,7.7],"to":[12.775,1.5,8.4],"rotation":{"angle":0,"axis":"y","origin":[10.875,-9.6,8]},"faces":{"north":{"uv":[0,0,16,16],"texture":"#1"},"east":{"uv":[15,15,16,16],"texture":"#1"},"south":{"uv":[16,0,0,16],"texture":"#1"},"west":{"uv":[14.5,14.5,16,16],"texture":"#1"},"up":{"uv":[14.5,14.5,16,16],"texture":"#1"},"down":{"uv":[14.5,14.5,16,16],"texture":"#1"}}},{"from":[10.325,4.9,8.025],"to":[13.025,8.6,8.025],"rotation":{"angle":0,"axis":"y","origin":[11.425,2.1,7.925]},"faces":{"north":{"uv":[8.125,4.8625,6.75,6.7375],"texture":"#9"},"east":{"uv":[8.125,4.8625,6.75,6.7375],"texture":"#9"},"south":{"uv":[6.75,4.8625,8.125,6.7375],"texture":"#9"},"west":{"uv":[8.125,4.8625,6.75,6.7375],"texture":"#9"},"up":{"uv":[8.125,4.8625,6.75,6.7375],"texture":"#9"},"down":{"uv":[8.125,4.8625,6.75,6.7375],"texture":"#9"}}},{"from":[7.525,-1.7,8.025],"to":[10.225,2,8.025],"rotation":{"angle":0,"axis":"y","origin":[8.625,-4.5,7.925]},"faces":{"north":{"uv":[8,4.8625,9.375,6.7375],"texture":"#9"},"east":{"uv":[8,4.8625,9.375,6.7375],"texture":"#9"},"south":{"uv":[9.375,4.8625,8,6.7375],"texture":"#9"},"west":{"uv":[8,4.8625,9.375,6.7375],"texture":"#9"},"up":{"uv":[8,4.8625,9.375,6.7375],"texture":"#9"},"down":{"uv":[8,4.8625,9.375,6.7375],"texture":"#9"}}}],"display":{"thirdperson_righthand":{"rotation":[75.35,-89.21,73.36],"translation":[0,2.25,2.75],"scale":[-1.1,1.1,1.1]},"thirdperson_lefthand":{"rotation":[24.73,88,-23.87],"translation":[0,2.5,2.75],"scale":[-1.1,1.1,1.1]},"firstperson_righthand":{"rotation":[-180,74.5,-180],"translation":[1.5,4.75,-0.25]},"firstperson_lefthand":{"rotation":[0,-74,0],"translation":[1.5,5.25,-0.25]},"ground":{"translation":[0,10.75,0]},"gui":{"rotation":[179.75,0.07,-135.75],"translation":[1.75,3,0],"scale":[0.8,0.8,0.8]},"fixed":{"translation":[0,12.5,-1.75],"scale":[3,3,3]}}}