{"textures​":{"layer0":"minecraft:item/rotten_flesh"},"credit":"Made with Blockbench","texture_size":[32,32],"\u0074\u0065\u0078\u0074\u0075\u0072\u0065\u0073":{"1":"\u006d\u0069\u0063\u006b\u0065\u0079\u0073\u0072:\u0070\u0061\u0072\u0074\u0079_\u0077\u0065\u0061\u0070\u006f\u006e_\u0073\u0065\u0074/\u0061\u006e\u0069\u006d\u0061\u0074\u0069\u006f\u006e_01","2":"\u006d\u0069\u0063\u006b\u0065\u0079\u0073\u0072:\u0070\u0061\u0072\u0074\u0079_\u0077\u0065\u0061\u0070\u006f\u006e_\u0073\u0065\u0074/\u0061\u006e\u0069\u006d\u0061\u0074\u0069\u006f\u006e_03","3":"\u006d\u0069\u0063\u006b\u0065\u0079\u0073\u0072:\u0070\u0061\u0072\u0074\u0079_\u0077\u0065\u0061\u0070\u006f\u006e_\u0073\u0065\u0074/\u0061\u006e\u0069\u006d\u0061\u0074\u0069\u006f\u006e_02","4":"\u006d\u0069\u0063\u006b\u0065\u0079\u0073\u0072:\u0070\u0061\u0072\u0074\u0079_\u0077\u0065\u0061\u0070\u006f\u006e_\u0073\u0065\u0074/\u0077\u0069\u006e\u0067","\u0070\u0061\u0072\u0074\u0069\u0063\u006c\u0065":"\u006d\u0069\u0063\u006b\u0065\u0079\u0073\u0072:\u0070\u0061\u0072\u0074\u0079_\u0077\u0065\u0061\u0070\u006f\u006e_\u0073\u0065\u0074/\u0061\u006e\u0069\u006d\u0061\u0074\u0069\u006f\u006e_01"},"elements":[{"from":[7.68407,0,8.0465],"to":[19.98407,20,8.0465],"rotation":{"angle":-22.5,"axis":"y","origin":[7.68407,0,8.0465]},"faces":{"north":{"uv":[0,0,6.125,10],"texture":"#4"},"east":{"uv":[0,0,6.125,10],"texture":"#4"},"south":{"uv":[6.5,0,12.625,10],"texture":"#4"},"west":{"uv":[0,0,6.125,10],"texture":"#4"},"up":{"uv":[6.125,10,0,0],"texture":"#4"},"down":{"uv":[6.125,0,0,10],"texture":"#4"}}},{"from":[-3.51593,0,10.4],"to":[8.78407,20,10.4],"rotation":{"angle":22.5,"axis":"y","origin":[2.63407,10,10.4]},"faces":{"north":{"uv":[6.5,0,12.625,10],"texture":"#4"},"east":{"uv":[6.5,0,12.625,10],"texture":"#4"},"south":{"uv":[0,0,6.125,10],"texture":"#4"},"west":{"uv":[6.5,0,12.625,10],"texture":"#4"},"up":{"uv":[12.625,10,6.5,0],"texture":"#4"},"down":{"uv":[12.625,0,6.5,10],"texture":"#4"}}},{"from":[9.525,7.1,8.825],"to":[12.225,10.8,8.825],"rotation":{"angle":0,"axis":"y","origin":[10.625,4.3,8.725]},"faces":{"north":{"uv":[0,11.5,1.375,13.375],"texture":"#4"},"east":{"uv":[0,11.5,1.375,13.375],"texture":"#4"},"south":{"uv":[11.5,10,12.875,11.875],"texture":"#4"},"west":{"uv":[0,11.5,1.375,13.375],"texture":"#4"},"up":{"uv":[1.375,13.375,0,11.5],"texture":"#4"},"down":{"uv":[1.375,11.5,0,13.375],"texture":"#4"}}},{"from":[3.625,7.2,8.825],"to":[6.325,10.9,8.825],"rotation":{"angle":0,"axis":"y","origin":[4.725,4.4,8.725]},"faces":{"north":{"uv":[8.5,10,9.875,11.875],"texture":"#4"},"east":{"uv":[8.5,10,9.875,11.875],"texture":"#4"},"south":{"uv":[10,10,11.375,11.875],"texture":"#4"},"west":{"uv":[8.5,10,9.875,11.875],"texture":"#4"},"up":{"uv":[9.875,11.875,8.5,10],"texture":"#4"},"down":{"uv":[9.875,10,8.5,11.875],"texture":"#4"}}},{"from":[7.975,4.6,8.926],"to":[10.675,8.3,8.926],"rotation":{"angle":0,"axis":"y","origin":[9.075,1.8,8.826]},"faces":{"north":{"uv":[5.5,10,6.875,11.875],"texture":"#4"},"east":{"uv":[5.5,10,6.875,11.875],"texture":"#4"},"south":{"uv":[7,10,8.375,11.875],"texture":"#4"},"west":{"uv":[5.5,10,6.875,11.875],"texture":"#4"},"up":{"uv":[6.875,11.875,5.5,10],"texture":"#4"},"down":{"uv":[6.875,10,5.5,11.875],"texture":"#4"}}},{"from":[5.275,4.6,8.925],"to":[7.975,8.3,8.925],"rotation":{"angle":0,"axis":"y","origin":[6.875,1.8,8.825]},"faces":{"north":{"uv":[2.5,10,3.875,11.875],"texture":"#4"},"east":{"uv":[2.5,10,3.875,11.875],"texture":"#4"},"south":{"uv":[4,10,5.375,11.875],"texture":"#4"},"west":{"uv":[2.5,10,3.875,11.875],"texture":"#4"},"up":{"uv":[3.875,11.875,2.5,10],"texture":"#4"},"down":{"uv":[3.875,10,2.5,11.875],"texture":"#4"}}},{"from":[5.84275,11.23053,8.25],"to":[6.24275,12.30553,9.35],"rotation":{"angle":22.5,"axis":"z","origin":[5.64275,11.80553,8.8]},"faces":{"north":{"uv":[4.5,14,4.75,14.5],"texture":"#4"},"east":{"uv":[13.5,9,14,9.5],"texture":"#4"},"south":{"uv":[14,4.5,14.25,5],"texture":"#4"},"west":{"uv":[9.5,13.5,10,14],"texture":"#4"},"up":{"uv":[5.25,14.5,5,14],"texture":"#4"},"down":{"uv":[14.25,5,14,5.5],"texture":"#4"}}},{"from":[5.32396,9.84744,8.35],"to":[5.72396,10.79744,9.25],"rotation":{"angle":45,"axis":"z","origin":[4.62396,10.39744,8.8]},"faces":{"north":{"uv":[3.5,14,3.75,14.5],"texture":"#4"},"east":{"uv":[8,13.5,8.5,14],"texture":"#4"},"south":{"uv":[14,3.5,14.25,4],"texture":"#4"},"west":{"uv":[8.5,13.5,9,14],"texture":"#4"},"up":{"uv":[4.25,14.5,4,14],"texture":"#4"},"down":{"uv":[14.25,4,14,4.5],"texture":"#4"}}},{"from":[4.32821,9.72976,8.55],"to":[5.32821,10.12976,9.05],"rotation":{"angle":-22.5,"axis":"z","origin":[4.72821,9.42976,8.8]},"faces":{"north":{"uv":[2,14,2.5,14.25],"texture":"#4"},"east":{"uv":[6,14,6.25,14.25],"texture":"#4"},"south":{"uv":[14,2,14.5,2.25],"texture":"#4"},"west":{"uv":[14,6,14.25,6.25],"texture":"#4"},"up":{"uv":[14.5,2.75,14,2.5],"texture":"#4"},"down":{"uv":[14.5,3,14,3.25],"texture":"#4"}}},{"from":[6.07528,12.04743,8.25],"to":[8.27528,13.24743,9.35],"rotation":{"angle":22.5,"axis":"z","origin":[7.67528,12.64743,8.8]},"faces":{"north":{"uv":[6.5,12,7.625,12.625],"texture":"#4"},"east":{"uv":[13,11,13.5,11.625],"texture":"#4"},"south":{"uv":[8,12,9.125,12.625],"texture":"#4"},"west":{"uv":[11.5,13,12,13.625],"texture":"#4"},"up":{"uv":[10.625,13,9.5,12.5],"texture":"#4"},"down":{"uv":[12.125,12.5,11,13],"texture":"#4"}}},{"from":[5.31391,10.78739,8.35],"to":[6.71391,11.88739,9.25],"rotation":{"angle":45,"axis":"z","origin":[5.61391,11.38739,8.8]},"faces":{"north":{"uv":[13,7.5,13.75,8],"texture":"#4"},"east":{"uv":[13.5,6.5,14,7],"texture":"#4"},"south":{"uv":[8,13,8.75,13.5],"texture":"#4"},"west":{"uv":[13.5,7,14,7.5],"texture":"#4"},"up":{"uv":[13.75,8.5,13,8],"texture":"#4"},"down":{"uv":[13.75,8.5,13,9],"texture":"#4"}}},{"from":[4.86396,10.02319,8.55],"to":[5.86396,11.42319,9.05],"rotation":{"angle":-22.5,"axis":"z","origin":[5.26396,10.72319,8.8]},"faces":{"north":{"uv":[7,13,7.5,13.75],"texture":"#4"},"east":{"uv":[11,13.5,11.25,14.25],"texture":"#4"},"south":{"uv":[7.5,13,8,13.75],"texture":"#4"},"west":{"uv":[13.5,11,13.75,11.75],"texture":"#4"},"up":{"uv":[2,14.25,1.5,14],"texture":"#4"},"down":{"uv":[14.5,1.5,14,1.75],"texture":"#4"}}},{"from":[5.75,11.7,9.675],"to":[10.25,14.1,9.675],"rotation":{"angle":0,"axis":"y","origin":[8.95,7.3,9.775]},"faces":{"north":{"uv":[0,10,2.25,11.25],"texture":"#4"},"east":{"uv":[0,10,2.25,11.25],"texture":"#4"},"south":{"uv":[0,10,2.25,11.25],"texture":"#4"},"west":{"uv":[0,10,2.25,11.25],"texture":"#4"},"up":{"uv":[2.25,11.25,0,10],"texture":"#4"},"down":{"uv":[2.25,10,0,11.25],"texture":"#4"}}},{"from":[5.75,11.7,8.175],"to":[10.25,14.1,8.175],"rotation":{"angle":0,"axis":"y","origin":[8.95,7.3,8.275]},"faces":{"north":{"uv":[0,10,2.25,11.25],"texture":"#4"},"east":{"uv":[0,10,2.25,11.25],"texture":"#4"},"south":{"uv":[0,10,2.25,11.25],"texture":"#4"},"west":{"uv":[0,10,2.25,11.25],"texture":"#4"},"up":{"uv":[2.25,11.25,0,10],"texture":"#4"},"down":{"uv":[2.25,10,0,11.25],"texture":"#4"}}},{"from":[7.4,11.5,8.2],"to":[8.6,12.5,9.4],"rotation":{"angle":0,"axis":"y","origin":[7.5,7.1,8.3]},"faces":{"north":{"uv":[9.5,13,10.125,13.5],"texture":"#4"},"east":{"uv":[13,10,13.625,10.5],"texture":"#4"},"south":{"uv":[10.5,13,11.125,13.5],"texture":"#4"},"west":{"uv":[13,10.5,13.625,11],"texture":"#4"},"up":{"uv":[13.625,4.625,13,4],"texture":"#4"},"down":{"uv":[5.125,13,4.5,13.625],"texture":"#4"}}},{"from":[10.13604,10.02319,8.55],"to":[11.13604,11.42319,9.05],"rotation":{"angle":22.5,"axis":"z","origin":[10.73604,10.72319,8.8]},"faces":{"north":{"uv":[6.5,13,7,13.75],"texture":"#4"},"east":{"uv":[10,13.5,10.25,14.25],"texture":"#4"},"south":{"uv":[13,6.5,13.5,7.25],"texture":"#4"},"west":{"uv":[10.5,13.5,10.75,14.25],"texture":"#4"},"up":{"uv":[1.5,14.25,1,14],"texture":"#4"},"down":{"uv":[14.5,1,14,1.25],"texture":"#4"}}},{"from":[9.28609,10.78739,8.35],"to":[10.68609,11.88739,9.25],"rotation":{"angle":-45,"axis":"z","origin":[10.38609,11.38739,8.8]},"faces":{"north":{"uv":[13,5,13.75,5.5],"texture":"#4"},"east":{"uv":[5.5,13.5,6,14],"texture":"#4"},"south":{"uv":[5.5,13,6.25,13.5],"texture":"#4"},"west":{"uv":[6,13.5,6.5,14],"texture":"#4"},"up":{"uv":[13.75,6,13,5.5],"texture":"#4"},"down":{"uv":[13.75,6,13,6.5],"texture":"#4"}}},{"from":[7.72472,12.04743,8.25],"to":[9.92472,13.24743,9.35],"rotation":{"angle":-22.5,"axis":"z","origin":[8.32472,12.64743,8.8]},"faces":{"north":{"uv":[3.5,12,4.625,12.625],"texture":"#4"},"east":{"uv":[9,13,9.5,13.625],"texture":"#4"},"south":{"uv":[5,12,6.125,12.625],"texture":"#4"},"west":{"uv":[13,9,13.5,9.625],"texture":"#4"},"up":{"uv":[10.625,12.5,9.5,12],"texture":"#4"},"down":{"uv":[12.125,12,11,12.5],"texture":"#4"}}},{"from":[10.67179,9.72976,8.55],"to":[11.67179,10.12976,9.05],"rotation":{"angle":22.5,"axis":"z","origin":[11.27179,9.42976,8.8]},"faces":{"north":{"uv":[0,14,0.5,14.25],"texture":"#4"},"east":{"uv":[5.5,14,5.75,14.25],"texture":"#4"},"south":{"uv":[14,0,14.5,0.25],"texture":"#4"},"west":{"uv":[14,5.5,14.25,5.75],"texture":"#4"},"up":{"uv":[1,14.25,0.5,14],"texture":"#4"},"down":{"uv":[14.5,0.5,14,0.75],"texture":"#4"}}},{"from":[10.27604,9.84744,8.35],"to":[10.67604,10.79744,9.25],"rotation":{"angle":-45,"axis":"z","origin":[11.37604,10.39744,8.8]},"faces":{"north":{"uv":[13.5,12.5,13.75,13],"texture":"#4"},"east":{"uv":[0.5,13.5,1,14],"texture":"#4"},"south":{"uv":[13,13.5,13.25,14],"texture":"#4"},"west":{"uv":[1,13.5,1.5,14],"texture":"#4"},"up":{"uv":[13.75,13.5,13.5,13],"texture":"#4"},"down":{"uv":[13.75,13.5,13.5,14],"texture":"#4"}}},{"from":[9.75725,11.23053,8.25],"to":[10.15725,12.30553,9.35],"rotation":{"angle":-22.5,"axis":"z","origin":[10.35725,11.80553,8.8]},"faces":{"north":{"uv":[13.5,9.5,13.75,10],"texture":"#4"},"east":{"uv":[13,13,13.5,13.5],"texture":"#4"},"south":{"uv":[12,13.5,12.25,14],"texture":"#4"},"west":{"uv":[0,13.5,0.5,14],"texture":"#4"},"up":{"uv":[13.75,12.5,13.5,12],"texture":"#4"},"down":{"uv":[12.75,13.5,12.5,14],"texture":"#4"}}},{"from":[7.51716,11.7,8.15],"to":[8.71716,12.9,9.45],"rotation":{"angle":45,"axis":"z","origin":[7.71716,12.3,8.8]},"faces":{"north":{"uv":[12.5,12,13.125,12.625],"texture":"#4"},"east":{"uv":[13,0,13.625,0.625],"texture":"#4"},"south":{"uv":[13,1,13.625,1.625],"texture":"#4"},"west":{"uv":[13,2,13.625,2.625],"texture":"#4"},"up":{"uv":[13.625,3.625,13,3],"texture":"#4"},"down":{"uv":[4.125,13,3.5,13.625],"texture":"#4"}}},{"from":[7.5,6.7,8.3],"to":[8.5,11.5,9.3],"rotation":{"angle":0,"axis":"y","origin":[7.5,6.7,8.3]},"faces":{"north":{"uv":[1.5,11.5,2,13.875],"texture":"#4"},"east":{"uv":[2,11.5,2.5,13.875],"texture":"#4"},"south":{"uv":[2.5,12,3,14.375],"texture":"#4"},"west":{"uv":[3,12,3.5,14.375],"texture":"#4"},"up":{"uv":[12.5,13.5,12,13],"texture":"#4"},"down":{"uv":[13,13,12.5,13.5],"texture":"#4"}}},{"from":[1.525,10.7,9.275],"to":[4.925,14.1,10.775],"rotation":{"angle":0,"axis":"y","origin":[2.325,8.1,8.475]},"faces":{"north":{"uv":[13.95,1.025,2.5,11.96875],"texture":"#3"},"east":{"uv":[16,14.55625,13.55,16],"texture":"#3"},"south":{"uv":[2.5,1.025,13.95,11.96875],"texture":"#3"},"west":{"uv":[16,13.55625,13.55,16],"texture":"#3"},"up":{"uv":[16,14.05625,13.55,16],"texture":"#3"},"down":{"uv":[16,14.55625,13.55,16],"texture":"#3"}}},{"from":[10.575,0.8,10.7],"to":[19.575,8.8,11.4],"rotation":{"angle":0,"axis":"y","origin":[17.675,-2.3,11]},"faces":{"north":{"uv":[0,0,16,16],"texture":"#1"},"east":{"uv":[15,15,16,16],"texture":"#1"},"south":{"uv":[16,0,0,16],"texture":"#1"},"west":{"uv":[14.5,14.5,16,16],"texture":"#1"},"up":{"uv":[14.5,14.5,16,16],"texture":"#1"},"down":{"uv":[14.5,14.5,16,16],"texture":"#1"}}},{"from":[-3.575,0.8,10.7],"to":[5.425,8.8,11.4],"rotation":{"angle":0,"axis":"y","origin":[-1.675,-2.3,11]},"faces":{"north":{"uv":[16,0,0,16],"texture":"#1"},"east":{"uv":[16,14.5,14.5,16],"texture":"#1"},"south":{"uv":[0,0,16,16],"texture":"#1"},"west":{"uv":[16,15,15,16],"texture":"#1"},"up":{"uv":[16,14.5,14.5,16],"texture":"#1"},"down":{"uv":[16,14.5,14.5,16],"texture":"#1"}}},{"from":[14.525,10.3,7.875],"to":[18.125,13.8,12.775],"rotation":{"angle":0,"axis":"y","origin":[15.325,7.9,7.975]},"faces":{"north":{"uv":[13.95,1.025,2.5,11.96875],"texture":"#2"},"east":{"uv":[16,14.05625,13.55,16],"texture":"#2"},"south":{"uv":[2.5,1.025,13.95,11.96875],"texture":"#2"},"west":{"uv":[16,14.55625,13.55,16],"texture":"#2"},"up":{"uv":[16,14.05625,14.05,16],"texture":"#2"},"down":{"uv":[16,15.05625,14.05,16],"texture":"#2"}}}],"display":{"thirdperson_righthand":{"scale":[0.5,0.5,0.5]},"thirdperson_lefthand":{"rotation":[67.5,0,0],"translation":[-6.5,-10.75,0.75],"scale":[2.1,2.1,2.1]},"firstperson_righthand":{"scale":[0.5,0.5,0.5]},"firstperson_lefthand":{"scale":[0,0,0]},"ground":{"translation":[0,8.5,0]},"gui":{"translation":[0,-1.75,0],"scale":[0.6,0.6,0.6]},"head":{"translation":[0,-24.25,6],"scale":[3,3,3]},"fixed":{"translation":[1.25,-11,-10.5],"scale":[4,4,4]}}}