{"credit":"Made with Blockbench","texture_size":[64,64],"textures":{"2":"slayer_collection:toffy_master_sword","3":"slayer_collection:toffy_master_sword_swirl"},"elements":[{"from":[7.4999,2,6.5001],"to":[8.4999,28,9.5001],"rotation":{"angle":0,"axis":"y","origin":[7.9999,6.69836,8]},"faces":{"north":{"uv":[2.5,0,2.75,6.5],"texture":"#2"},"east":{"uv":[0,0,0.75,6.5],"texture":"#2"},"south":{"uv":[2,0,2.25,6.5],"texture":"#2"},"west":{"uv":[1,0,1.75,6.5],"texture":"#2"},"up":{"uv":[7.25,4.25,6.5,4],"rotation":90,"texture":"#2"},"down":{"uv":[7.25,6,6.5,6.25],"rotation":270,"texture":"#2"}}},{"from":[7.4999,-5,6.5001],"to":[8.4999,0,9.5001],"rotation":{"angle":0,"axis":"y","origin":[7.9999,6.69836,8]},"faces":{"north":{"uv":[6,3,6.25,4.25],"texture":"#2"},"east":{"uv":[3,0,3.75,1.25],"texture":"#2"},"south":{"uv":[6,1.5,6.25,2.75],"texture":"#2"},"west":{"uv":[3,1.5,3.75,2.75],"texture":"#2"},"up":{"uv":[7.25,6.75,6.5,6.5],"rotation":90,"texture":"#2"},"down":{"uv":[0.75,6.75,0,7],"rotation":270,"texture":"#2"}}},{"from":[7.4999,25.80445,16.6127],"to":[8.4999,27.80445,17.5377],"rotation":{"angle":-22.5,"axis":"x","origin":[7.9999,6.69836,8]},"faces":{"north":{"uv":[5,7.25,5.25,7.75],"texture":"#2"},"east":{"uv":[6.5,1,6.75,1.5],"texture":"#2"},"south":{"uv":[7.25,3,7.5,3.5],"texture":"#2"},"west":{"uv":[6.75,1.75,7,2.25],"texture":"#2"},"up":{"uv":[8,0.25,7.5,0],"rotation":90,"texture":"#2"},"down":{"uv":[8,0.5,7.5,0.75],"rotation":270,"texture":"#2"}}},{"from":[7.4999,27.80445,16.6127],"to":[8.4999,28.80445,17.5377],"rotation":{"angle":-22.5,"axis":"x","origin":[7.9999,6.69836,8]},"faces":{"north":{"uv":[1,7.75,1.25,8],"texture":"#2"},"east":{"uv":[7.25,7.5,7.5,7.75],"texture":"#2"},"south":{"uv":[0,7.75,0.25,8],"texture":"#2"},"west":{"uv":[0.5,7.75,0.75,8],"texture":"#2"},"up":{"uv":[1.75,8,1.5,7.75],"rotation":90,"texture":"#2"},"down":{"uv":[8,1.5,7.75,1.75],"rotation":270,"texture":"#2"}}},{"from":[7.5249,27.80452,-1.53751],"to":[8.4749,28.80452,-0.61251],"rotation":{"angle":22.5,"axis":"x","origin":[7.9999,6.69836,8]},"faces":{"north":{"uv":[2,8,2.25,8.25],"texture":"#2"},"east":{"uv":[7.75,5.25,8,5.5],"texture":"#2"},"south":{"uv":[7.75,7.5,8,7.75],"texture":"#2"},"west":{"uv":[8,1,8.25,1.25],"texture":"#2"},"up":{"uv":[3.5,8.25,3.25,8],"rotation":90,"texture":"#2"},"down":{"uv":[5.25,8,5,8.25],"rotation":270,"texture":"#2"}}},{"from":[7.5249,25.80452,-1.53751],"to":[8.4749,27.80452,0.38749],"rotation":{"angle":22.5,"axis":"x","origin":[7.9999,6.69836,8]},"faces":{"north":{"uv":[2.75,7.5,3,8],"texture":"#2"},"east":{"uv":[6.5,2.5,7,3],"texture":"#2"},"south":{"uv":[5.5,7.25,5.75,7.75],"texture":"#2"},"west":{"uv":[6.5,3.25,7,3.75],"texture":"#2"},"up":{"uv":[3.75,7.75,3.25,7.5],"rotation":90,"texture":"#2"},"down":{"uv":[8,3.75,7.5,4],"rotation":270,"texture":"#2"}}},{"from":[7.5249,23.4718,24.77132],"to":[8.4749,23.9718,25.27132],"rotation":{"angle":-45,"axis":"x","origin":[7.9999,6.69836,8]},"faces":{"north":{"uv":[7.75,4.25,8,4.5],"texture":"#2"},"east":{"uv":[7.75,2,8,2.25],"texture":"#2"},"south":{"uv":[7.75,2.5,8,2.75],"texture":"#2"},"west":{"uv":[7.75,3,8,3.25],"texture":"#2"},"up":{"uv":[4.75,8,4.5,7.75],"rotation":90,"texture":"#2"},"down":{"uv":[8,4.75,7.75,5],"rotation":270,"texture":"#2"}}},{"from":[7.5249,-4.06889,0.0757],"to":[8.4749,-2.06889,3.0757],"rotation":{"angle":-22.5,"axis":"x","origin":[7.9999,6.69836,8]},"faces":{"north":{"uv":[6,7.5,6.25,8],"texture":"#2"},"east":{"uv":[5,3,5.75,3.5],"texture":"#2"},"south":{"uv":[4,7.5,4.25,8],"texture":"#2"},"west":{"uv":[5,3.75,5.75,4.25],"texture":"#2"},"up":{"uv":[7.5,4.75,6.75,4.5],"rotation":90,"texture":"#2"},"down":{"uv":[5.75,6.75,5,7],"rotation":270,"texture":"#2"}}},{"from":[7.9999,-0.21678,-3.44154],"to":[7.9999,4.78322,-0.44154],"rotation":{"angle":-45,"axis":"x","origin":[7.9999,6.69836,8]},"faces":{"north":{"uv":[5.75,8,5.75,9.25],"texture":"#2"},"east":{"uv":[4,1.5,4.75,2.75],"texture":"#2"},"south":{"uv":[5.5,8,5.5,9.25],"texture":"#2"},"west":{"uv":[4,3,4.75,4.25],"texture":"#2"},"up":{"uv":[7.25,8,6.5,8],"rotation":90,"texture":"#2"},"down":{"uv":[8.75,6.5,8,6.5],"rotation":270,"texture":"#2"}}},{"from":[7.5249,-4.06889,12.9243],"to":[8.4749,-2.06889,15.9243],"rotation":{"angle":22.5,"axis":"x","origin":[7.9999,6.69836,8]},"faces":{"north":{"uv":[4.25,7.5,4,8],"texture":"#2"},"east":{"uv":[5.75,3,5,3.5],"texture":"#2"},"south":{"uv":[6.25,7.5,6,8],"texture":"#2"},"west":{"uv":[5.75,3.75,5,4.25],"texture":"#2"},"up":{"uv":[6.75,4.75,7.5,4.5],"rotation":90,"texture":"#2"},"down":{"uv":[5,6.75,5.75,7],"rotation":270,"texture":"#2"}}},{"from":[7.9999,-0.21678,16.44154],"to":[7.9999,4.78322,19.44154],"rotation":{"angle":45,"axis":"x","origin":[7.9999,6.69836,8]},"faces":{"north":{"uv":[5.5,8,5.5,9.25],"texture":"#2"},"east":{"uv":[4.75,1.5,4,2.75],"texture":"#2"},"south":{"uv":[5.75,8,5.75,9.25],"texture":"#2"},"west":{"uv":[4.75,3,4,4.25],"texture":"#2"},"up":{"uv":[6.5,8,7.25,8],"rotation":90,"texture":"#2"},"down":{"uv":[8,6.5,8.75,6.5],"rotation":270,"texture":"#2"}}},{"from":[7.4999,0,6.0001],"to":[8.4999,2,10.0001],"rotation":{"angle":0,"axis":"y","origin":[7.9999,6.69836,8]},"faces":{"north":{"uv":[7.25,1.5,7.5,2],"texture":"#2"},"east":{"uv":[5,0,6,0.5],"texture":"#2"},"south":{"uv":[4.5,7,4.75,7.5],"texture":"#2"},"west":{"uv":[5,0.75,6,1.25],"texture":"#2"},"up":{"uv":[7.25,0.25,6.25,0],"rotation":90,"texture":"#2"},"down":{"uv":[7.25,0.5,6.25,0.75],"rotation":270,"texture":"#2"}}},{"from":[6.9999,-6,7.0001],"to":[8.9999,-5,9.0001],"rotation":{"angle":0,"axis":"y","origin":[7.9999,6.69836,8]},"faces":{"north":{"uv":[6.75,7,7.25,7.25],"texture":"#2"},"east":{"uv":[3,7,3.5,7.25],"texture":"#2"},"south":{"uv":[3.75,7,4.25,7.25],"texture":"#2"},"west":{"uv":[6,7,6.5,7.25],"texture":"#2"},"up":{"uv":[6.5,5,6,4.5],"rotation":90,"texture":"#2"},"down":{"uv":[5.5,6,5,6.5],"rotation":270,"texture":"#2"}}},{"from":[6.9999,-7,6.5001],"to":[8.9999,-6,9.5001],"rotation":{"angle":0,"axis":"y","origin":[7.9999,6.69836,8]},"faces":{"north":{"uv":[6.5,7.5,7,7.75],"texture":"#2"},"east":{"uv":[6.75,5,7.5,5.25],"texture":"#2"},"south":{"uv":[7.5,6,8,6.25],"texture":"#2"},"west":{"uv":[6.75,5.5,7.5,5.75],"texture":"#2"},"up":{"uv":[5.75,5,5,4.5],"rotation":90,"texture":"#2"},"down":{"uv":[5.75,5.25,5,5.75],"rotation":270,"texture":"#2"}}},{"from":[6.9999,-15,7.0001],"to":[8.9999,-14,9.0001],"rotation":{"angle":0,"axis":"y","origin":[7.9999,6.69836,8]},"faces":{"north":{"uv":[1.5,7.25,2,7.5],"texture":"#2"},"east":{"uv":[0,7.25,0.5,7.5],"texture":"#2"},"south":{"uv":[0.75,7.25,1.25,7.5],"texture":"#2"},"west":{"uv":[7.25,1,7.75,1.25],"texture":"#2"},"up":{"uv":[6.5,5.75,6,5.25],"rotation":90,"texture":"#2"},"down":{"uv":[6.25,6,5.75,6.5],"rotation":270,"texture":"#2"}}},{"from":[7.4999,-16,7.5001],"to":[8.4999,-7,8.5001],"rotation":{"angle":0,"axis":"y","origin":[7.9999,6.69836,8]},"faces":{"north":{"uv":[4.5,4.5,4.75,6.75],"texture":"#2"},"east":{"uv":[3,4.5,3.25,6.75],"texture":"#2"},"south":{"uv":[3.5,4.5,3.75,6.75],"texture":"#2"},"west":{"uv":[4,4.5,4.25,6.75],"texture":"#2"},"up":{"uv":[7.75,6.75,7.5,6.5],"rotation":90,"texture":"#2"},"down":{"uv":[7.75,7,7.5,7.25],"rotation":270,"texture":"#2"}}},{"from":[7.25,2,-6],"to":[7.25,32,22],"faces":{"north":{"uv":[0,0,0,8],"texture":"#3"},"east":{"uv":[0,0,0.25,0.25],"texture":"#3"},"south":{"uv":[0,0,0,8],"texture":"#3"},"west":{"uv":[0,0,16,16],"texture":"#3"},"up":{"uv":[0,0,0,8],"texture":"#3"},"down":{"uv":[0,0,0,8],"texture":"#3"}}},{"from":[8.75,2,-6],"to":[8.75,32,22],"rotation":{"angle":0,"axis":"y","origin":[16,0,0]},"faces":{"north":{"uv":[0,0,0,8],"texture":"#3"},"east":{"uv":[16,0,0,16],"texture":"#3"},"south":{"uv":[0,0,0,8],"texture":"#3"},"west":{"uv":[0.25,0,0,0.25],"texture":"#3"},"up":{"uv":[0,0,0,8],"texture":"#3"},"down":{"uv":[0,0,0,8],"texture":"#3"}}}],"display":{"thirdperson_righthand":{"translation":[0,12.5,1.5],"scale":[0.8,0.8,0.8]},"thirdperson_lefthand":{"translation":[0,12.5,1.5],"scale":[0.8,0.8,0.8]},"firstperson_righthand":{"translation":[0,7,0],"scale":[0.45,0.45,0.45]},"firstperson_lefthand":{"translation":[0,7,0],"scale":[0.45,0.45,0.45]},"ground":{"rotation":[45,0,0],"translation":[0,2.5,0],"scale":[0.3,0.3,0.3]},"gui":{"rotation":[54,45,107],"translation":[0.25,0.25,0],"scale":[0.4,-0.4,0.4]},"head":{"rotation":[93,34,91],"translation":[0,-13.5,3.75]},"fixed":{"rotation":[90,-45,90],"translation":[0,0,-0.5],"scale":[0.5,0.5,0.5]}}}