{"credit":"Made with Blockbench","texture_size":[32,32],"textures":{"2":"slayer_collection:sword19ani","3":"slayer_collection:sword191tex"},"elements":[{"from":[7,-13,7],"to":[9,-6,9],"faces":{"north":{"uv":[11,14,14.5,13],"rotation":90,"texture":"#3"},"east":{"uv":[11,15,14.5,14],"rotation":90,"texture":"#3"},"south":{"uv":[11,14,14.5,13],"rotation":90,"texture":"#3"},"west":{"uv":[11,15,14.5,14],"rotation":90,"texture":"#3"},"up":{"uv":[13.5,16,14.5,15],"rotation":90,"texture":"#3"},"down":{"uv":[13.5,16,14.5,15],"rotation":270,"texture":"#3"}}},{"from":[8,-10,8],"to":[14.5,-4,8],"faces":{"north":{"uv":[8,11.75,4.75,14.75],"texture":"#3"},"east":{"uv":[0.25,0,0.25,16],"texture":"#3"},"south":{"uv":[4.75,11.75,8,14.75],"texture":"#3"},"west":{"uv":[0.25,0,0.25,16],"texture":"#3"},"up":{"uv":[7.75,0,0,0],"texture":"#3"},"down":{"uv":[7.75,0,0,0],"texture":"#3"}}},{"from":[7,-14,8],"to":[13.5,-8,8],"faces":{"north":{"uv":[8,11.75,4.75,14.75],"texture":"#3"},"east":{"uv":[0.25,0,0.25,16],"texture":"#3"},"south":{"uv":[4.75,11.75,8,14.75],"texture":"#3"},"west":{"uv":[0.25,0,0.25,16],"texture":"#3"},"up":{"uv":[7.75,0,0,0],"texture":"#3"},"down":{"uv":[7.75,0,0,0],"texture":"#3"}}},{"from":[2,-8,8],"to":[17.5,24,8],"rotation":{"angle":0,"axis":"y","origin":[16,0,0]},"faces":{"north":{"uv":[0,0,7.75,16],"texture":"#3"},"east":{"uv":[0.25,0,0.25,16],"texture":"#3"},"south":{"uv":[7.75,0,0,16],"texture":"#3"},"west":{"uv":[0.25,0,0.25,16],"texture":"#3"},"up":{"uv":[0,0,7.75,0],"texture":"#3"},"down":{"uv":[0,0,7.75,0],"texture":"#3"}}},{"from":[6,24,8],"to":[13.5,32,8],"rotation":{"angle":0,"axis":"y","origin":[16,0,0]},"faces":{"north":{"uv":[10.25,0,14,4],"texture":"#3"},"east":{"uv":[0.25,0,0.25,4],"texture":"#3"},"south":{"uv":[14,0,10.25,4],"texture":"#3"},"west":{"uv":[0.25,0,0.25,4],"texture":"#3"},"up":{"uv":[0,0,7.75,0],"texture":"#3"},"down":{"uv":[0,0,7.75,0],"texture":"#3"}}},{"from":[6.25,-6.25,6.5],"to":[10.25,-2.25,9.5],"rotation":{"angle":-45,"axis":"z","origin":[8,-4,8]},"faces":{"north":{"uv":[5,4.5,1,8.5],"texture":"#2"},"east":{"uv":[1,11.5,5,8.5],"rotation":90,"texture":"#2"},"south":{"uv":[1,8.5,5,4.5],"rotation":90,"texture":"#2"},"west":{"uv":[5,11.5,2,15.5],"rotation":180,"texture":"#2"},"up":{"uv":[2,11.5,5,15.5],"rotation":90,"texture":"#2"},"down":{"uv":[5,8.5,1,11.5],"rotation":180,"texture":"#2"}}},{"from":[7,-9.25,7.25],"to":[8.5,-5.25,8.75],"rotation":{"angle":-45,"axis":"z","origin":[8,-4,8]},"faces":{"north":{"uv":[13,7.5,12.25,9.5],"texture":"#3"},"east":{"uv":[14.5,7.5,13.75,9.5],"texture":"#3"},"south":{"uv":[12.25,7.5,13,9.5],"texture":"#3"},"west":{"uv":[13.75,7.5,13,9.5],"rotation":180,"texture":"#3"},"up":{"uv":[13.75,9.5,14.5,10.25],"rotation":90,"texture":"#3"},"down":{"uv":[14.5,9.5,13.75,10.25],"rotation":180,"texture":"#3"}}},{"from":[1.61188,-8.00503,7.5],"to":[4.61188,-6.50503,8.5],"rotation":{"angle":0,"axis":"y","origin":[5.7,-8,8]},"faces":{"north":{"uv":[12.75,6,12,7.5],"rotation":270,"texture":"#3"},"east":{"uv":[13.25,9.5,13.75,10.25],"rotation":180,"texture":"#3"},"south":{"uv":[12.75,7.5,12,6],"rotation":270,"texture":"#3"},"west":{"uv":[13.25,9.5,13.75,10.25],"rotation":180,"texture":"#3"},"up":{"uv":[12,6,11.5,7.5],"rotation":270,"texture":"#3"},"down":{"uv":[13.25,6,12.75,7.5],"rotation":90,"texture":"#3"}}},{"from":[3,-13,8],"to":[7,-5.5,8],"rotation":{"angle":0,"axis":"y","origin":[5.7,-8,8]},"faces":{"north":{"uv":[10.25,4,14,6],"rotation":270,"texture":"#3"},"east":{"uv":[13.25,9.5,13.25,13.25],"rotation":180,"texture":"#3"},"south":{"uv":[14,4,10.25,6],"rotation":90,"texture":"#3"},"west":{"uv":[13.25,9.5,13.25,13.25],"rotation":180,"texture":"#3"},"up":{"uv":[12.75,6,12.75,8],"rotation":270,"texture":"#3"},"down":{"uv":[12.75,6,12.75,8],"rotation":90,"texture":"#3"}}},{"from":[1.59497,-8.01188,7.75],"to":[3.09497,-4.01188,8.25],"rotation":{"angle":22.5,"axis":"z","origin":[1.6,-8,8]},"faces":{"north":{"uv":[12.25,7.5,11.5,9.5],"rotation":180,"texture":"#3"},"east":{"uv":[11.25,11,11,13],"texture":"#3"},"south":{"uv":[11.5,7.5,12.25,9.5],"rotation":180,"texture":"#3"},"west":{"uv":[11.5,11,11.25,13],"rotation":180,"texture":"#3"},"up":{"uv":[13,10.25,13.25,9.5],"rotation":90,"texture":"#3"},"down":{"uv":[13.5,9.5,13.75,10.25],"rotation":270,"texture":"#3"}}},{"from":[7.25,-2.5,7.25],"to":[8.75,11.5,8.75],"faces":{"north":{"uv":[15.25,9,14.5,16],"texture":"#3"},"east":{"uv":[16,9,15.25,16],"rotation":180,"texture":"#3"},"south":{"uv":[14.5,9,15.25,16],"texture":"#3"},"west":{"uv":[16,9,15.25,16],"rotation":180,"texture":"#3"},"up":{"uv":[15.25,0.75,16,0],"rotation":90,"texture":"#3"},"down":{"uv":[15.25,0.75,16,0],"rotation":270,"texture":"#3"}}},{"from":[6.5,-15.5,6.5],"to":[9.5,-13,9.5],"faces":{"north":{"uv":[14.5,10.25,13,11.5],"texture":"#3"},"east":{"uv":[13,10.25,11.5,11.5],"texture":"#3"},"south":{"uv":[14.5,10.25,13,11.5],"texture":"#3"},"west":{"uv":[13,10.25,11.5,11.5],"texture":"#3"},"up":{"uv":[13,13,14.5,11.5],"rotation":90,"texture":"#3"},"down":{"uv":[11.5,13,13,11.5],"rotation":270,"texture":"#3"}}},{"from":[3,14,8.1],"to":[9,21,8.1],"faces":{"north":{"uv":[10,0,16,7],"texture":"#2"},"east":{"uv":[0,0,0,7],"texture":"#2"},"south":{"uv":[16,0,10,7],"texture":"#2"},"west":{"uv":[0,0,0,7],"texture":"#2"},"up":{"uv":[0,0,6,0],"texture":"#2"},"down":{"uv":[0,0,6,0],"texture":"#2"}}},{"from":[3,22,7.9],"to":[9,29,7.9],"rotation":{"angle":0,"axis":"y","origin":[0,0,16]},"faces":{"north":{"uv":[10,0,16,7],"texture":"#2"},"east":{"uv":[0,0,0,7],"texture":"#2"},"south":{"uv":[16,0,10,7],"texture":"#2"},"west":{"uv":[0,0,0,7],"texture":"#2"},"up":{"uv":[0,0,6,0],"texture":"#2"},"down":{"uv":[0,0,6,0],"texture":"#2"}}}],"gui_light":"front","display":{"thirdperson_righthand":{"rotation":[0,110,0],"translation":[0,10.5,1.75],"scale":[0.7,0.7,0.7]},"thirdperson_lefthand":{"rotation":[180,-110,180],"translation":[0,6,1.75],"scale":[0.7,0.7,0.7]},"firstperson_righthand":{"rotation":[-175.56,80,170],"translation":[0.5,5,0.5],"scale":[0.5,0.5,0.5]},"firstperson_lefthand":{"rotation":[-175.56,-88,-170],"translation":[0.5,5,0.5],"scale":[0.5,0.5,0.5]},"ground":{"rotation":[82,0,0],"translation":[0,-1.25,0],"scale":[0.5,0.5,0.5]},"gui":{"rotation":[-3,0,-45],"translation":[-0.25,-0.25,-2],"scale":[0.43375,0.43375,0.43375]},"head":{"rotation":[0,-18,105],"translation":[2.5,8.75,2.25],"scale":[0.73516,0.73516,0.73516]},"fixed":{"rotation":[0,0,45],"translation":[1.25,-0.5,-1.25],"scale":[0.96484,0.96484,0.96484]}}}