{
	"credit": "Made with Blockbench",
	"texture_size": [64, 64],
	"textures": {
		"0": "pheonixset:pheonixset/pheonix_wings",
		"2": "pheonixset:pheonixset/pheonix_bow",
		"4": "pheonixset:pheonixset/pheonix_eff_04",
		"particle": "pheonixset:pheonixset/pheonix_wings"
	},
	"elements": [
		{
			"from": [8, -5.00829, 0.77326],
			"to": [8, 20.49171, 18.27326],
			"rotation": {"angle": 0, "axis": "x", "origin": [7.55, 7.99171, 7.8]},
			"faces": {
				"north": {"uv": [0, 0, 0, 6.375], "texture": "#0"},
				"east": {"uv": [0, 0, 4.375, 6.375], "texture": "#2"},
				"south": {"uv": [0, 0, 0, 6.375], "texture": "#0"},
				"west": {"uv": [0, 0, 4.375, 6.375], "texture": "#2"},
				"up": {"uv": [0, 4.375, 0, 0], "texture": "#0"},
				"down": {"uv": [0, 0, 0, 4.375], "texture": "#0"}
			}
		},
		{
			"from": [7.34968, 7.69541, 6.23427],
			"to": [8.68968, 9.53541, 8.07427],
			"rotation": {"angle": -45, "axis": "x", "origin": [8, 8, 7.76968]},
			"faces": {
				"north": {"uv": [9.25, 9.5, 10.125, 10.375], "texture": "#0"},
				"east": {"uv": [3.75, 9, 4.625, 9.875], "texture": "#0"},
				"south": {"uv": [9.25, 7.5, 10.125, 8.375], "texture": "#0"},
				"west": {"uv": [9.25, 8.5, 10.125, 9.375], "texture": "#0"},
				"up": {"uv": [10.875, 0.875, 10, 0], "rotation": 90, "texture": "#0"},
				"down": {"uv": [10.875, 1, 10, 1.875], "rotation": 270, "texture": "#0"}
			}
		},
		{
			"from": [8.06936, 4.55643, 8.13919],
			"to": [8.18341, 4.67048, 9.45999],
			"rotation": {"angle": 0, "axis": "x", "origin": [7.99969, 3.84748, 8.14733]},
			"faces": {
				"north": {"uv": [8.5, 12.0625, 8.5625, 12], "texture": "#0"},
				"east": {"uv": [11.75, 7.3125, 12.8125, 7.25], "texture": "#0"},
				"south": {"uv": [8.25, 12.0625, 8.3125, 12], "texture": "#0"},
				"west": {"uv": [12, 2.8125, 13.0625, 2.75], "texture": "#0"},
				"up": {"uv": [12, 3.25, 13.0625, 3.3125], "rotation": 270, "texture": "#0"},
				"down": {"uv": [12, 3.0625, 13.0625, 3], "rotation": 90, "texture": "#0"}
			}
		},
		{
			"from": [8.12172, 3.32502, 4.79916],
			"to": [8.12172, 7.5759, 10.01444],
			"rotation": {"angle": 22.5, "axis": "x", "origin": [7.99969, 3.84748, 8.14733]},
			"faces": {
				"north": {"uv": [0, 4.4375, 0, 0], "texture": "#0"},
				"east": {"uv": [5.4375, 0, 0, 4.4375], "rotation": 180, "texture": "#0"},
				"south": {"uv": [0, 4.4375, 0, 0], "texture": "#0"},
				"west": {"uv": [5.4375, 4.5, 0, 8.9375], "rotation": 180, "texture": "#0"},
				"up": {"uv": [0, 0, 5.4375, 0], "rotation": 270, "texture": "#0"},
				"down": {"uv": [0, 0, 5.4375, 0], "rotation": 90, "texture": "#0"}
			}
		},
		{
			"from": [7.93847, 6.20987, 7.27862],
			"to": [8.29847, 6.56987, 7.63862],
			"rotation": {"angle": -45, "axis": "x", "origin": [7.99969, 3.84748, 8.14733]},
			"faces": {
				"north": {"uv": [9.25, 10.375, 10.125, 9.5], "texture": "#0"},
				"east": {"uv": [3.75, 9.875, 4.625, 9], "texture": "#0"},
				"south": {"uv": [9.25, 8.375, 10.125, 7.5], "texture": "#0"},
				"west": {"uv": [9.25, 9.375, 10.125, 8.5], "texture": "#0"},
				"up": {"uv": [10, 1, 10.875, 1.875], "rotation": 270, "texture": "#0"},
				"down": {"uv": [10, 0.875, 10.875, 0], "rotation": 90, "texture": "#0"}
			}
		},
		{
			"from": [7.88688, 6.58978, 5.91287],
			"to": [8.36588, 7.06878, 6.39187],
			"rotation": {"angle": 0, "axis": "x", "origin": [8.12638, 6.82928, 6.15237]},
			"faces": {
				"north": {"uv": [11.5, 3.875, 11.875, 3.5], "texture": "#0"},
				"east": {"uv": [11.5, 2.375, 11.875, 2], "texture": "#0"},
				"south": {"uv": [11.5, 2.875, 11.875, 2.5], "texture": "#0"},
				"west": {"uv": [11.5, 3.375, 11.875, 3], "texture": "#0"},
				"up": {"uv": [11.5, 4.5, 11.875, 4.875], "rotation": 270, "texture": "#0"},
				"down": {"uv": [11.5, 4.375, 11.875, 4], "rotation": 90, "texture": "#0"}
			}
		},
		{
			"from": [7.93478, 5.7864, 8.56998],
			"to": [8.31798, 7.2234, 8.95318],
			"rotation": {"angle": -45, "axis": "x", "origin": [7.99969, 3.84748, 8.14733]},
			"faces": {
				"north": {"uv": [4.25, 11.125, 4.5625, 10], "texture": "#0"},
				"east": {"uv": [4.75, 10.125, 5.0625, 9], "texture": "#0"},
				"south": {"uv": [3.75, 11.125, 4.0625, 10], "texture": "#0"},
				"west": {"uv": [10, 5.125, 10.3125, 4], "texture": "#0"},
				"up": {"uv": [12, 1.25, 12.3125, 1.5625], "rotation": 270, "texture": "#0"},
				"down": {"uv": [12, 1.0625, 12.3125, 0.75], "rotation": 90, "texture": "#0"}
			}
		},
		{
			"from": [7.98268, 5.69519, 7.99879],
			"to": [8.27008, 5.98259, 8.79713],
			"rotation": {"angle": -45, "axis": "x", "origin": [7.99969, 3.84748, 8.14733]},
			"faces": {
				"north": {"uv": [12, 5, 12.25, 4.75], "rotation": 270, "texture": "#0"},
				"east": {"uv": [4.5, 11.25, 4.25, 11.875], "rotation": 90, "texture": "#0"},
				"south": {"uv": [5, 12, 5.25, 12.25], "rotation": 270, "texture": "#0"},
				"west": {"uv": [11.5, 5, 11.25, 5.625], "rotation": 270, "texture": "#0"},
				"up": {"uv": [11.25, 6.375, 11.5, 5.75], "rotation": 180, "texture": "#0"},
				"down": {"uv": [4.5, 11.875, 4.75, 11.25], "texture": "#0"}
			}
		},
		{
			"from": [8.01462, 5.06207, 5.7571],
			"to": [8.23815, 5.28561, 6.75477],
			"rotation": {"angle": 0, "axis": "x", "origin": [7.99969, 3.84748, 8.14733]},
			"faces": {
				"north": {"uv": [12, 6.1875, 12.1875, 6], "texture": "#0"},
				"east": {"uv": [11, 1.4375, 11.875, 1.25], "texture": "#0"},
				"south": {"uv": [6, 12.1875, 6.1875, 12], "texture": "#0"},
				"west": {"uv": [11, 1.6875, 11.875, 1.5], "texture": "#0"},
				"up": {"uv": [11.25, 0, 12.125, 0.1875], "rotation": 270, "texture": "#0"},
				"down": {"uv": [11, 1.9375, 11.875, 1.75], "rotation": 90, "texture": "#0"}
			}
		},
		{
			"from": [8.03058, 4.06583, 5.49891],
			"to": [8.22218, 4.25743, 7.01277],
			"rotation": {"angle": 22.5, "axis": "x", "origin": [7.99969, 3.84748, 8.14733]},
			"faces": {
				"north": {"uv": [7.25, 12.125, 7.375, 12], "texture": "#0"},
				"east": {"uv": [12.5, 6.625, 11.25, 6.5], "rotation": 180, "texture": "#0"},
				"south": {"uv": [7, 12.125, 7.125, 12], "texture": "#0"},
				"west": {"uv": [12.5, 6.875, 11.25, 6.75], "rotation": 180, "texture": "#0"},
				"up": {"uv": [11.25, 8.25, 12.5, 8.375], "rotation": 270, "texture": "#0"},
				"down": {"uv": [11.25, 7.125, 12.5, 7], "rotation": 90, "texture": "#0"}
			}
		},
		{
			"from": [8.04655, 4.53756, 7.1805],
			"to": [8.20622, 4.69723, 8.29817],
			"rotation": {"angle": 0, "axis": "x", "origin": [7.99969, 3.84748, 8.14733]},
			"faces": {
				"north": {"uv": [12, 7.625, 12.125, 7.5], "texture": "#0"},
				"east": {"uv": [11.5, 10.625, 12.375, 10.5], "texture": "#0"},
				"south": {"uv": [7.5, 12.125, 7.625, 12], "texture": "#0"},
				"west": {"uv": [11.5, 10.875, 12.375, 10.75], "texture": "#0"},
				"up": {"uv": [11.5, 11.25, 12.375, 11.375], "rotation": 270, "texture": "#0"},
				"down": {"uv": [11.5, 11.125, 12.375, 11], "rotation": 90, "texture": "#0"}
			}
		},
		{
			"from": [7.7619, 1.36772, 5.87617],
			"to": [8.2409, 1.84672, 6.35517],
			"rotation": {"angle": -45, "axis": "x", "origin": [7.99969, 3.84748, 8.14733]},
			"faces": {
				"north": {"uv": [11.5, 3.875, 11.875, 3.5], "texture": "#0"},
				"east": {"uv": [11.5, 2.375, 11.875, 2], "texture": "#0"},
				"south": {"uv": [11.5, 2.875, 11.875, 2.5], "texture": "#0"},
				"west": {"uv": [11.5, 3.375, 11.875, 3], "texture": "#0"},
				"up": {"uv": [11.5, 4.5, 11.875, 4.875], "rotation": 270, "texture": "#0"},
				"down": {"uv": [11.5, 4.375, 11.875, 4], "rotation": 90, "texture": "#0"}
			}
		},
		{
			"from": [7.99674, -1.68706, 7.93084],
			"to": [7.99674, 2.56382, 13.14612],
			"rotation": {"angle": 0, "axis": "x", "origin": [7.99969, 3.84748, 8.14733]},
			"faces": {
				"north": {"uv": [0, 4.4375, 0, 0], "texture": "#0"},
				"east": {"uv": [0, 4.4375, 5.4375, 0], "texture": "#0"},
				"south": {"uv": [0, 4.4375, 0, 0], "texture": "#0"},
				"west": {"uv": [0, 8.9375, 5.4375, 4.5], "texture": "#0"},
				"up": {"uv": [0, 0, 5.4375, 0], "rotation": 270, "texture": "#0"},
				"down": {"uv": [0, 0, 5.4375, 0], "rotation": 90, "texture": "#0"}
			}
		},
		{
			"from": [7.8098, 0.83802, 9.58275],
			"to": [8.193, 1.22122, 11.01975],
			"rotation": {"angle": 22.5, "axis": "x", "origin": [7.99969, 3.84748, 8.14733]},
			"faces": {
				"north": {"uv": [12, 1.25, 12.3125, 1.5625], "rotation": 90, "texture": "#0"},
				"east": {"uv": [5.0625, 9, 4.75, 10.125], "rotation": 270, "texture": "#0"},
				"south": {"uv": [12, 1.0625, 12.3125, 0.75], "rotation": 90, "texture": "#0"},
				"west": {"uv": [10.3125, 4, 10, 5.125], "rotation": 90, "texture": "#0"},
				"up": {"uv": [3.75, 11.125, 4.0625, 10], "texture": "#0"},
				"down": {"uv": [4.25, 11.125, 4.5625, 10], "rotation": 180, "texture": "#0"}
			}
		},
		{
			"from": [7.8577, 0.26683, 10.82356],
			"to": [8.1451, 1.06517, 11.11096],
			"rotation": {"angle": 22.5, "axis": "x", "origin": [7.99969, 3.84748, 8.14733]},
			"faces": {
				"north": {"uv": [11.25, 6.375, 11.5, 5.75], "texture": "#0"},
				"east": {"uv": [4.25, 11.875, 4.5, 11.25], "texture": "#0"},
				"south": {"uv": [4.5, 11.875, 4.75, 11.25], "texture": "#0"},
				"west": {"uv": [11.25, 5.625, 11.5, 5], "texture": "#0"},
				"up": {"uv": [5, 12, 5.25, 12.25], "rotation": 270, "texture": "#0"},
				"down": {"uv": [12, 5, 12.25, 4.75], "rotation": 90, "texture": "#0"}
			}
		},
		{
			"from": [7.88964, -0.76694, 6.73236],
			"to": [8.11317, -0.5434, 7.73003],
			"rotation": {"angle": -22.5, "axis": "x", "origin": [7.99969, 3.84748, 8.14733]},
			"faces": {
				"north": {"uv": [12, 6.1875, 12.1875, 6], "texture": "#0"},
				"east": {"uv": [11, 1.4375, 11.875, 1.25], "texture": "#0"},
				"south": {"uv": [6, 12.1875, 6.1875, 12], "texture": "#0"},
				"west": {"uv": [11, 1.6875, 11.875, 1.5], "texture": "#0"},
				"up": {"uv": [11.25, 0, 12.125, 0.1875], "rotation": 270, "texture": "#0"},
				"down": {"uv": [11, 1.9375, 11.875, 1.75], "rotation": 90, "texture": "#0"}
			}
		},
		{
			"from": [7.81349, -0.45334, 10.23628],
			"to": [8.17349, -0.09334, 10.59628],
			"rotation": {"angle": 22.5, "axis": "x", "origin": [7.99969, 3.84748, 8.14733]},
			"faces": {
				"north": {"uv": [10, 1, 10.875, 1.875], "rotation": 90, "texture": "#0"},
				"east": {"uv": [4.625, 9, 3.75, 9.875], "rotation": 270, "texture": "#0"},
				"south": {"uv": [10, 0.875, 10.875, 0], "rotation": 90, "texture": "#0"},
				"west": {"uv": [10.125, 8.5, 9.25, 9.375], "rotation": 90, "texture": "#0"},
				"up": {"uv": [9.25, 8.375, 10.125, 7.5], "texture": "#0"},
				"down": {"uv": [9.25, 10.375, 10.125, 9.5], "rotation": 180, "texture": "#0"}
			}
		},
		{
			"from": [7.9056, -0.94625, 8.63059],
			"to": [8.09719, -0.75465, 10.14445],
			"rotation": {"angle": 0, "axis": "x", "origin": [7.99969, 3.84748, 8.14733]},
			"faces": {
				"north": {"uv": [7.25, 12.125, 7.375, 12], "texture": "#0"},
				"east": {"uv": [11.25, 6.5, 12.5, 6.625], "texture": "#0"},
				"south": {"uv": [7, 12.125, 7.125, 12], "texture": "#0"},
				"west": {"uv": [11.25, 6.75, 12.5, 6.875], "texture": "#0"},
				"up": {"uv": [11.25, 8.25, 12.5, 8.375], "rotation": 270, "texture": "#0"},
				"down": {"uv": [11.25, 7.125, 12.5, 7], "rotation": 90, "texture": "#0"}
			}
		},
		{
			"from": [7.92157, -1.29145, 8.15576],
			"to": [8.08124, -1.13178, 9.27343],
			"rotation": {"angle": -22.5, "axis": "x", "origin": [7.99969, 3.84748, 8.14733]},
			"faces": {
				"north": {"uv": [12, 7.625, 12.125, 7.5], "texture": "#0"},
				"east": {"uv": [11.5, 10.625, 12.375, 10.5], "texture": "#0"},
				"south": {"uv": [7.5, 12.125, 7.625, 12], "texture": "#0"},
				"west": {"uv": [11.5, 10.875, 12.375, 10.75], "texture": "#0"},
				"up": {"uv": [11.5, 11.25, 12.375, 11.375], "rotation": 270, "texture": "#0"},
				"down": {"uv": [11.5, 11.125, 12.375, 11], "rotation": 90, "texture": "#0"}
			}
		},
		{
			"from": [7.94438, -1.27258, 9.11445],
			"to": [8.05843, -1.15853, 10.43525],
			"rotation": {"angle": -22.5, "axis": "x", "origin": [7.99969, 3.84748, 8.14733]},
			"faces": {
				"north": {"uv": [8.5, 12.0625, 8.5625, 12], "texture": "#0"},
				"east": {"uv": [11.75, 7.3125, 12.8125, 7.25], "texture": "#0"},
				"south": {"uv": [8.25, 12.0625, 8.3125, 12], "texture": "#0"},
				"west": {"uv": [12, 2.8125, 13.0625, 2.75], "texture": "#0"},
				"up": {"uv": [12, 3.25, 13.0625, 3.3125], "rotation": 270, "texture": "#0"},
				"down": {"uv": [12, 3.0625, 13.0625, 3], "rotation": 90, "texture": "#0"}
			}
		},
		{
			"from": [7.55, 5.19555, 6.33685],
			"to": [8.45, 5.94555, 8.33685],
			"rotation": {"angle": 0, "axis": "x", "origin": [7.99969, 3.84748, 8.14733]},
			"faces": {
				"north": {"uv": [7.75, 6.5, 8, 6.6875], "texture": "#2"},
				"east": {"uv": [0, 7.25, 0.5, 7.4375], "texture": "#2"},
				"south": {"uv": [7.75, 6.75, 8, 6.9375], "texture": "#2"},
				"west": {"uv": [0.5, 7.25, 1, 7.4375], "texture": "#2"},
				"up": {"uv": [6.75, 7, 6.5, 6.5], "texture": "#2"},
				"down": {"uv": [7, 6.5, 6.75, 7], "texture": "#2"}
			}
		},
		{
			"from": [7.65, 2.94529, 8.21062],
			"to": [8.35, 5.94529, 8.91062],
			"rotation": {"angle": -45, "axis": "x", "origin": [7.99969, 3.84748, 8.14733]},
			"faces": {
				"north": {"uv": [5, 6.5, 5.1875, 7.25], "texture": "#2"},
				"east": {"uv": [5.25, 6.5, 5.4375, 7.25], "texture": "#2"},
				"south": {"uv": [5.5, 6.5, 5.6875, 7.25], "texture": "#2"},
				"west": {"uv": [5.75, 6.5, 5.9375, 7.25], "texture": "#2"},
				"up": {"uv": [6.4375, 8.1875, 6.25, 8], "texture": "#2"},
				"down": {"uv": [6.6875, 8, 6.5, 8.1875], "texture": "#2"}
			}
		},
		{
			"from": [7.5, 3.23276, 8.41858],
			"to": [8.5, 4.23276, 9.41858],
			"rotation": {"angle": 0, "axis": "x", "origin": [7.99969, 3.84748, 8.14733]},
			"faces": {
				"north": {"uv": [0, 7.75, 0.25, 8], "texture": "#2"},
				"east": {"uv": [0.25, 7.75, 0.5, 8], "texture": "#2"},
				"south": {"uv": [0.5, 7.75, 0.75, 8], "texture": "#2"},
				"west": {"uv": [0.75, 7.75, 1, 8], "texture": "#2"},
				"up": {"uv": [1.25, 8, 1, 7.75], "texture": "#2"},
				"down": {"uv": [1.5, 7.75, 1.25, 8], "texture": "#2"}
			}
		},
		{
			"from": [7.75, 0.88295, 8.63298],
			"to": [8.25, 3.88295, 9.13298],
			"rotation": {"angle": 22.5, "axis": "x", "origin": [7.99969, 3.84748, 8.14733]},
			"faces": {
				"north": {"uv": [6, 7, 6.125, 7.75], "texture": "#2"},
				"east": {"uv": [6.25, 7, 6.375, 7.75], "texture": "#2"},
				"south": {"uv": [6.5, 7, 6.625, 7.75], "texture": "#2"},
				"west": {"uv": [7, 6.5, 7.125, 7.25], "texture": "#2"},
				"up": {"uv": [2.125, 8.375, 2, 8.25], "texture": "#2"},
				"down": {"uv": [2.375, 8.25, 2.25, 8.375], "texture": "#2"}
			}
		},
		{
			"from": [7.5, 0.7082, 8.40377],
			"to": [8.5, 1.7082, 9.40377],
			"rotation": {"angle": 22.5, "axis": "x", "origin": [7.99969, 3.84748, 8.14733]},
			"faces": {
				"north": {"uv": [7.5, 6.75, 7.75, 7], "texture": "#2"},
				"east": {"uv": [7, 7.5, 7.25, 7.75], "texture": "#2"},
				"south": {"uv": [7.5, 7, 7.75, 7.25], "texture": "#2"},
				"west": {"uv": [7.25, 7.5, 7.5, 7.75], "texture": "#2"},
				"up": {"uv": [7.75, 7.5, 7.5, 7.25], "texture": "#2"},
				"down": {"uv": [7.75, 7.5, 7.5, 7.75], "texture": "#2"}
			}
		},
		{
			"from": [8.06936, 11.32952, 8.13919],
			"to": [8.18341, 11.44357, 9.45999],
			"rotation": {"angle": 0, "axis": "x", "origin": [7.99969, 12.15252, 8.14733]},
			"faces": {
				"north": {"uv": [8.5, 12, 8.5625, 12.0625], "texture": "#0"},
				"east": {"uv": [11.75, 7.25, 12.8125, 7.3125], "texture": "#0"},
				"south": {"uv": [8.25, 12, 8.3125, 12.0625], "texture": "#0"},
				"west": {"uv": [12, 2.75, 13.0625, 2.8125], "texture": "#0"},
				"up": {"uv": [13.0625, 3.0625, 12, 3], "rotation": 90, "texture": "#0"},
				"down": {"uv": [13.0625, 3.25, 12, 3.3125], "rotation": 270, "texture": "#0"}
			}
		},
		{
			"from": [8.12172, 8.4241, 4.79916],
			"to": [8.12172, 12.67498, 10.01444],
			"rotation": {"angle": -22.5, "axis": "x", "origin": [7.99969, 12.15252, 8.14733]},
			"faces": {
				"north": {"uv": [0, 0, 0, 4.4375], "texture": "#0"},
				"east": {"uv": [5.4375, 4.4375, 0, 0], "rotation": 180, "texture": "#0"},
				"south": {"uv": [0, 0, 0, 4.4375], "texture": "#0"},
				"west": {"uv": [5.4375, 8.9375, 0, 4.5], "rotation": 180, "texture": "#0"},
				"up": {"uv": [5.4375, 0, 0, 0], "rotation": 90, "texture": "#0"},
				"down": {"uv": [5.4375, 0, 0, 0], "rotation": 270, "texture": "#0"}
			}
		},
		{
			"from": [7.93847, 9.43013, 7.27862],
			"to": [8.29847, 9.79013, 7.63862],
			"rotation": {"angle": 45, "axis": "x", "origin": [7.99969, 12.15252, 8.14733]},
			"faces": {
				"north": {"uv": [9.25, 9.5, 10.125, 10.375], "texture": "#0"},
				"east": {"uv": [3.75, 9, 4.625, 9.875], "texture": "#0"},
				"south": {"uv": [9.25, 7.5, 10.125, 8.375], "texture": "#0"},
				"west": {"uv": [9.25, 8.5, 10.125, 9.375], "texture": "#0"},
				"up": {"uv": [10.875, 0.875, 10, 0], "rotation": 90, "texture": "#0"},
				"down": {"uv": [10.875, 1, 10, 1.875], "rotation": 270, "texture": "#0"}
			}
		},
		{
			"from": [7.88688, 8.93122, 5.91287],
			"to": [8.36588, 9.41022, 6.39187],
			"rotation": {"angle": 0, "axis": "x", "origin": [8.12638, 9.17072, 6.15237]},
			"faces": {
				"north": {"uv": [11.5, 3.5, 11.875, 3.875], "texture": "#0"},
				"east": {"uv": [11.5, 2, 11.875, 2.375], "texture": "#0"},
				"south": {"uv": [11.5, 2.5, 11.875, 2.875], "texture": "#0"},
				"west": {"uv": [11.5, 3, 11.875, 3.375], "texture": "#0"},
				"up": {"uv": [11.875, 4.375, 11.5, 4], "rotation": 90, "texture": "#0"},
				"down": {"uv": [11.875, 4.5, 11.5, 4.875], "rotation": 270, "texture": "#0"}
			}
		},
		{
			"from": [7.93478, 8.7766, 8.56998],
			"to": [8.31798, 10.2136, 8.95318],
			"rotation": {"angle": 45, "axis": "x", "origin": [7.99969, 12.15252, 8.14733]},
			"faces": {
				"north": {"uv": [4.25, 10, 4.5625, 11.125], "texture": "#0"},
				"east": {"uv": [4.75, 9, 5.0625, 10.125], "texture": "#0"},
				"south": {"uv": [3.75, 10, 4.0625, 11.125], "texture": "#0"},
				"west": {"uv": [10, 4, 10.3125, 5.125], "texture": "#0"},
				"up": {"uv": [12.3125, 1.0625, 12, 0.75], "rotation": 90, "texture": "#0"},
				"down": {"uv": [12.3125, 1.25, 12, 1.5625], "rotation": 270, "texture": "#0"}
			}
		},
		{
			"from": [7.98268, 10.01741, 7.99879],
			"to": [8.27008, 10.30481, 8.79713],
			"rotation": {"angle": 45, "axis": "x", "origin": [7.99969, 12.15252, 8.14733]},
			"faces": {
				"north": {"uv": [12.25, 5, 12, 4.75], "rotation": 270, "texture": "#0"},
				"east": {"uv": [4.25, 11.25, 4.5, 11.875], "rotation": 90, "texture": "#0"},
				"south": {"uv": [5.25, 12, 5, 12.25], "rotation": 270, "texture": "#0"},
				"west": {"uv": [11.25, 5, 11.5, 5.625], "rotation": 270, "texture": "#0"},
				"up": {"uv": [4.5, 11.25, 4.75, 11.875], "texture": "#0"},
				"down": {"uv": [11.25, 5.75, 11.5, 6.375], "rotation": 180, "texture": "#0"}
			}
		},
		{
			"from": [8.01462, 10.71439, 5.7571],
			"to": [8.23815, 10.93793, 6.75477],
			"rotation": {"angle": 0, "axis": "x", "origin": [7.99969, 12.15252, 8.14733]},
			"faces": {
				"north": {"uv": [12, 6, 12.1875, 6.1875], "texture": "#0"},
				"east": {"uv": [11, 1.25, 11.875, 1.4375], "texture": "#0"},
				"south": {"uv": [6, 12, 6.1875, 12.1875], "texture": "#0"},
				"west": {"uv": [11, 1.5, 11.875, 1.6875], "texture": "#0"},
				"up": {"uv": [11.875, 1.9375, 11, 1.75], "rotation": 90, "texture": "#0"},
				"down": {"uv": [12.125, 0, 11.25, 0.1875], "rotation": 270, "texture": "#0"}
			}
		},
		{
			"from": [8.03058, 11.74257, 5.49891],
			"to": [8.22218, 11.93417, 7.01277],
			"rotation": {"angle": -22.5, "axis": "x", "origin": [7.99969, 12.15252, 8.14733]},
			"faces": {
				"north": {"uv": [7.25, 12, 7.375, 12.125], "texture": "#0"},
				"east": {"uv": [12.5, 6.5, 11.25, 6.625], "rotation": 180, "texture": "#0"},
				"south": {"uv": [7, 12, 7.125, 12.125], "texture": "#0"},
				"west": {"uv": [12.5, 6.75, 11.25, 6.875], "rotation": 180, "texture": "#0"},
				"up": {"uv": [12.5, 7.125, 11.25, 7], "rotation": 90, "texture": "#0"},
				"down": {"uv": [12.5, 8.25, 11.25, 8.375], "rotation": 270, "texture": "#0"}
			}
		},
		{
			"from": [8.04655, 11.30277, 7.1805],
			"to": [8.20622, 11.46244, 8.29817],
			"rotation": {"angle": 0, "axis": "x", "origin": [7.99969, 12.15252, 8.14733]},
			"faces": {
				"north": {"uv": [12, 7.5, 12.125, 7.625], "texture": "#0"},
				"east": {"uv": [11.5, 10.5, 12.375, 10.625], "texture": "#0"},
				"south": {"uv": [7.5, 12, 7.625, 12.125], "texture": "#0"},
				"west": {"uv": [11.5, 10.75, 12.375, 10.875], "texture": "#0"},
				"up": {"uv": [12.375, 11.125, 11.5, 11], "rotation": 90, "texture": "#0"},
				"down": {"uv": [12.375, 11.25, 11.5, 11.375], "rotation": 270, "texture": "#0"}
			}
		},
		{
			"from": [7.7619, 14.15328, 5.87617],
			"to": [8.2409, 14.63228, 6.35517],
			"rotation": {"angle": 45, "axis": "x", "origin": [7.99969, 12.15252, 8.14733]},
			"faces": {
				"north": {"uv": [11.5, 3.5, 11.875, 3.875], "texture": "#0"},
				"east": {"uv": [11.5, 2, 11.875, 2.375], "texture": "#0"},
				"south": {"uv": [11.5, 2.5, 11.875, 2.875], "texture": "#0"},
				"west": {"uv": [11.5, 3, 11.875, 3.375], "texture": "#0"},
				"up": {"uv": [11.875, 4.375, 11.5, 4], "rotation": 90, "texture": "#0"},
				"down": {"uv": [11.875, 4.5, 11.5, 4.875], "rotation": 270, "texture": "#0"}
			}
		},
		{
			"from": [7.99674, 13.43618, 7.93084],
			"to": [7.99674, 17.68706, 13.14612],
			"rotation": {"angle": 0, "axis": "x", "origin": [7.99969, 12.15252, 8.14733]},
			"faces": {
				"north": {"uv": [0, 0, 0, 4.4375], "texture": "#0"},
				"east": {"uv": [0, 0, 5.4375, 4.4375], "texture": "#0"},
				"south": {"uv": [0, 0, 0, 4.4375], "texture": "#0"},
				"west": {"uv": [0, 4.5, 5.4375, 8.9375], "texture": "#0"},
				"up": {"uv": [5.4375, 0, 0, 0], "rotation": 90, "texture": "#0"},
				"down": {"uv": [5.4375, 0, 0, 0], "rotation": 270, "texture": "#0"}
			}
		},
		{
			"from": [7.8098, 14.77878, 9.58275],
			"to": [8.193, 15.16198, 11.01975],
			"rotation": {"angle": -22.5, "axis": "x", "origin": [7.99969, 12.15252, 8.14733]},
			"faces": {
				"north": {"uv": [12.3125, 1.25, 12, 1.5625], "rotation": 90, "texture": "#0"},
				"east": {"uv": [4.75, 9, 5.0625, 10.125], "rotation": 270, "texture": "#0"},
				"south": {"uv": [12.3125, 1.0625, 12, 0.75], "rotation": 90, "texture": "#0"},
				"west": {"uv": [10, 4, 10.3125, 5.125], "rotation": 90, "texture": "#0"},
				"up": {"uv": [4.25, 10, 4.5625, 11.125], "rotation": 180, "texture": "#0"},
				"down": {"uv": [3.75, 10, 4.0625, 11.125], "texture": "#0"}
			}
		},
		{
			"from": [7.8577, 14.93483, 10.82356],
			"to": [8.1451, 15.73317, 11.11096],
			"rotation": {"angle": -22.5, "axis": "x", "origin": [7.99969, 12.15252, 8.14733]},
			"faces": {
				"north": {"uv": [11.25, 5.75, 11.5, 6.375], "texture": "#0"},
				"east": {"uv": [4.25, 11.25, 4.5, 11.875], "texture": "#0"},
				"south": {"uv": [4.5, 11.25, 4.75, 11.875], "texture": "#0"},
				"west": {"uv": [11.25, 5, 11.5, 5.625], "texture": "#0"},
				"up": {"uv": [12.25, 5, 12, 4.75], "rotation": 90, "texture": "#0"},
				"down": {"uv": [5.25, 12, 5, 12.25], "rotation": 270, "texture": "#0"}
			}
		},
		{
			"from": [7.88964, 16.5434, 6.73236],
			"to": [8.11317, 16.76694, 7.73003],
			"rotation": {"angle": 22.5, "axis": "x", "origin": [7.99969, 12.15252, 8.14733]},
			"faces": {
				"north": {"uv": [12, 6, 12.1875, 6.1875], "texture": "#0"},
				"east": {"uv": [11, 1.25, 11.875, 1.4375], "texture": "#0"},
				"south": {"uv": [6, 12, 6.1875, 12.1875], "texture": "#0"},
				"west": {"uv": [11, 1.5, 11.875, 1.6875], "texture": "#0"},
				"up": {"uv": [11.875, 1.9375, 11, 1.75], "rotation": 90, "texture": "#0"},
				"down": {"uv": [12.125, 0, 11.25, 0.1875], "rotation": 270, "texture": "#0"}
			}
		},
		{
			"from": [7.81349, 16.09334, 10.23628],
			"to": [8.17349, 16.45334, 10.59628],
			"rotation": {"angle": -22.5, "axis": "x", "origin": [7.99969, 12.15252, 8.14733]},
			"faces": {
				"north": {"uv": [10.875, 1, 10, 1.875], "rotation": 90, "texture": "#0"},
				"east": {"uv": [3.75, 9, 4.625, 9.875], "rotation": 270, "texture": "#0"},
				"south": {"uv": [10.875, 0.875, 10, 0], "rotation": 90, "texture": "#0"},
				"west": {"uv": [9.25, 8.5, 10.125, 9.375], "rotation": 90, "texture": "#0"},
				"up": {"uv": [9.25, 9.5, 10.125, 10.375], "rotation": 180, "texture": "#0"},
				"down": {"uv": [9.25, 7.5, 10.125, 8.375], "texture": "#0"}
			}
		},
		{
			"from": [7.9056, 16.75465, 8.63059],
			"to": [8.09719, 16.94625, 10.14445],
			"rotation": {"angle": 0, "axis": "x", "origin": [7.99969, 12.15252, 8.14733]},
			"faces": {
				"north": {"uv": [7.25, 12, 7.375, 12.125], "texture": "#0"},
				"east": {"uv": [11.25, 6.625, 12.5, 6.5], "texture": "#0"},
				"south": {"uv": [7, 12, 7.125, 12.125], "texture": "#0"},
				"west": {"uv": [11.25, 6.875, 12.5, 6.75], "texture": "#0"},
				"up": {"uv": [12.5, 7.125, 11.25, 7], "rotation": 90, "texture": "#0"},
				"down": {"uv": [12.5, 8.25, 11.25, 8.375], "rotation": 270, "texture": "#0"}
			}
		},
		{
			"from": [7.92157, 17.13178, 8.15576],
			"to": [8.08124, 17.29145, 9.27343],
			"rotation": {"angle": 22.5, "axis": "x", "origin": [7.99969, 12.15252, 8.14733]},
			"faces": {
				"north": {"uv": [12, 7.5, 12.125, 7.625], "texture": "#0"},
				"east": {"uv": [11.5, 10.5, 12.375, 10.625], "texture": "#0"},
				"south": {"uv": [7.5, 12, 7.625, 12.125], "texture": "#0"},
				"west": {"uv": [11.5, 10.75, 12.375, 10.875], "texture": "#0"},
				"up": {"uv": [12.375, 11.125, 11.5, 11], "rotation": 90, "texture": "#0"},
				"down": {"uv": [12.375, 11.25, 11.5, 11.375], "rotation": 270, "texture": "#0"}
			}
		},
		{
			"from": [7.94438, 17.15853, 9.11445],
			"to": [8.05843, 17.27258, 10.43525],
			"rotation": {"angle": 22.5, "axis": "x", "origin": [7.99969, 12.15252, 8.14733]},
			"faces": {
				"north": {"uv": [8.5, 12, 8.5625, 12.0625], "texture": "#0"},
				"east": {"uv": [11.75, 7.25, 12.8125, 7.3125], "texture": "#0"},
				"south": {"uv": [8.25, 12, 8.3125, 12.0625], "texture": "#0"},
				"west": {"uv": [12, 2.75, 13.0625, 2.8125], "texture": "#0"},
				"up": {"uv": [13.0625, 3.0625, 12, 3], "rotation": 90, "texture": "#0"},
				"down": {"uv": [13.0625, 3.25, 12, 3.3125], "rotation": 270, "texture": "#0"}
			}
		},
		{
			"from": [7.55, 10.05445, 6.33685],
			"to": [8.45, 10.80445, 8.33685],
			"rotation": {"angle": 0, "axis": "x", "origin": [7.99969, 12.15252, 8.14733]},
			"faces": {
				"north": {"uv": [7.75, 6.6875, 8, 6.5], "texture": "#2"},
				"east": {"uv": [0, 7.4375, 0.5, 7.25], "texture": "#2"},
				"south": {"uv": [7.75, 6.9375, 8, 6.75], "texture": "#2"},
				"west": {"uv": [0.5, 7.4375, 1, 7.25], "texture": "#2"},
				"up": {"uv": [7, 7, 6.75, 6.5], "texture": "#2"},
				"down": {"uv": [6.75, 6.5, 6.5, 7], "texture": "#2"}
			}
		},
		{
			"from": [7.65, 10.05471, 8.21062],
			"to": [8.35, 13.05471, 8.91062],
			"rotation": {"angle": 45, "axis": "x", "origin": [7.99969, 12.15252, 8.14733]},
			"faces": {
				"north": {"uv": [5, 7.25, 5.1875, 6.5], "texture": "#2"},
				"east": {"uv": [5.25, 7.25, 5.4375, 6.5], "texture": "#2"},
				"south": {"uv": [5.5, 7.25, 5.6875, 6.5], "texture": "#2"},
				"west": {"uv": [5.75, 7.25, 5.9375, 6.5], "texture": "#2"},
				"up": {"uv": [6.6875, 8.1875, 6.5, 8], "texture": "#2"},
				"down": {"uv": [6.4375, 8, 6.25, 8.1875], "texture": "#2"}
			}
		},
		{
			"from": [7.5, 11.76724, 8.41858],
			"to": [8.5, 12.76724, 9.41858],
			"rotation": {"angle": 0, "axis": "x", "origin": [7.99969, 12.15252, 8.14733]},
			"faces": {
				"north": {"uv": [0, 8, 0.25, 7.75], "texture": "#2"},
				"east": {"uv": [0.25, 8, 0.5, 7.75], "texture": "#2"},
				"south": {"uv": [0.5, 8, 0.75, 7.75], "texture": "#2"},
				"west": {"uv": [0.75, 8, 1, 7.75], "texture": "#2"},
				"up": {"uv": [1.5, 8, 1.25, 7.75], "texture": "#2"},
				"down": {"uv": [1.25, 7.75, 1, 8], "texture": "#2"}
			}
		},
		{
			"from": [7.75, 12.11705, 8.63298],
			"to": [8.25, 15.11705, 9.13298],
			"rotation": {"angle": -22.5, "axis": "x", "origin": [7.99969, 12.15252, 8.14733]},
			"faces": {
				"north": {"uv": [6, 7.75, 6.125, 7], "texture": "#2"},
				"east": {"uv": [6.25, 7.75, 6.375, 7], "texture": "#2"},
				"south": {"uv": [6.5, 7.75, 6.625, 7], "texture": "#2"},
				"west": {"uv": [7, 7.25, 7.125, 6.5], "texture": "#2"},
				"up": {"uv": [2.375, 8.375, 2.25, 8.25], "texture": "#2"},
				"down": {"uv": [2.125, 8.25, 2, 8.375], "texture": "#2"}
			}
		},
		{
			"from": [7.5, 14.2918, 8.40377],
			"to": [8.5, 15.2918, 9.40377],
			"rotation": {"angle": -22.5, "axis": "x", "origin": [7.99969, 12.15252, 8.14733]},
			"faces": {
				"north": {"uv": [7.5, 7, 7.75, 6.75], "texture": "#2"},
				"east": {"uv": [7, 7.75, 7.25, 7.5], "texture": "#2"},
				"south": {"uv": [7.5, 7.25, 7.75, 7], "texture": "#2"},
				"west": {"uv": [7.25, 7.75, 7.5, 7.5], "texture": "#2"},
				"up": {"uv": [7.75, 7.75, 7.5, 7.5], "texture": "#2"},
				"down": {"uv": [7.75, 7.25, 7.5, 7.5], "texture": "#2"}
			}
		},
		{
			"from": [7.99861, 7.36492, 12.40851],
			"to": [7.99861, 9.27781, 14.75538],
			"rotation": {"angle": -22.5, "axis": "x", "origin": [8, 8.65762, 13.25]},
			"faces": {
				"north": {"uv": [0, 0, 0, 4.4375], "texture": "#0"},
				"east": {"uv": [0, 0, 5.4375, 4.4375], "texture": "#0"},
				"south": {"uv": [0, 0, 0, 4.4375], "texture": "#0"},
				"west": {"uv": [0, 4.5, 5.4375, 8.9375], "texture": "#0"},
				"up": {"uv": [5.4375, 0, 0, 0], "rotation": 90, "texture": "#0"},
				"down": {"uv": [5.4375, 0, 0, 0], "rotation": 270, "texture": "#0"}
			}
		},
		{
			"from": [7.99822, 7.79435, 10.78909],
			"to": [7.99822, 8.91979, 12.39673],
			"rotation": {"angle": -22.5, "axis": "x", "origin": [7.99976, 9.23069, 11.72408]},
			"faces": {
				"north": {"uv": [0, 0, 0, 4.4375], "texture": "#0"},
				"east": {"uv": [0, 0, 5.4375, 4.4375], "texture": "#0"},
				"south": {"uv": [0, 0, 0, 4.4375], "texture": "#0"},
				"west": {"uv": [0, 4.5, 5.4375, 8.9375], "texture": "#0"},
				"up": {"uv": [5.4375, 0, 0, 0], "rotation": 90, "texture": "#0"},
				"down": {"uv": [5.4375, 0, 0, 0], "rotation": 270, "texture": "#0"}
			}
		},
		{
			"from": [7.99822, 7.08021, 10.78909],
			"to": [7.99822, 8.20565, 12.39673],
			"rotation": {"angle": 22.5, "axis": "x", "origin": [7.99976, 6.76931, 11.72408]},
			"faces": {
				"north": {"uv": [0, 4.4375, 0, 0], "texture": "#0"},
				"east": {"uv": [0, 4.4375, 5.4375, 0], "texture": "#0"},
				"south": {"uv": [0, 4.4375, 0, 0], "texture": "#0"},
				"west": {"uv": [0, 8.9375, 5.4375, 4.5], "texture": "#0"},
				"up": {"uv": [0, 0, 5.4375, 0], "rotation": 270, "texture": "#0"},
				"down": {"uv": [0, 0, 5.4375, 0], "rotation": 90, "texture": "#0"}
			}
		},
		{
			"from": [7.99822, 7.79435, 3.28909],
			"to": [7.99822, 8.91979, 4.89673],
			"rotation": {"angle": -22.5, "axis": "x", "origin": [7.99976, 9.23069, 4.22408]},
			"faces": {
				"north": {"uv": [0, 0, 0, 4.4375], "texture": "#0"},
				"east": {"uv": [0, 0, 5.4375, 4.4375], "texture": "#0"},
				"south": {"uv": [0, 0, 0, 4.4375], "texture": "#0"},
				"west": {"uv": [0, 4.5, 5.4375, 8.9375], "texture": "#0"},
				"up": {"uv": [5.4375, 0, 0, 0], "rotation": 90, "texture": "#0"},
				"down": {"uv": [5.4375, 0, 0, 0], "rotation": 270, "texture": "#0"}
			}
		},
		{
			"from": [7.99822, 7.08021, 3.28909],
			"to": [7.99822, 8.20565, 4.89673],
			"rotation": {"angle": 22.5, "axis": "x", "origin": [7.99976, 6.76931, 4.22408]},
			"faces": {
				"north": {"uv": [0, 4.4375, 0, 0], "texture": "#0"},
				"east": {"uv": [0, 4.4375, 5.4375, 0], "texture": "#0"},
				"south": {"uv": [0, 4.4375, 0, 0], "texture": "#0"},
				"west": {"uv": [0, 8.9375, 5.4375, 4.5], "texture": "#0"},
				"up": {"uv": [0, 0, 5.4375, 0], "rotation": 270, "texture": "#0"},
				"down": {"uv": [0, 0, 5.4375, 0], "rotation": 90, "texture": "#0"}
			}
		},
		{
			"from": [7.91449, 8.3962, 12.49275],
			"to": [8.08693, 8.56864, 13.1394],
			"rotation": {"angle": -45, "axis": "x", "origin": [8, 8.65762, 13.25]},
			"faces": {
				"north": {"uv": [12.3125, 1.25, 12, 1.5625], "rotation": 90, "texture": "#0"},
				"east": {"uv": [4.75, 9, 5.0625, 10.125], "rotation": 270, "texture": "#0"},
				"south": {"uv": [12.3125, 1.0625, 12, 0.75], "rotation": 90, "texture": "#0"},
				"west": {"uv": [10, 4, 10.3125, 5.125], "rotation": 90, "texture": "#0"},
				"up": {"uv": [4.25, 10, 4.5625, 11.125], "rotation": 180, "texture": "#0"},
				"down": {"uv": [3.75, 10, 4.0625, 11.125], "texture": "#0"}
			}
		},
		{
			"from": [7.93604, 8.46642, 13.05112],
			"to": [8.06537, 8.82568, 13.18045],
			"rotation": {"angle": -45, "axis": "x", "origin": [8, 8.65762, 13.25]},
			"faces": {
				"north": {"uv": [11.25, 5.75, 11.5, 6.375], "texture": "#0"},
				"east": {"uv": [4.25, 11.25, 4.5, 11.875], "texture": "#0"},
				"south": {"uv": [4.5, 11.25, 4.75, 11.875], "texture": "#0"},
				"west": {"uv": [11.25, 5, 11.5, 5.625], "texture": "#0"},
				"up": {"uv": [12.25, 5, 12, 4.75], "rotation": 90, "texture": "#0"},
				"down": {"uv": [5.25, 12, 5, 12.25], "rotation": 270, "texture": "#0"}
			}
		},
		{
			"from": [7.95041, 8.62079, 12.64158],
			"to": [8.051, 8.72138, 13.09053],
			"rotation": {"angle": 0, "axis": "x", "origin": [8, 8.65762, 13.25]},
			"faces": {
				"north": {"uv": [12, 6, 12.1875, 6.1875], "texture": "#0"},
				"east": {"uv": [11, 1.25, 11.875, 1.4375], "texture": "#0"},
				"south": {"uv": [6, 12, 6.1875, 12.1875], "texture": "#0"},
				"west": {"uv": [11, 1.5, 11.875, 1.6875], "texture": "#0"},
				"up": {"uv": [11.875, 1.9375, 11, 1.75], "rotation": 90, "texture": "#0"},
				"down": {"uv": [12.125, 0, 11.25, 0.1875], "rotation": 270, "texture": "#0"}
			}
		},
		{
			"from": [7.91615, 8.98775, 12.78684],
			"to": [8.07815, 9.14975, 12.94884],
			"rotation": {"angle": -45, "axis": "x", "origin": [8, 8.65762, 13.25]},
			"faces": {
				"north": {"uv": [10.875, 1, 10, 1.875], "rotation": 90, "texture": "#0"},
				"east": {"uv": [3.75, 9, 4.625, 9.875], "rotation": 270, "texture": "#0"},
				"south": {"uv": [10.875, 0.875, 10, 0], "rotation": 90, "texture": "#0"},
				"west": {"uv": [9.25, 8.5, 10.125, 9.375], "rotation": 90, "texture": "#0"},
				"up": {"uv": [9.25, 9.5, 10.125, 10.375], "rotation": 180, "texture": "#0"},
				"down": {"uv": [9.25, 7.5, 10.125, 8.375], "texture": "#0"}
			}
		},
		{
			"from": [7.9576, 8.85823, 12.72339],
			"to": [8.04381, 8.94445, 13.40463],
			"rotation": {"angle": -22.5, "axis": "x", "origin": [8, 8.65762, 13.25]},
			"faces": {
				"north": {"uv": [7.25, 12, 7.375, 12.125], "texture": "#0"},
				"east": {"uv": [11.25, 6.625, 12.5, 6.5], "texture": "#0"},
				"south": {"uv": [7, 12, 7.125, 12.125], "texture": "#0"},
				"west": {"uv": [11.25, 6.875, 12.5, 6.75], "texture": "#0"},
				"up": {"uv": [12.5, 7.125, 11.25, 7], "rotation": 90, "texture": "#0"},
				"down": {"uv": [12.5, 8.25, 11.25, 8.375], "rotation": 270, "texture": "#0"}
			}
		},
		{
			"from": [7.96478, 8.88556, 13.28211],
			"to": [8.03663, 8.95741, 13.78506],
			"rotation": {"angle": 0, "axis": "x", "origin": [8, 8.65762, 13.25]},
			"faces": {
				"north": {"uv": [12, 7.5, 12.125, 7.625], "texture": "#0"},
				"east": {"uv": [11.5, 10.5, 12.375, 10.625], "texture": "#0"},
				"south": {"uv": [7.5, 12, 7.625, 12.125], "texture": "#0"},
				"west": {"uv": [11.5, 10.75, 12.375, 10.875], "texture": "#0"},
				"up": {"uv": [12.375, 11.125, 11.5, 11], "rotation": 90, "texture": "#0"},
				"down": {"uv": [12.375, 11.25, 11.5, 11.375], "rotation": 270, "texture": "#0"}
			}
		},
		{
			"from": [7.97505, 8.8976, 13.71352],
			"to": [8.02637, 8.94892, 14.30788],
			"rotation": {"angle": 0, "axis": "x", "origin": [8, 8.65762, 13.25]},
			"faces": {
				"north": {"uv": [8.5, 12, 8.5625, 12.0625], "texture": "#0"},
				"east": {"uv": [11.75, 7.25, 12.8125, 7.3125], "texture": "#0"},
				"south": {"uv": [8.25, 12, 8.3125, 12.0625], "texture": "#0"},
				"west": {"uv": [12, 2.75, 13.0625, 2.8125], "texture": "#0"},
				"up": {"uv": [13.0625, 3.0625, 12, 3], "rotation": 90, "texture": "#0"},
				"down": {"uv": [13.0625, 3.25, 12, 3.3125], "rotation": 270, "texture": "#0"}
			}
		},
		{
			"from": [7.99861, 6.72219, 12.40851],
			"to": [7.99861, 8.63508, 14.75538],
			"rotation": {"angle": 22.5, "axis": "x", "origin": [8, 7.34238, 13.25]},
			"faces": {
				"north": {"uv": [0, 4.4375, 0, 0], "texture": "#0"},
				"east": {"uv": [0, 4.4375, 5.4375, 0], "texture": "#0"},
				"south": {"uv": [0, 4.4375, 0, 0], "texture": "#0"},
				"west": {"uv": [0, 8.9375, 5.4375, 4.5], "texture": "#0"},
				"up": {"uv": [0, 0, 5.4375, 0], "rotation": 270, "texture": "#0"},
				"down": {"uv": [0, 0, 5.4375, 0], "rotation": 90, "texture": "#0"}
			}
		},
		{
			"from": [7.91449, 7.43136, 12.49275],
			"to": [8.08693, 7.6038, 13.1394],
			"rotation": {"angle": 45, "axis": "x", "origin": [8, 7.34238, 13.25]},
			"faces": {
				"north": {"uv": [12, 1.25, 12.3125, 1.5625], "rotation": 90, "texture": "#0"},
				"east": {"uv": [5.0625, 9, 4.75, 10.125], "rotation": 270, "texture": "#0"},
				"south": {"uv": [12, 1.0625, 12.3125, 0.75], "rotation": 90, "texture": "#0"},
				"west": {"uv": [10.3125, 4, 10, 5.125], "rotation": 90, "texture": "#0"},
				"up": {"uv": [3.75, 11.125, 4.0625, 10], "texture": "#0"},
				"down": {"uv": [4.25, 11.125, 4.5625, 10], "rotation": 180, "texture": "#0"}
			}
		},
		{
			"from": [7.93604, 7.17432, 13.05112],
			"to": [8.06537, 7.53358, 13.18045],
			"rotation": {"angle": 45, "axis": "x", "origin": [8, 7.34238, 13.25]},
			"faces": {
				"north": {"uv": [11.25, 6.375, 11.5, 5.75], "texture": "#0"},
				"east": {"uv": [4.25, 11.875, 4.5, 11.25], "texture": "#0"},
				"south": {"uv": [4.5, 11.875, 4.75, 11.25], "texture": "#0"},
				"west": {"uv": [11.25, 5.625, 11.5, 5], "texture": "#0"},
				"up": {"uv": [5, 12, 5.25, 12.25], "rotation": 270, "texture": "#0"},
				"down": {"uv": [12, 5, 12.25, 4.75], "rotation": 90, "texture": "#0"}
			}
		},
		{
			"from": [7.95041, 7.27862, 12.64158],
			"to": [8.051, 7.37921, 13.09053],
			"rotation": {"angle": 0, "axis": "x", "origin": [8, 7.34238, 13.25]},
			"faces": {
				"north": {"uv": [12, 6.1875, 12.1875, 6], "texture": "#0"},
				"east": {"uv": [11, 1.4375, 11.875, 1.25], "texture": "#0"},
				"south": {"uv": [6, 12.1875, 6.1875, 12], "texture": "#0"},
				"west": {"uv": [11, 1.6875, 11.875, 1.5], "texture": "#0"},
				"up": {"uv": [11.25, 0, 12.125, 0.1875], "rotation": 270, "texture": "#0"},
				"down": {"uv": [11, 1.9375, 11.875, 1.75], "rotation": 90, "texture": "#0"}
			}
		},
		{
			"from": [7.91615, 6.85025, 12.78684],
			"to": [8.07815, 7.01225, 12.94884],
			"rotation": {"angle": 45, "axis": "x", "origin": [8, 7.34238, 13.25]},
			"faces": {
				"north": {"uv": [10, 1, 10.875, 1.875], "rotation": 90, "texture": "#0"},
				"east": {"uv": [4.625, 9, 3.75, 9.875], "rotation": 270, "texture": "#0"},
				"south": {"uv": [10, 0.875, 10.875, 0], "rotation": 90, "texture": "#0"},
				"west": {"uv": [10.125, 8.5, 9.25, 9.375], "rotation": 90, "texture": "#0"},
				"up": {"uv": [9.25, 8.375, 10.125, 7.5], "texture": "#0"},
				"down": {"uv": [9.25, 10.375, 10.125, 9.5], "rotation": 180, "texture": "#0"}
			}
		},
		{
			"from": [7.9576, 7.05555, 12.72339],
			"to": [8.04381, 7.14177, 13.40463],
			"rotation": {"angle": 22.5, "axis": "x", "origin": [8, 7.34238, 13.25]},
			"faces": {
				"north": {"uv": [7.25, 12.125, 7.375, 12], "texture": "#0"},
				"east": {"uv": [11.25, 6.5, 12.5, 6.625], "texture": "#0"},
				"south": {"uv": [7, 12.125, 7.125, 12], "texture": "#0"},
				"west": {"uv": [11.25, 6.75, 12.5, 6.875], "texture": "#0"},
				"up": {"uv": [11.25, 8.25, 12.5, 8.375], "rotation": 270, "texture": "#0"},
				"down": {"uv": [11.25, 7.125, 12.5, 7], "rotation": 90, "texture": "#0"}
			}
		},
		{
			"from": [7.96478, 7.04259, 13.28211],
			"to": [8.03663, 7.11444, 13.78506],
			"rotation": {"angle": 0, "axis": "x", "origin": [8, 7.34238, 13.25]},
			"faces": {
				"north": {"uv": [12, 7.625, 12.125, 7.5], "texture": "#0"},
				"east": {"uv": [11.5, 10.625, 12.375, 10.5], "texture": "#0"},
				"south": {"uv": [7.5, 12.125, 7.625, 12], "texture": "#0"},
				"west": {"uv": [11.5, 10.875, 12.375, 10.75], "texture": "#0"},
				"up": {"uv": [11.5, 11.25, 12.375, 11.375], "rotation": 270, "texture": "#0"},
				"down": {"uv": [11.5, 11.125, 12.375, 11], "rotation": 90, "texture": "#0"}
			}
		},
		{
			"from": [7.97505, 7.05108, 13.71352],
			"to": [8.02637, 7.1024, 14.30788],
			"rotation": {"angle": 0, "axis": "x", "origin": [8, 7.34238, 13.25]},
			"faces": {
				"north": {"uv": [8.5, 12.0625, 8.5625, 12], "texture": "#0"},
				"east": {"uv": [11.75, 7.3125, 12.8125, 7.25], "texture": "#0"},
				"south": {"uv": [8.25, 12.0625, 8.3125, 12], "texture": "#0"},
				"west": {"uv": [12, 2.8125, 13.0625, 2.75], "texture": "#0"},
				"up": {"uv": [12, 3.25, 13.0625, 3.3125], "rotation": 270, "texture": "#0"},
				"down": {"uv": [12, 3.0625, 13.0625, 3], "rotation": 90, "texture": "#0"}
			}
		},
		{
			"from": [7.84, 7.84, 3.90882],
			"to": [8.16, 8.16, 6.30882],
			"rotation": {"angle": 0, "axis": "x", "origin": [7.96, 12.84, 7.50882]},
			"faces": {
				"north": {"uv": [2.375, 8.375, 2.25, 8.25], "rotation": 180, "texture": "#2"},
				"east": {"uv": [6.25, 7.75, 6.375, 7], "rotation": 90, "texture": "#2"},
				"south": {"uv": [2.125, 8.25, 2, 8.375], "texture": "#2"},
				"west": {"uv": [7, 7.25, 7.125, 6.5], "rotation": 270, "texture": "#2"},
				"up": {"uv": [6.5, 7.75, 6.625, 7], "texture": "#2"},
				"down": {"uv": [6, 7.75, 6.125, 7], "rotation": 180, "texture": "#2"}
			}
		},
		{
			"from": [7.84, 7.84, 6.30882],
			"to": [8.16, 8.16, 8.70882],
			"rotation": {"angle": 0, "axis": "x", "origin": [7.96, 3.16, 7.02882]},
			"faces": {
				"north": {"uv": [2, 8.375, 2.125, 8.25], "texture": "#2"},
				"east": {"uv": [6.375, 7, 6.25, 7.75], "rotation": 90, "texture": "#2"},
				"south": {"uv": [2.25, 8.25, 2.375, 8.375], "rotation": 180, "texture": "#2"},
				"west": {"uv": [7.125, 6.5, 7, 7.25], "rotation": 270, "texture": "#2"},
				"up": {"uv": [6, 7.75, 6.125, 7], "rotation": 180, "texture": "#2"},
				"down": {"uv": [6.5, 7.75, 6.625, 7], "texture": "#2"}
			}
		},
		{
			"from": [7.84, 7.84, 11.05882],
			"to": [8.16, 8.16, 13.45882],
			"rotation": {"angle": 0, "axis": "x", "origin": [7.96, 3.16, 11.77882]},
			"faces": {
				"north": {"uv": [2, 8.375, 2.125, 8.25], "texture": "#2"},
				"east": {"uv": [6.375, 7, 6.25, 7.75], "rotation": 90, "texture": "#2"},
				"south": {"uv": [2.25, 8.25, 2.375, 8.375], "rotation": 180, "texture": "#2"},
				"west": {"uv": [7.125, 6.5, 7, 7.25], "rotation": 270, "texture": "#2"},
				"up": {"uv": [6, 7.75, 6.125, 7], "rotation": 180, "texture": "#2"},
				"down": {"uv": [6.5, 7.75, 6.625, 7], "texture": "#2"}
			}
		},
		{
			"from": [7.84, 7.84, 8.68237],
			"to": [8.16, 8.16, 11.08237],
			"rotation": {"angle": 0, "axis": "x", "origin": [7.96, 12.84, 7.56237]},
			"faces": {
				"north": {"uv": [2.375, 8.375, 2.25, 8.25], "rotation": 180, "texture": "#2"},
				"east": {"uv": [6.25, 7.75, 6.375, 7], "rotation": 90, "texture": "#2"},
				"south": {"uv": [2.125, 8.25, 2, 8.375], "texture": "#2"},
				"west": {"uv": [7, 7.25, 7.125, 6.5], "rotation": 270, "texture": "#2"},
				"up": {"uv": [6.5, 7.75, 6.625, 7], "texture": "#2"},
				"down": {"uv": [6, 7.75, 6.125, 7], "rotation": 180, "texture": "#2"}
			}
		},
		{
			"from": [7.69968, 7.69541, 3.23427],
			"to": [8.33968, 8.53541, 4.07427],
			"rotation": {"angle": -45, "axis": "x", "origin": [8, 8, 3.76968]},
			"faces": {
				"north": {"uv": [9.25, 9.5, 10.125, 10.375], "texture": "#0"},
				"east": {"uv": [3.75, 9, 4.625, 9.875], "texture": "#0"},
				"south": {"uv": [9.25, 7.5, 10.125, 8.375], "texture": "#0"},
				"west": {"uv": [9.25, 8.5, 10.125, 9.375], "texture": "#0"},
				"up": {"uv": [10.875, 0.875, 10, 0], "rotation": 90, "texture": "#0"},
				"down": {"uv": [10.875, 1, 10, 1.875], "rotation": 270, "texture": "#0"}
			}
		},
		{
			"from": [7.69968, 7.69541, 2.48427],
			"to": [8.33968, 8.28541, 3.07427],
			"rotation": {"angle": -45, "axis": "x", "origin": [8, 8, 2.76968]},
			"faces": {
				"north": {"uv": [9.25, 9.5, 10.125, 10.375], "texture": "#0"},
				"east": {"uv": [3.75, 9, 4.625, 9.875], "texture": "#0"},
				"south": {"uv": [9.25, 7.5, 10.125, 8.375], "texture": "#0"},
				"west": {"uv": [9.25, 8.5, 10.125, 9.375], "texture": "#0"},
				"up": {"uv": [10.875, 0.875, 10, 0], "rotation": 90, "texture": "#0"},
				"down": {"uv": [10.875, 1, 10, 1.875], "rotation": 270, "texture": "#0"}
			}
		},
		{
			"from": [8, 5, 4],
			"to": [8, 11, 10],
			"rotation": {"angle": 0, "axis": "y", "origin": [8, 9, 8]},
			"faces": {
				"north": {"uv": [3.875, 0, 0, 0], "rotation": 90, "texture": "#4"},
				"east": {"uv": [0, 0, 16, 16], "rotation": 270, "texture": "#4"},
				"south": {"uv": [3.875, 0, 0, 0], "rotation": 90, "texture": "#4"},
				"west": {"uv": [16, 0, 0, 16], "rotation": 90, "texture": "#4"},
				"up": {"uv": [0, 0, 0, 5.75], "rotation": 180, "texture": "#4"},
				"down": {"uv": [0, 0, 0, 5.75], "texture": "#4"}
			}
		}
	],
	"gui_light": "front",
	"display": {
		"thirdperson_righthand": {
			"translation": [0, -1.75, 0.5]
		},
		"thirdperson_lefthand": {
			"translation": [0, -1.75, 0.5]
		},
		"firstperson_righthand": {
			"rotation": [21, 31, 0],
			"translation": [1.25, 4.5, -1.5],
			"scale": [0.75, 0.75, 0.75]
		},
		"firstperson_lefthand": {
			"rotation": [21, 31, 0],
			"translation": [1.25, 4.5, -1.5],
			"scale": [0.75, 0.75, 0.75]
		},
		"ground": {
			"rotation": [0, 0, 45],
			"translation": [-0.75, 3.75, 0],
			"scale": [0.92578, 0.92578, 0.92578]
		},
		"gui": {
			"rotation": [-90, 67.5, 90],
			"translation": [-1, -0.75, 0],
			"scale": [0.89648, 0.89648, 0.89648]
		},
		"head": {
			"scale": [0, 0, 0]
		},
		"fixed": {
			"rotation": [0, -90, 0],
			"translation": [1.75, 0, -2.5],
			"scale": [1.29297, 1.29297, 1.29297]
		}
	},
	"groups": [
		0,
		{
			"name": "group",
			"origin": [8, 8, 8],
			"color": 0,
			"boneType": "",
			"children": [
				1,
				{
					"name": "group",
					"origin": [2.99478, 9.27826, 8.5],
					"color": 0,
					"boneType": "",
					"children": [2, 3, 4, 5, 6, 7, 8, 9, 10, 11, 12, 13, 14, 15, 16, 17, 18, 19, 20, 21, 22, 23, 24]
				},
				{
					"name": "group",
					"origin": [2.99478, 9.27826, 8.5],
					"color": 0,
					"boneType": "",
					"children": [
						25,
						26,
						27,
						28,
						29,
						30,
						31,
						32,
						33,
						34,
						35,
						36,
						37,
						38,
						39,
						40,
						41,
						42,
						43,
						44,
						45,
						46,
						47,
						{
							"name": "group",
							"origin": [7.95, 14.05, 8.33347],
							"color": 0,
							"boneType": "",
							"children": [
								{
									"name": "group",
									"origin": [7.99969, 12.15252, 8.14733],
									"color": 0,
									"boneType": "",
									"children": [48, 49, 50, 51, 52, 53, 54, 55, 56, 57, 58, 59]
								},
								{
									"name": "group",
									"origin": [7.99969, 12.15252, 8.14733],
									"color": 0,
									"boneType": "",
									"children": [60, 61, 62, 63, 64, 65, 66, 67]
								},
								68,
								69,
								70,
								71,
								72,
								73
							]
						}
					]
				}
			]
		},
		74
	]
}