{"parent":"minecraft:item/generated","textures":{"layer0":"minecraft:item/cooked_beef"},"overrides":[{"predicate":{"custom_model_data":10000},"model":"rpgfood_vol1:ia_auto_gen/rpg_food1"},{"predicate":{"custom_model_data":10001},"model":"rpgfood_vol1:ia_auto_gen/rpg_food10"},{"predicate":{"custom_model_data":10002},"model":"rpgfood_vol1:ia_auto_gen/rpg_food11"},{"predicate":{"custom_model_data":10003},"model":"rpgfood_vol1:ia_auto_gen/rpg_food12"},{"predicate":{"custom_model_data":10004},"model":"rpgfood_vol1:ia_auto_gen/rpg_food13"},{"predicate":{"custom_model_data":10005},"model":"rpgfood_vol1:ia_auto_gen/rpg_food14"},{"predicate":{"custom_model_data":10006},"model":"rpgfood_vol1:ia_auto_gen/rpg_food15"},{"predicate":{"custom_model_data":10007},"model":"rpgfood_vol1:ia_auto_gen/rpg_food16"},{"predicate":{"custom_model_data":10008},"model":"rpgfood_vol1:ia_auto_gen/rpg_food17"},{"predicate":{"custom_model_data":10009},"model":"rpgfood_vol1:ia_auto_gen/rpg_food18"},{"predicate":{"custom_model_data":10010},"model":"rpgfood_vol1:ia_auto_gen/rpg_food19"},{"predicate":{"custom_model_data":10011},"model":"rpgfood_vol1:ia_auto_gen/rpg_food2"},{"predicate":{"custom_model_data":10012},"model":"rpgfood_vol1:ia_auto_gen/rpg_food20"},{"predicate":{"custom_model_data":10013},"model":"rpgfood_vol1:ia_auto_gen/rpg_food21"},{"predicate":{"custom_model_data":10014},"model":"rpgfood_vol1:ia_auto_gen/rpg_food22"},{"predicate":{"custom_model_data":10015},"model":"rpgfood_vol1:ia_auto_gen/rpg_food23"},{"predicate":{"custom_model_data":10016},"model":"rpgfood_vol1:ia_auto_gen/rpg_food24"},{"predicate":{"custom_model_data":10017},"model":"rpgfood_vol1:ia_auto_gen/rpg_food25"},{"predicate":{"custom_model_data":10018},"model":"rpgfood_vol1:ia_auto_gen/rpg_food3"},{"predicate":{"custom_model_data":10019},"model":"rpgfood_vol1:ia_auto_gen/rpg_food4"},{"predicate":{"custom_model_data":10020},"model":"rpgfood_vol1:ia_auto_gen/rpg_food5"},{"predicate":{"custom_model_data":10021},"model":"rpgfood_vol1:ia_auto_gen/rpg_food6"},{"predicate":{"custom_model_data":10022},"model":"rpgfood_vol1:ia_auto_gen/rpg_food7"},{"predicate":{"custom_model_data":10023},"model":"rpgfood_vol1:ia_auto_gen/rpg_food8"},{"predicate":{"custom_model_data":10024},"model":"rpgfood_vol1:ia_auto_gen/rpg_food9"},{"predicate":{"custom_model_data":10025},"model":"item/cooked_beef"}]}