{"parent":"minecraft:item/handheld","textures":{"layer0":"minecraft:item/diamond_shovel"},"overrides":[{"predicate":{"custom_model_data":10000},"model":"purpleworldset:purpleworldset/purpleworld_shovel"},{"predicate":{"custom_model_data":10000},"model":"purpleworldset:purpleworldset/purpleworld_shovel"},{"predicate":{"custom_model_data":10001},"model":"default_tools:diamond/diamond_shovel"},{"predicate":{"custom_model_data":10001},"model":"default_tools:diamond/diamond_shovel"},{"predicate":{"custom_model_data":10002},"model":"minecraft:item/diamond_shovel"},{"predicate":{"custom_model_data":10003},"model":"purpledragon:purpledragon/purple_dragon_shovel"},{"predicate":{"custom_model_data":10003},"model":"purpledragon:purpledragon/purple_dragon_shovel"},{"predicate":{"custom_model_data":10004},"model":"minecraft:item/diamond_shovel"},{"predicate":{"custom_model_data":10004},"model":"akaleaf_discord_nitro:item/discord_nitro_shovel"},{"predicate":{"custom_model_data":10005},"model":"bonekeeper_set:bonekeeper_set/shovel"},{"predicate":{"custom_model_data":10006},"model":"warden_set:shovel"},{"predicate":{"custom_model_data":10008},"model":"darkworldpack:normal/shovel"},{"predicate":{"custom_model_data":10010},"model":"elitecreatures:wukong_animated/shovel"},{"predicate":{"custom_model_data":10011},"model":"item/diamond_shovel"}]}