{"parent":"minecraft:item/handheld","textures":{"layer0":"minecraft:item/diamond_pickaxe"},"overrides":[{"predicate":{"custom_model_data":10000},"model":"purpleworldset:purpleworldset/purpleworld_pickaxe"},{"predicate":{"custom_model_data":10000},"model":"purpleworldset:purpleworldset/purpleworld_pickaxe"},{"predicate":{"custom_model_data":10001},"model":"default_tools:diamond/diamond_pickaxe"},{"predicate":{"custom_model_data":10001},"model":"default_tools:diamond/diamond_pickaxe"},{"predicate":{"custom_model_data":10002},"model":"ruby_vol_1_pack:ruby_vol_1_pack/pick_ruby_vol_1"},{"predicate":{"custom_model_data":10002},"model":"ruby_vol_1_pack:ruby_vol_1_pack/pick_ruby_vol_1"},{"predicate":{"custom_model_data":10003},"model":"minecraft:item/diamond_pickaxe"},{"predicate":{"custom_model_data":10004},"model":"purpledragon:purpledragon/purple_dragon_pickaxe"},{"predicate":{"custom_model_data":10004},"model":"purpledragon:purpledragon/purple_dragon_pickaxe"},{"predicate":{"custom_model_data":10005},"model":"minecraft:item/diamond_pickaxe"},{"predicate":{"custom_model_data":10005},"model":"akaleaf_discord_nitro:item/discord_nitro_pickaxe"},{"predicate":{"custom_model_data":10006},"model":"bonekeeper_set:bonekeeper_set/pickaxe"},{"predicate":{"custom_model_data":10007},"model":"warden_set:pickaxe"},{"predicate":{"custom_model_data":10009},"model":"darkworldpack:normal/pickaxe"},{"predicate":{"custom_model_data":10011},"model":"elitecreatures:wukong_animated/pickaxe"},{"predicate":{"custom_model_data":10012},"model":"item/diamond_pickaxe"}]}