{"parent":"minecraft:item/generated","textures":{"layer0":"minecraft:item/kelp"},"overrides":[{"predicate":{"custom_model_data":10000},"model":"elitecreatures:ifrit_animated/helmet"},{"predicate":{"custom_model_data":10001},"model":"elitecreatures:ifrit_animated/balloon"},{"predicate":{"custom_model_data":10002},"model":"elitecreatures:ifrit_animated/key"},{"predicate":{"custom_model_data":10003},"model":"elitecreatures:ifrit_animated/quiver"},{"predicate":{"custom_model_data":10004},"model":"elitecreatures:junk_food_cosmetic/drink"},{"predicate":{"custom_model_data":10005},"model":"elitecreatures:junk_food_cosmetic/hot_dog_hat"},{"predicate":{"custom_model_data":10006},"model":"elitecreatures:junk_food_cosmetic/hot_dog_hat_self"},{"predicate":{"custom_model_data":10007},"model":"elitecreatures:junk_food_cosmetic/icecream"},{"predicate":{"custom_model_data":10008},"model":"elitecreatures:junk_food_cosmetic/pizza_hat"},{"predicate":{"custom_model_data":10009},"model":"item/kelp"}]}