{"parent":"item/generated","textures":{"layer0":"item/leather_helmet","layer1":"item/leather_helmet_overlay"},"overrides":[{"predicate":{"custom_model_data":2006},"model":"custom/armor/thor_helmet"},{"predicate":{"custom_model_data":2006},"model":"thor_armor:ia_auto_gen/thor_helmet"},{"predicate":{"custom_model_data":2007},"model":"nexusset:ia_auto_gen/nexus_helmet_icon"},{"predicate":{"custom_model_data":2008},"model":"elitecreatures:ia_auto_gen/valentines_helmet1"},{"predicate":{"custom_model_data":10000},"model":"elitecreatures:ia_auto_gen/valentines_animated_weapon_and_tool_set_v1_helmet1"},{"predicate":{"custom_model_data":10002},"model":"elitecreatures:ia_auto_gen/bahamut_animated_weapon_set_helmet_2"},{"predicate":{"custom_model_data":10003},"model":"elitecreatures:ia_auto_gen/darkflame_animated_weapon_set_helmet"},{"predicate":{"custom_model_data":10004},"model":"fiendskullset:ia_auto_gen/fiendskullhelmet"},{"predicate":{"custom_model_data":10005},"model":"elitecreatures:ia_auto_gen/ghostly_animated_weapon_set_helmet"},{"predicate":{"custom_model_data":10006},"model":"elitecreatures:ia_auto_gen/headlesshorseman_animated_weapon_set_helmet"},{"predicate":{"custom_model_data":10008},"model":"elitecreatures:ia_auto_gen/christmas_2023-helmet"},{"predicate":{"custom_model_data":10009},"model":"winterset:ia_auto_gen/winterhelmet"},{"predicate":{"custom_model_data":10010},"model":"valentineset:ia_auto_gen/valentinehelmet"},{"predicate":{"custom_model_data":10011},"model":"elitecreatures:ia_auto_gen/ifrit_animated-helmet"},{"predicate":{"custom_model_data":10012},"model":"saintpatricksset:ia_auto_gen/saintpatrick_set_helmet"},{"predicate":{"custom_model_data":10013},"model":"lunardragonset:ia_auto_gen/lunardragonsethelmet"},{"predicate":{"custom_model_data":10014},"model":"protocalset:ia_auto_gen/protocalhat"},{"predicate":{"custom_model_data":10015},"model":"radiance_collection:ia_auto_gen/radiancehelmet"},{"predicate":{"custom_model_data":10016},"model":"starlight:ia_auto_gen/starlighthelmet"},{"predicate":{"custom_model_data":10017},"model":"slime_collection:ia_auto_gen/slimehelmet"},{"predicate":{"custom_model_data":10018},"model":"mickeysr:ia_auto_gen/party_weapon_cap"},{"predicate":{"custom_model_data":10019},"model":"elitecreatures:ia_auto_gen/mad_hatter_animated_weapon_set_helmet"},{"predicate":{"custom_model_data":10020},"model":"elitecreatures:ia_auto_gen/wukong_animated-helmet"},{"predicate":{"custom_model_data":10021},"model":"item/leather_helmet"}]}