{"textures​":{"layer0":"minecraft:item/arrow"},"credit":"Made by PolygonMC","texture_size":[24,24],"\u0074\u0065\u0078\u0074\u0075\u0072\u0065\u0073":{"2":"\u006c\u0075\u006e\u0061\u0072\u0064\u0072\u0061\u0067\u006f\u006e\u0073\u0065\u0074:\u0061\u006e\u0069\u006d\u0061\u0074\u0069\u006f\u006e\u0073/\u0061\u006e\u0069\u006d\u0061\u0074\u0069\u006f\u006e\u0073_1","3":"\u006c\u0075\u006e\u0061\u0072\u0064\u0072\u0061\u0067\u006f\u006e\u0073\u0065\u0074:\u0061\u006e\u0069\u006d\u0061\u0074\u0069\u006f\u006e\u0073/\u0061\u006e\u0069\u006d\u0061\u0074\u0069\u006f\u006e\u0073_2","4":"\u006c\u0075\u006e\u0061\u0072\u0064\u0072\u0061\u0067\u006f\u006e\u0073\u0065\u0074:\u0070\u0069\u0063\u006b\u0061\u0078\u0065","\u0070\u0061\u0072\u0074\u0069\u0063\u006c\u0065":"\u006c\u0075\u006e\u0061\u0072\u0064\u0072\u0061\u0067\u006f\u006e\u0073\u0065\u0074:\u0070\u0069\u0063\u006b\u0061\u0078\u0065"},"elements":[{"from":[7.5,0.25,7.5],"to":[8.5,2,8.5],"rotation":{"angle":45,"axis":"y","origin":[8,2.75,8]},"faces":{"north":{"uv":[8.66667,3.33333,9.33333,4.66667],"texture":"#4"},"east":{"uv":[8.66667,4.66667,9.33333,6],"texture":"#4"},"south":{"uv":[8.66667,6,9.33333,7.33333],"texture":"#4"},"west":{"uv":[8.66667,7.33333,9.33333,8.66667],"texture":"#4"},"up":{"uv":[6.66667,4.66667,6,4],"texture":"#4"},"down":{"uv":[7.33333,5.33333,6.66667,6],"texture":"#4"}}},{"from":[7.6,2,7.6],"to":[8.4,3.5,8.4],"rotation":{"angle":45,"axis":"y","origin":[8,2.75,8]},"faces":{"north":{"uv":[4.66667,9.33333,5.33333,10.33333],"texture":"#4"},"east":{"uv":[5.33333,9.33333,6,10.33333],"texture":"#4"},"south":{"uv":[6,9.33333,6.66667,10.33333],"texture":"#4"},"west":{"uv":[6.66667,9.33333,7.33333,10.33333],"texture":"#4"}}},{"from":[7.4,1.1,7.4],"to":[8.6,1.6,8.6],"rotation":{"angle":45,"axis":"y","origin":[8,2.85,8]},"faces":{"north":{"uv":[7.33333,10.66667,8,11],"texture":"#4"},"east":{"uv":[8,10.66667,8.66667,11],"texture":"#4"},"south":{"uv":[10.66667,8,11.33333,8.33333],"texture":"#4"},"west":{"uv":[8.66667,10.66667,9.33333,11],"texture":"#4"},"up":{"uv":[10.66667,2.66667,10,2],"texture":"#4"},"down":{"uv":[10.66667,2.66667,10,3.33333],"texture":"#4"}}},{"from":[7.5,3.5,7.5],"to":[8.5,5.5,8.5],"rotation":{"angle":45,"axis":"y","origin":[8,2.75,8]},"faces":{"north":{"uv":[8.66667,8.66667,9.33333,10],"texture":"#4"},"east":{"uv":[0,9.33333,0.66667,10.66667],"texture":"#4"},"south":{"uv":[9.33333,0,10,1.33333],"texture":"#4"},"west":{"uv":[0.66667,9.33333,1.33333,10.66667],"texture":"#4"},"up":{"uv":[10.66667,4.66667,10,4],"texture":"#4"},"down":{"uv":[10.66667,4.66667,10,5.33333],"texture":"#4"}}},{"from":[7.4,4,7.4],"to":[8.6,4.5,8.6],"rotation":{"angle":45,"axis":"y","origin":[8,2.75,8]},"faces":{"north":{"uv":[10.66667,8.66667,11.33333,9],"texture":"#4"},"east":{"uv":[9.33333,10.66667,10,11],"texture":"#4"},"south":{"uv":[10.66667,9.33333,11.33333,9.66667],"texture":"#4"},"west":{"uv":[10,10.66667,10.66667,11],"texture":"#4"},"up":{"uv":[10.66667,6,10,5.33333],"texture":"#4"},"down":{"uv":[10.66667,6,10,6.66667],"texture":"#4"}}},{"from":[7.265,-0.62021,8],"to":[8.735,0.54979,9.17],"rotation":{"angle":-45,"axis":"x","origin":[7.415,-0.62021,8]},"faces":{"north":{"uv":[9.33333,6.66667,10.33333,7.33333],"texture":"#4"},"east":{"uv":[7.33333,10,8,10.66667],"texture":"#4"},"south":{"uv":[7.33333,9.33333,8.33333,10],"texture":"#4"},"west":{"uv":[8,10,8.66667,10.66667],"texture":"#4"},"up":{"uv":[10.33333,8,9.33333,7.33333],"texture":"#4"},"down":{"uv":[10.33333,8,9.33333,8.66667],"texture":"#4"}}},{"from":[7,11.65,7],"to":[9,13.65,9],"rotation":{"angle":45,"axis":"x","origin":[8,12.65,8]},"faces":{"north":{"uv":[5.33333,0,6.66667,1.33333],"texture":"#4"},"east":{"uv":[5.33333,1.33333,6.66667,2.66667],"texture":"#4"},"south":{"uv":[5.33333,4.66667,6.66667,6],"texture":"#4"},"west":{"uv":[0,6,1.33333,7.33333],"texture":"#4"},"up":{"uv":[2.66667,7.33333,1.33333,6],"texture":"#4"},"down":{"uv":[4,6,2.66667,7.33333],"texture":"#4"}}},{"from":[6.75,11.9,7.25],"to":[9.25,13.4,8.75],"rotation":{"angle":45,"axis":"x","origin":[8,12.65,8]},"faces":{"north":{"uv":[5.33333,6,7,7],"texture":"#4"},"east":{"uv":[7.33333,2.66667,8.33333,3.66667],"texture":"#4"},"south":{"uv":[6.66667,0,8.33333,1],"texture":"#4"},"west":{"uv":[8.66667,2,9.66667,3],"texture":"#4"},"up":{"uv":[8.33333,2.33333,6.66667,1.33333],"texture":"#4"},"down":{"uv":[8.33333,4,6.66667,5],"texture":"#4"}}},{"from":[7.08934,5.5,8.15],"to":[8.28934,8,9.35],"rotation":{"angle":45,"axis":"y","origin":[6.93934,1.5,8]},"faces":{"north":{"uv":[5.33333,7.33333,6,9],"texture":"#4"},"east":{"uv":[7.33333,5.33333,8,7],"texture":"#4"},"south":{"uv":[6,7.33333,6.66667,9],"texture":"#4"},"west":{"uv":[6.66667,7.33333,7.33333,9],"texture":"#4"},"up":{"uv":[9.33333,10.66667,8.66667,10],"texture":"#4"},"down":{"uv":[10.66667,8.66667,10,9.33333],"texture":"#4"}}},{"from":[7.08934,9.5,8.15],"to":[8.28934,12,9.35],"rotation":{"angle":45,"axis":"y","origin":[6.93934,9.5,8]},"faces":{"north":{"uv":[7.33333,7.33333,8,9],"texture":"#4"},"east":{"uv":[8,5.33333,8.66667,7],"texture":"#4"},"south":{"uv":[8,7.33333,8.66667,9],"texture":"#4"},"west":{"uv":[8.66667,0,9.33333,1.66667],"texture":"#4"},"up":{"uv":[10,10.66667,9.33333,10],"texture":"#4"},"down":{"uv":[10.66667,9.33333,10,10],"texture":"#4"}}},{"from":[7.5,8,7.5],"to":[8.5,9.5,8.5],"rotation":{"angle":45,"axis":"y","origin":[8,5.25,8]},"faces":{"north":{"uv":[9.33333,8.66667,10,9.66667],"texture":"#4"},"east":{"uv":[10,0,10.66667,1],"texture":"#4"},"south":{"uv":[1.33333,10,2,11],"texture":"#4"},"west":{"uv":[2,10,2.66667,11],"texture":"#4"}}},{"from":[7.985,-2.75,8.75],"to":[8.015,-0.5,11],"rotation":{"angle":-45,"axis":"x","origin":[7.985,-3.5,8]},"faces":{"east":{"uv":[5.66667,2.66667,4,4.33333],"texture":"#4"},"west":{"uv":[4,2.66667,5.66667,4.33333],"texture":"#4"}}},{"from":[7.9925,10.46226,3.61447],"to":[8.9925,11.46226,4.61447],"rotation":{"angle":45,"axis":"z","origin":[7.9925,10.46226,3.61447]},"faces":{"north":{"uv":[10.66667,2.66667,11.33333,3.33333],"texture":"#4"},"east":{"uv":[10.66667,3.33333,11.33333,4],"texture":"#4"},"south":{"uv":[10.66667,4,11.33333,4.66667],"texture":"#4"},"west":{"uv":[4.66667,10.66667,5.33333,11.33333],"texture":"#4"},"up":{"uv":[11.33333,5.33333,10.66667,4.66667],"texture":"#4"},"down":{"uv":[6,10.66667,5.33333,11.33333],"texture":"#4"}}},{"from":[8.1675,10.63726,4.61447],"to":[8.8175,11.28726,6.61447],"rotation":{"angle":45,"axis":"z","origin":[7.9925,10.46226,5.61447]},"faces":{"east":{"uv":[10.66667,0,12,0.33333],"texture":"#4"},"west":{"uv":[10.66667,0.66667,12,1],"texture":"#4"},"up":{"uv":[1,12,0.66667,10.66667],"texture":"#4"},"down":{"uv":[11,1.33333,10.66667,2.66667],"texture":"#4"}}},{"from":[6.9925,8.04437,3.12868],"to":[8.9925,9.04437,5.12868],"rotation":{"angle":45,"axis":"y","origin":[7.9925,8.54437,4.12868]},"faces":{"north":{"uv":[1.33333,9.33333,2.66667,10],"texture":"#4"},"east":{"uv":[9.33333,1.33333,10.66667,2],"texture":"#4"},"south":{"uv":[2.66667,9.33333,4,10],"texture":"#4"},"west":{"uv":[9.33333,3.33333,10.66667,4],"texture":"#4"},"up":{"uv":[7.33333,4,6,2.66667],"texture":"#4"},"down":{"uv":[5.33333,6,4,7.33333],"texture":"#4"}}},{"from":[7.4925,9.04437,3.62868],"to":[8.4925,9.54437,4.62868],"rotation":{"angle":45,"axis":"y","origin":[7.9925,8.54437,4.12868]},"faces":{"north":{"uv":[11.33333,1.33333,12,1.66667],"texture":"#4"},"east":{"uv":[2,11.33333,2.66667,11.66667],"texture":"#4"},"south":{"uv":[11.33333,2,12,2.33333],"texture":"#4"},"west":{"uv":[11.33333,2.66667,12,3],"texture":"#4"},"up":{"uv":[0.66667,11.33333,0,10.66667],"texture":"#4"}}},{"from":[7.4925,7.54437,3.62868],"to":[8.4925,8.04437,4.62868],"rotation":{"angle":45,"axis":"y","origin":[7.9925,7.79437,4.12868]},"faces":{"north":{"uv":[10.66667,10,11.33333,10.33333],"texture":"#4"},"east":{"uv":[10.66667,10.66667,11.33333,11],"texture":"#4"},"south":{"uv":[0,11.33333,0.66667,11.66667],"texture":"#4"},"west":{"uv":[1.33333,11.33333,2,11.66667],"texture":"#4"},"down":{"uv":[10.66667,10,10,10.66667],"texture":"#4"}}},{"from":[7.99,5.73726,3.36618],"to":[8.01,10.48726,4.86618],"rotation":{"angle":0,"axis":"y","origin":[8.005,8.11226,12.44118]},"faces":{"east":{"uv":[0,0,3,10],"texture":"#2"},"west":{"uv":[3,0,0,10],"texture":"#2"}}},{"from":[7.5,11.15,4.96447],"to":[8.5,14.15,7.96447],"rotation":{"angle":45,"axis":"x","origin":[8,12.65,6.46447]},"faces":{"north":{"uv":[2.66667,7.33333,3.33333,9.33333],"texture":"#4"},"east":{"uv":[0,2.66667,2,4.66667],"texture":"#4"},"south":{"uv":[3.33333,7.33333,4,9.33333],"texture":"#4"},"west":{"uv":[2,2.66667,4,4.66667],"texture":"#4"},"up":{"uv":[4.66667,9.33333,4,7.33333],"texture":"#4"},"down":{"uv":[5.33333,7.33333,4.66667,9.33333],"texture":"#4"}}},{"from":[7.985,9.39974,-0.95958],"to":[8.015,13.39974,6.54042],"rotation":{"angle":0,"axis":"x","origin":[8,12.31985,2.64045]},"faces":{"east":{"uv":[5,12.33333,0,15],"texture":"#4"},"west":{"uv":[0,12.33333,5,15],"texture":"#4"}}},{"from":[7.7535,10.23238,2.27579],"to":[8.2465,12.48238,3.52579],"rotation":{"angle":45,"axis":"x","origin":[8,12.31985,3.64045]},"faces":{"north":{"uv":[2.66667,10,3,11.66667],"texture":"#4"},"east":{"uv":[0,7.33333,1,9],"texture":"#4"},"south":{"uv":[3.33333,10,3.66667,11.66667],"texture":"#4"},"west":{"uv":[1.33333,7.33333,2.33333,9],"texture":"#4"},"up":{"uv":[7,11.66667,6.66667,10.66667],"texture":"#4"},"down":{"uv":[11,6.66667,10.66667,7.66667],"texture":"#4"}}},{"from":[7.75,11.89974,2.79042],"to":[8.25,13.39974,6.04042],"rotation":{"angle":0,"axis":"x","origin":[8,12.31985,2.64045]},"faces":{"north":{"uv":[10.66667,5.33333,11,6.33333],"texture":"#4"},"east":{"uv":[0,4.66667,2.33333,5.66667],"texture":"#4"},"south":{"uv":[6,10.66667,6.33333,11.66667],"texture":"#4"},"west":{"uv":[2.66667,4.66667,5,5.66667],"texture":"#4"},"up":{"uv":[4.33333,11.66667,4,9.33333],"texture":"#4"},"down":{"uv":[9.66667,4,9.33333,6.33333],"texture":"#4"}}},{"from":[7.75,11.89974,9.95958],"to":[8.25,13.39974,13.20958],"rotation":{"angle":0,"axis":"x","origin":[8,12.31985,13.35955]},"faces":{"north":{"uv":[6.33333,10.66667,6,11.66667],"texture":"#4"},"east":{"uv":[2.33333,4.66667,0,5.66667],"texture":"#4"},"south":{"uv":[11,5.33333,10.66667,6.33333],"texture":"#4"},"west":{"uv":[5,4.66667,2.66667,5.66667],"texture":"#4"},"up":{"uv":[4.33333,9.33333,4,11.66667],"texture":"#4"},"down":{"uv":[9.66667,6.33333,9.33333,4],"texture":"#4"}}},{"from":[7.7535,10.23238,12.47421],"to":[8.2465,12.48238,13.72421],"rotation":{"angle":-45,"axis":"x","origin":[8,12.31985,12.35955]},"faces":{"north":{"uv":[3.66667,10,3.33333,11.66667],"texture":"#4"},"east":{"uv":[1,7.33333,0,9],"texture":"#4"},"south":{"uv":[3,10,2.66667,11.66667],"texture":"#4"},"west":{"uv":[2.33333,7.33333,1.33333,9],"texture":"#4"},"up":{"uv":[7,10.66667,6.66667,11.66667],"texture":"#4"},"down":{"uv":[11,7.66667,10.66667,6.66667],"texture":"#4"}}},{"from":[7.985,9.39974,9.45958],"to":[8.015,13.39974,16.95958],"rotation":{"angle":0,"axis":"x","origin":[8,12.31985,13.35955]},"faces":{"east":{"uv":[0,12.33333,5,15],"texture":"#4"},"west":{"uv":[5,12.33333,0,15],"texture":"#4"}}},{"from":[7.5,11.15,8.03553],"to":[8.5,14.15,11.03553],"rotation":{"angle":-45,"axis":"x","origin":[8,12.65,9.53553]},"faces":{"north":{"uv":[4,7.33333,3.33333,9.33333],"texture":"#4"},"east":{"uv":[2,2.66667,0,4.66667],"texture":"#4"},"south":{"uv":[3.33333,7.33333,2.66667,9.33333],"texture":"#4"},"west":{"uv":[4,2.66667,2,4.66667],"texture":"#4"},"up":{"uv":[4.66667,7.33333,4,9.33333],"texture":"#4"},"down":{"uv":[5.33333,9.33333,4.66667,7.33333],"texture":"#4"}}},{"from":[7.99,5.73726,11.13382],"to":[8.01,10.48726,12.63382],"rotation":{"angle":0,"axis":"y","origin":[8.005,8.11226,3.55882]},"faces":{"east":{"uv":[3,0,0,10],"texture":"#2"},"west":{"uv":[0,0,3,10],"texture":"#2"}}},{"from":[7.4925,7.54437,11.37132],"to":[8.4925,8.04437,12.37132],"rotation":{"angle":-45,"axis":"y","origin":[7.9925,7.79437,11.87132]},"faces":{"north":{"uv":[0.66667,11.33333,0,11.66667],"texture":"#4"},"east":{"uv":[11.33333,10.66667,10.66667,11],"texture":"#4"},"south":{"uv":[11.33333,10,10.66667,10.33333],"texture":"#4"},"west":{"uv":[2,11.33333,1.33333,11.66667],"texture":"#4"},"down":{"uv":[10.66667,10.66667,10,10],"texture":"#4"}}},{"from":[7.4925,9.04437,11.37132],"to":[8.4925,9.54437,12.37132],"rotation":{"angle":-45,"axis":"y","origin":[7.9925,8.54437,11.87132]},"faces":{"north":{"uv":[12,2,11.33333,2.33333],"texture":"#4"},"east":{"uv":[2.66667,11.33333,2,11.66667],"texture":"#4"},"south":{"uv":[12,1.33333,11.33333,1.66667],"texture":"#4"},"west":{"uv":[12,2.66667,11.33333,3],"texture":"#4"},"up":{"uv":[0.66667,10.66667,0,11.33333],"texture":"#4"}}},{"from":[6.9925,8.04437,10.87132],"to":[8.9925,9.04437,12.87132],"rotation":{"angle":-45,"axis":"y","origin":[7.9925,8.54437,11.87132]},"faces":{"north":{"uv":[4,9.33333,2.66667,10],"texture":"#4"},"east":{"uv":[10.66667,1.33333,9.33333,2],"texture":"#4"},"south":{"uv":[2.66667,9.33333,1.33333,10],"texture":"#4"},"west":{"uv":[10.66667,3.33333,9.33333,4],"texture":"#4"},"up":{"uv":[7.33333,2.66667,6,4],"texture":"#4"},"down":{"uv":[5.33333,7.33333,4,6],"texture":"#4"}}},{"from":[8.1675,10.63726,9.38553],"to":[8.8175,11.28726,11.38553],"rotation":{"angle":45,"axis":"z","origin":[7.9925,10.46226,10.38553]},"faces":{"east":{"uv":[12,0,10.66667,0.33333],"texture":"#4"},"west":{"uv":[12,0.66667,10.66667,1],"texture":"#4"},"up":{"uv":[1,10.66667,0.66667,12],"texture":"#4"},"down":{"uv":[11,2.66667,10.66667,1.33333],"texture":"#4"}}},{"from":[7.9925,10.46226,11.38553],"to":[8.9925,11.46226,12.38553],"rotation":{"angle":45,"axis":"z","origin":[7.9925,10.46226,12.38553]},"faces":{"north":{"uv":[11.33333,4,10.66667,4.66667],"texture":"#4"},"east":{"uv":[11.33333,3.33333,10.66667,4],"texture":"#4"},"south":{"uv":[11.33333,2.66667,10.66667,3.33333],"texture":"#4"},"west":{"uv":[5.33333,10.66667,4.66667,11.33333],"texture":"#4"},"up":{"uv":[11.33333,4.66667,10.66667,5.33333],"texture":"#4"},"down":{"uv":[6,11.33333,5.33333,10.66667],"texture":"#4"}}},{"from":[6.5,8.65,4],"to":[6.5,16.65,12],"faces":{"west":{"uv":[0,0,16,16],"texture":"#3"}}},{"from":[9.5,8.65,4],"to":[9.5,16.65,12],"rotation":{"angle":0,"axis":"y","origin":[16,0,0]},"faces":{"east":{"uv":[16,0,0,16],"texture":"#3"}}}],"gui_light":"front","display":{"thirdperson_righthand":{"translation":[0,3,1]},"thirdperson_lefthand":{"translation":[0,3,1]},"firstperson_righthand":{"rotation":[-10,0,0],"translation":[0,4.5,0]},"firstperson_lefthand":{"rotation":[-10,0,0],"translation":[0,4.5,0]},"ground":{"rotation":[-45,0,0],"translation":[0,5,0],"scale":[0.7,0.7,0.7]},"gui":{"rotation":[-90,45,90],"translation":[0.25,-0.25,0],"scale":[0.9,0.9,0.9]},"head":{"rotation":[0,-90,0]},"fixed":{"rotation":[0,-90,0],"translation":[0,0,-1.75],"scale":[2,2,2]}}}