{"textures​":{"layer0":"minecraft:item/gray_stained_glass"},"credit":"Made by PolygonMC","texture_size":[24,24],"\u0074\u0065\u0078\u0074\u0075\u0072\u0065\u0073":{"2":"\u006c\u0075\u006e\u0061\u0072\u0064\u0072\u0061\u0067\u006f\u006e\u0073\u0065\u0074:\u0061\u006e\u0069\u006d\u0061\u0074\u0069\u006f\u006e\u0073/\u0061\u006e\u0069\u006d\u0061\u0074\u0069\u006f\u006e\u0073_1","3":"\u006c\u0075\u006e\u0061\u0072\u0064\u0072\u0061\u0067\u006f\u006e\u0073\u0065\u0074:\u0061\u006e\u0069\u006d\u0061\u0074\u0069\u006f\u006e\u0073/\u0061\u006e\u0069\u006d\u0061\u0074\u0069\u006f\u006e\u0073_2","4":"\u006c\u0075\u006e\u0061\u0072\u0064\u0072\u0061\u0067\u006f\u006e\u0073\u0065\u0074:\u0074\u0072\u0069\u0064\u0065\u006e\u0074","\u0070\u0061\u0072\u0074\u0069\u0063\u006c\u0065":"\u006c\u0075\u006e\u0061\u0072\u0064\u0072\u0061\u0067\u006f\u006e\u0073\u0065\u0074:\u0074\u0072\u0069\u0064\u0065\u006e\u0074"},"elements":[{"from":[7.5,0.25,7.5],"to":[8.5,2,8.5],"rotation":{"angle":45,"axis":"y","origin":[8,2.75,8]},"faces":{"north":{"uv":[1.33333,10,2,11.33333],"texture":"#4"},"east":{"uv":[10,4,10.66667,5.33333],"texture":"#4"},"south":{"uv":[10,5.33333,10.66667,6.66667],"texture":"#4"},"west":{"uv":[10,6.66667,10.66667,8],"texture":"#4"},"up":{"uv":[8.66667,2,8,1.33333],"texture":"#4"},"down":{"uv":[9.33333,6.66667,8.66667,7.33333],"texture":"#4"}}},{"from":[7.6,2,7.6],"to":[8.4,3.5,8.4],"rotation":{"angle":45,"axis":"y","origin":[8,2.75,8]},"faces":{"north":{"uv":[10.66667,5.33333,11.33333,6.33333],"texture":"#4"},"east":{"uv":[6,10.66667,6.66667,11.66667],"texture":"#4"},"south":{"uv":[6.66667,10.66667,7.33333,11.66667],"texture":"#4"},"west":{"uv":[10.66667,6.66667,11.33333,7.66667],"texture":"#4"}}},{"from":[7.6,12,7.6],"to":[8.4,16.5,8.4],"rotation":{"angle":45,"axis":"y","origin":[8,12.75,8]},"faces":{"north":{"uv":[6,2,6.66667,5],"texture":"#4"},"east":{"uv":[6,5.33333,6.66667,8.33333],"texture":"#4"},"south":{"uv":[6.66667,2,7.33333,5],"texture":"#4"},"west":{"uv":[6.66667,5.33333,7.33333,8.33333],"texture":"#4"}}},{"from":[7.4,1.1,7.4],"to":[8.6,1.6,8.6],"rotation":{"angle":45,"axis":"y","origin":[8,2.85,8]},"faces":{"north":{"uv":[4.66667,12,5.33333,12.33333],"texture":"#4"},"east":{"uv":[12,4.66667,12.66667,5],"texture":"#4"},"south":{"uv":[5.33333,12,6,12.33333],"texture":"#4"},"west":{"uv":[12,5.33333,12.66667,5.66667],"texture":"#4"},"up":{"uv":[4,12,3.33333,11.33333],"texture":"#4"},"down":{"uv":[4.66667,11.33333,4,12],"texture":"#4"}}},{"from":[7.5,3.5,7.5],"to":[8.5,5.5,8.5],"rotation":{"angle":45,"axis":"y","origin":[8,2.75,8]},"faces":{"north":{"uv":[10,8,10.66667,9.33333],"texture":"#4"},"east":{"uv":[10,9.33333,10.66667,10.66667],"texture":"#4"},"south":{"uv":[10.66667,1.33333,11.33333,2.66667],"texture":"#4"},"west":{"uv":[2,10.66667,2.66667,12],"texture":"#4"},"up":{"uv":[5.33333,12,4.66667,11.33333],"texture":"#4"},"down":{"uv":[6,11.33333,5.33333,12],"texture":"#4"}}},{"from":[7.4,4,7.4],"to":[8.6,4.5,8.6],"rotation":{"angle":45,"axis":"y","origin":[8,2.75,8]},"faces":{"north":{"uv":[6,12,6.66667,12.33333],"texture":"#4"},"east":{"uv":[12,6,12.66667,6.33333],"texture":"#4"},"south":{"uv":[6.66667,12,7.33333,12.33333],"texture":"#4"},"west":{"uv":[12,6.66667,12.66667,7],"texture":"#4"},"up":{"uv":[12,6,11.33333,5.33333],"texture":"#4"},"down":{"uv":[12,6,11.33333,6.66667],"texture":"#4"}}},{"from":[7.265,-0.62021,8],"to":[8.735,0.54979,9.17],"rotation":{"angle":-45,"axis":"x","origin":[7.415,-0.62021,8]},"faces":{"north":{"uv":[7.33333,10.66667,8.33333,11.33333],"texture":"#4"},"east":{"uv":[11.33333,6.66667,12,7.33333],"texture":"#4"},"south":{"uv":[10.66667,8,11.66667,8.66667],"texture":"#4"},"west":{"uv":[7.33333,11.33333,8,12],"texture":"#4"},"up":{"uv":[9.66667,11.33333,8.66667,10.66667],"texture":"#4"},"down":{"uv":[11.66667,8.66667,10.66667,9.33333],"texture":"#4"}}},{"from":[7,22.65,7],"to":[9,24.65,9],"rotation":{"angle":45,"axis":"x","origin":[8,23.65,8]},"faces":{"north":{"uv":[0,7.33333,1.33333,8.66667],"texture":"#4"},"east":{"uv":[1.33333,7.33333,2.66667,8.66667],"texture":"#4"},"south":{"uv":[7.33333,2,8.66667,3.33333],"texture":"#4"},"west":{"uv":[2.66667,7.33333,4,8.66667],"texture":"#4"},"up":{"uv":[8.66667,4.66667,7.33333,3.33333],"texture":"#4"},"down":{"uv":[5.33333,7.33333,4,8.66667],"texture":"#4"}}},{"from":[6.75,22.9,7.25],"to":[9.25,24.4,8.75],"rotation":{"angle":45,"axis":"x","origin":[8,23.65,8]},"faces":{"north":{"uv":[7.33333,7.33333,9,8.33333],"texture":"#4"},"east":{"uv":[10,0,11,1],"texture":"#4"},"south":{"uv":[8,0,9.66667,1],"texture":"#4"},"west":{"uv":[10,2.66667,11,3.66667],"texture":"#4"},"up":{"uv":[1.66667,9.66667,0,8.66667],"texture":"#4"},"down":{"uv":[10.33333,1.33333,8.66667,2.33333],"texture":"#4"}}},{"from":[7.08934,5.5,8.15],"to":[8.28934,8,9.35],"rotation":{"angle":45,"axis":"y","origin":[6.93934,1.5,8]},"faces":{"north":{"uv":[3.33333,8.66667,4,10.33333],"texture":"#4"},"east":{"uv":[4,8.66667,4.66667,10.33333],"texture":"#4"},"south":{"uv":[4.66667,8.66667,5.33333,10.33333],"texture":"#4"},"west":{"uv":[8.66667,4.66667,9.33333,6.33333],"texture":"#4"},"up":{"uv":[12,8,11.33333,7.33333],"texture":"#4"},"down":{"uv":[8.66667,11.33333,8,12],"texture":"#4"}}},{"from":[7.08934,9.5,8.15],"to":[8.28934,12,9.35],"rotation":{"angle":45,"axis":"y","origin":[6.93934,9.5,8]},"faces":{"north":{"uv":[6,8.66667,6.66667,10.33333],"texture":"#4"},"east":{"uv":[6.66667,8.66667,7.33333,10.33333],"texture":"#4"},"south":{"uv":[7.33333,8.66667,8,10.33333],"texture":"#4"},"west":{"uv":[8,8.66667,8.66667,10.33333],"texture":"#4"},"up":{"uv":[9.33333,12,8.66667,11.33333],"texture":"#4"},"down":{"uv":[10,11.33333,9.33333,12],"texture":"#4"}}},{"from":[7.5,8,7.5],"to":[8.5,9.5,8.5],"rotation":{"angle":45,"axis":"y","origin":[8,5.25,8]},"faces":{"north":{"uv":[10.66667,9.33333,11.33333,10.33333],"texture":"#4"},"east":{"uv":[10,10.66667,10.66667,11.66667],"texture":"#4"},"south":{"uv":[10.66667,10.66667,11.33333,11.66667],"texture":"#4"},"west":{"uv":[11.33333,0,12,1],"texture":"#4"}}},{"from":[7.08934,16.5,8.15],"to":[8.28934,19,9.35],"rotation":{"angle":45,"axis":"y","origin":[6.93934,12.5,8]},"faces":{"north":{"uv":[9.33333,6.66667,10,8.33333],"texture":"#4"},"east":{"uv":[9.33333,8.66667,10,10.33333],"texture":"#4"},"south":{"uv":[0,10,0.66667,11.66667],"texture":"#4"},"west":{"uv":[0.66667,10,1.33333,11.66667],"texture":"#4"},"up":{"uv":[4.66667,12.66667,4,12],"texture":"#4"},"down":{"uv":[12.66667,4,12,4.66667],"texture":"#4"}}},{"from":[7.08934,20.5,8.15],"to":[8.28934,23,9.35],"rotation":{"angle":45,"axis":"y","origin":[6.93934,20.5,8]},"faces":{"north":{"uv":[8.66667,8.66667,9.33333,10.33333],"texture":"#4"},"east":{"uv":[9.33333,2.66667,10,4.33333],"texture":"#4"},"south":{"uv":[9.33333,4.66667,10,6.33333],"texture":"#4"},"west":{"uv":[5.33333,9.33333,6,11],"texture":"#4"},"up":{"uv":[4,12.66667,3.33333,12],"texture":"#4"},"down":{"uv":[12.66667,3.33333,12,4],"texture":"#4"}}},{"from":[7.5,19,7.5],"to":[8.5,20.5,8.5],"rotation":{"angle":45,"axis":"y","origin":[8,16.25,8]},"faces":{"north":{"uv":[1.33333,11.33333,2,12.33333],"texture":"#4"},"east":{"uv":[11.33333,1.33333,12,2.33333],"texture":"#4"},"south":{"uv":[2.66667,11.33333,3.33333,12.33333],"texture":"#4"},"west":{"uv":[11.33333,2.66667,12,3.66667],"texture":"#4"}}},{"from":[7.985,-2.75,8.75],"to":[8.015,-0.5,11],"rotation":{"angle":-45,"axis":"x","origin":[7.985,-3.5,8]},"faces":{"east":{"uv":[4,5.33333,5.66667,7],"texture":"#4"},"west":{"uv":[6,0,7.66667,1.66667],"texture":"#4"}}},{"from":[7.99625,22.94289,4.33579],"to":[8.99625,23.94289,5.33579],"rotation":{"angle":45,"axis":"z","origin":[7.99625,22.94289,4.33579]},"faces":{"north":{"uv":[11.33333,9.33333,12,10],"texture":"#4"},"east":{"uv":[11.33333,10,12,10.66667],"texture":"#4"},"south":{"uv":[11.33333,10.66667,12,11.33333],"texture":"#4"},"west":{"uv":[11.33333,11.33333,12,12],"texture":"#4"},"up":{"uv":[0.66667,12.66667,0,12],"texture":"#4"},"down":{"uv":[12.66667,0,12,0.66667],"texture":"#4"}}},{"from":[8.17125,23.11789,5.33579],"to":[8.82125,23.76789,7.33579],"rotation":{"angle":45,"axis":"z","origin":[7.99625,22.94289,6.33579]},"faces":{"east":{"uv":[12,0.66667,13.33333,1],"texture":"#4"},"west":{"uv":[12,1.33333,13.33333,1.66667],"texture":"#4"},"up":{"uv":[1,13.33333,0.66667,12],"texture":"#4"},"down":{"uv":[2.33333,12,2,13.33333],"texture":"#4"}}},{"from":[6.99625,20.525,3.85],"to":[8.99625,21.525,5.85],"rotation":{"angle":45,"axis":"y","origin":[7.99625,21.025,4.85]},"faces":{"north":{"uv":[2.66667,10.66667,4,11.33333],"texture":"#4"},"east":{"uv":[4,10.66667,5.33333,11.33333],"texture":"#4"},"south":{"uv":[10.66667,4,12,4.66667],"texture":"#4"},"west":{"uv":[10.66667,4.66667,12,5.33333],"texture":"#4"},"up":{"uv":[8.66667,6,7.33333,4.66667],"texture":"#4"},"down":{"uv":[8.66667,6,7.33333,7.33333],"texture":"#4"}}},{"from":[7.49625,21.525,4.35],"to":[8.49625,22.025,5.35],"rotation":{"angle":45,"axis":"y","origin":[7.99625,21.025,4.85]},"faces":{"north":{"uv":[7.33333,12,8,12.33333],"texture":"#4"},"east":{"uv":[12,7.33333,12.66667,7.66667],"texture":"#4"},"south":{"uv":[8,12,8.66667,12.33333],"texture":"#4"},"west":{"uv":[12,8,12.66667,8.33333],"texture":"#4"},"up":{"uv":[12.66667,2.66667,12,2],"texture":"#4"}}},{"from":[7.49625,20.025,4.35],"to":[8.49625,20.525,5.35],"rotation":{"angle":45,"axis":"y","origin":[7.99625,20.275,4.85]},"faces":{"north":{"uv":[8.66667,12,9.33333,12.33333],"texture":"#4"},"east":{"uv":[12,8.66667,12.66667,9],"texture":"#4"},"south":{"uv":[9.33333,12,10,12.33333],"texture":"#4"},"west":{"uv":[12,9.33333,12.66667,9.66667],"texture":"#4"},"down":{"uv":[12.66667,2.66667,12,3.33333],"texture":"#4"}}},{"from":[7.99375,18.21789,4.0875],"to":[8.01375,22.96789,5.5875],"rotation":{"angle":0,"axis":"y","origin":[8.00875,20.59289,13.1625]},"faces":{"east":{"uv":[0,0,3,10],"texture":"#2"},"west":{"uv":[3,0,0,10],"texture":"#2"}}},{"from":[7.99625,22.94289,10.66421],"to":[8.99625,23.94289,11.66421],"rotation":{"angle":45,"axis":"z","origin":[7.99625,22.94289,11.66421]},"faces":{"north":{"uv":[12,10.66667,11.33333,11.33333],"texture":"#4"},"east":{"uv":[12,10,11.33333,10.66667],"texture":"#4"},"south":{"uv":[12,9.33333,11.33333,10],"texture":"#4"},"west":{"uv":[12,11.33333,11.33333,12],"texture":"#4"},"up":{"uv":[0.66667,12,0,12.66667],"texture":"#4"},"down":{"uv":[12.66667,0.66667,12,0],"texture":"#4"}}},{"from":[8.17125,23.11789,8.66421],"to":[8.82125,23.76789,10.66421],"rotation":{"angle":45,"axis":"z","origin":[7.99625,22.94289,9.66421]},"faces":{"east":{"uv":[13.33333,0.66667,12,1],"texture":"#4"},"west":{"uv":[13.33333,1.33333,12,1.66667],"texture":"#4"},"up":{"uv":[1,12,0.66667,13.33333],"texture":"#4"},"down":{"uv":[2.33333,13.33333,2,12],"texture":"#4"}}},{"from":[6.99625,20.525,10.15],"to":[8.99625,21.525,12.15],"rotation":{"angle":-45,"axis":"y","origin":[7.99625,21.025,11.15]},"faces":{"north":{"uv":[12,4,10.66667,4.66667],"texture":"#4"},"east":{"uv":[5.33333,10.66667,4,11.33333],"texture":"#4"},"south":{"uv":[4,10.66667,2.66667,11.33333],"texture":"#4"},"west":{"uv":[12,4.66667,10.66667,5.33333],"texture":"#4"},"up":{"uv":[8.66667,4.66667,7.33333,6],"texture":"#4"},"down":{"uv":[8.66667,7.33333,7.33333,6],"texture":"#4"}}},{"from":[7.49625,21.525,10.65],"to":[8.49625,22.025,11.65],"rotation":{"angle":-45,"axis":"y","origin":[7.99625,21.025,11.15]},"faces":{"north":{"uv":[8.66667,12,8,12.33333],"texture":"#4"},"east":{"uv":[12.66667,7.33333,12,7.66667],"texture":"#4"},"south":{"uv":[8,12,7.33333,12.33333],"texture":"#4"},"west":{"uv":[12.66667,8,12,8.33333],"texture":"#4"},"up":{"uv":[12.66667,2,12,2.66667],"texture":"#4"}}},{"from":[7.49625,20.025,10.65],"to":[8.49625,20.525,11.65],"rotation":{"angle":-45,"axis":"y","origin":[7.99625,20.275,11.15]},"faces":{"north":{"uv":[10,12,9.33333,12.33333],"texture":"#4"},"east":{"uv":[12.66667,8.66667,12,9],"texture":"#4"},"south":{"uv":[9.33333,12,8.66667,12.33333],"texture":"#4"},"west":{"uv":[12.66667,9.33333,12,9.66667],"texture":"#4"},"down":{"uv":[12.66667,3.33333,12,2.66667],"texture":"#4"}}},{"from":[7.99375,18.21789,10.4125],"to":[8.01375,22.96789,11.9125],"rotation":{"angle":0,"axis":"y","origin":[8.00875,20.59289,2.8375]},"faces":{"east":{"uv":[3,0,0,10],"texture":"#2"},"west":{"uv":[0,0,3,10],"texture":"#2"}}},{"from":[7.5,23.68553,6.5],"to":[8.5,26.68553,9.5],"rotation":{"angle":45,"axis":"x","origin":[8,25.18553,8]},"faces":{"north":{"uv":[5.33333,7.33333,6,9.33333],"texture":"#4"},"east":{"uv":[0,5.33333,2,7.33333],"texture":"#4"},"south":{"uv":[2,8.66667,2.66667,10.66667],"texture":"#4"},"west":{"uv":[2,5.33333,4,7.33333],"texture":"#4"},"up":{"uv":[3.33333,10.66667,2.66667,8.66667],"texture":"#4"},"down":{"uv":[9.33333,2.66667,8.66667,4.66667],"texture":"#4"}}},{"from":[6.5,19.65,4],"to":[6.5,27.65,12],"rotation":{"angle":0,"axis":"y","origin":[0,11,0]},"faces":{"west":{"uv":[0,0,16,16],"texture":"#3"}}},{"from":[9.5,19.65,4],"to":[9.5,27.65,12],"rotation":{"angle":0,"axis":"y","origin":[16,11,0]},"faces":{"east":{"uv":[16,0,0,16],"texture":"#3"}}},{"from":[7.985,24,3.875],"to":[8.015,32,12.125],"rotation":{"angle":0,"axis":"y","origin":[7.985,24,3.875]},"faces":{"east":{"uv":[5.66667,0,0,5.33333],"texture":"#4"},"west":{"uv":[0,0,5.66667,5.33333],"texture":"#4"}}}],"gui_light":"front","display":{"thirdperson_righthand":{"translation":[0,-5.25,1]},"thirdperson_lefthand":{"translation":[0,-5.25,1]},"firstperson_righthand":{"rotation":[-10,0,0],"translation":[2,-4.75,0.75]},"firstperson_lefthand":{"rotation":[-10,0,0],"translation":[2,-4.75,0.75]},"ground":{"rotation":[-45,0,0],"translation":[0,5,0],"scale":[0.7,0.7,0.7]},"gui":{"rotation":[-90,45,90],"translation":[3.5,-3.5,0],"scale":[0.7,0.7,0.7]},"head":{"rotation":[0,-90,0]},"fixed":{"rotation":[0,-90,0],"translation":[0,-5.75,-1.75],"scale":[2,2,2]}}}