{"textures​":{"0":"\u0065\u006c\u0069\u0074\u0065\u0063\u0072\u0065\u0061\u0074\u0075\u0072\u0065\u0073:\u0072\u0065\u0074\u0072\u006f_\u0063\u006f\u0073\u006d\u0065\u0074\u0069\u0063_\u0073\u0065\u0074/\u0074\u0065\u00785","1":"\u0065\u006c\u0069\u0074\u0065\u0063\u0072\u0065\u0061\u0074\u0075\u0072\u0065\u0073:\u0072\u0065\u0074\u0072\u006f_\u0063\u006f\u0073\u006d\u0065\u0074\u0069\u0063_\u0073\u0065\u0074/\u0061\u006e\u00697","\u0070\u0061\u0072\u0074\u0069\u0063\u006c\u0065":"\u0065\u006c\u0069\u0074\u0065\u0063\u0072\u0065\u0061\u0074\u0075\u0072\u0065\u0073:\u0072\u0065\u0074\u0072\u006f_\u0063\u006f\u0073\u006d\u0065\u0074\u0069\u0063_\u0073\u0065\u0074/\u0074\u0065\u00785"},"credit":"MadewithBlockbench","texture_size":[64,64],"\u0074\u0065\u0078\u0074\u0075\u0072\u0065\u0073":{"0":"\u0065\u006c\u0069\u0074\u0065\u0063\u0072\u0065\u0061\u0074\u0075\u0072\u0065\u0073:\u0072\u0065\u0074\u0072\u006f_\u0063\u006f\u0073\u006d\u0065\u0074\u0069\u0063_\u0073\u0065\u0074/\u0074\u0065\u00785","1":"\u0065\u006c\u0069\u0074\u0065\u0063\u0072\u0065\u0061\u0074\u0075\u0072\u0065\u0073:\u0072\u0065\u0074\u0072\u006f_\u0063\u006f\u0073\u006d\u0065\u0074\u0069\u0063_\u0073\u0065\u0074/\u0061\u006e\u00697","\u0070\u0061\u0072\u0074\u0069\u0063\u006c\u0065":"\u0065\u006c\u0069\u0074\u0065\u0063\u0072\u0065\u0061\u0074\u0075\u0072\u0065\u0073:\u0072\u0065\u0074\u0072\u006f_\u0063\u006f\u0073\u006d\u0065\u0074\u0069\u0063_\u0073\u0065\u0074/\u0074\u0065\u00785"},"elements":[{"from":[8,-16,-2],"to":[8,6,2],"rotation":{"angle":0,"axis":"y","origin":[16,-4,-8]},"faces":{"north":{"uv":[0,0,0,6.5],"texture":"#0"},"east":{"uv":[16,10.5,15,16],"texture":"#0"},"south":{"uv":[0,0,0,6.5],"texture":"#0"},"west":{"uv":[15,10.5,16,16],"texture":"#0"},"up":{"uv":[2,0,0,0],"rotation":90,"texture":"#0"},"down":{"uv":[2,0,0,0],"rotation":270,"texture":"#0"}}},{"from":[8,22,9.5],"to":[8,31,25.5],"rotation":{"angle":0,"axis":"y","origin":[-6,7.5,-7.5]},"faces":{"north":{"uv":[0,4,0,13],"texture":"#1"},"east":{"uv":[16,3.5,0,12.5],"texture":"#1"},"south":{"uv":[0,4,0,13],"texture":"#1"},"west":{"uv":[0,3.5,16,12.5],"texture":"#1"},"up":{"uv":[0,0,3.25,0],"rotation":90,"texture":"#1"},"down":{"uv":[0,0,3.25,0],"rotation":270,"texture":"#1"}}},{"from":[3,6,-5],"to":[13,12,5],"rotation":{"angle":0,"axis":"y","origin":[0,0,8]},"faces":{"north":{"uv":[8.5,6,11,7.5],"texture":"#0"},"east":{"uv":[8.5,4.5,11,6],"texture":"#0"},"south":{"uv":[8.5,6,11,7.5],"texture":"#0"},"west":{"uv":[11,4.5,8.5,6],"texture":"#0"},"up":{"uv":[5.5,8.5,3,6],"texture":"#0"},"down":{"uv":[8,7.5,5.5,10],"texture":"#0"}}},{"from":[3,20,0],"to":[13,32,5.5],"rotation":{"angle":0,"axis":"y","origin":[0,1,12]},"faces":{"north":{"uv":[3,0,5.5,3],"texture":"#0"},"east":{"uv":[8.5,0,9.875,3],"texture":"#0"},"south":{"uv":[3,3,5.5,6],"texture":"#0"},"west":{"uv":[9.875,0,8.5,3],"texture":"#0"},"up":{"uv":[12.5,2.875,10,1.5],"texture":"#0"},"down":{"uv":[6,10,3.5,11.375],"texture":"#0"}}},{"from":[4,21,-2.5],"to":[12,31,0],"rotation":{"angle":0,"axis":"y","origin":[0,1,6.5]},"faces":{"north":{"uv":[8,7.5,10,10],"texture":"#0"},"east":{"uv":[10,12,10.625,14.5],"texture":"#0"},"south":{"uv":[0,8.5,2,11],"texture":"#0"},"west":{"uv":[10.625,12,10,14.5],"texture":"#0"},"up":{"uv":[5.5,9.125,3.5,8.5],"texture":"#0"},"down":{"uv":[5.5,9.25,3.5,9.875],"texture":"#0"}}},{"from":[3,29,5.5],"to":[13,31.5,10],"rotation":{"angle":0,"axis":"y","origin":[0,1,18.5]},"faces":{"north":{"uv":[11,11.5,13.5,12.125],"texture":"#0"},"east":{"uv":[11.25,12.25,12.375,12.875],"texture":"#0"},"south":{"uv":[5,12,7.5,12.625],"texture":"#0"},"west":{"uv":[12.5,0,13.625,0.625],"texture":"#0"},"up":{"uv":[8.5,11.125,6,10],"texture":"#0"},"down":{"uv":[12.5,7.5,10,8.625],"texture":"#0"}}},{"from":[3,21.5,5.5],"to":[13,24,10],"rotation":{"angle":0,"axis":"y","origin":[0,52,18.5]},"faces":{"north":{"uv":[7.5,12,10,12.625],"texture":"#0"},"east":{"uv":[12.5,0.75,13.625,1.375],"texture":"#0"},"south":{"uv":[0,12.25,2.5,12.875],"texture":"#0"},"west":{"uv":[12.5,0.75,13.625,1.375],"texture":"#0"},"up":{"uv":[11,11.125,8.5,10],"texture":"#0"},"down":{"uv":[12.5,8.75,10,9.875],"texture":"#0"}}},{"from":[2,26.6,4],"to":[14,29.1,13],"rotation":{"angle":-22.5,"axis":"x","origin":[8,28.1,4]},"faces":{"north":{"uv":[11,6,14,6.625],"texture":"#0"},"east":{"uv":[8.25,11.25,6,11.875],"texture":"#0"},"south":{"uv":[11,6.75,14,7.375],"texture":"#0"},"west":{"uv":[6,11.25,8.25,11.875],"texture":"#0"},"up":{"uv":[8.5,2.25,5.5,0],"texture":"#0"},"down":{"uv":[8.5,2.5,5.5,4.75],"texture":"#0"}}},{"from":[2,24.1,4],"to":[2,26.6,13],"rotation":{"angle":-22.5,"axis":"x","origin":[8,28.1,4]},"faces":{"north":{"uv":[11,6,11,6.625],"texture":"#0"},"east":{"uv":[3.125,15.375,0.875,16],"texture":"#0"},"south":{"uv":[11,6.75,11,7.375],"texture":"#0"},"west":{"uv":[0.875,15.375,3.125,16],"texture":"#0"},"up":{"uv":[5.5,2.25,5.5,0],"texture":"#0"},"down":{"uv":[5.5,2.5,5.5,4.75],"texture":"#0"}}},{"from":[14,24.1,4],"to":[14,26.6,13],"rotation":{"angle":-22.5,"axis":"x","origin":[8,28.1,4]},"faces":{"north":{"uv":[11,6,11,6.625],"texture":"#0"},"east":{"uv":[3.125,15.375,0.875,16],"texture":"#0"},"south":{"uv":[11,6.75,11,7.375],"texture":"#0"},"west":{"uv":[0.875,15.375,3.125,16],"texture":"#0"},"up":{"uv":[5.5,2.25,5.5,0],"texture":"#0"},"down":{"uv":[5.5,2.5,5.5,4.75],"texture":"#0"}}},{"from":[3,23.55,-10],"to":[3,26.05,-1],"rotation":{"angle":22.5,"axis":"x","origin":[8,-12.1,4]},"faces":{"north":{"uv":[11,6.625,11,6],"texture":"#0"},"east":{"uv":[3.125,16,0.875,15.375],"texture":"#0"},"south":{"uv":[11,7.375,11,6.75],"texture":"#0"},"west":{"uv":[0.875,16,3.125,15.375],"texture":"#0"},"up":{"uv":[5.5,4.75,5.5,2.5],"texture":"#0"},"down":{"uv":[5.5,0,5.5,2.25],"texture":"#0"}}},{"from":[13,23.55,-10],"to":[13,26.05,-1],"rotation":{"angle":22.5,"axis":"x","origin":[8,-12.1,4]},"faces":{"north":{"uv":[11,6.625,11,6],"texture":"#0"},"east":{"uv":[3.125,16,0.875,15.375],"texture":"#0"},"south":{"uv":[11,7.375,11,6.75],"texture":"#0"},"west":{"uv":[0.875,16,3.125,15.375],"texture":"#0"},"up":{"uv":[5.5,4.75,5.5,2.5],"texture":"#0"},"down":{"uv":[5.5,0,5.5,2.25],"texture":"#0"}}},{"from":[2,23.9,4],"to":[14,26.4,13],"rotation":{"angle":22.5,"axis":"x","origin":[8,24.9,4]},"faces":{"north":{"uv":[11,10,14,10.625],"texture":"#0"},"east":{"uv":[0,11.5,2.25,12.125],"texture":"#0"},"south":{"uv":[11,10.75,14,11.375],"texture":"#0"},"west":{"uv":[2.25,11.5,0,12.125],"texture":"#0"},"up":{"uv":[8.5,7.25,5.5,5],"texture":"#0"},"down":{"uv":[3,6,0,8.25],"texture":"#0"}}},{"from":[13,24,3.6],"to":[14.5,29,5.6],"rotation":{"angle":0,"axis":"y","origin":[14,34,4.6]},"faces":{"north":{"uv":[0.5,13,0.875,14.25],"texture":"#0"},"east":{"uv":[12.5,12.25,13,13.5],"texture":"#0"},"south":{"uv":[1,13,1.375,14.25],"texture":"#0"},"west":{"uv":[4.75,12.75,5.25,14],"texture":"#0"},"up":{"uv":[13.375,10,13,9.5],"texture":"#0"},"down":{"uv":[11.625,13,11.25,13.5],"texture":"#0"}}},{"from":[1.5,24,3.6],"to":[3,29,5.6],"rotation":{"angle":0,"axis":"y","origin":[2,34,4.6]},"faces":{"north":{"uv":[0.875,13,0.5,14.25],"texture":"#0"},"east":{"uv":[5.25,12.75,4.75,14],"texture":"#0"},"south":{"uv":[1.375,13,1,14.25],"texture":"#0"},"west":{"uv":[13,12.25,12.5,13.5],"texture":"#0"},"up":{"uv":[13,10,13.375,9.5],"texture":"#0"},"down":{"uv":[11.25,13,11.625,13.5],"texture":"#0"}}},{"from":[2,12,-6],"to":[14,15,6],"rotation":{"angle":0,"axis":"y","origin":[0,0,8]},"faces":{"north":{"uv":[11,4.5,14,5.25],"texture":"#0"},"east":{"uv":[11,3.75,14,4.5],"texture":"#0"},"south":{"uv":[11,4.5,14,5.25],"texture":"#0"},"west":{"uv":[14,3.75,11,4.5],"texture":"#0"},"up":{"uv":[3,3,0,0],"texture":"#0"},"down":{"uv":[3,3,0,6],"texture":"#0"}}},{"from":[7,15,-1.15],"to":[9,17,0.35],"rotation":{"angle":0,"axis":"y","origin":[7,0,8]},"faces":{"north":{"uv":[0,11,0.5,11.5],"texture":"#0"},"east":{"uv":[0.5,11,0.875,11.5],"texture":"#0"},"south":{"uv":[1,11,1.5,11.5],"texture":"#0"},"west":{"uv":[0.875,11,0.5,11.5],"texture":"#0"},"up":{"uv":[5.5,11.875,5,11.5],"texture":"#0"},"down":{"uv":[6,11.5,5.5,11.875],"texture":"#0"}}},{"from":[7.025,17.5,-1],"to":[8.975,24,0.5],"rotation":{"angle":-45,"axis":"x","origin":[8,17,1]},"faces":{"north":{"uv":[3.25,12.25,3.75,13.875],"texture":"#0"},"east":{"uv":[3.75,12.25,4.125,13.875],"texture":"#0"},"south":{"uv":[4.25,12.25,4.75,13.875],"texture":"#0"},"west":{"uv":[4.125,12.25,3.75,13.875],"texture":"#0"},"up":{"uv":[12.9875,2.625,12.5,2.25],"texture":"#0"},"down":{"uv":[1.9875,13,1.5,13.375],"texture":"#0"}}},{"from":[7,20.5,-5.4],"to":[9,24.5,-3.4],"rotation":{"angle":0,"axis":"y","origin":[8,20.6,-5.45]},"faces":{"north":{"uv":[5.25,12.75,5.75,13.75],"texture":"#0"},"east":{"uv":[5.75,12.75,6.25,13.75],"texture":"#0"},"south":{"uv":[6.25,12.75,6.75,13.75],"texture":"#0"},"west":{"uv":[6.25,12.75,5.75,13.75],"texture":"#0"},"up":{"uv":[2.5,13.5,2,13],"texture":"#0"},"down":{"uv":[13.5,2.25,13,2.75],"texture":"#0"}}},{"from":[7.025,24.5,-5.4],"to":[8.975,28.5,-3.9],"rotation":{"angle":45,"axis":"x","origin":[8,24.5,-5.4]},"faces":{"north":{"uv":[7.25,12.75,7.75,13.75],"texture":"#0"},"east":{"uv":[7.75,12.75,8.125,13.75],"texture":"#0"},"south":{"uv":[8.25,12.75,8.75,13.75],"texture":"#0"},"west":{"uv":[8.125,12.75,7.75,13.75],"texture":"#0"},"up":{"uv":[13.5,8,13,7.5],"texture":"#0"},"down":{"uv":[13.5,8,13,8.5],"texture":"#0"}}},{"from":[8,15,-14],"to":[8,23,-1],"rotation":{"angle":0,"axis":"y","origin":[0,0,-8]},"faces":{"north":{"uv":[0,0,0,2.5],"texture":"#0"},"east":{"uv":[5.5,14,8.75,16],"texture":"#0"},"south":{"uv":[0,0,0,2.5],"texture":"#0"},"west":{"uv":[8.75,14,5.5,16],"texture":"#0"},"up":{"uv":[0,0,0,3.25],"texture":"#0"},"down":{"uv":[0,0,0,3.25],"texture":"#0"}}}],"gui_light":"front","display":{"thirdperson_righthand":{"rotation":[-110,-7,-167],"translation":[2.25,7.25,10.25],"scale":[0.5,0.5,0.5]},"thirdperson_lefthand":{"rotation":[-110,-7,-167],"translation":[2.25,7.25,10.25],"scale":[0.5,0.5,0.5]},"firstperson_righthand":{"rotation":[0,-150,0],"translation":[0.5,4.75,-6.5],"scale":[0.5,0.5,0.5]},"firstperson_lefthand":{"rotation":[0,-159,0],"translation":[0.5,4,-6],"scale":[0.5,0.5,0.5]},"ground":{"translation":[0,9.75,0],"scale":[0.5,0.5,0.5]},"gui":{"rotation":[26.86,-36.59,-0.85],"translation":[0,-4,-2],"scale":[0.46,0.46,0.46]},"head":{"rotation":[-135.5,0,0],"translation":[0,20.5,4.75],"scale":[0.7,0.7,0.7]},"fixed":{"rotation":[0,90,0],"translation":[0,-6.75,0.75],"scale":[0.6,0.6,0.6]}}}