{"credit":"Made with Blockbench","textures":{"0":"birthdaypack:pack/birthday_red_cup_texture","particle":"birthdaypack:pack/birthday_red_cup_texture"},"elements":[{"from":[6,0,6],"to":[10,5,10],"faces":{"north":{"uv":[4,4,8,9],"texture":"#0"},"east":{"uv":[0,4,4,9],"texture":"#0"},"south":{"uv":[12,4,16,9],"texture":"#0"},"west":{"uv":[8,4,12,9],"texture":"#0"},"up":{"uv":[8,4,4,0],"texture":"#0"},"down":{"uv":[12,0,8,4],"texture":"#0"}}}],"gui_light":"front","display":{"thirdperson_righthand":{"translation":[0,3,1.75],"scale":[0.55,0.55,0.55]},"thirdperson_lefthand":{"translation":[0,3,1.75],"scale":[0.55,0.55,0.55]},"firstperson_righthand":{"rotation":[0,-90,25],"translation":[1.13,4.45,1.13],"scale":[0.68,0.68,0.68]},"firstperson_lefthand":{"rotation":[0,-90,25],"translation":[1.13,4.45,1.13],"scale":[0.68,0.68,0.68]},"ground":{"translation":[0,3,0],"scale":[0.5,0.5,0.5]},"gui":{"rotation":[30,45,0],"translation":[0,4.5,0]},"fixed":{"rotation":[-90,0,0],"translation":[0,0,-16],"scale":[2,2,2]}}}