{"textures​":{"0":"\u0062\u0069\u0072\u0074\u0068\u0064\u0061\u0079\u0070\u0061\u0063\u006b:\u0070\u0061\u0063\u006b/\u0062\u0069\u0072\u0074\u0068\u0064\u0061\u0079_\u0067\u0069\u0072\u006c_\u0063\u0068\u0061\u0069\u0072_\u0074\u0065\u0078\u0074\u0075\u0072\u0065","\u0070\u0061\u0072\u0074\u0069\u0063\u006c\u0065":"\u0062\u0069\u0072\u0074\u0068\u0064\u0061\u0079\u0070\u0061\u0063\u006b:\u0070\u0061\u0063\u006b/\u0062\u0069\u0072\u0074\u0068\u0064\u0061\u0079_\u0067\u0069\u0072\u006c_\u0063\u0068\u0061\u0069\u0072_\u0074\u0065\u0078\u0074\u0075\u0072\u0065"},"credit":"Made with Blockbench","texture_size":[128,128],"\u0074\u0065\u0078\u0074\u0075\u0072\u0065\u0073":{"0":"\u0062\u0069\u0072\u0074\u0068\u0064\u0061\u0079\u0070\u0061\u0063\u006b:\u0070\u0061\u0063\u006b/\u0062\u0069\u0072\u0074\u0068\u0064\u0061\u0079_\u0067\u0069\u0072\u006c_\u0063\u0068\u0061\u0069\u0072_\u0074\u0065\u0078\u0074\u0075\u0072\u0065","\u0070\u0061\u0072\u0074\u0069\u0063\u006c\u0065":"\u0062\u0069\u0072\u0074\u0068\u0064\u0061\u0079\u0070\u0061\u0063\u006b:\u0070\u0061\u0063\u006b/\u0062\u0069\u0072\u0074\u0068\u0064\u0061\u0079_\u0067\u0069\u0072\u006c_\u0063\u0068\u0061\u0069\u0072_\u0074\u0065\u0078\u0074\u0075\u0072\u0065"},"elements":[{"from":[3,7,12.5],"to":[3,23,13.5],"rotation":{"angle":45,"axis":"z","origin":[3,7,13]},"faces":{"north":{"uv":[2.875,7,2.875,9],"texture":"#0"},"east":{"uv":[2.75,7,2.875,9],"texture":"#0"},"south":{"uv":[3,7,3,9],"texture":"#0"},"west":{"uv":[2.875,7,3,9],"texture":"#0"},"up":{"uv":[2.875,7,2.875,6.875],"texture":"#0"},"down":{"uv":[2.875,6.875,2.875,7],"texture":"#0"}}},{"from":[-0.5,23,9.5],"to":[6.5,30,16.5],"rotation":{"angle":45,"axis":"z","origin":[3,7,13]},"faces":{"north":{"uv":[0.875,6.125,1.75,7],"texture":"#0"},"east":{"uv":[0,6.125,0.875,7],"texture":"#0"},"south":{"uv":[2.625,6.125,3.5,7],"texture":"#0"},"west":{"uv":[1.75,6.125,2.625,7],"texture":"#0"},"up":{"uv":[1.75,6.125,0.875,5.25],"texture":"#0"},"down":{"uv":[2.625,5.25,1.75,6.125],"texture":"#0"}}},{"from":[-0.5,23,9.5],"to":[6.5,30,16.5],"rotation":{"angle":0,"axis":"y","origin":[3,7,13]},"faces":{"north":{"uv":[6,1.75,6.875,2.625],"texture":"#0"},"east":{"uv":[5.125,1.75,6,2.625],"texture":"#0"},"south":{"uv":[7.75,1.75,8.625,2.625],"texture":"#0"},"west":{"uv":[6.875,1.75,7.75,2.625],"texture":"#0"},"up":{"uv":[6.875,1.75,6,0.875],"texture":"#0"},"down":{"uv":[7.75,0.875,6.875,1.75],"texture":"#0"}}},{"from":[-0.5,25,9.5],"to":[6.5,32,16.5],"rotation":{"angle":22.5,"axis":"z","origin":[3,7,13]},"faces":{"north":{"uv":[3.5,5.25,4.375,6.125],"texture":"#0"},"east":{"uv":[2.625,5.25,3.5,6.125],"texture":"#0"},"south":{"uv":[5.25,5.25,6.125,6.125],"texture":"#0"},"west":{"uv":[4.375,5.25,5.25,6.125],"texture":"#0"},"up":{"uv":[4.375,5.25,3.5,4.375],"texture":"#0"},"down":{"uv":[5.25,4.375,4.375,5.25],"texture":"#0"}}},{"from":[3,7,12.5],"to":[3,23,13.5],"rotation":{"angle":0,"axis":"y","origin":[3,7,13]},"faces":{"north":{"uv":[2.625,7,2.625,9],"texture":"#0"},"east":{"uv":[2.5,7,2.625,9],"texture":"#0"},"south":{"uv":[2.75,7,2.75,9],"texture":"#0"},"west":{"uv":[2.625,7,2.75,9],"texture":"#0"},"up":{"uv":[2.625,7,2.625,6.875],"texture":"#0"},"down":{"uv":[2.625,6.875,2.625,7],"texture":"#0"}}},{"from":[3,7,12.5],"to":[3,25,13.5],"rotation":{"angle":22.5,"axis":"z","origin":[3,7,13]},"faces":{"north":{"uv":[5.875,6.25,5.875,8.5],"texture":"#0"},"east":{"uv":[5.75,6.25,5.875,8.5],"texture":"#0"},"south":{"uv":[6,6.25,6,8.5],"texture":"#0"},"west":{"uv":[5.875,6.25,6,8.5],"texture":"#0"},"up":{"uv":[5.875,6.25,5.875,6.125],"texture":"#0"},"down":{"uv":[5.875,6.125,5.875,6.25],"texture":"#0"}}},{"from":[13,7,12.5],"to":[13,23,13.5],"rotation":{"angle":-45,"axis":"z","origin":[13,7,13]},"faces":{"north":{"uv":[2.375,7,2.375,9],"texture":"#0"},"east":{"uv":[2.25,7,2.375,9],"texture":"#0"},"south":{"uv":[2.5,7,2.5,9],"texture":"#0"},"west":{"uv":[2.375,7,2.5,9],"texture":"#0"},"up":{"uv":[2.375,7,2.375,6.875],"texture":"#0"},"down":{"uv":[2.375,6.875,2.375,7],"texture":"#0"}}},{"from":[9.5,23,9.5],"to":[16.5,30,16.5],"rotation":{"angle":-45,"axis":"z","origin":[13,7,13]},"faces":{"north":{"uv":[0.875,4.375,1.75,5.25],"texture":"#0"},"east":{"uv":[0,4.375,0.875,5.25],"texture":"#0"},"south":{"uv":[2.625,4.375,3.5,5.25],"texture":"#0"},"west":{"uv":[1.75,4.375,2.625,5.25],"texture":"#0"},"up":{"uv":[1.75,4.375,0.875,3.5],"texture":"#0"},"down":{"uv":[2.625,3.5,1.75,4.375],"texture":"#0"}}},{"from":[9.5,23,9.5],"to":[16.5,30,16.5],"rotation":{"angle":0,"axis":"y","origin":[13,7,13]},"faces":{"north":{"uv":[3.5,3.5,4.375,4.375],"texture":"#0"},"east":{"uv":[2.625,3.5,3.5,4.375],"texture":"#0"},"south":{"uv":[5.25,3.5,6.125,4.375],"texture":"#0"},"west":{"uv":[4.375,3.5,5.25,4.375],"texture":"#0"},"up":{"uv":[4.375,3.5,3.5,2.625],"texture":"#0"},"down":{"uv":[5.25,2.625,4.375,3.5],"texture":"#0"}}},{"from":[9.5,25,9.5],"to":[16.5,32,16.5],"rotation":{"angle":-22.5,"axis":"z","origin":[13,7,13]},"faces":{"north":{"uv":[0.875,2.625,1.75,3.5],"texture":"#0"},"east":{"uv":[0,2.625,0.875,3.5],"texture":"#0"},"south":{"uv":[2.625,2.625,3.5,3.5],"texture":"#0"},"west":{"uv":[1.75,2.625,2.625,3.5],"texture":"#0"},"up":{"uv":[1.75,2.625,0.875,1.75],"texture":"#0"},"down":{"uv":[2.625,1.75,1.75,2.625],"texture":"#0"}}},{"from":[13,7,12.5],"to":[13,23,13.5],"rotation":{"angle":0,"axis":"y","origin":[13,7,13]},"faces":{"north":{"uv":[2.125,7,2.125,9],"texture":"#0"},"east":{"uv":[2,7,2.125,9],"texture":"#0"},"south":{"uv":[2.25,7,2.25,9],"texture":"#0"},"west":{"uv":[2.125,7,2.25,9],"texture":"#0"},"up":{"uv":[2.125,7,2.125,6.875],"texture":"#0"},"down":{"uv":[2.125,6.875,2.125,7],"texture":"#0"}}},{"from":[13,7,12.5],"to":[13,25,13.5],"rotation":{"angle":-22.5,"axis":"z","origin":[13,7,13]},"faces":{"north":{"uv":[5.625,6.25,5.625,8.5],"texture":"#0"},"east":{"uv":[5.5,6.25,5.625,8.5],"texture":"#0"},"south":{"uv":[5.75,6.25,5.75,8.5],"texture":"#0"},"west":{"uv":[5.625,6.25,5.75,8.5],"texture":"#0"},"up":{"uv":[5.625,6.25,5.625,6.125],"texture":"#0"},"down":{"uv":[5.625,6.125,5.625,6.25],"texture":"#0"}}},{"from":[2,-16,12],"to":[4,-7,14],"rotation":{"angle":0,"axis":"y","origin":[0,0,16]},"faces":{"north":{"uv":[1.25,7.25,1.5,8.375],"texture":"#0"},"east":{"uv":[1,7.25,1.25,8.375],"texture":"#0"},"south":{"uv":[1.75,7.25,2,8.375],"texture":"#0"},"west":{"uv":[1.5,7.25,1.75,8.375],"texture":"#0"},"up":{"uv":[1.5,7.25,1.25,7],"texture":"#0"},"down":{"uv":[1.75,7,1.5,7.25],"texture":"#0"}}},{"from":[2,-16,2],"to":[4,-7,4],"faces":{"north":{"uv":[0.25,7.25,0.5,8.375],"texture":"#0"},"east":{"uv":[0,7.25,0.25,8.375],"texture":"#0"},"south":{"uv":[0.75,7.25,1,8.375],"texture":"#0"},"west":{"uv":[0.5,7.25,0.75,8.375],"texture":"#0"},"up":{"uv":[0.5,7.25,0.25,7],"texture":"#0"},"down":{"uv":[0.75,7,0.5,7.25],"texture":"#0"}}},{"from":[2.5,-12,4],"to":[3.5,-11,12],"faces":{"north":{"uv":[6.25,4.375,6.375,4.5],"texture":"#0"},"east":{"uv":[5.25,4.375,6.25,4.5],"texture":"#0"},"south":{"uv":[7.375,4.375,7.5,4.5],"texture":"#0"},"west":{"uv":[6.375,4.375,7.375,4.5],"texture":"#0"},"up":{"uv":[6.375,4.375,6.25,3.375],"texture":"#0"},"down":{"uv":[6.5,3.375,6.375,4.375],"texture":"#0"}}},{"from":[12.5,-12,4],"to":[13.5,-11,12],"rotation":{"angle":0,"axis":"y","origin":[16,0,0]},"faces":{"north":{"uv":[6.125,6.125,6.25,6.25],"texture":"#0"},"east":{"uv":[5.125,6.125,6.125,6.25],"texture":"#0"},"south":{"uv":[7.25,6.125,7.375,6.25],"texture":"#0"},"west":{"uv":[6.25,6.125,7.25,6.25],"texture":"#0"},"up":{"uv":[6.25,6.125,6.125,5.125],"texture":"#0"},"down":{"uv":[6.375,5.125,6.25,6.125],"texture":"#0"}}},{"from":[4,-12,2.5],"to":[12,-11,3.5],"rotation":{"angle":0,"axis":"y","origin":[16,0,0]},"faces":{"north":{"uv":[5.375,3.25,6.375,3.375],"texture":"#0"},"east":{"uv":[5.25,3.25,5.375,3.375],"texture":"#0"},"south":{"uv":[6.5,3.25,7.5,3.375],"texture":"#0"},"west":{"uv":[6.375,3.25,6.5,3.375],"texture":"#0"},"up":{"uv":[6.375,3.25,5.375,3.125],"texture":"#0"},"down":{"uv":[7.375,3.125,6.375,3.25],"texture":"#0"}}},{"from":[4,-12,12.5],"to":[12,-11,13.5],"rotation":{"angle":0,"axis":"y","origin":[16,0,16]},"faces":{"north":{"uv":[5.375,3,6.375,3.125],"texture":"#0"},"east":{"uv":[5.25,3,5.375,3.125],"texture":"#0"},"south":{"uv":[6.5,3,7.5,3.125],"texture":"#0"},"west":{"uv":[6.375,3,6.5,3.125],"texture":"#0"},"up":{"uv":[6.375,3,5.375,2.875],"texture":"#0"},"down":{"uv":[7.375,2.875,6.375,3],"texture":"#0"}}},{"from":[4,-3,12.5],"to":[12,-2,13.5],"rotation":{"angle":0,"axis":"y","origin":[16,0,16]},"faces":{"north":{"uv":[5.375,2.75,6.375,2.875],"texture":"#0"},"east":{"uv":[5.25,2.75,5.375,2.875],"texture":"#0"},"south":{"uv":[6.5,2.75,7.5,2.875],"texture":"#0"},"west":{"uv":[6.375,2.75,6.5,2.875],"texture":"#0"},"up":{"uv":[6.375,2.75,5.375,2.625],"texture":"#0"},"down":{"uv":[7.375,2.625,6.375,2.75],"texture":"#0"}}},{"from":[12,-16,2],"to":[14,-7,4],"faces":{"north":{"uv":[6.625,4.75,6.875,5.875],"texture":"#0"},"east":{"uv":[6.375,4.75,6.625,5.875],"texture":"#0"},"south":{"uv":[7.125,4.75,7.375,5.875],"texture":"#0"},"west":{"uv":[6.875,4.75,7.125,5.875],"texture":"#0"},"up":{"uv":[6.875,4.75,6.625,4.5],"texture":"#0"},"down":{"uv":[7.125,4.5,6.875,4.75],"texture":"#0"}}},{"from":[2,-7,2],"to":[14,-5,14],"faces":{"north":{"uv":[1.5,1.5,3,1.75],"texture":"#0"},"east":{"uv":[0,1.5,1.5,1.75],"texture":"#0"},"south":{"uv":[4.5,1.5,6,1.75],"texture":"#0"},"west":{"uv":[3,1.5,4.5,1.75],"texture":"#0"},"up":{"uv":[3,1.5,1.5,0],"texture":"#0"},"down":{"uv":[4.5,0,3,1.5],"texture":"#0"}}},{"from":[2,-5,12],"to":[4,7,14],"faces":{"north":{"uv":[4.75,6.5,5,8],"texture":"#0"},"east":{"uv":[4.5,6.5,4.75,8],"texture":"#0"},"south":{"uv":[5.25,6.5,5.5,8],"texture":"#0"},"west":{"uv":[5,6.5,5.25,8],"texture":"#0"},"up":{"uv":[5,6.5,4.75,6.25],"texture":"#0"},"down":{"uv":[5.25,6.25,5,6.5],"texture":"#0"}}},{"from":[12,-5,12],"to":[14,7,14],"faces":{"north":{"uv":[3.75,6.375,4,7.875],"texture":"#0"},"east":{"uv":[3.5,6.375,3.75,7.875],"texture":"#0"},"south":{"uv":[4.25,6.375,4.5,7.875],"texture":"#0"},"west":{"uv":[4,6.375,4.25,7.875],"texture":"#0"},"up":{"uv":[4,6.375,3.75,6.125],"texture":"#0"},"down":{"uv":[4.25,6.125,4,6.375],"texture":"#0"}}},{"from":[12,-16,12],"to":[14,-7,14],"rotation":{"angle":0,"axis":"y","origin":[0,0,16]},"faces":{"north":{"uv":[6.25,6.5,6.5,7.625],"texture":"#0"},"east":{"uv":[6,6.5,6.25,7.625],"texture":"#0"},"south":{"uv":[6.75,6.5,7,7.625],"texture":"#0"},"west":{"uv":[6.5,6.5,6.75,7.625],"texture":"#0"},"up":{"uv":[6.5,6.5,6.25,6.25],"texture":"#0"},"down":{"uv":[6.75,6.25,6.5,6.5],"texture":"#0"}}},{"from":[4,1,12.5],"to":[12,6,13.5],"rotation":{"angle":0,"axis":"y","origin":[16,0,16]},"faces":{"north":{"uv":[2.75,1.875,3.75,2.5],"texture":"#0"},"east":{"uv":[2.625,1.875,2.75,2.5],"texture":"#0"},"south":{"uv":[3.875,1.875,4.875,2.5],"texture":"#0"},"west":{"uv":[3.75,1.875,3.875,2.5],"texture":"#0"},"up":{"uv":[3.75,1.875,2.75,1.75],"texture":"#0"},"down":{"uv":[4.75,1.75,3.75,1.875],"texture":"#0"}}},{"from":[-3,-3,13],"to":[2,7,13],"faces":{"north":{"uv":[4.5,0,5.125,1.25],"texture":"#0"},"east":{"uv":[4.5,0,4.5,1.25],"texture":"#0"},"south":{"uv":[5.125,0,5.75,1.25],"texture":"#0"},"west":{"uv":[5.125,0,5.125,1.25],"texture":"#0"},"up":{"uv":[5.125,0,4.5,0],"texture":"#0"},"down":{"uv":[5.75,0,5.125,0],"texture":"#0"}}},{"from":[14,-3,13],"to":[19,7,13],"rotation":{"angle":0,"axis":"y","origin":[16,0,0]},"faces":{"north":{"uv":[0,0,0.625,1.25],"texture":"#0"},"east":{"uv":[0,0,0,1.25],"texture":"#0"},"south":{"uv":[0.625,0,1.25,1.25],"texture":"#0"},"west":{"uv":[0.625,0,0.625,1.25],"texture":"#0"},"up":{"uv":[0.625,0,0,0],"texture":"#0"},"down":{"uv":[1.25,0,0.625,0],"texture":"#0"}}}],"gui_light":"front","display":{"thirdperson_righthand":{"rotation":[75,45,0],"translation":[0,2,0.25],"scale":[0.375,0.375,0.375]},"thirdperson_lefthand":{"rotation":[75,45,0],"translation":[0,2,0.25],"scale":[0.375,0.375,0.375]},"firstperson_righthand":{"rotation":[0,45,0],"translation":[0,6.75,0.75],"scale":[0.4,0.4,0.4]},"firstperson_lefthand":{"rotation":[0,45,0],"translation":[0,6.75,0.75],"scale":[0.4,0.4,0.4]},"ground":{"translation":[0,6,0],"scale":[0.25,0.25,0.25]},"gui":{"rotation":[22.5,-145,0],"translation":[0.5,-0.25,0],"scale":[0.3,0.3,0.3]},"fixed":{"rotation":[-90,0,0],"translation":[0,0,-48],"scale":[2,2,2]}}}