{"textures​":{"layer0":"minecraft:item/jungle_planks"},"credit":"Made with Blockbench","texture_size":[128,128],"\u0074\u0065\u0078\u0074\u0075\u0072\u0065\u0073":{"0":"\u0062\u0069\u0072\u0074\u0068\u0064\u0061\u0079\u0070\u0061\u0063\u006b:\u0070\u0061\u0063\u006b/\u0062\u0069\u0072\u0074\u0068\u0064\u0061\u0079_\u0063\u0061\u006b\u0065_\u0074\u0065\u0078\u0074\u0075\u0072\u0065","\u0070\u0061\u0072\u0074\u0069\u0063\u006c\u0065":"\u0062\u0069\u0072\u0074\u0068\u0064\u0061\u0079\u0070\u0061\u0063\u006b:\u0070\u0061\u0063\u006b/\u0062\u0069\u0072\u0074\u0068\u0064\u0061\u0079_\u0063\u0061\u006b\u0065_\u0074\u0065\u0078\u0074\u0075\u0072\u0065"},"elements":[{"name":"candle","from":[5.5,13,8],"to":[10.5,18,8],"faces":{"north":{"uv":[0,2.75,0.625,3.375],"texture":"#0"},"east":{"uv":[0,2.75,0,3.375],"texture":"#0"},"south":{"uv":[0.625,2.75,1.25,3.375],"texture":"#0"},"west":{"uv":[0.625,2.75,0.625,3.375],"texture":"#0"},"up":{"uv":[0.625,2.75,0,2.75],"texture":"#0"},"down":{"uv":[1.25,2.75,0.625,2.75],"texture":"#0"}}},{"from":[3,4,3],"to":[13,9,13],"faces":{"north":{"uv":[1.25,5.25,2.5,5.875],"texture":"#0"},"east":{"uv":[0,5.25,1.25,5.875],"texture":"#0"},"south":{"uv":[3.75,5.25,5,5.875],"texture":"#0"},"west":{"uv":[2.5,5.25,3.75,5.875],"texture":"#0"},"up":{"uv":[2.5,5.25,1.25,4],"texture":"#0"},"down":{"uv":[3.75,4,2.5,5.25],"texture":"#0"}}},{"from":[1,0,1],"to":[15,4,15],"faces":{"north":{"uv":[1.75,1.75,3.5,2.25],"texture":"#0"},"east":{"uv":[0,1.75,1.75,2.25],"texture":"#0"},"south":{"uv":[5.25,1.75,7,2.25],"texture":"#0"},"west":{"uv":[3.5,1.75,5.25,2.25],"texture":"#0"},"up":{"uv":[3.5,1.75,1.75,0],"texture":"#0"},"down":{"uv":[5.25,0,3.5,1.75],"texture":"#0"}}},{"from":[5,9,5],"to":[11,13,11],"faces":{"north":{"uv":[5.75,5.75,6.5,6.25],"texture":"#0"},"east":{"uv":[5,5.75,5.75,6.25],"texture":"#0"},"south":{"uv":[7.25,5.75,8,6.25],"texture":"#0"},"west":{"uv":[6.5,5.75,7.25,6.25],"texture":"#0"},"up":{"uv":[6.5,5.75,5.75,5],"texture":"#0"},"down":{"uv":[7.25,5,6.5,5.75],"texture":"#0"}}},{"from":[4.75,9.25,4.75],"to":[11.25,13.25,4.75],"rotation":{"angle":0,"axis":"y","origin":[0,0,16]},"faces":{"north":{"uv":[0,2.25,0.75,2.75],"texture":"#0"},"east":{"uv":[0,2.25,0,2.75],"texture":"#0"},"south":{"uv":[0.75,2.25,1.5,2.75],"texture":"#0"},"west":{"uv":[0.75,2.25,0.75,2.75],"texture":"#0"},"up":{"uv":[0.75,2.25,0,2.25],"texture":"#0"},"down":{"uv":[1.5,2.25,0.75,2.25],"texture":"#0"}}},{"from":[4.75,9.25,4.75],"to":[4.75,13.25,11.25],"faces":{"north":{"uv":[0.75,1.25,0.75,1.75],"texture":"#0"},"east":{"uv":[0,1.25,0.75,1.75],"texture":"#0"},"south":{"uv":[1.5,1.25,1.5,1.75],"texture":"#0"},"west":{"uv":[0.75,1.25,1.5,1.75],"texture":"#0"},"up":{"uv":[0.75,1.25,0.75,0.5],"texture":"#0"},"down":{"uv":[0.75,0.5,0.75,1.25],"texture":"#0"}}},{"from":[4.75,13.25,4.75],"to":[11.25,13.25,11.25],"faces":{"north":{"uv":[5.25,3.5,6,3.5],"texture":"#0"},"east":{"uv":[4.5,3.5,5.25,3.5],"texture":"#0"},"south":{"uv":[6.75,3.5,7.5,3.5],"texture":"#0"},"west":{"uv":[6,3.5,6.75,3.5],"texture":"#0"},"up":{"uv":[6,3.5,5.25,2.75],"texture":"#0"},"down":{"uv":[6.75,2.75,6,3.5],"texture":"#0"}}},{"from":[11.25,9.25,4.75],"to":[11.25,13.25,11.25],"rotation":{"angle":0,"axis":"y","origin":[16,0,0]},"faces":{"north":{"uv":[0.75,0.75,0.75,1.25],"texture":"#0"},"east":{"uv":[0,0.75,0.75,1.25],"texture":"#0"},"south":{"uv":[1.5,0.75,1.5,1.25],"texture":"#0"},"west":{"uv":[0.75,0.75,1.5,1.25],"texture":"#0"},"up":{"uv":[0.75,0.75,0.75,0],"texture":"#0"},"down":{"uv":[0.75,0,0.75,0.75],"texture":"#0"}}},{"from":[4.75,9.25,11.25],"to":[11.25,13.25,11.25],"faces":{"north":{"uv":[0,0,0.75,0.5],"texture":"#0"},"east":{"uv":[0,0,0,0.5],"texture":"#0"},"south":{"uv":[0.75,0,1.5,0.5],"texture":"#0"},"west":{"uv":[0.75,0,0.75,0.5],"texture":"#0"},"up":{"uv":[0.75,0,0,0],"texture":"#0"},"down":{"uv":[1.5,0,0.75,0],"texture":"#0"}}},{"from":[2.75,9.25,2.75],"to":[13.25,9.25,13.25],"faces":{"north":{"uv":[5.25,1.25,6.5,1.25],"texture":"#0"},"east":{"uv":[4,1.25,5.25,1.25],"texture":"#0"},"south":{"uv":[7.75,1.25,9,1.25],"texture":"#0"},"west":{"uv":[6.5,1.25,7.75,1.25],"texture":"#0"},"up":{"uv":[6.5,1.25,5.25,0],"texture":"#0"},"down":{"uv":[7.75,0,6.5,1.25],"texture":"#0"}}},{"from":[2.75,4.25,2.75],"to":[2.75,9.25,13.25],"rotation":{"angle":0,"axis":"y","origin":[16,0,0]},"faces":{"north":{"uv":[3.75,5.875,3.75,6.5],"texture":"#0"},"east":{"uv":[2.5,5.875,3.75,6.5],"texture":"#0"},"south":{"uv":[5,5.875,5,6.5],"texture":"#0"},"west":{"uv":[3.75,5.875,5,6.5],"texture":"#0"},"up":{"uv":[3.75,5.875,3.75,4.625],"texture":"#0"},"down":{"uv":[3.75,4.625,3.75,5.875],"texture":"#0"}}},{"from":[2.75,4.25,13.25],"to":[13.25,9.25,13.25],"rotation":{"angle":0,"axis":"y","origin":[0,0,16]},"faces":{"north":{"uv":[0,6.5,1.25,7.125],"texture":"#0"},"east":{"uv":[0,6.5,0,7.125],"texture":"#0"},"south":{"uv":[1.25,6.5,2.5,7.125],"texture":"#0"},"west":{"uv":[1.25,6.5,1.25,7.125],"texture":"#0"},"up":{"uv":[1.25,6.5,0,6.5],"texture":"#0"},"down":{"uv":[2.5,6.5,1.25,6.5],"texture":"#0"}}},{"from":[13.25,4.25,2.75],"to":[13.25,9.25,13.25],"faces":{"north":{"uv":[1.25,5.875,1.25,6.5],"texture":"#0"},"east":{"uv":[0,5.875,1.25,6.5],"texture":"#0"},"south":{"uv":[2.5,5.875,2.5,6.5],"texture":"#0"},"west":{"uv":[1.25,5.875,2.5,6.5],"texture":"#0"},"up":{"uv":[1.25,5.875,1.25,4.625],"texture":"#0"},"down":{"uv":[1.25,4.625,1.25,5.875],"texture":"#0"}}},{"from":[2.75,4.25,2.75],"to":[13.25,9.25,2.75],"faces":{"north":{"uv":[5,6.25,6.25,6.875],"texture":"#0"},"east":{"uv":[5,6.25,5,6.875],"texture":"#0"},"south":{"uv":[6.25,6.25,7.5,6.875],"texture":"#0"},"west":{"uv":[6.25,6.25,6.25,6.875],"texture":"#0"},"up":{"uv":[6.25,6.25,5,6.25],"texture":"#0"},"down":{"uv":[7.5,6.25,6.25,6.25],"texture":"#0"}}},{"from":[0.75,0.25,0.75],"to":[0.75,4.25,15.25],"rotation":{"angle":0,"axis":"y","origin":[16,0,0]},"faces":{"north":{"uv":[5.5,4.5,5.5,5],"texture":"#0"},"east":{"uv":[3.75,4.5,5.5,5],"texture":"#0"},"south":{"uv":[7.25,4.5,7.25,5],"texture":"#0"},"west":{"uv":[5.5,4.5,7.25,5],"texture":"#0"},"up":{"uv":[5.5,4.5,5.5,2.75],"texture":"#0"},"down":{"uv":[5.5,2.75,5.5,4.5],"texture":"#0"}}},{"from":[0.75,0.25,0.75],"to":[15.25,4.25,0.75],"rotation":{"angle":0,"axis":"y","origin":[0,0,16]},"faces":{"north":{"uv":[5.25,2.25,7,2.75],"texture":"#0"},"east":{"uv":[5.25,2.25,5.25,2.75],"texture":"#0"},"south":{"uv":[7,2.25,8.75,2.75],"texture":"#0"},"west":{"uv":[7,2.25,7,2.75],"texture":"#0"},"up":{"uv":[7,2.25,5.25,2.25],"texture":"#0"},"down":{"uv":[8.75,2.25,7,2.25],"texture":"#0"}}},{"from":[0.75,4.25,0.75],"to":[15.25,4.25,15.25],"faces":{"north":{"uv":[1.75,4,3.5,4],"texture":"#0"},"east":{"uv":[0,4,1.75,4],"texture":"#0"},"south":{"uv":[5.25,4,7,4],"texture":"#0"},"west":{"uv":[3.5,4,5.25,4],"texture":"#0"},"up":{"uv":[3.5,4,1.75,2.25],"texture":"#0"},"down":{"uv":[5.25,2.25,3.5,4],"texture":"#0"}}},{"from":[15.25,0.25,0.75],"to":[15.25,4.25,15.25],"faces":{"north":{"uv":[5.5,4,5.5,4.5],"texture":"#0"},"east":{"uv":[3.75,4,5.5,4.5],"texture":"#0"},"south":{"uv":[7.25,4,7.25,4.5],"texture":"#0"},"west":{"uv":[5.5,4,7.25,4.5],"texture":"#0"},"up":{"uv":[5.5,4,5.5,2.25],"texture":"#0"},"down":{"uv":[5.5,2.25,5.5,4],"texture":"#0"}}},{"from":[0.75,0.25,15.25],"to":[15.25,4.25,15.25],"faces":{"north":{"uv":[5.25,1.25,7,1.75],"texture":"#0"},"east":{"uv":[5.25,1.25,5.25,1.75],"texture":"#0"},"south":{"uv":[7,1.25,8.75,1.75],"texture":"#0"},"west":{"uv":[7,1.25,7,1.75],"texture":"#0"},"up":{"uv":[7,1.25,5.25,1.25],"texture":"#0"},"down":{"uv":[8.75,1.25,7,1.25],"texture":"#0"}}}],"gui_light":"front","display":{"thirdperson_righthand":{"translation":[0,1.25,-2.5],"scale":[0.75,0.75,0.75]},"thirdperson_lefthand":{"translation":[0,1.25,-2.5],"scale":[0.75,0.75,0.75]},"firstperson_righthand":{"translation":[3,1,0],"scale":[0.75,0.75,0.75]},"firstperson_lefthand":{"translation":[3,1,0],"scale":[0.75,0.75,0.75]},"ground":{"translation":[0,3,0],"scale":[0.5,0.5,0.5]},"gui":{"rotation":[30,45,0],"translation":[0,1.25,0],"scale":[0.69,0.69,0.69]},"head":{"translation":[0,13,0],"scale":[1.45,1.45,1.45]},"fixed":{"rotation":[-90,0,0],"translation":[0,0,-16],"scale":[2,2,2]}}}