{"textures​":{"layer0":"minecraft:item/black_bed"},"credit":"Made with Blockbench","texture_size":[64,64],"\u0074\u0065\u0078\u0074\u0075\u0072\u0065\u0073":{"0":"\u0062\u0069\u0072\u0074\u0068\u0064\u0061\u0079\u0070\u0061\u0063\u006b:\u0070\u0061\u0063\u006b/\u0062\u0069\u0072\u0074\u0068\u0064\u0061\u0079_\u0063\u0075\u0070\u0063\u0061\u006b\u0065_\u0074\u0065\u0078\u0074\u0075\u0072\u0065","\u0070\u0061\u0072\u0074\u0069\u0063\u006c\u0065":"\u0062\u0069\u0072\u0074\u0068\u0064\u0061\u0079\u0070\u0061\u0063\u006b:\u0070\u0061\u0063\u006b/\u0062\u0069\u0072\u0074\u0068\u0064\u0061\u0079_\u0063\u0075\u0070\u0063\u0061\u006b\u0065_\u0074\u0065\u0078\u0074\u0075\u0072\u0065"},"elements":[{"from":[5.5,0,5.5],"to":[10.5,3,10.5],"faces":{"north":{"uv":[5.25,4.5,6.5,5.25],"texture":"#0"},"east":{"uv":[4,4.5,5.25,5.25],"texture":"#0"},"south":{"uv":[7.75,4.5,9,5.25],"texture":"#0"},"west":{"uv":[6.5,4.5,7.75,5.25],"texture":"#0"},"up":{"uv":[6.5,4.5,5.25,3.25],"texture":"#0"},"down":{"uv":[7.75,3.25,6.5,4.5],"texture":"#0"}}},{"from":[4.5,3,4.5],"to":[11.5,7,11.5],"faces":{"north":{"uv":[1.75,1.75,3.5,2.75],"texture":"#0"},"east":{"uv":[0,1.75,1.75,2.75],"texture":"#0"},"south":{"uv":[5.25,1.75,7,2.75],"texture":"#0"},"west":{"uv":[3.5,1.75,5.25,2.75],"texture":"#0"},"up":{"uv":[3.5,1.75,1.75,0],"texture":"#0"},"down":{"uv":[5.25,0,3.5,1.75],"texture":"#0"}}},{"from":[6.5,7,8],"to":[9.5,12,8],"faces":{"north":{"uv":[0,0,0.75,1.25],"texture":"#0"},"east":{"uv":[0,0,0,1.25],"texture":"#0"},"south":{"uv":[0.75,0,1.5,1.25],"texture":"#0"},"west":{"uv":[0.75,0,0.75,1.25],"texture":"#0"},"up":{"uv":[0.75,0,0,0],"texture":"#0"},"down":{"uv":[1.5,0,0.75,0],"texture":"#0"}}}],"gui_light":"front","display":{"thirdperson_righthand":{"translation":[0,3,-0.75]},"thirdperson_lefthand":{"translation":[0,3,-0.75]},"firstperson_righthand":{"translation":[1.5,3.75,0]},"firstperson_lefthand":{"translation":[1.5,3.75,0]},"ground":{"translation":[0,3,0],"scale":[0.5,0.5,0.5]},"gui":{"rotation":[30,45,0],"translation":[0,2.5,0]},"head":{"translation":[0,14.5,0]},"fixed":{"rotation":[-90,0,0],"translation":[0,0,-16],"scale":[2,2,2]}}}