{"textures​":{"layer0":"minecraft:item/cyan_shulker_box"},"credit":"Made with Blockbench","texture_size":[64,64],"\u0074\u0065\u0078\u0074\u0075\u0072\u0065\u0073":{"0":"\u0062\u0069\u0072\u0074\u0068\u0064\u0061\u0079\u0070\u0061\u0063\u006b:\u0070\u0061\u0063\u006b/\u0062\u0069\u0072\u0074\u0068\u0064\u0061\u0079_\u0063\u0068\u0061\u0069\u0072_\u0074\u0065\u0078\u0074\u0075\u0072\u0065","\u0070\u0061\u0072\u0074\u0069\u0063\u006c\u0065":"\u0062\u0069\u0072\u0074\u0068\u0064\u0061\u0079\u0070\u0061\u0063\u006b:\u0070\u0061\u0063\u006b/\u0062\u0069\u0072\u0074\u0068\u0064\u0061\u0079_\u0063\u0068\u0061\u0069\u0072_\u0074\u0065\u0078\u0074\u0075\u0072\u0065"},"elements":[{"from":[2,0,2],"to":[4,9,4],"faces":{"north":{"uv":[9,7.5,9.5,9.75],"texture":"#0"},"east":{"uv":[8.5,7.5,9,9.75],"texture":"#0"},"south":{"uv":[10,7.5,10.5,9.75],"texture":"#0"},"west":{"uv":[9.5,7.5,10,9.75],"texture":"#0"},"up":{"uv":[9.5,7.5,9,7],"texture":"#0"},"down":{"uv":[10,7,9.5,7.5],"texture":"#0"}}},{"from":[12,0,2],"to":[14,9,4],"faces":{"north":{"uv":[4.5,9,5,11.25],"texture":"#0"},"east":{"uv":[4,9,4.5,11.25],"texture":"#0"},"south":{"uv":[5.5,9,6,11.25],"texture":"#0"},"west":{"uv":[5,9,5.5,11.25],"texture":"#0"},"up":{"uv":[5,9,4.5,8.5],"texture":"#0"},"down":{"uv":[5.5,8.5,5,9],"texture":"#0"}}},{"from":[2,0,12],"to":[4,9,14],"rotation":{"angle":0,"axis":"y","origin":[0,0,16]},"faces":{"north":{"uv":[9.5,0.5,10,2.75],"texture":"#0"},"east":{"uv":[9,0.5,9.5,2.75],"texture":"#0"},"south":{"uv":[10.5,0.5,11,2.75],"texture":"#0"},"west":{"uv":[10,0.5,10.5,2.75],"texture":"#0"},"up":{"uv":[10,0.5,9.5,0],"texture":"#0"},"down":{"uv":[10.5,0,10,0.5],"texture":"#0"}}},{"from":[12,0,12],"to":[14,9,14],"rotation":{"angle":0,"axis":"y","origin":[0,0,16]},"faces":{"north":{"uv":[7,7.5,7.5,9.75],"texture":"#0"},"east":{"uv":[6.5,7.5,7,9.75],"texture":"#0"},"south":{"uv":[8,7.5,8.5,9.75],"texture":"#0"},"west":{"uv":[7.5,7.5,8,9.75],"texture":"#0"},"up":{"uv":[7.5,7.5,7,7],"texture":"#0"},"down":{"uv":[8,7,7.5,7.5],"texture":"#0"}}},{"name":"seat","from":[2,9,2],"to":[14,11,14],"faces":{"north":{"uv":[3,3,6,3.5],"texture":"#0"},"east":{"uv":[0,3,3,3.5],"texture":"#0"},"south":{"uv":[9,3,12,3.5],"texture":"#0"},"west":{"uv":[6,3,9,3.5],"texture":"#0"},"up":{"uv":[6,3,3,0],"texture":"#0"},"down":{"uv":[9,0,6,3],"texture":"#0"}}},{"from":[2.5,4,4],"to":[3.5,5,12],"faces":{"north":{"uv":[4.5,5.75,4.75,6],"texture":"#0"},"east":{"uv":[2.5,5.75,4.5,6],"texture":"#0"},"south":{"uv":[6.75,5.75,7,6],"texture":"#0"},"west":{"uv":[4.75,5.75,6.75,6],"texture":"#0"},"up":{"uv":[4.75,5.75,4.5,3.75],"texture":"#0"},"down":{"uv":[5,3.75,4.75,5.75],"texture":"#0"}}},{"from":[12.5,4,4],"to":[13.5,5,12],"rotation":{"angle":0,"axis":"y","origin":[16,0,0]},"faces":{"north":{"uv":[2,5.5,2.25,5.75],"texture":"#0"},"east":{"uv":[0,5.5,2,5.75],"texture":"#0"},"south":{"uv":[4.25,5.5,4.5,5.75],"texture":"#0"},"west":{"uv":[2.25,5.5,4.25,5.75],"texture":"#0"},"up":{"uv":[2.25,5.5,2,3.5],"texture":"#0"},"down":{"uv":[2.5,3.5,2.25,5.5],"texture":"#0"}}},{"from":[4,4,2.5],"to":[12,5,3.5],"rotation":{"angle":0,"axis":"y","origin":[16,0,0]},"faces":{"north":{"uv":[6.75,6.75,8.75,7],"texture":"#0"},"east":{"uv":[6.5,6.75,6.75,7],"texture":"#0"},"south":{"uv":[9,6.75,11,7],"texture":"#0"},"west":{"uv":[8.75,6.75,9,7],"texture":"#0"},"up":{"uv":[8.75,6.75,6.75,6.5],"texture":"#0"},"down":{"uv":[10.75,6.5,8.75,6.75],"texture":"#0"}}},{"from":[4,4,12.5],"to":[12,5,13.5],"rotation":{"angle":0,"axis":"y","origin":[16,0,16]},"faces":{"north":{"uv":[6.75,6.25,8.75,6.5],"texture":"#0"},"east":{"uv":[6.5,6.25,6.75,6.5],"texture":"#0"},"south":{"uv":[9,6.25,11,6.5],"texture":"#0"},"west":{"uv":[8.75,6.25,9,6.5],"texture":"#0"},"up":{"uv":[8.75,6.25,6.75,6],"texture":"#0"},"down":{"uv":[10.75,6,8.75,6.25],"texture":"#0"}}},{"from":[4,13,12.5],"to":[12,14,13.5],"rotation":{"angle":0,"axis":"y","origin":[16,0,16]},"faces":{"north":{"uv":[5.25,5.25,7.25,5.5],"texture":"#0"},"east":{"uv":[5,5.25,5.25,5.5],"texture":"#0"},"south":{"uv":[7.5,5.25,9.5,5.5],"texture":"#0"},"west":{"uv":[7.25,5.25,7.5,5.5],"texture":"#0"},"up":{"uv":[7.25,5.25,5.25,5],"texture":"#0"},"down":{"uv":[9.25,5,7.25,5.25],"texture":"#0"}}},{"from":[4,17,12.5],"to":[12,22,13.5],"rotation":{"angle":0,"axis":"y","origin":[16,0,16]},"faces":{"north":{"uv":[5.25,3.75,7.25,5],"texture":"#0"},"east":{"uv":[5,3.75,5.25,5],"texture":"#0"},"south":{"uv":[7.5,3.75,9.5,5],"texture":"#0"},"west":{"uv":[7.25,3.75,7.5,5],"texture":"#0"},"up":{"uv":[7.25,3.75,5.25,3.5],"texture":"#0"},"down":{"uv":[9.25,3.5,7.25,3.75],"texture":"#0"}}},{"from":[2,11,12],"to":[4,23,14],"faces":{"north":{"uv":[2.5,6.5,3,9.5],"texture":"#0"},"east":{"uv":[2,6.5,2.5,9.5],"texture":"#0"},"south":{"uv":[3.5,6.5,4,9.5],"texture":"#0"},"west":{"uv":[3,6.5,3.5,9.5],"texture":"#0"},"up":{"uv":[3,6.5,2.5,6],"texture":"#0"},"down":{"uv":[3.5,6,3,6.5],"texture":"#0"}}},{"from":[12,11,12],"to":[14,23,14],"faces":{"north":{"uv":[0.5,6.25,1,9.25],"texture":"#0"},"east":{"uv":[0,6.25,0.5,9.25],"texture":"#0"},"south":{"uv":[1.5,6.25,2,9.25],"texture":"#0"},"west":{"uv":[1,6.25,1.5,9.25],"texture":"#0"},"up":{"uv":[1,6.25,0.5,5.75],"texture":"#0"},"down":{"uv":[1.5,5.75,1,6.25],"texture":"#0"}}}],"gui_light":"front","display":{"thirdperson_righthand":{"rotation":[75,45,0],"translation":[0,2.5,0],"scale":[0.375,0.375,0.375]},"thirdperson_lefthand":{"rotation":[75,45,0],"translation":[0,2.5,0],"scale":[0.375,0.375,0.375]},"firstperson_righthand":{"rotation":[0,45,0],"scale":[0.4,0.4,0.4]},"firstperson_lefthand":{"rotation":[0,45,0],"scale":[0.4,0.4,0.4]},"ground":{"translation":[0,3,0],"scale":[0.25,0.25,0.25]},"gui":{"rotation":[22.5,-135,0],"translation":[0,-1.5,0],"scale":[0.47,0.47,0.47]},"fixed":{"rotation":[-90,0,0],"translation":[0,0,-16],"scale":[2,2,2]}}}