{"credit":"Made with Blockbench","texture_size":[64,64],"textures":{"1":"halloween_creatif:halloween_creatif/block/skeleton_statue_1_wink","particle":"halloween_creatif:halloween_creatif/block/skeleton_statue_1_wink"},"elements":[{"name":"head","from":[4,24,4],"to":[12,32,12],"rotation":{"angle":0,"axis":"y","origin":[8,0,8]},"faces":{"north":{"uv":[2.025,8.025,3.975,9.975],"texture":"#1"},"east":{"uv":[8.025,8.025,9.975,9.975],"texture":"#1"},"south":{"uv":[4.025,9.525,5.975,11.475],"texture":"#1"},"west":{"uv":[6.025,9.525,7.975,11.475],"texture":"#1"},"up":{"uv":[11.975,1.975,10.025,0.025],"texture":"#1"},"down":{"uv":[3.975,10.025,2.025,11.975],"texture":"#1"}}},{"name":"body","from":[11.98889,11.98889,5.98889],"to":[12.01111,24.01111,10.01111],"rotation":{"angle":0,"axis":"y","origin":[8,0,8]},"faces":{"north":{"uv":[0.025,0.025,0.025,2.975],"texture":"#1"},"east":{"uv":[8.025,10.025,8.975,12.975],"texture":"#1"},"south":{"uv":[0.025,0.025,0.025,2.975],"texture":"#1"},"west":{"uv":[8.975,10.025,8.025,12.975],"texture":"#1"},"up":{"uv":[0.025,0.975,0.025,0.025],"texture":"#1"},"down":{"uv":[0.025,0.025,0.025,0.975],"texture":"#1"}}},{"name":"body","from":[3.98889,11.98889,5.98889],"to":[4.01111,24.01111,10.01111],"rotation":{"angle":0,"axis":"y","origin":[8,0,8]},"faces":{"north":{"uv":[0.025,0.025,0.025,2.975],"texture":"#1"},"east":{"uv":[0.975,11.025,0.025,13.975],"texture":"#1"},"south":{"uv":[0.025,0.025,0.025,2.975],"texture":"#1"},"west":{"uv":[0.025,11.025,0.975,13.975],"texture":"#1"},"up":{"uv":[0.025,0.975,0.025,0.025],"texture":"#1"},"down":{"uv":[0.025,0.025,0.025,0.975],"texture":"#1"}}},{"name":"body","from":[4,12,6],"to":[12,24,6],"rotation":{"angle":0,"axis":"y","origin":[8,0,8]},"faces":{"north":{"uv":[4.025,6.525,5.975,9.475],"texture":"#1"},"east":{"uv":[0.025,0.025,0.025,2.975],"texture":"#1"},"south":{"uv":[5.975,6.525,4.025,9.475],"texture":"#1"},"west":{"uv":[0.025,0.025,0.025,2.975],"texture":"#1"},"up":{"uv":[1.975,0.025,0.025,0.025],"texture":"#1"},"down":{"uv":[1.975,0.025,0.025,0.025],"texture":"#1"}}},{"name":"body","from":[3.98889,11.98889,9.98889],"to":[12.01111,24.01111,10.01111],"rotation":{"angle":0,"axis":"y","origin":[8,0,8]},"faces":{"north":{"uv":[9.975,0.025,8.025,2.975],"texture":"#1"},"east":{"uv":[0.025,0.025,0.025,2.975],"texture":"#1"},"south":{"uv":[8.025,0.025,9.975,2.975],"texture":"#1"},"west":{"uv":[0.025,0.025,0.025,2.975],"texture":"#1"},"up":{"uv":[1.975,0.025,0.025,0.025],"texture":"#1"},"down":{"uv":[1.975,0.025,0.025,0.025],"texture":"#1"}}},{"from":[9.475,11.225,10.225],"to":[25.525,24.275,10.275],"rotation":{"angle":45,"axis":"z","origin":[15,20.5,11.5]},"faces":{"north":{"uv":[4.025,0.025,7.975,3.225],"texture":"#1"},"south":{"uv":[4.025,3.275,7.975,6.475],"texture":"#1"}}},{"from":[-9.5,11.25,10.25],"to":[6.5,24.25,10.25],"rotation":{"angle":-45,"axis":"z","origin":[1,20.5,11.5]},"faces":{"north":{"uv":[7.975,0.025,4.025,3.225],"texture":"#1"},"south":{"uv":[7.975,3.275,4.025,6.475],"texture":"#1"}}},{"name":"right_arm","from":[12,21.75,-2.75],"to":[14,23.75,9.25],"rotation":{"angle":45,"axis":"x","origin":[13,22.75,8]},"faces":{"north":{"uv":[10.975,2.525,10.525,2.975],"rotation":180,"texture":"#1"},"east":{"uv":[11.025,11.025,11.475,13.975],"rotation":270,"texture":"#1"},"south":{"uv":[10.975,2.475,10.525,2.025],"texture":"#1"},"west":{"uv":[4.525,11.525,4.975,14.475],"rotation":90,"texture":"#1"},"up":{"uv":[10.525,11.025,10.975,13.975],"rotation":180,"texture":"#1"},"down":{"uv":[4.025,11.525,4.475,14.475],"texture":"#1"}}},{"name":"left_arm","from":[2,12,7],"to":[4,24,9],"rotation":{"angle":0,"axis":"y","origin":[3,22.75,8]},"faces":{"north":{"uv":[10.975,11.025,10.525,13.975],"texture":"#1"},"east":{"uv":[4.525,14.475,4.975,11.525],"rotation":180,"texture":"#1"},"south":{"uv":[4.475,11.525,4.025,14.475],"texture":"#1"},"west":{"uv":[11.025,13.975,11.475,11.025],"rotation":180,"texture":"#1"},"up":{"uv":[10.525,2.475,10.975,2.025],"texture":"#1"},"down":{"uv":[10.525,2.525,10.975,2.975],"texture":"#1"}}},{"name":"left_leg","from":[5,0.75,7],"to":[7,12,9],"rotation":{"angle":0,"axis":"y","origin":[8,0,8]},"faces":{"north":{"uv":[5.025,11.525,5.475,14.475],"texture":"#1"},"east":{"uv":[5.525,11.525,5.975,14.475],"texture":"#1"},"south":{"uv":[6.025,11.525,6.475,14.475],"texture":"#1"},"west":{"uv":[6.525,11.525,6.975,14.475],"texture":"#1"},"up":{"uv":[11.475,2.475,11.025,2.025],"texture":"#1"},"down":{"uv":[11.475,2.525,11.025,2.975],"texture":"#1"}}},{"name":"right_leg","from":[9,0.75,7],"to":[11,12,9],"rotation":{"angle":0,"axis":"y","origin":[8,0,8]},"faces":{"north":{"uv":[7.025,11.525,7.475,14.475],"texture":"#1"},"east":{"uv":[7.525,11.525,7.975,14.475],"texture":"#1"},"south":{"uv":[11.525,8.025,11.975,10.975],"texture":"#1"},"west":{"uv":[11.525,11.025,11.975,13.975],"texture":"#1"},"up":{"uv":[11.975,2.475,11.525,2.025],"texture":"#1"},"down":{"uv":[11.975,2.525,11.525,2.975],"texture":"#1"}}},{"from":[0,0,0],"to":[16,4.5,16],"faces":{"north":{"uv":[8.025,3.025,11.975,4.225],"texture":"#1"},"east":{"uv":[8.025,4.275,11.975,5.475],"texture":"#1"},"south":{"uv":[8.025,5.525,11.975,6.725],"texture":"#1"},"west":{"uv":[8.025,6.775,11.975,7.975],"texture":"#1"},"up":{"uv":[3.975,3.975,0.025,0.025],"texture":"#1"},"down":{"uv":[3.975,4.025,0.025,7.975],"texture":"#1"}}}],"gui_light":"front","display":{"thirdperson_righthand":{"rotation":[46,31,0],"translation":[-0.25,1.25,0],"scale":[0.28,0.28,0.28]},"thirdperson_lefthand":{"rotation":[46,31,0],"translation":[-0.25,1.25,0],"scale":[0.28,0.28,0.28]},"firstperson_righthand":{"rotation":[0,130,0],"translation":[18.5,-10.25,-21.5]},"firstperson_lefthand":{"rotation":[0,130,0],"translation":[18.5,-10.25,-21.5]},"ground":{"rotation":[24,40,0],"translation":[0,3.75,0],"scale":[0.52,0.52,0.52]},"gui":{"rotation":[30,139,0],"translation":[0,-2.75,0],"scale":[0.38,0.38,0.38]},"head":{"translation":[0,-30.5,0],"scale":[1.6,1.6,1.6]},"fixed":{"rotation":[-90,0,0],"translation":[0,0,-16],"scale":[2,2,2]}}}