{"model":{"type":"range_dispatch","property":"custom_model_data","index":0,"fallback":{"type":"minecraft:model","model":"minecraft:item/kelp"},"entries":[{"threshold":10000,"model":{"type":"model","model":"elitecreatures:ifrit_animated/helmet"}},{"threshold":10001,"model":{"type":"model","model":"elitecreatures:ifrit_animated/balloon"}},{"threshold":10002,"model":{"type":"model","model":"elitecreatures:ifrit_animated/key"}},{"threshold":10003,"model":{"type":"model","model":"elitecreatures:ifrit_animated/quiver"}},{"threshold":10004,"model":{"type":"model","model":"elitecreatures:junk_food_cosmetic/drink"}},{"threshold":10005,"model":{"type":"model","model":"elitecreatures:junk_food_cosmetic/hot_dog_hat"}},{"threshold":10006,"model":{"type":"model","model":"elitecreatures:junk_food_cosmetic/hot_dog_hat_self"}},{"threshold":10007,"model":{"type":"model","model":"elitecreatures:junk_food_cosmetic/icecream"}},{"threshold":10008,"model":{"type":"model","model":"elitecreatures:junk_food_cosmetic/pizza_hat"}},{"threshold":10009,"model":{"type":"model","model":"item/kelp"}}]},"oversized_in_gui":true}