{"model":{"type":"range_dispatch","property":"custom_model_data","index":0,"fallback":{"type":"minecraft:model","model":"minecraft:block/sea_lantern"},"entries":[{"threshold":10000,"model":{"type":"model","model":"fiendskullset:chest"}},{"threshold":10001,"model":{"type":"model","model":"winterset:chest"}},{"threshold":10002,"model":{"type":"model","model":"valentineset:chest"}},{"threshold":10003,"model":{"type":"model","model":"lunardragonset:chest"}},{"threshold":10004,"model":{"type":"model","model":"protocalset:chest"}},{"threshold":10005,"model":{"type":"model","model":"protocalset:chest_opening"}},{"threshold":10006,"model":{"type":"model","model":"radiance_collection:chest"}},{"threshold":10008,"model":{"type":"model","model":"starlight:chest"}},{"threshold":10009,"model":{"type":"model","model":"littlepandaset:chest"}},{"threshold":10010,"model":{"type":"model","model":"item/sea_lantern"}}]},"oversized_in_gui":true}