{"credit":"MadewithBlockbench","texture_size":[64,64],"textures":{"0":"elitecreatures:modern_furniture_v1/md_guitar","particle":"elitecreatures:modern_furniture_v1/md_guitar"},"elements":[{"from":[2,3,4],"to":[14,9,8],"rotation":{"angle":22.5,"axis":"x","origin":[8,1,4]},"faces":{"north":{"uv":[0,0,3,1.5],"texture":"#0"},"east":{"uv":[3,5.25,4,6.75],"texture":"#0"},"south":{"uv":[0,1.5,3,3],"texture":"#0"},"west":{"uv":[4,5.25,3,6.75],"texture":"#0"},"up":{"uv":[6,2.25,3,1.25],"texture":"#0"},"down":{"uv":[6,1.25,3,2.25],"texture":"#0"}}},{"from":[4,1,4],"to":[12,2,8],"rotation":{"angle":22.5,"axis":"x","origin":[8,1,4]},"faces":{"north":{"uv":[5.5,3,7.5,3.25],"texture":"#0"},"east":{"uv":[6.25,0.5,7.25,0.75],"texture":"#0"},"south":{"uv":[6,1.25,8,1.5],"texture":"#0"},"west":{"uv":[7.25,0.5,6.25,0.75],"texture":"#0"},"up":{"uv":[7,4.25,5,3.25],"texture":"#0"},"down":{"uv":[7,4.25,5,3.25],"texture":"#0"}}},{"from":[3,2,4],"to":[13,3,8],"rotation":{"angle":22.5,"axis":"x","origin":[8,1,4]},"faces":{"north":{"uv":[5.5,1,8,1.25],"texture":"#0"},"east":{"uv":[6.25,0.75,7.25,1],"texture":"#0"},"south":{"uv":[5.5,2.25,8,2.5],"texture":"#0"},"west":{"uv":[7.25,0.75,6.25,1],"texture":"#0"},"up":{"uv":[5.5,3.25,3,2.25],"texture":"#0"},"down":{"uv":[5.5,3.25,3,2.25],"texture":"#0"}}},{"from":[3,9,4],"to":[13,10,8],"rotation":{"angle":22.5,"axis":"x","origin":[8,1,4]},"faces":{"north":{"uv":[5.5,2.5,8,2.75],"texture":"#0"},"east":{"uv":[5.25,6.25,6.25,6.5],"texture":"#0"},"south":{"uv":[5.5,2.75,8,3],"texture":"#0"},"west":{"uv":[6.25,6.25,7.25,6.5],"texture":"#0"},"up":{"uv":[5,4.25,2.5,3.25],"texture":"#0"},"down":{"uv":[2.5,4.25,0,5.25],"texture":"#0"}}},{"from":[4,10,4],"to":[12,11,8],"rotation":{"angle":22.5,"axis":"x","origin":[8,1,4]},"faces":{"north":{"uv":[6,1.5,8,1.75],"texture":"#0"},"east":{"uv":[0,6.5,1,6.75],"texture":"#0"},"south":{"uv":[6,1.75,8,2],"texture":"#0"},"west":{"uv":[1,6.5,0,6.75],"texture":"#0"},"up":{"uv":[7,5.25,5,4.25],"texture":"#0"},"down":{"uv":[7,5.25,5,4.25],"texture":"#0"}}},{"from":[3,11,4],"to":[13,16,8],"rotation":{"angle":22.5,"axis":"x","origin":[8,1,4]},"faces":{"north":{"uv":[0,3,2.5,4.25],"texture":"#0"},"east":{"uv":[4,5.25,5,6.5],"texture":"#0"},"south":{"uv":[3,0,5.5,1.25],"texture":"#0"},"west":{"uv":[5,5.25,4,6.5],"texture":"#0"},"up":{"uv":[5,5.25,2.5,4.25],"texture":"#0"},"down":{"uv":[5,4.25,2.5,5.25],"texture":"#0"}}},{"from":[6.5,27,3.5],"to":[9.5,31,5.5],"rotation":{"angle":22.5,"axis":"x","origin":[8,1,4]},"faces":{"north":{"uv":[5.25,5.25,6,6.25],"texture":"#0"},"east":{"uv":[6.5,5.25,6,6.25],"texture":"#0"},"south":{"uv":[5.5,0,6.25,1],"texture":"#0"},"west":{"uv":[6,5.25,6.5,6.25],"texture":"#0"},"up":{"uv":[7,0.5,6.25,0],"texture":"#0"},"down":{"uv":[7,0.5,6.25,0],"texture":"#0"}}},{"from":[4,16,4],"to":[12,17,8],"rotation":{"angle":22.5,"axis":"x","origin":[8,1,4]},"faces":{"north":{"uv":[6,2,8,2.25],"texture":"#0"},"east":{"uv":[1,6.5,2,6.75],"texture":"#0"},"south":{"uv":[0,6.25,2,6.5],"texture":"#0"},"west":{"uv":[2,6.5,1,6.75],"texture":"#0"},"up":{"uv":[2,6.25,0,5.25],"texture":"#0"},"down":{"uv":[2,6.25,0,5.25],"texture":"#0"}}},{"from":[7,14,3.5],"to":[9,27,4.5],"rotation":{"angle":22.5,"axis":"x","origin":[8,1,4]},"faces":{"north":{"uv":[2,5.25,2.5,8.5],"texture":"#0"},"east":{"uv":[5,5.25,5.25,8.5],"texture":"#0"},"south":{"uv":[2,5.25,2.5,8.5],"texture":"#0"},"west":{"uv":[5.25,5.25,5,8.5],"texture":"#0"},"up":{"uv":[3,3.25,2.5,3],"texture":"#0"},"down":{"uv":[5.875,5.5,5.375,5.25],"texture":"#0"}}},{"from":[6,7,3.35],"to":[9,30.5,3.35],"rotation":{"angle":22.5,"axis":"x","origin":[8,1,4]},"faces":{"north":{"uv":[0,6.75,2,12.5],"texture":"#0"},"east":{"uv":[5,5.25,5.25,8.5],"texture":"#0"},"south":{"uv":[2,5.25,2.5,8.5],"texture":"#0"},"west":{"uv":[5.25,5.25,5,8.5],"texture":"#0"},"up":{"uv":[3,3.25,2.5,3],"texture":"#0"},"down":{"uv":[3,3.25,2.5,3],"texture":"#0"}}},{"from":[6,7,3.5],"to":[10,8,4],"rotation":{"angle":22.5,"axis":"x","origin":[8,1,4]},"faces":{"north":{"uv":[1,0.25,2,0.5],"texture":"#0"},"east":{"uv":[6.25,0,6.375,0.25],"texture":"#0"},"south":{"uv":[1,0.25,2,0.5],"texture":"#0"},"west":{"uv":[6.25,0,6.375,0.25],"texture":"#0"},"up":{"uv":[7,0,8,0.125],"texture":"#0"},"down":{"uv":[7,0,8,0.125],"texture":"#0"}}}],"gui_light":"front","display":{"thirdperson_righthand":{"rotation":[49.01,0,-0.72],"translation":[0.25,-3.75,-6],"scale":[0.68,0.68,0.68]},"thirdperson_lefthand":{"rotation":[49.01,0,-0.72],"translation":[0.25,-3.75,-6],"scale":[0.68,0.68,0.68]},"firstperson_righthand":{"scale":[0.61,0.61,0.61]},"firstperson_lefthand":{"scale":[0.61,0.61,0.61]},"ground":{"translation":[0,6.5,0],"scale":[0.7,0.7,0.7]},"gui":{"rotation":[-178.91,40.98,-165.84],"translation":[-0.75,-2.75,0],"scale":[0.43,0.43,0.43]},"head":{"rotation":[0,-180,0],"translation":[0,-31.25,-1.5],"scale":[1.37,1.37,1.37]},"fixed":{"rotation":[-17.25,-14.67,39.28],"translation":[1.5,-2.5,-1.25],"scale":[0.51,0.51,0.51]}}}