{
	"credit": "MadebyPolygonMC",
	"texture_size": [32, 32],
	"textures": {
		"1": "mickeysr:party_weapon_set/animation_01",
		"2": "mickeysr:party_weapon_set/animation_03",
		"3": "mickeysr:party_weapon_set/crossbow",
		"particle": "mickeysr:party_weapon_set/animation_01"
	},
	"elements": [
		{
			"from": [7.5, 8, 7],
			"to": [8.5, 9, 9],
			"rotation": {"angle": 0, "axis": "y", "origin": [7.5, 4, 7]},
			"faces": {
				"east": {"uv": [5, 1, 7, 2], "texture": "#3"},
				"west": {"uv": [2, 5, 4, 6], "texture": "#3"},
				"up": {"uv": [6, 4, 5, 2], "texture": "#3"},
				"down": {"uv": [6, 4, 5, 6], "texture": "#3"}
			}
		},
		{
			"from": [7.5, 7.5, 5],
			"to": [8.5, 9, 7],
			"rotation": {"angle": 0, "axis": "y", "origin": [7.5, 4, 7]},
			"faces": {
				"north": {"uv": [0, 8, 1, 9.5], "texture": "#3"},
				"east": {"uv": [2, 0, 4, 1.5], "texture": "#3"},
				"south": {"uv": [8, 0, 9, 1.5], "texture": "#3"},
				"west": {"uv": [2, 2, 4, 3.5], "texture": "#3"},
				"up": {"uv": [3, 8, 2, 6], "texture": "#3"},
				"down": {"uv": [7, 2, 6, 4], "texture": "#3"}
			}
		},
		{
			"from": [7.7, 7.75, 4.75],
			"to": [8.3, 9.25, 5.75],
			"rotation": {"angle": 0, "axis": "y", "origin": [7.5, 4, 5.75]},
			"faces": {
				"north": {"uv": [2, 11, 2.5, 12.5], "texture": "#3"},
				"east": {"uv": [1, 8, 2, 9.5], "texture": "#3"},
				"south": {"uv": [3, 11, 3.5, 12.5], "texture": "#3"},
				"west": {"uv": [2, 8, 3, 9.5], "texture": "#3"},
				"up": {"uv": [1.5, 13, 1, 12], "texture": "#3"},
				"down": {"uv": [12.5, 2, 12, 3], "texture": "#3"}
			}
		},
		{
			"from": [7.5, 7.5, 9],
			"to": [8.5, 9, 10],
			"rotation": {"angle": 0, "axis": "y", "origin": [7.5, 4, 7]},
			"faces": {
				"north": {"uv": [8, 2, 9, 3.5], "texture": "#3"},
				"east": {"uv": [5, 8, 6, 9.5], "texture": "#3"},
				"south": {"uv": [6, 8, 7, 9.5], "texture": "#3"},
				"west": {"uv": [7, 8, 8, 9.5], "texture": "#3"},
				"up": {"uv": [11, 5, 10, 4], "texture": "#3"},
				"down": {"uv": [6, 10, 5, 11], "texture": "#3"}
			}
		},
		{
			"from": [7.6, 5.875, 9],
			"to": [8.4, 8.375, 10],
			"rotation": {"angle": -22.5, "axis": "x", "origin": [8, 6.375, 9.5]},
			"faces": {
				"north": {"uv": [3, 6, 3.75, 8.5], "texture": "#3"},
				"east": {"uv": [4, 1, 5, 3.5], "texture": "#3"},
				"south": {"uv": [6, 4, 6.75, 6.5], "texture": "#3"},
				"west": {"uv": [4, 4, 5, 6.5], "texture": "#3"}
			}
		},
		{
			"from": [7.55, 8.23567, 9.3257],
			"to": [8.45, 9.01067, 12.7257],
			"rotation": {"angle": 0, "axis": "y", "origin": [8, 8.39322, 12.335]},
			"faces": {
				"east": {"uv": [0, 4, 3.5, 4.75], "texture": "#3"},
				"west": {"uv": [4, 0, 7.5, 0.75], "texture": "#3"},
				"up": {"uv": [1, 3.5, 0, 0], "texture": "#3"},
				"down": {"uv": [2, 0, 1, 3.5], "texture": "#3"}
			}
		},
		{
			"from": [7.8, 7.68568, 9.5757],
			"to": [8.2, 8.23568, 12.7257],
			"rotation": {"angle": 0, "axis": "y", "origin": [8, 8.39322, 12.335]},
			"faces": {
				"east": {"uv": [7, 5, 10.25, 5.5], "texture": "#3"},
				"west": {"uv": [6, 7, 9.25, 7.5], "texture": "#3"},
				"down": {"uv": [4.5, 7, 4, 10.25], "texture": "#3"}
			}
		},
		{
			"from": [7.55, 7.21067, 12.7257],
			"to": [8.45, 9.01067, 13.7257],
			"rotation": {"angle": 0, "axis": "y", "origin": [8, 8.39322, 12.335]},
			"faces": {
				"north": {"uv": [5, 6, 6, 7.75], "texture": "#3"},
				"east": {"uv": [7, 1, 8, 2.75], "texture": "#3"},
				"west": {"uv": [7, 3, 8, 4.75], "texture": "#3"},
				"up": {"uv": [7, 11, 6, 10], "texture": "#3"},
				"down": {"uv": [8, 10, 7, 11], "texture": "#3"}
			}
		},
		{
			"from": [7.45, 6.68567, 13.7257],
			"to": [8.55, 9.08567, 14.2257],
			"rotation": {"angle": 0, "axis": "y", "origin": [8, 8.39322, 12.335]},
			"faces": {
				"north": {"uv": [0, 5, 1, 7.5], "texture": "#3"},
				"east": {"uv": [9, 8, 9.5, 10.5], "texture": "#3"},
				"south": {"uv": [1, 5, 2, 7.5], "texture": "#3"},
				"west": {"uv": [0, 10, 0.5, 12.5], "texture": "#3"},
				"up": {"uv": [13, 3.5, 12, 3], "texture": "#3"},
				"down": {"uv": [5, 12, 4, 12.5], "texture": "#3"}
			}
		},
		{
			"from": [7.5, 5.625, 8.7],
			"to": [8.5, 6.125, 10.2],
			"rotation": {"angle": 0, "axis": "y", "origin": [7.5, 5.625, 8.175]},
			"faces": {
				"north": {"uv": [5, 12, 6, 12.5], "texture": "#3"},
				"east": {"uv": [4, 11, 5.5, 11.5], "texture": "#3"},
				"south": {"uv": [6, 12, 7, 12.5], "texture": "#3"},
				"west": {"uv": [11, 4, 12.5, 4.5], "texture": "#3"},
				"up": {"uv": [9, 9.5, 8, 8], "texture": "#3"},
				"down": {"uv": [10, 0, 9, 1.5], "texture": "#3"}
			}
		},
		{
			"from": [6.55, 8.375, 4.85],
			"to": [7.8, 8.875, 5.85],
			"rotation": {"angle": -22.5, "axis": "y", "origin": [6.8, 8.625, 5.35]},
			"faces": {
				"north": {"uv": [11, 8, 12.25, 8.5], "texture": "#3"},
				"east": {"uv": [12, 6, 13, 6.5], "texture": "#3"},
				"south": {"uv": [9, 11, 10.25, 11.5], "texture": "#3"},
				"west": {"uv": [7, 12, 8, 12.5], "texture": "#3"},
				"up": {"uv": [10.25, 7, 9, 6], "texture": "#3"},
				"down": {"uv": [11.25, 0, 10, 1], "texture": "#3"}
			}
		},
		{
			"from": [6.02414, 8.375, 4.15561],
			"to": [7.02414, 8.875, 5.15561],
			"rotation": {"angle": -45, "axis": "y", "origin": [6.02414, 8.625, 4.65561]},
			"faces": {
				"north": {"uv": [12, 7, 13, 7.5], "texture": "#3"},
				"east": {"uv": [9, 12, 10, 12.5], "texture": "#3"},
				"south": {"uv": [12, 9, 13, 9.5], "texture": "#3"},
				"west": {"uv": [10, 12, 11, 12.5], "texture": "#3"},
				"up": {"uv": [11, 8, 10, 7], "texture": "#3"},
				"down": {"uv": [9, 10, 8, 11], "texture": "#3"}
			}
		},
		{
			"from": [4.42509, 8.625, 4.05656],
			"to": [5.92509, 9.625, 4.55656],
			"rotation": {"angle": 0, "axis": "y", "origin": [5.05009, 8.875, 3.68156]},
			"faces": {
				"north": {"uv": [7, 6, 8.5, 7], "texture": "#3"},
				"south": {"uv": [8, 4, 9.5, 5], "texture": "#3"},
				"up": {"uv": [12.5, 5.5, 11, 5], "texture": "#3"},
				"down": {"uv": [7.5, 11, 6, 11.5], "texture": "#3"}
			}
		},
		{
			"from": [2.75507, 8.625, 4.52863],
			"to": [3.25507, 9.625, 5.77863],
			"rotation": {"angle": -45, "axis": "y", "origin": [3.00507, 9.125, 5.15363]},
			"faces": {
				"east": {"uv": [1, 10, 2.25, 11], "texture": "#3"},
				"south": {"uv": [12, 10, 12.5, 11], "texture": "#3"},
				"west": {"uv": [10, 1, 11.25, 2], "texture": "#3"},
				"up": {"uv": [11.5, 10.25, 11, 9], "texture": "#3"},
				"down": {"uv": [11.5, 11, 11, 12.25], "texture": "#3"}
			}
		},
		{
			"from": [3.32785, 8.625, 4.32454],
			"to": [4.57785, 9.625, 4.82454],
			"rotation": {"angle": 22.5, "axis": "y", "origin": [3.82785, 9.125, 4.57454]},
			"faces": {
				"north": {"uv": [10, 2, 11.25, 3], "texture": "#3"},
				"south": {"uv": [10, 3, 11.25, 4], "texture": "#3"},
				"up": {"uv": [13.25, 0.5, 12, 0], "texture": "#3"},
				"down": {"uv": [13.25, 1, 12, 1.5], "texture": "#3"}
			}
		},
		{
			"from": [5.52414, 8.275, 4.15561],
			"to": [6.02414, 9.725, 5.15561],
			"rotation": {"angle": -45, "axis": "y", "origin": [6.02414, 8.625, 4.65561]},
			"faces": {
				"north": {"uv": [11, 6, 11.5, 7.5], "texture": "#3"},
				"east": {"uv": [9, 2, 10, 3.5], "texture": "#3"},
				"south": {"uv": [8, 11, 8.5, 12.5], "texture": "#3"},
				"west": {"uv": [3, 9, 4, 10.5], "texture": "#3"},
				"up": {"uv": [12.5, 12, 12, 11], "texture": "#3"},
				"down": {"uv": [12.5, 12, 12, 13], "texture": "#3"}
			}
		},
		{
			"from": [2.38635, 8.875, 5.3759],
			"to": [3.38635, 9.375, 6.3759],
			"rotation": {"angle": 45, "axis": "y", "origin": [2.38635, 9.375, 6.1259]},
			"faces": {
				"north": {"uv": [0, 13, 1, 13.5], "texture": "#3"},
				"east": {"uv": [1, 13, 2, 13.5], "texture": "#3"},
				"south": {"uv": [2, 13, 3, 13.5], "texture": "#3"},
				"west": {"uv": [13, 2, 14, 2.5], "texture": "#3"},
				"up": {"uv": [11, 9, 10, 8], "texture": "#3"},
				"down": {"uv": [11, 9, 10, 10], "texture": "#3"}
			}
		},
		{
			"from": [8.2, 8.375, 4.85],
			"to": [9.45, 8.875, 5.85],
			"rotation": {"angle": 22.5, "axis": "y", "origin": [9.2, 8.625, 5.35]},
			"faces": {
				"north": {"uv": [12.25, 8, 11, 8.5], "texture": "#3"},
				"east": {"uv": [8, 12, 7, 12.5], "texture": "#3"},
				"south": {"uv": [10.25, 11, 9, 11.5], "texture": "#3"},
				"west": {"uv": [13, 6, 12, 6.5], "texture": "#3"},
				"up": {"uv": [9, 7, 10.25, 6], "texture": "#3"},
				"down": {"uv": [10, 0, 11.25, 1], "texture": "#3"}
			}
		},
		{
			"from": [8.97586, 8.375, 4.15561],
			"to": [9.97586, 8.875, 5.15561],
			"rotation": {"angle": 45, "axis": "y", "origin": [9.97586, 8.625, 4.65561]},
			"faces": {
				"north": {"uv": [13, 7, 12, 7.5], "texture": "#3"},
				"east": {"uv": [11, 12, 10, 12.5], "texture": "#3"},
				"south": {"uv": [13, 9, 12, 9.5], "texture": "#3"},
				"west": {"uv": [10, 12, 9, 12.5], "texture": "#3"},
				"up": {"uv": [10, 8, 11, 7], "texture": "#3"},
				"down": {"uv": [8, 10, 9, 11], "texture": "#3"}
			}
		},
		{
			"from": [10.07491, 8.625, 4.05656],
			"to": [11.57491, 9.625, 4.55656],
			"rotation": {"angle": 0, "axis": "y", "origin": [10.94991, 8.875, 3.68156]},
			"faces": {
				"north": {"uv": [8.5, 6, 7, 7], "texture": "#3"},
				"south": {"uv": [9.5, 4, 8, 5], "texture": "#3"},
				"up": {"uv": [11, 5.5, 12.5, 5], "texture": "#3"},
				"down": {"uv": [6, 11, 7.5, 11.5], "texture": "#3"}
			}
		},
		{
			"from": [12.74493, 8.625, 4.52863],
			"to": [13.24493, 9.625, 5.77863],
			"rotation": {"angle": 45, "axis": "y", "origin": [12.99493, 9.125, 5.15363]},
			"faces": {
				"east": {"uv": [11.25, 1, 10, 2], "texture": "#3"},
				"south": {"uv": [12.5, 10, 12, 11], "texture": "#3"},
				"west": {"uv": [2.25, 10, 1, 11], "texture": "#3"},
				"up": {"uv": [11, 10.25, 11.5, 9], "texture": "#3"},
				"down": {"uv": [11, 11, 11.5, 12.25], "texture": "#3"}
			}
		},
		{
			"from": [11.42215, 8.625, 4.32454],
			"to": [12.67215, 9.625, 4.82454],
			"rotation": {"angle": -22.5, "axis": "y", "origin": [12.17215, 9.125, 4.57454]},
			"faces": {
				"north": {"uv": [11.25, 2, 10, 3], "texture": "#3"},
				"south": {"uv": [11.25, 3, 10, 4], "texture": "#3"},
				"up": {"uv": [12, 0.5, 13.25, 0], "texture": "#3"},
				"down": {"uv": [12, 1, 13.25, 1.5], "texture": "#3"}
			}
		},
		{
			"from": [9.97586, 8.275, 4.15561],
			"to": [10.47586, 9.725, 5.15561],
			"rotation": {"angle": 45, "axis": "y", "origin": [9.97586, 8.625, 4.65561]},
			"faces": {
				"north": {"uv": [11.5, 6, 11, 7.5], "texture": "#3"},
				"east": {"uv": [4, 9, 3, 10.5], "texture": "#3"},
				"south": {"uv": [8.5, 11, 8, 12.5], "texture": "#3"},
				"west": {"uv": [10, 2, 9, 3.5], "texture": "#3"},
				"up": {"uv": [12, 12, 12.5, 11], "texture": "#3"},
				"down": {"uv": [12, 12, 12.5, 13], "texture": "#3"}
			}
		},
		{
			"from": [12.61365, 8.875, 5.3759],
			"to": [13.61365, 9.375, 6.3759],
			"rotation": {"angle": -45, "axis": "y", "origin": [13.61365, 9.375, 6.1259]},
			"faces": {
				"north": {"uv": [1, 13, 0, 13.5], "texture": "#3"},
				"east": {"uv": [14, 2, 13, 2.5], "texture": "#3"},
				"south": {"uv": [3, 13, 2, 13.5], "texture": "#3"},
				"west": {"uv": [2, 13, 1, 13.5], "texture": "#3"},
				"up": {"uv": [10, 9, 11, 8], "texture": "#3"},
				"down": {"uv": [10, 9, 11, 10], "texture": "#3"}
			}
		},
		{
			"from": [7.75, 7.1, 7.875],
			"to": [8.25, 8.1, 8.375],
			"rotation": {"angle": -22.5, "axis": "x", "origin": [8, 7.75, 8]},
			"faces": {
				"north": {"uv": [3, 13, 3.5, 14], "texture": "#3"},
				"east": {"uv": [13, 3, 13.5, 4], "texture": "#3"},
				"west": {"uv": [4, 13, 4.5, 14], "texture": "#3"},
				"down": {"uv": [6.5, 13, 6, 13.5], "texture": "#3"}
			}
		},
		{
			"from": [7.75, 8.40076, 9.0943],
			"to": [8.25, 9.40076, 10.0943],
			"rotation": {"angle": 0, "axis": "y", "origin": [8, 8.39322, 11.235]},
			"faces": {
				"north": {"uv": [13, 4, 13.5, 5], "texture": "#3"},
				"east": {"uv": [10, 10, 11, 11], "texture": "#3"},
				"south": {"uv": [5, 13, 5.5, 14], "texture": "#3"},
				"west": {"uv": [1, 11, 2, 12], "texture": "#3"},
				"up": {"uv": [13.5, 6, 13, 5], "texture": "#3"}
			}
		},
		{
			"from": [2.625, 9.149, 5.80711],
			"to": [13.375, 9.149, 6.60711],
			"rotation": {"angle": 0, "axis": "y", "origin": [2.625, 8.874, 6.30711]},
			"faces": {
				"north": {"uv": [5.375, 16, 0, 15.5], "texture": "#3"},
				"east": {"uv": [5.375, 16, 0, 15.5], "texture": "#3"},
				"south": {"uv": [5.375, 16, 0, 15.5], "texture": "#3"},
				"west": {"uv": [5.375, 16, 0, 15.5], "texture": "#3"},
				"up": {"uv": [5.375, 16, 0, 15.5], "texture": "#3"},
				"down": {"uv": [0, 15.5, 5.375, 16], "texture": "#3"}
			}
		},
		{
			"from": [10.825, 7.3, 4.225],
			"to": [11.625, 8.9, 4.225],
			"rotation": {"angle": 0, "axis": "y", "origin": [11.225, 8.1, 4.225]},
			"faces": {
				"north": {"uv": [15.25, 3.25, 14, 6.25], "texture": "#3"},
				"east": {"uv": [15.25, 3.25, 14, 6.25], "texture": "#3"},
				"south": {"uv": [14, 3.25, 15.25, 6.25], "texture": "#3"},
				"west": {"uv": [15.25, 3.25, 14, 6.25], "texture": "#3"},
				"up": {"uv": [15.25, 3.25, 14, 6.25], "texture": "#3"},
				"down": {"uv": [15.25, 3.25, 14, 6.25], "texture": "#3"}
			}
		},
		{
			"from": [12.625, 7.3, 5.125],
			"to": [13.425, 8.9, 5.125],
			"rotation": {"angle": -22.5, "axis": "y", "origin": [13.025, 8.1, 5.125]},
			"faces": {
				"north": {"uv": [15.25, 7.5, 14, 10.5], "texture": "#3"},
				"east": {"uv": [15.25, 7.5, 14, 10.5], "texture": "#3"},
				"south": {"uv": [14, 7.5, 15.25, 10.5], "texture": "#3"},
				"west": {"uv": [15.25, 7.5, 14, 10.5], "texture": "#3"},
				"up": {"uv": [15.25, 7.5, 14, 10.5], "texture": "#3"},
				"down": {"uv": [15.25, 7.5, 14, 10.5], "texture": "#3"}
			}
		},
		{
			"from": [2.575, 7.3, 5.125],
			"to": [3.375, 8.9, 5.125],
			"rotation": {"angle": 22.5, "axis": "y", "origin": [2.975, 8.1, 5.125]},
			"faces": {
				"north": {"uv": [14, 7.5, 15.25, 10.5], "texture": "#3"},
				"east": {"uv": [14, 7.5, 15.25, 10.5], "texture": "#3"},
				"south": {"uv": [15.25, 7.5, 14, 10.5], "texture": "#3"},
				"west": {"uv": [14, 7.5, 15.25, 10.5], "texture": "#3"},
				"up": {"uv": [14, 7.5, 15.25, 10.5], "texture": "#3"},
				"down": {"uv": [14, 7.5, 15.25, 10.5], "texture": "#3"}
			}
		},
		{
			"from": [4.375, 7.3, 4.225],
			"to": [5.175, 8.9, 4.225],
			"rotation": {"angle": 0, "axis": "y", "origin": [4.775, 8.1, 4.225]},
			"faces": {
				"north": {"uv": [14, 3.25, 15.25, 6.25], "texture": "#3"},
				"east": {"uv": [14, 3.25, 15.25, 6.25], "texture": "#3"},
				"south": {"uv": [15.25, 3.25, 14, 6.25], "texture": "#3"},
				"west": {"uv": [14, 3.25, 15.25, 6.25], "texture": "#3"},
				"up": {"uv": [14, 3.25, 15.25, 6.25], "texture": "#3"},
				"down": {"uv": [14, 3.25, 15.25, 6.25], "texture": "#3"}
			}
		},
		{
			"from": [7.8, 6, 13.925],
			"to": [9.9, 8.6, 13.925],
			"rotation": {"angle": 0, "axis": "y", "origin": [8.9, 2.1, 13.825]},
			"faces": {
				"north": {"uv": [14.25, 0.25, 16, 2.725], "texture": "#3"},
				"east": {"uv": [16, 0.25, 14.25, 2.725], "texture": "#3"},
				"south": {"uv": [16, 0.25, 14.25, 2.725], "texture": "#3"},
				"west": {"uv": [16, 0.25, 14.25, 2.725], "texture": "#3"},
				"up": {"uv": [16, 0.25, 14.25, 2.725], "texture": "#3"},
				"down": {"uv": [16, 0.25, 14.25, 2.725], "texture": "#3"}
			}
		},
		{
			"from": [7.35, 9.6, -2.1],
			"to": [8.35, 9.6, 6.3],
			"rotation": {"angle": 0, "axis": "y", "origin": [7.85, 9.6, 2.1]},
			"faces": {
				"north": {"uv": [0, 14.025, 10.75, 15.25], "rotation": 90, "texture": "#3"},
				"east": {"uv": [0, 14.025, 10.75, 15.25], "rotation": 90, "texture": "#3"},
				"south": {"uv": [0, 14.025, 10.75, 15.25], "rotation": 90, "texture": "#3"},
				"west": {"uv": [0, 14.025, 10.75, 15.25], "rotation": 90, "texture": "#3"},
				"up": {"uv": [0, 14.025, 10.75, 15.25], "rotation": 90, "texture": "#3"},
				"down": {"uv": [10.75, 14.025, 0, 15.25], "rotation": 90, "texture": "#3"}
			}
		},
		{
			"from": [7.85, 9.1, -2.1],
			"to": [7.85, 10.1, 6.3],
			"rotation": {"angle": 0, "axis": "z", "origin": [7.85, 9.6, 2.1]},
			"faces": {
				"north": {"uv": [0, 14.025, 10.75, 15.25], "rotation": 180, "texture": "#3"},
				"east": {"uv": [10.75, 14.025, 0, 15.25], "texture": "#3"},
				"south": {"uv": [0, 14.025, 10.75, 15.25], "texture": "#3"},
				"west": {"uv": [0, 14.025, 10.75, 15.25], "texture": "#3"},
				"up": {"uv": [0, 14.025, 10.75, 15.25], "texture": "#3"},
				"down": {"uv": [0, 14.025, 10.75, 15.25], "texture": "#3"}
			}
		},
		{
			"from": [5.925, 6, 14.025],
			"to": [8.125, 8.6, 14.025],
			"rotation": {"angle": 0, "axis": "y", "origin": [6.525, 3.2, 13.925]},
			"faces": {
				"north": {"uv": [15.5, 13, 13.75, 15.475], "texture": "#3"},
				"east": {"uv": [13.75, 13, 15.5, 15.475], "texture": "#3"},
				"south": {"uv": [13.75, 13, 15.5, 15.475], "texture": "#3"},
				"west": {"uv": [13.75, 13, 15.5, 15.475], "texture": "#3"},
				"up": {"uv": [13.75, 13, 15.5, 15.475], "texture": "#3"},
				"down": {"uv": [13.75, 13, 15.5, 15.475], "texture": "#3"}
			}
		},
		{
			"from": [3.875, 2.5, 6],
			"to": [12.875, 10.5, 6.7],
			"rotation": {"angle": 0, "axis": "y", "origin": [10.975, -0.6, 6.3]},
			"faces": {
				"north": {"uv": [0, 0, 16, 16], "texture": "#1"},
				"east": {"uv": [15, 15, 16, 16], "texture": "#1"},
				"south": {"uv": [16, 0, 0, 16], "texture": "#1"},
				"west": {"uv": [14.5, 14.5, 16, 16], "texture": "#1"},
				"up": {"uv": [14.5, 14.5, 16, 16], "texture": "#1"},
				"down": {"uv": [14.5, 14.5, 16, 16], "texture": "#1"}
			}
		},
		{
			"from": [6.225, 7, 4.375],
			"to": [9.625, 10.4, 4.375],
			"rotation": {"angle": 0, "axis": "y", "origin": [7.025, 4.4, 4.475]},
			"faces": {
				"north": {"uv": [13.95, 1.025, 2.5, 11.96875], "texture": "#2"},
				"east": {"uv": [16, 14.55625, 13.55, 16], "texture": "#2"},
				"south": {"uv": [2.5, 1.025, 13.95, 11.96875], "texture": "#2"},
				"west": {"uv": [16, 13.55625, 13.55, 16], "texture": "#2"},
				"up": {"uv": [16, 14.05625, 13.55, 16], "texture": "#2"},
				"down": {"uv": [16, 14.55625, 13.55, 16], "texture": "#2"}
			}
		}
	],
	"gui_light": "front",
	"display": {
		"thirdperson_righthand": {
			"translation": [0, 1.5, -0.75],
			"scale": [1.5, 1.5, 1.5]
		},
		"thirdperson_lefthand": {
			"translation": [0.25, 1.5, -0.75],
			"scale": [1.5, 1.5, 1.5]
		},
		"firstperson_righthand": {
			"translation": [7.75, 1.25, -0.25],
			"scale": [1.7207, 1.7207, 1.7207]
		},
		"firstperson_lefthand": {
			"translation": [7, 1, -0.25],
			"scale": [1.7207, 1.7207, 1.7207]
		},
		"ground": {
			"translation": [0, 5, 0],
			"scale": [1.57422, 1.57422, 1.57422]
		},
		"gui": {
			"rotation": [-129.97, 31.84, 175.34],
			"translation": [1.75, -1.25, 0],
			"scale": [1.3, 1.3, 1.45703]
		},
		"head": {
			"scale": [0, 0, 0]
		},
		"fixed": {
			"rotation": [-112.75, 0, 0],
			"translation": [0, 0, -4.75],
			"scale": [3.49805, 3.49805, 3.49805]
		}
	}
}