{"credit":"MadebyPolygonMC","textures":{"0":"unicornfantasyset:animation_1","1":"unicornfantasyset:animation_2","2":"unicornfantasyset:axe","particle":"unicornfantasyset:animation_1"},"elements":[{"from":[7.4,-0.1,7.4],"to":[8.6,1.1,8.6],"rotation":{"angle":-45,"axis":"x","origin":[8,0.5,8]},"faces":{"north":{"uv":[10,4,11.25,5.25],"texture":"#2"},"east":{"uv":[5,10,6.25,11.25],"texture":"#2"},"south":{"uv":[10,6,11.25,7.25],"texture":"#2"},"west":{"uv":[7,10,8.25,11.25],"texture":"#2"},"up":{"uv":[11.25,9.25,10,8],"texture":"#2"},"down":{"uv":[10.25,10,9,11.25],"texture":"#2"}}},{"from":[7.5,10.65,7.15],"to":[8.5,12.35,8.85],"rotation":{"angle":-45,"axis":"x","origin":[8,11.5,8]},"faces":{"north":{"uv":[9,0,10,1.75],"texture":"#2"},"east":{"uv":[6,0,7.75,1.75],"texture":"#2"},"south":{"uv":[9,2,10,3.75],"texture":"#2"},"west":{"uv":[6,2,7.75,3.75],"texture":"#2"},"up":{"uv":[11,1.75,10,0],"texture":"#2"},"down":{"uv":[11,2,10,3.75],"texture":"#2"}}},{"from":[7.3,10.85,7.35],"to":[8.7,12.15,8.65],"rotation":{"angle":-45,"axis":"x","origin":[8,11.5,8]},"faces":{"north":{"uv":[8,4,9.5,5.25],"texture":"#2"},"east":{"uv":[0,11,1.25,12.25],"texture":"#2"},"south":{"uv":[6,8,7.5,9.25],"texture":"#2"},"west":{"uv":[11,0,12.25,1.25],"texture":"#2"},"up":{"uv":[9.5,7.25,8,6],"texture":"#2"},"down":{"uv":[9.5,8,8,9.25],"texture":"#2"}}},{"from":[7.5,0.8,7.5],"to":[8.5,1.8,8.5],"rotation":{"angle":0,"axis":"x","origin":[8,1.3,8]},"faces":{"north":{"uv":[12,8,13,9],"texture":"#2"},"east":{"uv":[9,12,10,13],"texture":"#2"},"south":{"uv":[12,9,13,10],"texture":"#2"},"west":{"uv":[10,12,11,13],"texture":"#2"},"up":{"uv":[13,11,12,10],"texture":"#2"},"down":{"uv":[12,12,11,13],"texture":"#2"}}},{"from":[7.5,3.8,7.5],"to":[8.5,4.8,8.5],"rotation":{"angle":0,"axis":"x","origin":[8,4.3,8]},"faces":{"north":{"uv":[12,11,13,12],"texture":"#2"},"east":{"uv":[12,12,13,13],"texture":"#2"},"south":{"uv":[0,13,1,14],"texture":"#2"},"west":{"uv":[13,0,14,1],"texture":"#2"},"up":{"uv":[2,14,1,13],"texture":"#2"},"down":{"uv":[14,1,13,2],"texture":"#2"}}},{"from":[7.6,1.8,7.6],"to":[8.4,3.8,8.4],"rotation":{"angle":0,"axis":"x","origin":[8,2.3,8]},"faces":{"north":{"uv":[2,11,2.75,13],"texture":"#2"},"east":{"uv":[11,2,11.75,4],"texture":"#2"},"south":{"uv":[3,11,3.75,13],"texture":"#2"},"west":{"uv":[4,11,4.75,13],"texture":"#2"},"up":{"uv":[0,0,0,0],"texture":"#2"},"down":{"uv":[0,0,0,0],"texture":"#2"}}},{"from":[7.8,9.45472,5.71937],"to":[8.2,11.45472,6.51937],"rotation":{"angle":-45,"axis":"x","origin":[8,11.9,3.73977]},"faces":{"north":{"uv":[2,13,2.5,15],"texture":"#2"},"east":{"uv":[11,10,11.75,12],"texture":"#2"},"south":{"uv":[13,2,13.5,4],"texture":"#2"},"west":{"uv":[12,2,12.75,4],"texture":"#2"},"up":{"uv":[1.5,14.75,1,14],"texture":"#2"},"down":{"uv":[14.5,2,14,2.75],"texture":"#2"}}},{"from":[7.8,10.77543,4.19008],"to":[8.2,11.52543,5.69008],"rotation":{"angle":-45,"axis":"x","origin":[8,11.97071,3.81048]},"faces":{"north":{"uv":[3,14,3.5,14.75],"texture":"#2"},"east":{"uv":[12,4,13.5,4.75],"texture":"#2"},"south":{"uv":[14,3,14.5,3.75],"texture":"#2"},"west":{"uv":[5,12,6.5,12.75],"texture":"#2"},"up":{"uv":[13.5,11.5,13,10],"texture":"#2"},"down":{"uv":[11.5,13,11,14.5],"texture":"#2"}}},{"from":[7.8,13.01599,2.78089],"to":[8.2,13.81599,4.28089],"rotation":{"angle":-45,"axis":"x","origin":[8,11.97071,5.81048]},"faces":{"north":{"uv":[4,14,4.5,14.75],"texture":"#2"},"east":{"uv":[7,12,8.5,12.75],"texture":"#2"},"south":{"uv":[14,4,14.5,4.75],"texture":"#2"},"west":{"uv":[12,7,13.5,7.75],"texture":"#2"},"up":{"uv":[0.5,15.5,0,14],"texture":"#2"},"down":{"uv":[14.5,0,14,1.5],"texture":"#2"}}},{"from":[7.8025,11.39393,3.42409],"to":[8.1975,12.19393,4.92409],"rotation":{"angle":0,"axis":"x","origin":[8,11.97071,3.81048]},"faces":{"north":{"uv":[0,0,0,0],"texture":"#2"},"east":{"uv":[12,5,13.5,5.75],"texture":"#2"},"south":{"uv":[0,0,0,0],"texture":"#2"},"west":{"uv":[12,6,13.5,6.75],"texture":"#2"},"up":{"uv":[12.5,14.5,12,13],"texture":"#2"},"down":{"uv":[13.5,12,13,13.5],"texture":"#2"}}},{"from":[7.6,4.8,7.6],"to":[8.4,5.8,8.4],"rotation":{"angle":0,"axis":"x","origin":[8,5.3,8]},"faces":{"north":{"uv":[13,8,13.75,9],"texture":"#2"},"east":{"uv":[9,13,9.75,14],"texture":"#2"},"south":{"uv":[13,9,13.75,10],"texture":"#2"},"west":{"uv":[10,13,10.75,14],"texture":"#2"},"up":{"uv":[0,0,0,0],"texture":"#2"},"down":{"uv":[0,0,0,0],"texture":"#2"}}},{"from":[7.6,6.8,7.6],"to":[8.4,10.8,8.4],"rotation":{"angle":0,"axis":"x","origin":[8,5.3,8]},"faces":{"north":{"uv":[8.75,0,8,4],"texture":"#2"},"east":{"uv":[8,0,8.75,4],"texture":"#2"},"south":{"uv":[8.75,0,8,4],"texture":"#2"},"west":{"uv":[8,0,8.75,4],"texture":"#2"},"up":{"uv":[0,0,0,0],"texture":"#2"},"down":{"uv":[0,0,0,0],"texture":"#2"}}},{"from":[8,11.35,8.15],"to":[8,15.6,13.15],"rotation":{"angle":0,"axis":"x","origin":[8.3,11.85,16.35]},"faces":{"north":{"uv":[0,0,0,4.25],"texture":"#2"},"east":{"uv":[5,6,0,10.25],"texture":"#2"},"south":{"uv":[0,0,0,4.25],"texture":"#2"},"west":{"uv":[0,6,5,10.25],"texture":"#2"},"up":{"uv":[0,5,0,0],"texture":"#2"},"down":{"uv":[0,0,0,5],"texture":"#2"}}},{"from":[7.5,5.8,7.5],"to":[8.5,6.8,8.5],"rotation":{"angle":0,"axis":"y","origin":[7.1,3.6,7.1]},"faces":{"north":{"uv":[3,13,4,14],"texture":"#2"},"east":{"uv":[4,13,5,14],"texture":"#2"},"south":{"uv":[5,13,6,14],"texture":"#2"},"west":{"uv":[6,13,7,14],"texture":"#2"},"up":{"uv":[8,14,7,13],"texture":"#2"},"down":{"uv":[9,13,8,14],"texture":"#2"}}},{"from":[8,7.1,2],"to":[8,12.6,8],"rotation":{"angle":0,"axis":"y","origin":[7,1.6,0]},"faces":{"north":{"uv":[0,0,0,5.5],"texture":"#2"},"east":{"uv":[6,0,0,5.5],"texture":"#2"},"south":{"uv":[0,0,0,5.5],"texture":"#2"},"west":{"uv":[0,0,6,5.5],"texture":"#2"},"up":{"uv":[0,6,0,0],"texture":"#2"},"down":{"uv":[0,0,0,6],"texture":"#2"}}},{"from":[7.4,7.9,0.2],"to":[7.4,13.9,10.2],"rotation":{"angle":0,"axis":"x","origin":[7.4,10.9,5.2]},"faces":{"north":{"uv":[0,0,0,8],"rotation":180,"texture":"#0"},"south":{"uv":[0,0,0,8],"rotation":180,"texture":"#0"},"west":{"uv":[0,0,13.33333,8],"rotation":180,"texture":"#0"},"up":{"uv":[0,0,0,13.33333],"texture":"#0"},"down":{"uv":[0,13.33333,0,0],"texture":"#0"}}},{"from":[8.6,7.9,0.2],"to":[8.6,13.9,10.2],"rotation":{"angle":0,"axis":"x","origin":[8.6,10.9,5.2]},"faces":{"north":{"uv":[0,0,0,8],"rotation":180,"texture":"#0"},"east":{"uv":[13.33333,0,0,8],"rotation":180,"texture":"#0"},"south":{"uv":[0,0,0,8],"rotation":180,"texture":"#0"},"up":{"uv":[0,0,0,13.33333],"texture":"#0"},"down":{"uv":[0,13.33333,0,0],"texture":"#0"}}},{"from":[8,8.2,10.2],"to":[8,11.4,13.4],"rotation":{"angle":22.5,"axis":"x","origin":[8,9.8,11.8]},"faces":{"north":{"uv":[0,0,0,4.33333],"texture":"#1"},"east":{"uv":[16,0,9.5,6.5],"texture":"#1"},"south":{"uv":[0,0,0,4.33333],"texture":"#1"},"west":{"uv":[9.5,0,16,6.50833],"texture":"#1"},"up":{"uv":[0,4.33333,0,0],"texture":"#1"},"down":{"uv":[0,0,0,4.33333],"texture":"#1"}}},{"from":[8,14.7,7.4],"to":[8,16.9,9.6],"rotation":{"angle":-22.5,"axis":"x","origin":[8,15.8,8.5]},"faces":{"north":{"uv":[0,0,0,3],"texture":"#1"},"east":{"uv":[4.5,9,0,13.5],"texture":"#1"},"south":{"uv":[0,0,0,3],"texture":"#1"},"west":{"uv":[0,9,4.5,13.5],"texture":"#1"},"up":{"uv":[0,3,0,0],"texture":"#1"},"down":{"uv":[0,0,0,3],"texture":"#1"}}}],"gui_light":"front","display":{"thirdperson_righthand":{"translation":[0,2.25,2]},"thirdperson_lefthand":{"translation":[0,2.25,2]},"firstperson_righthand":{"rotation":[-10,0,0],"translation":[-4,5.75,5]},"firstperson_lefthand":{"rotation":[-10,0,0],"translation":[-4,5.75,5]},"ground":{"rotation":[180,0,90],"translation":[-0.5,0.75,0]},"gui":{"rotation":[90,-135,90],"translation":[-0.25,-0.75,0]},"head":{"scale":[0,0,0]},"fixed":{"rotation":[0,-90,0],"translation":[0,3.25,-2],"scale":[2.43945,2.43945,2.43945]}}}