{"credit":"MadebyPolygonMC","texture_size":[24,24],"textures":{"1":"unicornfantasyset:animation_2","particle":"unicornfantasyset:backpack"},"elements":[{"from":[5.5,7.875,4.5],"to":[6.5,11.875,4.5],"rotation":{"angle":0,"axis":"y","origin":[6.5,5.875,4.5]},"faces":{"north":{"uv":[0.66667,10,0,12.66667],"texture":"#particle"},"east":{"uv":[0,0,0,2.66667],"texture":"#particle"},"south":{"uv":[0,10,0.66666,12.66667],"texture":"#particle"},"west":{"uv":[0,0,0,2.66667],"texture":"#particle"},"up":{"uv":[0,0,0.66667,0],"texture":"#particle"},"down":{"uv":[0,0,0.66667,0],"texture":"#particle"}}},{"from":[5.5,11.874,4.501],"to":[6.5,11.874,7.501],"rotation":{"angle":0,"axis":"x","origin":[6.5,11.874,5.501]},"faces":{"north":{"uv":[0.66667,0,0,0],"texture":"#particle"},"east":{"uv":[2,0,0,0],"texture":"#particle"},"south":{"uv":[0.66667,0,0,0],"texture":"#particle"},"west":{"uv":[2,0,0,0],"texture":"#particle"},"up":{"uv":[7.33333,12.66667,8,10.66667],"texture":"#particle"},"down":{"uv":[7.33333,10.66667,8,12.66667],"texture":"#particle"}}},{"from":[5.5,7.874,4.501],"to":[6.5,7.874,7.501],"rotation":{"angle":0,"axis":"x","origin":[6.5,11.874,5.501]},"faces":{"north":{"uv":[0.66667,0,0,0],"texture":"#particle"},"east":{"uv":[2,0,0,0],"texture":"#particle"},"south":{"uv":[0.66667,0,0,0],"texture":"#particle"},"west":{"uv":[2,0,0,0],"texture":"#particle"},"up":{"uv":[7.33333,12.66667,8,10.66667],"texture":"#particle"},"down":{"uv":[7.33333,10.66667,8,12.66667],"texture":"#particle"}}},{"from":[9.5,7.875,4.5],"to":[10.5,11.875,4.5],"rotation":{"angle":0,"axis":"y","origin":[9.5,5.875,4.5]},"faces":{"north":{"uv":[0,10,0.66667,12.66667],"texture":"#particle"},"east":{"uv":[0,0,0,2.66667],"texture":"#particle"},"south":{"uv":[0.66666,10,0,12.66667],"texture":"#particle"},"west":{"uv":[0,0,0,2.66667],"texture":"#particle"},"up":{"uv":[0.66667,0,0,0],"texture":"#particle"},"down":{"uv":[0.66667,0,0,0],"texture":"#particle"}}},{"from":[9.5,11.874,4.501],"to":[10.5,11.874,7.501],"rotation":{"angle":0,"axis":"x","origin":[9.5,11.874,5.501]},"faces":{"north":{"uv":[0,0,0.66667,0],"texture":"#particle"},"east":{"uv":[0,0,2,0],"texture":"#particle"},"south":{"uv":[0,0,0.66667,0],"texture":"#particle"},"west":{"uv":[0,0,2,0],"texture":"#particle"},"up":{"uv":[8,12.66667,7.33333,10.66667],"texture":"#particle"},"down":{"uv":[8,10.66667,7.33333,12.66667],"texture":"#particle"}}},{"from":[9.5,7.874,4.501],"to":[10.5,7.874,7.501],"rotation":{"angle":0,"axis":"x","origin":[9.5,11.874,5.501]},"faces":{"north":{"uv":[0,0,0.66667,0],"texture":"#particle"},"east":{"uv":[0,0,2,0],"texture":"#particle"},"south":{"uv":[0,0,0.66667,0],"texture":"#particle"},"west":{"uv":[0,0,2,0],"texture":"#particle"},"up":{"uv":[8,12.66667,7.33333,10.66667],"texture":"#particle"},"down":{"uv":[8,10.66667,7.33333,12.66667],"texture":"#particle"}}},{"from":[5,7.875,7.501],"to":[11,11.875,10.501],"rotation":{"angle":0,"axis":"y","origin":[10,2.875,7.501]},"faces":{"north":{"uv":[0,0,4,2.66667],"texture":"#particle"},"east":{"uv":[7.33333,8,9.33333,10.66667],"texture":"#particle"},"south":{"uv":[0,2.66667,4,5.33333],"texture":"#particle"},"west":{"uv":[9.33333,7.33333,11.33333,10],"texture":"#particle"},"up":{"uv":[0,0,0,0],"texture":"#particle"},"down":{"uv":[0,0,0,0],"texture":"#particle"}}},{"from":[4.9,11.875,7.501],"to":[11.1,12.375,10.501],"rotation":{"angle":0,"axis":"y","origin":[8,12.375,9.001]},"faces":{"north":{"uv":[9.33333,10,13.5,10.33333],"texture":"#particle"},"east":{"uv":[2.66667,10,4.66667,10.33333],"texture":"#particle"},"south":{"uv":[10.66667,2,14.83333,2.33333],"texture":"#particle"},"west":{"uv":[4,11.33333,6,11.66667],"texture":"#particle"},"up":{"uv":[4.16667,10,0,8],"texture":"#particle"},"down":{"uv":[12.16667,0,8,2],"texture":"#particle"}}},{"from":[4.9,10.375,10.501],"to":[11.1,12.375,11.001],"rotation":{"angle":0,"axis":"x","origin":[8,10.875,11.001]},"faces":{"north":{"uv":[8,4.66667,12.16667,6],"texture":"#particle"},"east":{"uv":[6,11.33333,6.33333,12.66667],"texture":"#particle"},"south":{"uv":[8,6,12.16667,7.33333],"texture":"#particle"},"west":{"uv":[6.66667,11.33333,7,12.66667],"texture":"#particle"},"up":{"uv":[6.83333,11,2.66667,10.66667],"texture":"#particle"},"down":{"uv":[14.83333,2.66667,10.66667,3],"texture":"#particle"}}},{"from":[5,3.875,7.501],"to":[11,7.875,11.501],"rotation":{"angle":0,"axis":"y","origin":[10,-1.125,7.501]},"faces":{"north":{"uv":[4,0,8,2.66667],"texture":"#particle"},"east":{"uv":[8,2,10.66667,4.66667],"texture":"#particle"},"south":{"uv":[4,2.66667,8,5.33333],"texture":"#particle"},"west":{"uv":[4.66667,8,7.33333,10.66667],"texture":"#particle"},"up":{"uv":[4,8,0,5.33333],"texture":"#particle"},"down":{"uv":[8,5.33333,4,8],"texture":"#particle"}}},{"from":[11,4.875,8.501],"to":[12,6.875,10.501],"rotation":{"angle":0,"axis":"y","origin":[16,-1.125,7.501]},"faces":{"north":{"uv":[10.66667,3.33333,11.33333,4.66667],"texture":"#particle"},"east":{"uv":[1.33333,10,2.66667,11.33333],"texture":"#particle"},"south":{"uv":[1.33333,11.33333,2,12.66667],"texture":"#particle"},"west":{"uv":[0,0,0,0],"texture":"#particle"},"up":{"uv":[2.66667,12.66667,2,11.33333],"texture":"#particle"},"down":{"uv":[3.33333,11.33333,2.66667,12.66667],"texture":"#particle"}}},{"from":[4,4.875,8.501],"to":[5,6.875,10.501],"rotation":{"angle":0,"axis":"y","origin":[0,-1.125,7.501]},"faces":{"north":{"uv":[11.33333,3.33333,10.66667,4.66667],"texture":"#particle"},"east":{"uv":[0,0,0,0],"texture":"#particle"},"south":{"uv":[2,11.33333,1.33333,12.66667],"texture":"#particle"},"west":{"uv":[2.66667,10,1.33333,11.33333],"texture":"#particle"},"up":{"uv":[2,12.66667,2.66667,11.33333],"texture":"#particle"},"down":{"uv":[2.66667,11.33333,3.33333,12.66667],"texture":"#particle"}}},{"from":[8.5,9.5,10.5],"to":[9.5,10.5,11.1],"rotation":{"angle":45,"axis":"z","origin":[8,9,10.5]},"faces":{"north":{"uv":[0,0,0,0],"texture":"#particle"},"east":{"uv":[8.66667,7.33333,9,8],"texture":"#particle"},"south":{"uv":[8,7.33333,8.66667,8],"texture":"#particle"},"west":{"uv":[11.33333,7.33333,11.66667,8],"texture":"#particle"},"up":{"uv":[12,8.33333,11.33333,8],"texture":"#particle"},"down":{"uv":[12,8.66667,11.33333,9],"texture":"#particle"}}},{"from":[9.35,7.875,11],"to":[10.35,10.375,11],"rotation":{"angle":0,"axis":"y","origin":[10.35,6.375,11]},"faces":{"north":{"uv":[10,10.66667,10.66667,12.33333],"texture":"#particle"},"east":{"uv":[0,0,0,1.66667],"texture":"#particle"},"south":{"uv":[10.66667,10.66667,11.33333,12.33333],"texture":"#particle"},"west":{"uv":[0,0,0,1.66667],"texture":"#particle"},"up":{"uv":[0.66667,0,0,0],"texture":"#particle"},"down":{"uv":[0.66667,0,0,0],"texture":"#particle"}}},{"from":[9.25,1.775,11.5],"to":[10.25,3.875,11.5],"rotation":{"angle":0,"axis":"y","origin":[10.25,-0.125,11.5]},"faces":{"north":{"uv":[3.33333,11.33333,4,12.66667],"texture":"#particle"},"east":{"uv":[0,0,0,1.33333],"texture":"#particle"},"south":{"uv":[11.33333,3.33333,12,4.66667],"texture":"#particle"},"west":{"uv":[0,0,0,1.33333],"texture":"#particle"},"up":{"uv":[0.66667,0,0,0],"texture":"#particle"},"down":{"uv":[0.66667,0,0,0],"texture":"#particle"}}},{"from":[5.65,7.875,11],"to":[6.65,10.375,11],"rotation":{"angle":0,"axis":"y","origin":[5.65,6.375,11]},"faces":{"north":{"uv":[10.66667,10.66667,10,12.33333],"texture":"#particle"},"east":{"uv":[0,0,0,1.66667],"texture":"#particle"},"south":{"uv":[11.33333,10.66667,10.66667,12.33333],"texture":"#particle"},"west":{"uv":[0,0,0,1.66667],"texture":"#particle"},"up":{"uv":[0,0,0.66667,0],"texture":"#particle"},"down":{"uv":[0,0,0.66667,0],"texture":"#particle"}}},{"from":[5.75,1.775,11.5],"to":[6.75,3.875,11.5],"rotation":{"angle":0,"axis":"y","origin":[5.75,-0.125,11.5]},"faces":{"north":{"uv":[4,11.33333,3.33333,12.66667],"texture":"#particle"},"east":{"uv":[0,0,0,1.33333],"texture":"#particle"},"south":{"uv":[12,3.33333,11.33333,4.66667],"texture":"#particle"},"west":{"uv":[0,0,0,1.33333],"texture":"#particle"},"up":{"uv":[0,0,0.66667,0],"texture":"#particle"},"down":{"uv":[0,0,0.66667,0],"texture":"#particle"}}},{"from":[4.5,11.3,11.1],"to":[11.5,15.3,11.1],"rotation":{"angle":0,"axis":"y","origin":[5.5,11.3,11.1]},"faces":{"north":{"uv":[16,13.33333,11.66667,16],"texture":"#particle"},"east":{"uv":[0,0,0,2.66667],"texture":"#particle"},"south":{"uv":[11.66667,13.33333,16,16],"texture":"#particle"},"west":{"uv":[0,0,0,2.66667],"texture":"#particle"},"up":{"uv":[0,0,4,0],"texture":"#particle"},"down":{"uv":[0,0,4,0],"texture":"#particle"}}},{"from":[1.7,7.6,11.2],"to":[5.9,11.8,11.2],"rotation":{"angle":22.5,"axis":"z","origin":[3,11.1,9.7]},"faces":{"east":{"uv":[0,0,0,5.66667],"texture":"#1"},"south":{"uv":[0,0,8.50417,8.50417],"texture":"#1"},"west":{"uv":[0,0,0,5.66667],"texture":"#1"},"up":{"uv":[0,5.66667,0,0],"rotation":270,"texture":"#1"},"down":{"uv":[0,0,0,5.66667],"rotation":90,"texture":"#1"}}},{"from":[10.4,13.9,11.3],"to":[13.6,17.1,11.3],"rotation":{"angle":-22.5,"axis":"z","origin":[8.5,16.6,11.3]},"faces":{"east":{"uv":[0,0,0,4.33333],"texture":"#1"},"south":{"uv":[9.5,0,16,6.50833],"texture":"#1"},"west":{"uv":[0,0,0,4.33333],"texture":"#1"},"up":{"uv":[0,4.33333,0,0],"rotation":270,"texture":"#1"},"down":{"uv":[0,0,0,4.33333],"rotation":90,"texture":"#1"}}},{"from":[10.4,7.9,11.2],"to":[12.6,10.1,11.2],"rotation":{"angle":-22.5,"axis":"z","origin":[11.5,9,11.1]},"faces":{"east":{"uv":[0,0,0,3],"texture":"#1"},"south":{"uv":[0,9,4.5,13.5],"texture":"#1"},"west":{"uv":[0,0,0,3],"texture":"#1"},"up":{"uv":[0,3,0,0],"rotation":270,"texture":"#1"},"down":{"uv":[0,0,0,3],"rotation":90,"texture":"#1"}}}],"gui_light":"front","display":{"thirdperson_righthand":{"rotation":[33,180,0],"translation":[0,-2,-1.75],"scale":[0.7,0.7,0.7]},"thirdperson_lefthand":{"rotation":[68,0,0],"translation":[-6,-6,7.75],"scale":[1.5,1.5,1.5]},"firstperson_righthand":{"translation":[-9,3.75,2.5]},"firstperson_lefthand":{"scale":[0,0,0]},"ground":{"translation":[0,3.25,0]},"gui":{"rotation":[25,-45,0],"translation":[0.25,1,0],"scale":[1.5,1.5,1.5]},"head":{"translation":[0,-15,4.5],"scale":[2.3,2.3,2.3]},"fixed":{"rotation":[-90,180,0],"translation":[0,1,-9.25],"scale":[3,3,3]}}}