{"textures​":{"layer0":"minecraft:item/golden_shovel"},"credit":"Made with Blockbench","texture_size":[64,64],"\u0074\u0065\u0078\u0074\u0075\u0072\u0065\u0073":{"0":"\u0070\u0061\u0072\u0074\u0079\u0068\u0061\u0074\u0070\u0061\u0063\u006b:\u0068\u0061\u0074/\u0063\u006f\u006c\u006f\u0072\u0066\u0075\u006c_\u0068\u0061\u0074","\u0070\u0061\u0072\u0074\u0069\u0063\u006c\u0065":"\u0070\u0061\u0072\u0074\u0079\u0068\u0061\u0074\u0070\u0061\u0063\u006b:\u0068\u0061\u0074/\u0063\u006f\u006c\u006f\u0072\u0066\u0075\u006c_\u0068\u0061\u0074"},"elements":[{"from":[0,1,0],"to":[16,2,16],"rotation":{"angle":0,"axis":"y","origin":[8,1,8]},"faces":{"north":{"uv":[6.5,7.75,10.5,8],"texture":"#0"},"east":{"uv":[0,8,4,8.25],"texture":"#0"},"south":{"uv":[6.5,8,10.5,8.25],"texture":"#0"},"west":{"uv":[0,8.25,4,8.5],"texture":"#0"},"up":{"uv":[4,4,0,0],"texture":"#0"},"down":{"uv":[4,4,0,8],"texture":"#0"}}},{"from":[3,2,3],"to":[13,13,13],"rotation":{"angle":0,"axis":"y","origin":[8,3,8]},"faces":{"north":{"uv":[4,0,6.5,2.75],"texture":"#0"},"east":{"uv":[4,2.75,6.5,5.5],"texture":"#0"},"south":{"uv":[4,5.5,6.5,8.25],"texture":"#0"},"west":{"uv":[6.5,0,9,2.75],"texture":"#0"},"up":{"uv":[9,5.25,6.5,2.75],"texture":"#0"},"down":{"uv":[9,5.25,6.5,7.75],"texture":"#0"}}}],"gui_light":"front","display":{"thirdperson_righthand":{"translation":[0,4,0],"scale":[0.6,0.6,0.6]},"thirdperson_lefthand":{"translation":[0,4,0],"scale":[0.6,0.6,0.6]},"firstperson_righthand":{"translation":[0,5.75,-1.5],"scale":[0.6,0.6,0.6]},"firstperson_lefthand":{"translation":[0,5.75,-1.5],"scale":[0.6,0.6,0.6]},"ground":{"translation":[0,1,0],"scale":[0.6,0.6,0.6]},"gui":{"rotation":[16.25,24.83,-1.32],"translation":[0.25,1,0],"scale":[0.8,0.8,0.8]},"head":{"rotation":[14.75,0,0],"translation":[0,13.25,2],"scale":[1.5,1.5,1.5]}}}