{"credit":"Made with Blockbench","texture_size":[32,32],"textures":{"0":"halloween_pack_fur:items/toile_2","particle":"halloween_pack_fur:items/toile_2"},"elements":[{"from":[0,0,-6],"to":[0,16,16],"rotation":{"angle":-45,"axis":"y","origin":[0,0,16]},"faces":{"north":{"uv":[0,0,0,8],"texture":"#0"},"east":{"uv":[0,0,11,8],"texture":"#0"},"south":{"uv":[0,0,0,8],"texture":"#0"},"west":{"uv":[11,0,0,8],"texture":"#0"},"up":{"uv":[0,11,0,0],"texture":"#0"},"down":{"uv":[0,0,0,11],"texture":"#0"}}}],"display":{"head":{"translation":[0,-40.25,0]}}}