{"credit":"MadebyPolygonMC","texture_size":[24,24],"textures":{"2":"evergreen_collection:sword","3":"evergreen_collection:animations/animations_1"},"elements":[{"from":[7.3,2,7.3],"to":[8.7,2.5,8.7],"rotation":{"angle":0,"axis":"y","origin":[7.5,0,7.5]},"faces":{"north":{"uv":[4,12,5,12.33333],"texture":"#2"},"east":{"uv":[12,4,13,4.33333],"texture":"#2"},"south":{"uv":[12,4.66667,13,5],"texture":"#2"},"west":{"uv":[5.33333,12,6.33333,12.33333],"texture":"#2"},"up":{"uv":[9.66667,7.66667,8.66667,6.66667],"texture":"#2"},"down":{"uv":[9.66667,8,8.66667,9],"texture":"#2"}}},{"from":[7.3,6.25,7.3],"to":[8.7,6.75,8.7],"rotation":{"angle":0,"axis":"y","origin":[7.5,4.25,7.5]},"faces":{"north":{"uv":[12,5.33333,13,5.66667],"texture":"#2"},"east":{"uv":[12,6,13,6.33333],"texture":"#2"},"south":{"uv":[6.66667,12,7.66667,12.33333],"texture":"#2"},"west":{"uv":[12,6.66667,13,7],"texture":"#2"},"up":{"uv":[10.33333,3.66667,9.33333,2.66667],"texture":"#2"},"down":{"uv":[10.33333,4,9.33333,5],"texture":"#2"}}},{"from":[7.4,6.75,7.4],"to":[8.6,7.25,8.6],"rotation":{"angle":0,"axis":"y","origin":[7.5,4.75,7.5]},"faces":{"north":{"uv":[12.66667,2,13.5,2.33333],"texture":"#2"},"east":{"uv":[12.66667,2.66667,13.5,3],"texture":"#2"},"south":{"uv":[12.66667,3.33333,13.5,3.66667],"texture":"#2"},"west":{"uv":[4,12.66667,4.83333,13],"texture":"#2"}}},{"from":[7.5,1,7.5],"to":[8.5,2,8.5],"rotation":{"angle":0,"axis":"y","origin":[7.5,0,7.5]},"faces":{"north":{"uv":[9.33333,10.66667,10,11.33333],"texture":"#2"},"east":{"uv":[10,10.66667,10.66667,11.33333],"texture":"#2"},"south":{"uv":[10.66667,10.66667,11.33333,11.33333],"texture":"#2"},"west":{"uv":[11.33333,0,12,0.66667],"texture":"#2"},"up":{"uv":[12,1.33333,11.33333,0.66667],"texture":"#2"},"down":{"uv":[4,11.33333,3.33333,12],"texture":"#2"}}},{"from":[7.5,2.5,7.5],"to":[8.5,3.5,8.5],"rotation":{"angle":0,"axis":"y","origin":[7.5,0,7.5]},"faces":{"north":{"uv":[4,11.33333,4.66667,12],"texture":"#2"},"east":{"uv":[11.33333,5.33333,12,6],"texture":"#2"},"south":{"uv":[11.33333,6,12,6.66667],"texture":"#2"},"west":{"uv":[11.33333,6.66667,12,7.33333],"texture":"#2"},"up":{"uv":[12,8,11.33333,7.33333],"texture":"#2"},"down":{"uv":[12,8,11.33333,8.66667],"texture":"#2"}}},{"from":[7.5,5.25,7.5],"to":[8.5,6.25,8.5],"rotation":{"angle":0,"axis":"y","origin":[7.5,2.75,7.5]},"faces":{"north":{"uv":[11.33333,8.66667,12,9.33333],"texture":"#2"},"east":{"uv":[9.33333,11.33333,10,12],"texture":"#2"},"south":{"uv":[11.33333,9.33333,12,10],"texture":"#2"},"west":{"uv":[10,11.33333,10.66667,12],"texture":"#2"},"up":{"uv":[12,10.66667,11.33333,10],"texture":"#2"},"down":{"uv":[11.33333,11.33333,10.66667,12],"texture":"#2"}}},{"from":[7.6,3.5,7.6],"to":[8.4,5.25,8.4],"rotation":{"angle":0,"axis":"y","origin":[7.5,1,7.5]},"faces":{"north":{"uv":[10.66667,5.33333,11.16667,6.5],"texture":"#2"},"east":{"uv":[7.33333,10.66667,7.83333,11.83333],"texture":"#2"},"south":{"uv":[8,10.66667,8.5,11.83333],"texture":"#2"},"west":{"uv":[8.66667,10.66667,9.16667,11.83333],"texture":"#2"}}},{"from":[7.39,0.265,7.39],"to":[8.61,1.485,8.61],"rotation":{"angle":-45,"axis":"x","origin":[8,0.875,8]},"faces":{"north":{"uv":[10,6.66667,10.83333,7.5],"texture":"#2"},"east":{"uv":[10,8,10.83333,8.83333],"texture":"#2"},"south":{"uv":[10,9.33333,10.83333,10.16667],"texture":"#2"},"west":{"uv":[10.66667,1.33333,11.5,2.16667],"texture":"#2"},"up":{"uv":[11.5,3.5,10.66667,2.66667],"texture":"#2"},"down":{"uv":[11.5,4,10.66667,4.83333],"texture":"#2"}}},{"from":[7.2,7.25,7],"to":[8.8,8.75,9],"rotation":{"angle":0,"axis":"y","origin":[7,7.25,7]},"faces":{"north":{"uv":[9.33333,5.33333,10.33333,6.33333],"texture":"#2"},"east":{"uv":[7.33333,0,8.66667,1],"texture":"#2"},"south":{"uv":[7.33333,9.33333,8.33333,10.33333],"texture":"#2"},"west":{"uv":[7.33333,1.33333,8.66667,2.33333],"texture":"#2"},"up":{"uv":[8.33333,4,7.33333,2.66667],"texture":"#2"},"down":{"uv":[8.33333,4,7.33333,5.33333],"texture":"#2"}}},{"from":[7.205,6.76256,5.82322],"to":[8.795,8.26256,7.82322],"rotation":{"angle":-45,"axis":"x","origin":[8.005,7.51256,6.82322]},"faces":{"north":{"uv":[8.66667,9.33333,9.66667,10.33333],"texture":"#2"},"east":{"uv":[7.33333,5.33333,8.66667,6.33333],"texture":"#2"},"west":{"uv":[7.33333,6.66667,8.66667,7.66667],"texture":"#2"},"up":{"uv":[8.33333,9.33333,7.33333,8],"texture":"#2"},"down":{"uv":[9.66667,0,8.66667,1.33333],"texture":"#2"}}},{"from":[7.205,6.76256,8.17678],"to":[8.795,8.26256,10.17678],"rotation":{"angle":45,"axis":"x","origin":[8.005,7.51256,9.17678]},"faces":{"east":{"uv":[8.66667,5.33333,7.33333,6.33333],"texture":"#2"},"south":{"uv":[9.66667,9.33333,8.66667,10.33333],"texture":"#2"},"west":{"uv":[8.66667,6.66667,7.33333,7.66667],"texture":"#2"},"up":{"uv":[8.33333,8,7.33333,9.33333],"texture":"#2"},"down":{"uv":[9.66667,1.33333,8.66667,0],"texture":"#2"}}},{"from":[7.5,7.8,4.55],"to":[8.5,8.8,7.05],"rotation":{"angle":0,"axis":"y","origin":[7.25,7.8,5.05]},"faces":{"north":{"uv":[11.33333,10.66667,12,11.33333],"texture":"#2"},"east":{"uv":[8.66667,1.33333,10.33333,2],"texture":"#2"},"south":{"uv":[11.33333,11.33333,12,12],"texture":"#2"},"west":{"uv":[8.66667,2,10.33333,2.66667],"texture":"#2"},"up":{"uv":[9.33333,4.33333,8.66667,2.66667],"texture":"#2"},"down":{"uv":[9.33333,4.66667,8.66667,6.33333],"texture":"#2"}}},{"from":[7.5,8.8,6.3],"to":[8.5,9.8,7.05],"rotation":{"angle":0,"axis":"x","origin":[8,9.55,6.55]},"faces":{"north":{"uv":[12,0,12.66667,0.66667],"texture":"#2"},"east":{"uv":[12,7.33333,12.5,8],"texture":"#2"},"south":{"uv":[12,0.66667,12.66667,1.33333],"texture":"#2"},"west":{"uv":[8,12,8.5,12.66667],"texture":"#2"},"up":{"uv":[12.66667,8.5,12,8],"texture":"#2"},"down":{"uv":[9.33333,12,8.66667,12.5],"texture":"#2"}}},{"from":[7.505,9.35604,6.33858],"to":[8.495,10.10604,7.33858],"rotation":{"angle":-22.5,"axis":"x","origin":[8.005,9.85604,7.08858]},"faces":{"north":{"uv":[12,8.66667,12.66667,9.16667],"texture":"#2"},"east":{"uv":[9.33333,12,10,12.5],"texture":"#2"},"south":{"uv":[12,9.33333,12.66667,9.83333],"texture":"#2"},"west":{"uv":[10,12,10.66667,12.5],"texture":"#2"},"up":{"uv":[12.66667,2,12,1.33333],"texture":"#2"},"down":{"uv":[12.66667,2,12,2.66667],"texture":"#2"}}},{"from":[7.505,9.35604,8.66142],"to":[8.495,10.10604,9.66142],"rotation":{"angle":22.5,"axis":"x","origin":[8.005,9.85604,8.91142]},"faces":{"north":{"uv":[12.66667,9.33333,12,9.83333],"texture":"#2"},"east":{"uv":[10,12,9.33333,12.5],"texture":"#2"},"south":{"uv":[12.66667,8.66667,12,9.16667],"texture":"#2"},"west":{"uv":[10.66667,12,10,12.5],"texture":"#2"},"up":{"uv":[12.66667,1.33333,12,2],"texture":"#2"},"down":{"uv":[12.66667,2.66667,12,2],"texture":"#2"}}},{"from":[7.5,8.8,8.95],"to":[8.5,9.8,9.7],"rotation":{"angle":0,"axis":"x","origin":[8,9.55,9.45]},"faces":{"north":{"uv":[12.66667,0.66667,12,1.33333],"texture":"#2"},"east":{"uv":[12.5,7.33333,12,8],"texture":"#2"},"south":{"uv":[12.66667,0,12,0.66667],"texture":"#2"},"west":{"uv":[8.5,12,8,12.66667],"texture":"#2"},"up":{"uv":[12.66667,8,12,8.5],"texture":"#2"},"down":{"uv":[9.33333,12.5,8.66667,12],"texture":"#2"}}},{"from":[7.5,7.8,8.95],"to":[8.5,8.8,11.45],"rotation":{"angle":0,"axis":"y","origin":[7.25,7.8,10.95]},"faces":{"north":{"uv":[12,11.33333,11.33333,12],"texture":"#2"},"east":{"uv":[10.33333,1.33333,8.66667,2],"texture":"#2"},"south":{"uv":[12,10.66667,11.33333,11.33333],"texture":"#2"},"west":{"uv":[10.33333,2,8.66667,2.66667],"texture":"#2"},"up":{"uv":[9.33333,2.66667,8.66667,4.33333],"texture":"#2"},"down":{"uv":[9.33333,6.33333,8.66667,4.66667],"texture":"#2"}}},{"from":[7.605,16.58104,6.33858],"to":[8.395,17.33104,7.33858],"rotation":{"angle":-22.5,"axis":"x","origin":[8.005,17.08104,7.08858]},"faces":{"north":{"uv":[7.33333,12.66667,7.83333,13.16667],"texture":"#2"},"east":{"uv":[12,11.33333,12.66667,11.83333],"texture":"#2"},"south":{"uv":[12.66667,7.33333,13.16667,7.83333],"texture":"#2"},"west":{"uv":[12,12,12.66667,12.5],"texture":"#2"},"up":{"uv":[0.5,13.33333,0,12.66667],"texture":"#2"},"down":{"uv":[13.16667,0,12.66667,0.66667],"texture":"#2"}}},{"from":[7.6,14.525,6.3],"to":[8.4,17.025,7.05],"rotation":{"angle":0,"axis":"x","origin":[8,16.775,6.55]},"faces":{"north":{"uv":[4.66667,10,5.16667,11.66667],"texture":"#2"},"east":{"uv":[5.33333,10,5.83333,11.66667],"texture":"#2"},"south":{"uv":[6,10,6.5,11.66667],"texture":"#2"},"west":{"uv":[6.66667,10,7.16667,11.66667],"texture":"#2"},"up":{"uv":[6.5,13.16667,6,12.66667],"texture":"#2"},"down":{"uv":[7.16667,12.66667,6.66667,13.16667],"texture":"#2"}}},{"from":[7.605,14.21896,6.33858],"to":[8.395,14.96896,7.33858],"rotation":{"angle":22.5,"axis":"x","origin":[8.005,14.46896,7.08858]},"faces":{"north":{"uv":[2.66667,12.66667,3.16667,13.16667],"texture":"#2"},"east":{"uv":[12,10,12.66667,10.5],"texture":"#2"},"south":{"uv":[5.33333,12.66667,5.83333,13.16667],"texture":"#2"},"west":{"uv":[10.66667,12,11.33333,12.5],"texture":"#2"},"up":{"uv":[12.5,11.33333,12,10.66667],"texture":"#2"},"down":{"uv":[11.83333,12,11.33333,12.66667],"texture":"#2"}}},{"from":[7.605,14.21896,8.66142],"to":[8.395,14.96896,9.66142],"rotation":{"angle":-22.5,"axis":"x","origin":[8.005,14.46896,8.91142]},"faces":{"north":{"uv":[5.83333,12.66667,5.33333,13.16667],"texture":"#2"},"east":{"uv":[12.66667,10,12,10.5],"texture":"#2"},"south":{"uv":[3.16667,12.66667,2.66667,13.16667],"texture":"#2"},"west":{"uv":[11.33333,12,10.66667,12.5],"texture":"#2"},"up":{"uv":[12.5,10.66667,12,11.33333],"texture":"#2"},"down":{"uv":[11.83333,12.66667,11.33333,12],"texture":"#2"}}},{"from":[7.605,16.58104,8.66142],"to":[8.395,17.33104,9.66142],"rotation":{"angle":22.5,"axis":"x","origin":[8.005,17.08104,8.91142]},"faces":{"north":{"uv":[13.16667,7.33333,12.66667,7.83333],"texture":"#2"},"east":{"uv":[12.66667,11.33333,12,11.83333],"texture":"#2"},"south":{"uv":[7.83333,12.66667,7.33333,13.16667],"texture":"#2"},"west":{"uv":[12.66667,12,12,12.5],"texture":"#2"},"up":{"uv":[0.5,12.66667,0,13.33333],"texture":"#2"},"down":{"uv":[13.16667,0.66667,12.66667,0],"texture":"#2"}}},{"from":[7.6,14.525,8.95],"to":[8.4,17.025,9.7],"rotation":{"angle":0,"axis":"x","origin":[8,16.775,9.45]},"faces":{"north":{"uv":[6.5,10,6,11.66667],"texture":"#2"},"east":{"uv":[5.83333,10,5.33333,11.66667],"texture":"#2"},"south":{"uv":[5.16667,10,4.66667,11.66667],"texture":"#2"},"west":{"uv":[7.16667,10,6.66667,11.66667],"texture":"#2"},"up":{"uv":[6.5,12.66667,6,13.16667],"texture":"#2"},"down":{"uv":[7.16667,13.16667,6.66667,12.66667],"texture":"#2"}}},{"from":[7.75,8.75,7],"to":[8.25,23.75,9],"rotation":{"angle":0,"axis":"y","origin":[7.25,8.75,7]},"faces":{"north":{"uv":[6,0,6.33333,10],"texture":"#2"},"east":{"uv":[3.33333,0,4.66667,10],"texture":"#2"},"south":{"uv":[6.66667,0,7,10],"texture":"#2"},"west":{"uv":[4.66667,0,6,10],"texture":"#2"},"up":{"uv":[12.33333,4,12,2.66667],"texture":"#2"},"down":{"uv":[3.66667,12,3.33333,13.33333],"texture":"#2"}}},{"from":[7.7475,23.16154,7],"to":[8.2525,24.57954,8.418],"rotation":{"angle":-45,"axis":"x","origin":[7.9975,24.16154,8]},"faces":{"north":{"uv":[0.66667,12.66667,1,13.66667],"texture":"#2"},"east":{"uv":[10,0,11,1],"texture":"#2"},"south":{"uv":[12.66667,0.66667,13,1.66667],"texture":"#2"},"west":{"uv":[3.33333,10,4.33333,11],"texture":"#2"},"up":{"uv":[1.66667,13.66667,1.33333,12.66667],"texture":"#2"},"down":{"uv":[2.33333,12.66667,2,13.66667],"texture":"#2"}}},{"from":[8,8.75,5.75],"to":[8,27.75,10.25],"rotation":{"angle":0,"axis":"y","origin":[8,0,5.75]},"faces":{"north":{"uv":[0,0,0,12.66667],"texture":"#2"},"east":{"uv":[0,0,3,12.66667],"texture":"#2"},"south":{"uv":[0,0,0,12.66667],"texture":"#2"},"west":{"uv":[0,0,3,12.66667],"texture":"#2"},"up":{"uv":[0,3,0,0],"texture":"#2"},"down":{"uv":[0,0,0,3],"texture":"#2"}}},{"from":[7.4,7.475,8.35],"to":[7.4,12.475,13.35],"rotation":{"angle":-22.5,"axis":"x","origin":[7.4,7.475,10.1]},"faces":{"north":{"uv":[0,0,0,3.33333],"texture":"#3"},"south":{"uv":[0,3.33333,0,0],"rotation":180,"texture":"#3"},"west":{"uv":[0,10.33333,10.33333,0],"rotation":270,"texture":"#3"},"up":{"uv":[0,3.33333,0,0],"texture":"#3"},"down":{"uv":[0,3.33333,0,0],"rotation":180,"texture":"#3"}}},{"from":[7.4,7.475,2.65],"to":[7.4,12.475,7.65],"rotation":{"angle":22.5,"axis":"x","origin":[7.4,7.475,5.9]},"faces":{"north":{"uv":[0,3.33333,0,0],"rotation":180,"texture":"#3"},"south":{"uv":[0,0,0,3.33333],"texture":"#3"},"west":{"uv":[0,0,10.33333,10.33333],"rotation":270,"texture":"#3"},"up":{"uv":[0,0,0,3.33333],"texture":"#3"},"down":{"uv":[0,0,0,3.33333],"rotation":180,"texture":"#3"}}},{"from":[8.6,7.475,8.35],"to":[8.6,12.475,13.35],"rotation":{"angle":-22.5,"axis":"x","origin":[8.6,7.475,10.1]},"faces":{"north":{"uv":[0,0,0,3.33333],"texture":"#3"},"east":{"uv":[0,0,10.33333,10.33333],"rotation":270,"texture":"#3"},"south":{"uv":[0,3.33333,0,0],"rotation":180,"texture":"#3"},"up":{"uv":[0,3.33333,0,0],"texture":"#3"},"down":{"uv":[0,3.33333,0,0],"rotation":180,"texture":"#3"}}},{"from":[8.6,7.475,2.65],"to":[8.6,12.475,7.65],"rotation":{"angle":22.5,"axis":"x","origin":[8.6,7.475,5.9]},"faces":{"north":{"uv":[0,3.33333,0,0],"rotation":180,"texture":"#3"},"east":{"uv":[0,10.33333,10.33333,0],"rotation":270,"texture":"#3"},"south":{"uv":[0,0,0,3.33333],"texture":"#3"},"up":{"uv":[0,0,0,3.33333],"texture":"#3"},"down":{"uv":[0,0,0,3.33333],"rotation":180,"texture":"#3"}}}],"gui_light":"front","display":{"thirdperson_righthand":{"translation":[0,1.75,1]},"thirdperson_lefthand":{"translation":[0,1.75,1]},"firstperson_righthand":{"rotation":[-10,0,0],"translation":[0,2.25,0.5]},"firstperson_lefthand":{"rotation":[-10,0,0],"translation":[0,2.25,0.5]},"ground":{"translation":[0,9.25,0]},"gui":{"rotation":[90,-45,90],"translation":[3.5,-3.5,0],"scale":[0.82813,0.82813,0.82813]},"head":{"scale":[0,0,0]},"fixed":{"rotation":[0,90,0],"translation":[0,-11.25,-1.5],"scale":[2,2,2]}}}