{"textures​":{"layer0":"minecraft:item/ladder"},"credit":"Made with Blockbench","texture_size":[64,64],"\u0074\u0065\u0078\u0074\u0075\u0072\u0065\u0073":{"0":"\u0063\u006f\u0073\u006d\u0065\u0074\u0069\u0063_\u0070\u0061\u0063\u006b\u00761:\u0077\u0069\u007a\u0061\u0072\u0064_\u0062\u0061\u0063\u006b\u0070\u0061\u0063\u006b","\u0070\u0061\u0072\u0074\u0069\u0063\u006c\u0065":"\u0063\u006f\u0073\u006d\u0065\u0074\u0069\u0063_\u0070\u0061\u0063\u006b\u00761:\u0077\u0069\u007a\u0061\u0072\u0064_\u0062\u0061\u0063\u006b\u0070\u0061\u0063\u006b"},"elements":[{"from":[1.5,0,2.5],"to":[14.5,10,13.5],"faces":{"north":{"uv":[3.25,0,6.5,2.5],"texture":"#0"},"east":{"uv":[3.25,5,6,7.5],"texture":"#0"},"south":{"uv":[3.25,2.5,6.5,5],"texture":"#0"},"west":{"uv":[0,5.5,2.75,8],"texture":"#0"},"up":{"uv":[3.25,2.75,0,0],"texture":"#0"},"down":{"uv":[3.25,2.75,0,5.5],"texture":"#0"}}},{"from":[2.5,8,3.5],"to":[13.5,13,12.5],"faces":{"north":{"uv":[6.5,0,9.25,1.25],"texture":"#0"},"east":{"uv":[6.5,2.5,8.75,3.75],"texture":"#0"},"south":{"uv":[6.5,1.25,9.25,2.5],"texture":"#0"},"west":{"uv":[6.5,3.75,8.75,5],"texture":"#0"},"up":{"uv":[8.75,7.25,6,5],"texture":"#0"}}},{"from":[4,10,12.5],"to":[5,11,18.65],"rotation":{"angle":0,"axis":"y","origin":[2.5,11.5,12]},"faces":{"north":{"uv":[2.75,7,3,7.25],"texture":"#0"},"east":{"uv":[6,7.25,7.5,7.5],"texture":"#0"},"south":{"uv":[3,7,3.25,7.25],"texture":"#0"},"west":{"uv":[2.75,7.5,4.25,7.75],"texture":"#0"},"up":{"uv":[3,7,2.75,5.5],"texture":"#0"},"down":{"uv":[3.25,5.5,3,7],"texture":"#0"}}},{"from":[11,10,12.5],"to":[12,11,18.65],"rotation":{"angle":0,"axis":"y","origin":[2.5,11.5,12]},"faces":{"north":{"uv":[2.75,7.25,3,7.5],"texture":"#0"},"east":{"uv":[4.25,7.5,5.75,7.75],"texture":"#0"},"south":{"uv":[3,7.25,3.25,7.5],"texture":"#0"},"west":{"uv":[5.75,7.5,7.25,7.75],"texture":"#0"},"up":{"uv":[7.5,9,7.25,7.5],"texture":"#0"},"down":{"uv":[7.75,7.25,7.5,8.75],"texture":"#0"}}},{"name":"cube_outline","from":[13.7,13.2,12.7],"to":[2.3,7.8,3.3],"faces":{"north":{"uv":[10.5,0.25,12,1],"rotation":180,"texture":"#0"},"east":{"uv":[10.25,0,11.75,0.75],"rotation":180,"texture":"#0"},"south":{"uv":[10.25,0,12,1],"rotation":180,"texture":"#0"},"west":{"uv":[10.5,0.25,12,1],"rotation":180,"texture":"#0"},"down":{"uv":[11.75,1.25,10.5,0.5],"rotation":180,"texture":"#0"}}},{"from":[3.75,13,6],"to":[9.75,22,6],"faces":{"north":{"uv":[10.25,5,11.75,7.25],"texture":"#0"},"east":{"uv":[5.75,9.5,5.75,11.75],"texture":"#0"},"south":{"uv":[10.25,5,11.75,7.25],"texture":"#0"},"west":{"uv":[5.75,9.75,5.75,12],"texture":"#0"},"up":{"uv":[3.25,10.25,4.75,10.25],"texture":"#0"},"down":{"uv":[3,11.5,4.5,11.5],"texture":"#0"}}},{"from":[6.75,13,3],"to":[6.75,22,9],"faces":{"north":{"uv":[10.25,5,11.75,7.25],"texture":"#0"},"east":{"uv":[10.25,5,11.75,7.25],"texture":"#0"},"south":{"uv":[10.25,5,11.75,7.25],"texture":"#0"},"west":{"uv":[10.25,5,11.75,7.25],"texture":"#0"},"up":{"uv":[3.25,10.25,4.75,10.25],"texture":"#0"},"down":{"uv":[3,11.5,4.5,11.5],"texture":"#0"}}},{"from":[10,13,9],"to":[13,23,9],"faces":{"north":{"uv":[10,2.5,10.75,5],"texture":"#0"},"east":{"uv":[11.75,2.5,11.75,5],"texture":"#0"},"south":{"uv":[10,2.5,10.75,5],"texture":"#0"},"west":{"uv":[11.75,2.5,11.75,5],"texture":"#0"},"up":{"uv":[13.25,3,14,3],"texture":"#0"},"down":{"uv":[13,3.5,13.75,3.5],"texture":"#0"}}},{"from":[3,13,11],"to":[6,23,11],"faces":{"north":{"uv":[10,2.5,10.75,5],"texture":"#0"},"east":{"uv":[11.75,2.5,11.75,5],"texture":"#0"},"south":{"uv":[10,2.5,10.75,5],"texture":"#0"},"west":{"uv":[11.75,2.5,11.75,5],"texture":"#0"},"up":{"uv":[13.25,3,14,3],"texture":"#0"},"down":{"uv":[13,3.5,13.75,3.5],"texture":"#0"}}},{"from":[11,13.25,2.25],"to":[14,13.25,5.25],"faces":{"north":{"uv":[0,0,0.75,0],"texture":"#0"},"east":{"uv":[0,0,0.75,0],"texture":"#0"},"south":{"uv":[13.75,5.75,14.5,5.75],"texture":"#0"},"west":{"uv":[0,0,0.75,0],"texture":"#0"},"up":{"uv":[13.75,6.5,14.5,7.25],"texture":"#0"},"down":{"uv":[13.75,6.5,14.5,7.25],"texture":"#0"}}},{"from":[11,9.25,2.25],"to":[14,13.25,2.25],"faces":{"north":{"uv":[13,2.5,13.75,3.5],"texture":"#0"},"east":{"uv":[0,0,0,1],"texture":"#0"},"south":{"uv":[13,2.5,13.75,3.5],"texture":"#0"},"west":{"uv":[0,0,0,1],"texture":"#0"},"up":{"uv":[0,0,0.75,0],"texture":"#0"},"down":{"uv":[0,0,0.75,0],"texture":"#0"}}},{"from":[11,5.25,2.25],"to":[14,9.25,2.25],"rotation":{"angle":0,"axis":"y","origin":[16,0,0]},"faces":{"north":{"uv":[13.75,2.5,13,3.5],"texture":"#0"},"east":{"uv":[0,0,0,1],"texture":"#0"},"south":{"uv":[13.75,2.5,13,3.5],"texture":"#0"},"west":{"uv":[0,0,0,1],"texture":"#0"},"up":{"uv":[0.75,0,0,0],"texture":"#0"},"down":{"uv":[0.75,0,0,0],"texture":"#0"}}}],"gui_light":"front","display":{"firstperson_righthand":{"scale":[0,0,0]},"gui":{"rotation":[-157.57,-61.82,-175.16],"translation":[1,0.75,0],"scale":[0.76953,0.82227,0.79492]},"head":{"rotation":[-163.75,-0.25,180],"translation":[0,-52.5,15],"scale":[1.57031,1.57031,1.77148]}}}