{"textures​":{"layer0":"minecraft:item/light_gray_glazed_terracotta"},"credit":"by w11shes","texture_size":[8,8],"\u0074\u0065\u0078\u0074\u0075\u0072\u0065\u0073":{"3":"\u0066\u0069\u0073\u0068\u0063\u0072\u0061\u0074\u0065_\u0063\u006f\u006c\u006c\u0065\u0063\u0074\u0069\u006f\u006e:\u0063\u006c\u0065\u0072\u0069\u0063\u0072\u006f\u0064/\u0063\u006c\u0065\u0072\u0069\u0063_\u0066\u0069\u0073\u0068\u0069\u006e\u0067_\u0072\u006f\u0064","5":"\u0066\u0069\u0073\u0068\u0063\u0072\u0061\u0074\u0065_\u0063\u006f\u006c\u006c\u0065\u0063\u0074\u0069\u006f\u006e:\u0063\u006c\u0065\u0072\u0069\u0063\u0072\u006f\u0064/\u0063\u006c\u0065\u0072\u0069\u0063_\u0070\u0061\u0072\u0074\u0069\u0063\u006c\u0065","\u0070\u0061\u0072\u0074\u0069\u0063\u006c\u0065":"#3"},"elements":[{"from":[7,-4,9.46024],"to":[9,32,11.46024],"rotation":{"angle":0,"axis":"y","origin":[8,10.6635,8]},"faces":{"north":{"uv":[2.75,0,3.25,9],"texture":"#3"},"east":{"uv":[2.75,0,2.25,9],"texture":"#3"},"south":{"uv":[0,3.25,0.5,12.25],"texture":"#3"},"west":{"uv":[2.25,0,2.75,9],"texture":"#3"},"up":{"uv":[7,7.75,6.5,7.25],"rotation":270,"texture":"#3"}}},{"from":[4.76035,29,8.23965],"to":[7.76035,31,11.23965],"rotation":{"angle":45,"axis":"y","origin":[8,10.6635,8]},"faces":{"north":{"uv":[7,4.5,7.75,5],"texture":"#3"},"east":{"uv":[7.75,4.5,7,5],"texture":"#3"},"south":{"uv":[7,4.5,6.25,5],"texture":"#3"},"west":{"uv":[6.25,4.5,7,5],"texture":"#3"},"up":{"uv":[7.75,7,7,6.25],"rotation":270,"texture":"#3"},"down":{"uv":[7.75,7,7,7.75],"rotation":90,"texture":"#3"}}},{"from":[6.22811,30,6.77189],"to":[9.22811,30.05,9.77189],"rotation":{"angle":45,"axis":"y","origin":[8,10.6635,8]},"faces":{"up":{"uv":[6.5,8,5.75,7.25],"rotation":270,"texture":"#3"},"down":{"uv":[6.5,7.25,5.75,8],"rotation":90,"texture":"#3"}}},{"from":[4.76035,22,8.23965],"to":[7.76035,24,11.23965],"rotation":{"angle":45,"axis":"y","origin":[8,10.6635,8]},"faces":{"north":{"uv":[7,4.5,7.75,5],"texture":"#3"},"east":{"uv":[7.75,4.5,7,5],"texture":"#3"},"south":{"uv":[7,4.5,6.25,5],"texture":"#3"},"west":{"uv":[6.25,4.5,7,5],"texture":"#3"},"up":{"uv":[7.75,7,7,6.25],"rotation":270,"texture":"#3"},"down":{"uv":[7.75,7,7,7.75],"rotation":90,"texture":"#3"}}},{"from":[6.22811,23,6.77189],"to":[9.22811,23.05,9.77189],"rotation":{"angle":45,"axis":"y","origin":[8,10.6635,8]},"faces":{"up":{"uv":[6.5,8,5.75,7.25],"rotation":270,"texture":"#3"},"down":{"uv":[6.5,7.25,5.75,8],"rotation":90,"texture":"#3"}}},{"from":[4.76035,15,8.23965],"to":[7.76035,17,11.23965],"rotation":{"angle":45,"axis":"y","origin":[8,10.6635,8]},"faces":{"north":{"uv":[7,4.5,7.75,5],"texture":"#3"},"east":{"uv":[7.75,4.5,7,5],"texture":"#3"},"south":{"uv":[7,4.5,6.25,5],"texture":"#3"},"west":{"uv":[6.25,4.5,7,5],"texture":"#3"},"up":{"uv":[7.75,7,7,6.25],"rotation":270,"texture":"#3"},"down":{"uv":[7.75,7,7,7.75],"rotation":90,"texture":"#3"}}},{"from":[6.22811,16,6.77189],"to":[9.22811,16.05,9.77189],"rotation":{"angle":45,"axis":"y","origin":[8,10.6635,8]},"faces":{"up":{"uv":[6.5,8,5.75,7.25],"rotation":270,"texture":"#3"},"down":{"uv":[6.5,7.25,5.75,8],"rotation":90,"texture":"#3"}}},{"from":[6,-7,8.46024],"to":[10,-4,12.46024],"rotation":{"angle":0,"axis":"y","origin":[8,10.6635,8]},"faces":{"north":{"uv":[6.75,0.75,7.75,1.5],"texture":"#3"},"east":{"uv":[6.75,0,7.75,0.75],"texture":"#3"},"south":{"uv":[4.75,6.75,5.75,7.5],"texture":"#3"},"west":{"uv":[6.75,0,7.75,0.75],"texture":"#3"},"up":{"uv":[7,7.25,6,6.25],"rotation":270,"texture":"#3"}}},{"from":[8,-12.03381,-3.36895],"to":[8.05,-2.03381,3.63105],"rotation":{"angle":-22.5,"axis":"x","origin":[8,10.6635,8]},"faces":{"east":{"uv":[5,0,3.25,2.5],"texture":"#3"},"west":{"uv":[3.25,0,5,2.5],"texture":"#3"}}},{"from":[8,-10.15083,16.91489],"to":[8.05,-0.15083,23.91489],"rotation":{"angle":22.5,"axis":"x","origin":[8,10.6635,8]},"faces":{"east":{"uv":[3.25,0,5,2.5],"texture":"#3"},"west":{"uv":[5,0,3.25,2.5],"texture":"#3"}}},{"from":[5.98,-1.50104,20.81542],"to":[10.02,1.32739,23.64385],"rotation":{"angle":45,"axis":"x","origin":[8,10.6635,8]},"faces":{"east":{"uv":[8.25,1.5,7.5,2.25],"texture":"#3"},"south":{"uv":[0.5,7,1.5,7.75],"texture":"#3"},"west":{"uv":[7.5,1.5,8.25,2.25],"texture":"#3"},"down":{"uv":[2.25,7,1.5,8],"rotation":90,"texture":"#3"}}},{"from":[5.5,6.59551,8.5473],"to":[10.5,13.59551,15.5473],"rotation":{"angle":45,"axis":"x","origin":[8,10.6635,8]},"faces":{"north":{"uv":[5,3.25,6.25,5],"texture":"#3"},"east":{"uv":[5,3.25,3.25,5],"texture":"#3"},"south":{"uv":[4.75,5,6,6.75],"texture":"#3"},"west":{"uv":[3.25,3.25,5,5],"texture":"#3"},"up":{"uv":[2.25,7,0.5,5.75],"rotation":270,"texture":"#3"},"down":{"uv":[7.75,5,6,6.25],"rotation":90,"texture":"#3"}}},{"from":[10.5,12.59551,14.5473],"to":[5.5,7.59551,9.5473],"rotation":{"angle":45,"axis":"x","origin":[8,10.6635,8]},"faces":{"north":{"uv":[4.75,6.5,6,5.25],"texture":"#3"},"south":{"uv":[5,4.75,6.25,3.5],"texture":"#3"},"up":{"uv":[6.25,5,7.5,6.25],"rotation":270,"texture":"#3"},"down":{"uv":[0.75,7,2,5.75],"rotation":90,"texture":"#3"}}},{"from":[6.5,4.91396,1.89273],"to":[9.5,9.91396,6.89273],"rotation":{"angle":0,"axis":"y","origin":[8,10.6635,8]},"faces":{"north":{"uv":[3.25,6.5,4,7.75],"texture":"#3"},"east":{"uv":[7.5,3.25,6.25,4.5],"texture":"#3"},"south":{"uv":[4,6.5,4.75,7.75],"texture":"#3"},"west":{"uv":[6.25,3.25,7.5,4.5],"texture":"#3"},"up":{"uv":[6.25,2.5,5,1.75],"rotation":270,"texture":"#3"},"down":{"uv":[7.5,1.75,6.25,2.5],"rotation":90,"texture":"#3"}}},{"from":[7,5.91396,13.89273],"to":[9,8.91396,16.89273],"rotation":{"angle":0,"axis":"y","origin":[8,10.6635,8]},"faces":{"east":{"uv":[8.25,2.25,7.5,3],"texture":"#3"},"south":{"uv":[7.5,3,8,3.75],"texture":"#3"},"west":{"uv":[7.5,2.25,8.25,3],"texture":"#3"},"up":{"uv":[8.25,4.5,7.5,4],"rotation":270,"texture":"#3"},"down":{"uv":[5.5,7.5,4.75,8],"rotation":90,"texture":"#3"}}},{"from":[8,0.91396,10.89273],"to":[8,13.91396,19.89273],"rotation":{"angle":0,"axis":"y","origin":[8,10.6635,8]},"faces":{"east":{"uv":[2.25,0,0,3.25],"texture":"#3"},"west":{"uv":[0,0,2.25,3.25],"texture":"#3"}}},{"from":[8,4.91389,2.74364],"to":[8.05,14.91389,9.74364],"rotation":{"angle":45,"axis":"x","origin":[8,10.6635,8]},"faces":{"east":{"uv":[2.25,3.25,0.5,5.75],"texture":"#3"},"west":{"uv":[0.5,3.25,2.25,5.75],"texture":"#3"}}},{"from":[8,12.91389,-2.25636],"to":[8.05,18.91389,3.74364],"rotation":{"angle":45,"axis":"x","origin":[8,10.6635,8]},"faces":{"east":{"uv":[4.75,5,3.25,6.5],"texture":"#3"},"west":{"uv":[3.25,5,4.75,6.5],"texture":"#3"}}},{"from":[8,17.91389,-7.25636],"to":[8.05,24.91389,-0.25636],"rotation":{"angle":45,"axis":"x","origin":[8,10.6635,8]},"faces":{"east":{"uv":[6.75,0,5,1.75],"texture":"#3"},"west":{"uv":[5,0,6.75,1.75],"texture":"#3"}}},{"from":[10.1,12.16658,14.17623],"to":[5.9,7.96658,9.97623],"rotation":{"angle":45,"axis":"x","origin":[8,10.6635,8]},"faces":{"north":{"uv":[8.5,1,9,1.5],"texture":"#3"},"east":{"uv":[8.5,1,9,1.5],"texture":"#3"},"south":{"uv":[8.5,1,9,1.5],"texture":"#3"},"west":{"uv":[8.5,1,9,1.5],"texture":"#3"},"up":{"uv":[8.5,1,9,1.5],"rotation":270,"texture":"#3"},"down":{"uv":[8.5,1,9,1.5],"rotation":90,"texture":"#3"}}},{"from":[9.5,11.56658,13.57623],"to":[6.5,8.56658,10.57623],"rotation":{"angle":45,"axis":"x","origin":[8,10.6635,8]},"faces":{"north":{"uv":[8.5,0.5,9,1],"texture":"#3"},"east":{"uv":[8.5,0.5,9,1],"texture":"#3"},"south":{"uv":[8.5,0.5,9,1],"texture":"#3"},"west":{"uv":[8.5,0.5,9,1],"texture":"#3"},"up":{"uv":[8.5,0.5,9,1],"rotation":270,"texture":"#3"},"down":{"uv":[8.5,0.5,9,1],"rotation":90,"texture":"#3"}}},{"from":[7,9.06658,11.07623],"to":[9,11.06658,13.07623],"rotation":{"angle":45,"axis":"x","origin":[8,10.6635,8]},"faces":{"north":{"uv":[8.5,0,9,0.5],"texture":"#3"},"east":{"uv":[8.5,0,9,0.5],"texture":"#3"},"south":{"uv":[8.5,0,9,0.5],"texture":"#3"},"west":{"uv":[8.5,0,9,0.5],"texture":"#3"},"up":{"uv":[8.5,0,9,0.5],"rotation":270,"texture":"#3"},"down":{"uv":[8.5,0,9,0.5],"rotation":90,"texture":"#3"}}},{"from":[7.9,27.31391,-0.98369],"to":[7.95,30.31391,16.01631],"rotation":{"angle":-22.5,"axis":"x","origin":[8,10.6635,8]},"faces":{"east":{"uv":[7.5,2.5,3.25,3.25],"texture":"#3"},"west":{"uv":[3.25,2.5,7.5,3.25],"texture":"#3"}}},{"from":[6.4,27.31391,7.01631],"to":[9.4,30.31391,10.01631],"rotation":{"angle":-22.5,"axis":"x","origin":[8,10.6635,8]},"faces":{"north":{"uv":[0.5,7.75,1.25,8.5],"texture":"#3"},"east":{"uv":[7.75,0,8.5,0.75],"texture":"#3"},"south":{"uv":[7.75,0.75,8.5,1.5],"texture":"#3"},"west":{"uv":[7.75,0,8.5,0.75],"texture":"#3"},"up":{"uv":[4,8.5,3.25,7.75],"rotation":270,"texture":"#3"},"down":{"uv":[4.75,7.75,4,8.5],"rotation":90,"texture":"#3"}}},{"from":[11.35,4.75,7.41024],"to":[12.15,5.55,9.01024],"shade":false,"rotation":{"angle":0,"axis":"y","origin":[8,10.6635,8]},"faces":{"north":{"uv":[0,14,2,16],"rotation":270,"texture":"#5"},"east":{"uv":[0,14,2,16],"rotation":270,"texture":"#5"},"south":{"uv":[0,14,2,16],"rotation":270,"texture":"#5"},"west":{"uv":[0,14,2,16],"rotation":90,"texture":"#5"},"up":{"uv":[0,14,2,16],"rotation":180,"texture":"#5"},"down":{"uv":[0,14,2,16],"texture":"#5"}}},{"from":[12.5,5.9,9.46024],"to":[11,4.4,6.96024],"shade":false,"rotation":{"angle":0,"axis":"y","origin":[8,10.6635,8]},"faces":{"north":{"uv":[2,14,4,16],"rotation":270,"texture":"#5"},"east":{"uv":[2,14,4,16],"rotation":270,"texture":"#5"},"south":{"uv":[2,14,4,16],"rotation":270,"texture":"#5"},"west":{"uv":[2,14,4,16],"rotation":90,"texture":"#5"},"up":{"uv":[2,14,4,16],"rotation":180,"texture":"#5"},"down":{"uv":[2,14,4,16],"texture":"#5"}}},{"from":[11.3,4.7,8.31024],"to":[12.2,5.6,10.11024],"shade":false,"rotation":{"angle":0,"axis":"y","origin":[8,10.6635,8]},"faces":{"north":{"uv":[0,12,2,14],"rotation":270,"texture":"#5"},"east":{"uv":[0,12,2,14],"rotation":270,"texture":"#5"},"south":{"uv":[0,12,2,14],"rotation":270,"texture":"#5"},"west":{"uv":[0,12,2,14],"rotation":90,"texture":"#5"},"up":{"uv":[0,12,2,14],"rotation":180,"texture":"#5"},"down":{"uv":[0,12,2,14],"texture":"#5"}}},{"from":[12.5,5.9,10.46024],"to":[11,4.4,7.96024],"shade":false,"rotation":{"angle":0,"axis":"y","origin":[8,10.6635,8]},"faces":{"north":{"uv":[2,12,4,14],"rotation":270,"texture":"#5"},"east":{"uv":[2,12,4,14],"rotation":270,"texture":"#5"},"south":{"uv":[2,12,4,14],"rotation":270,"texture":"#5"},"west":{"uv":[2,12,4,14],"rotation":90,"texture":"#5"},"up":{"uv":[2,12,4,14],"rotation":180,"texture":"#5"},"down":{"uv":[2,12,4,14],"texture":"#5"}}},{"from":[11.25,4.65,9.21024],"to":[12.25,5.65,11.21024],"shade":false,"rotation":{"angle":0,"axis":"y","origin":[8,10.6635,8]},"faces":{"north":{"uv":[0,10,2,12],"rotation":270,"texture":"#5"},"east":{"uv":[0,10,2,12],"rotation":270,"texture":"#5"},"south":{"uv":[0,10,2,12],"rotation":270,"texture":"#5"},"west":{"uv":[0,10,2,12],"rotation":90,"texture":"#5"},"up":{"uv":[0,10,2,12],"rotation":180,"texture":"#5"},"down":{"uv":[0,10,2,12],"texture":"#5"}}},{"from":[12.5,5.9,11.46024],"to":[11,4.4,8.96024],"shade":false,"rotation":{"angle":0,"axis":"y","origin":[8,10.6635,8]},"faces":{"north":{"uv":[2,10,4,12],"rotation":270,"texture":"#5"},"east":{"uv":[2,10,4,12],"rotation":270,"texture":"#5"},"south":{"uv":[2,10,4,12],"rotation":270,"texture":"#5"},"west":{"uv":[2,10,4,12],"rotation":90,"texture":"#5"},"up":{"uv":[2,10,4,12],"rotation":180,"texture":"#5"},"down":{"uv":[2,10,4,12],"texture":"#5"}}},{"from":[11.25,4.65,10.21024],"to":[12.25,5.65,12.21024],"shade":false,"rotation":{"angle":0,"axis":"y","origin":[8,10.6635,8]},"faces":{"north":{"uv":[0,8,2,10],"rotation":270,"texture":"#5"},"east":{"uv":[0,8,2,10],"rotation":270,"texture":"#5"},"south":{"uv":[0,8,2,10],"rotation":270,"texture":"#5"},"west":{"uv":[0,8,2,10],"rotation":90,"texture":"#5"},"up":{"uv":[0,8,2,10],"rotation":180,"texture":"#5"},"down":{"uv":[0,8,2,10],"texture":"#5"}}},{"from":[12.5,5.9,12.46024],"to":[11,4.4,9.96024],"shade":false,"rotation":{"angle":0,"axis":"y","origin":[8,10.6635,8]},"faces":{"north":{"uv":[2,8,4,10],"rotation":270,"texture":"#5"},"east":{"uv":[2,8,4,10],"rotation":270,"texture":"#5"},"south":{"uv":[2,8,4,10],"rotation":270,"texture":"#5"},"west":{"uv":[2,8,4,10],"rotation":90,"texture":"#5"},"up":{"uv":[2,8,4,10],"rotation":180,"texture":"#5"},"down":{"uv":[2,8,4,10],"texture":"#5"}}},{"from":[11.25,4.65,11.21024],"to":[12.25,5.65,13.21024],"shade":false,"rotation":{"angle":0,"axis":"y","origin":[8,10.6635,8]},"faces":{"north":{"uv":[0,6,2,8],"rotation":270,"texture":"#5"},"east":{"uv":[0,6,2,8],"rotation":270,"texture":"#5"},"south":{"uv":[0,6,2,8],"rotation":270,"texture":"#5"},"west":{"uv":[0,6,2,8],"rotation":90,"texture":"#5"},"up":{"uv":[0,6,2,8],"rotation":180,"texture":"#5"},"down":{"uv":[0,6,2,8],"texture":"#5"}}},{"from":[12.5,5.9,13.46024],"to":[11,4.4,10.96024],"shade":false,"rotation":{"angle":0,"axis":"y","origin":[8,10.6635,8]},"faces":{"north":{"uv":[2,6,4,8],"rotation":270,"texture":"#5"},"east":{"uv":[2,6,4,8],"rotation":270,"texture":"#5"},"south":{"uv":[2,6,4,8],"rotation":270,"texture":"#5"},"west":{"uv":[2,6,4,8],"rotation":90,"texture":"#5"},"up":{"uv":[2,6,4,8],"rotation":180,"texture":"#5"},"down":{"uv":[2,6,4,8],"texture":"#5"}}},{"from":[11.3,4.7,12.31024],"to":[12.2,5.6,14.11024],"shade":false,"rotation":{"angle":0,"axis":"y","origin":[8,10.6635,8]},"faces":{"north":{"uv":[0,4,2,6],"rotation":270,"texture":"#5"},"east":{"uv":[0,4,2,6],"rotation":270,"texture":"#5"},"south":{"uv":[0,4,2,6],"rotation":270,"texture":"#5"},"west":{"uv":[0,4,2,6],"rotation":90,"texture":"#5"},"up":{"uv":[0,4,2,6],"rotation":180,"texture":"#5"},"down":{"uv":[0,4,2,6],"texture":"#5"}}},{"from":[12.5,5.9,14.46024],"to":[11,4.4,11.96024],"shade":false,"rotation":{"angle":0,"axis":"y","origin":[8,10.6635,8]},"faces":{"north":{"uv":[2,4,4,6],"rotation":270,"texture":"#5"},"east":{"uv":[2,4,4,6],"rotation":270,"texture":"#5"},"south":{"uv":[2,4,4,6],"rotation":270,"texture":"#5"},"west":{"uv":[2,4,4,6],"rotation":90,"texture":"#5"},"up":{"uv":[2,4,4,6],"rotation":180,"texture":"#5"},"down":{"uv":[2,4,4,6],"texture":"#5"}}},{"from":[11.35,4.75,13.41024],"to":[12.15,5.55,15.01024],"shade":false,"rotation":{"angle":0,"axis":"y","origin":[8,10.6635,8]},"faces":{"north":{"uv":[0,2,2,4],"rotation":270,"texture":"#5"},"east":{"uv":[0,2,2,4],"rotation":270,"texture":"#5"},"south":{"uv":[0,2,2,4],"rotation":270,"texture":"#5"},"west":{"uv":[0,2,2,4],"rotation":90,"texture":"#5"},"up":{"uv":[0,2,2,4],"rotation":180,"texture":"#5"},"down":{"uv":[0,2,2,4],"texture":"#5"}}},{"from":[12.5,5.9,15.46024],"to":[11,4.4,12.96024],"shade":false,"rotation":{"angle":0,"axis":"y","origin":[8,10.6635,8]},"faces":{"north":{"uv":[2,2,4,4],"rotation":270,"texture":"#5"},"east":{"uv":[2,2,4,4],"rotation":270,"texture":"#5"},"south":{"uv":[2,2,4,4],"rotation":270,"texture":"#5"},"west":{"uv":[2,2,4,4],"rotation":90,"texture":"#5"},"up":{"uv":[2,2,4,4],"rotation":180,"texture":"#5"},"down":{"uv":[2,2,4,4],"texture":"#5"}}},{"from":[3.85,9.75,8.41024],"to":[4.65,10.55,10.01024],"shade":false,"rotation":{"angle":0,"axis":"y","origin":[8,10.6635,8]},"faces":{"north":{"uv":[4,14,6,16],"rotation":270,"texture":"#5"},"east":{"uv":[4,14,6,16],"rotation":270,"texture":"#5"},"south":{"uv":[4,14,6,16],"rotation":270,"texture":"#5"},"west":{"uv":[4,14,6,16],"rotation":90,"texture":"#5"},"up":{"uv":[4,14,6,16],"rotation":180,"texture":"#5"},"down":{"uv":[4,14,6,16],"texture":"#5"}}},{"from":[5,10.9,10.46024],"to":[3.5,9.4,7.96024],"shade":false,"rotation":{"angle":0,"axis":"y","origin":[8,10.6635,8]},"faces":{"north":{"uv":[6,14,8,16],"rotation":270,"texture":"#5"},"east":{"uv":[6,14,8,16],"rotation":270,"texture":"#5"},"south":{"uv":[6,14,8,16],"rotation":270,"texture":"#5"},"west":{"uv":[6,14,8,16],"rotation":90,"texture":"#5"},"up":{"uv":[6,14,8,16],"rotation":180,"texture":"#5"},"down":{"uv":[6,14,8,16],"texture":"#5"}}},{"from":[3.8,9.7,9.31024],"to":[4.7,10.6,11.11024],"shade":false,"rotation":{"angle":0,"axis":"y","origin":[8,10.6635,8]},"faces":{"north":{"uv":[4,12,6,14],"rotation":270,"texture":"#5"},"east":{"uv":[4,12,6,14],"rotation":270,"texture":"#5"},"south":{"uv":[4,12,6,14],"rotation":270,"texture":"#5"},"west":{"uv":[4,12,6,14],"rotation":90,"texture":"#5"},"up":{"uv":[4,12,6,14],"rotation":180,"texture":"#5"},"down":{"uv":[4,12,6,14],"texture":"#5"}}},{"from":[5,10.9,11.46024],"to":[3.5,9.4,8.96024],"shade":false,"rotation":{"angle":0,"axis":"y","origin":[8,10.6635,8]},"faces":{"north":{"uv":[6,12,8,14],"rotation":270,"texture":"#5"},"east":{"uv":[6,12,8,14],"rotation":270,"texture":"#5"},"south":{"uv":[6,12,8,14],"rotation":270,"texture":"#5"},"west":{"uv":[6,12,8,14],"rotation":90,"texture":"#5"},"up":{"uv":[6,12,8,14],"rotation":180,"texture":"#5"},"down":{"uv":[6,12,8,14],"texture":"#5"}}},{"from":[3.75,9.65,10.21024],"to":[4.75,10.65,12.21024],"shade":false,"rotation":{"angle":0,"axis":"y","origin":[8,10.6635,8]},"faces":{"north":{"uv":[4,10,6,12],"rotation":270,"texture":"#5"},"east":{"uv":[4,10,6,12],"rotation":270,"texture":"#5"},"south":{"uv":[4,10,6,12],"rotation":270,"texture":"#5"},"west":{"uv":[4,10,6,12],"rotation":90,"texture":"#5"},"up":{"uv":[4,10,6,12],"rotation":180,"texture":"#5"},"down":{"uv":[4,10,6,12],"texture":"#5"}}},{"from":[5,10.9,12.46024],"to":[3.5,9.4,9.96024],"shade":false,"rotation":{"angle":0,"axis":"y","origin":[8,10.6635,8]},"faces":{"north":{"uv":[6,10,8,12],"rotation":270,"texture":"#5"},"east":{"uv":[6,10,8,12],"rotation":270,"texture":"#5"},"south":{"uv":[6,10,8,12],"rotation":270,"texture":"#5"},"west":{"uv":[6,10,8,12],"rotation":90,"texture":"#5"},"up":{"uv":[6,10,8,12],"rotation":180,"texture":"#5"},"down":{"uv":[6,10,8,12],"texture":"#5"}}},{"from":[3.75,9.65,11.21024],"to":[4.75,10.65,13.21024],"shade":false,"rotation":{"angle":0,"axis":"y","origin":[8,10.6635,8]},"faces":{"north":{"uv":[4,8,6,10],"rotation":270,"texture":"#5"},"east":{"uv":[4,8,6,10],"rotation":270,"texture":"#5"},"south":{"uv":[4,8,6,10],"rotation":270,"texture":"#5"},"west":{"uv":[4,8,6,10],"rotation":90,"texture":"#5"},"up":{"uv":[4,8,6,10],"rotation":180,"texture":"#5"},"down":{"uv":[4,8,6,10],"texture":"#5"}}},{"from":[5,10.9,13.46024],"to":[3.5,9.4,10.96024],"shade":false,"rotation":{"angle":0,"axis":"y","origin":[8,10.6635,8]},"faces":{"north":{"uv":[6,8,8,10],"rotation":270,"texture":"#5"},"east":{"uv":[6,8,8,10],"rotation":270,"texture":"#5"},"south":{"uv":[6,8,8,10],"rotation":270,"texture":"#5"},"west":{"uv":[6,8,8,10],"rotation":90,"texture":"#5"},"up":{"uv":[6,8,8,10],"rotation":180,"texture":"#5"},"down":{"uv":[6,8,8,10],"texture":"#5"}}},{"from":[3.75,9.65,12.21024],"to":[4.75,10.65,14.21024],"shade":false,"rotation":{"angle":0,"axis":"y","origin":[8,10.6635,8]},"faces":{"north":{"uv":[4,6,6,8],"rotation":270,"texture":"#5"},"east":{"uv":[4,6,6,8],"rotation":270,"texture":"#5"},"south":{"uv":[4,6,6,8],"rotation":270,"texture":"#5"},"west":{"uv":[4,6,6,8],"rotation":90,"texture":"#5"},"up":{"uv":[4,6,6,8],"rotation":180,"texture":"#5"},"down":{"uv":[4,6,6,8],"texture":"#5"}}},{"from":[5,10.9,14.46024],"to":[3.5,9.4,11.96024],"shade":false,"rotation":{"angle":0,"axis":"y","origin":[8,10.6635,8]},"faces":{"north":{"uv":[6,6,8,8],"rotation":270,"texture":"#5"},"east":{"uv":[6,6,8,8],"rotation":270,"texture":"#5"},"south":{"uv":[6,6,8,8],"rotation":270,"texture":"#5"},"west":{"uv":[6,6,8,8],"rotation":90,"texture":"#5"},"up":{"uv":[6,6,8,8],"rotation":180,"texture":"#5"},"down":{"uv":[6,6,8,8],"texture":"#5"}}},{"from":[3.8,9.7,13.31024],"to":[4.7,10.6,15.11024],"shade":false,"rotation":{"angle":0,"axis":"y","origin":[8,10.6635,8]},"faces":{"north":{"uv":[4,4,6,6],"rotation":270,"texture":"#5"},"east":{"uv":[4,4,6,6],"rotation":270,"texture":"#5"},"south":{"uv":[4,4,6,6],"rotation":270,"texture":"#5"},"west":{"uv":[4,4,6,6],"rotation":90,"texture":"#5"},"up":{"uv":[4,4,6,6],"rotation":180,"texture":"#5"},"down":{"uv":[4,4,6,6],"texture":"#5"}}},{"from":[5,10.9,15.46024],"to":[3.5,9.4,12.96024],"shade":false,"rotation":{"angle":0,"axis":"y","origin":[8,10.6635,8]},"faces":{"north":{"uv":[6,4,8,6],"rotation":270,"texture":"#5"},"east":{"uv":[6,4,8,6],"rotation":270,"texture":"#5"},"south":{"uv":[6,4,8,6],"rotation":270,"texture":"#5"},"west":{"uv":[6,4,8,6],"rotation":90,"texture":"#5"},"up":{"uv":[6,4,8,6],"rotation":180,"texture":"#5"},"down":{"uv":[6,4,8,6],"texture":"#5"}}},{"from":[3.85,9.75,14.41024],"to":[4.65,10.55,16.01024],"shade":false,"rotation":{"angle":0,"axis":"y","origin":[8,10.6635,8]},"faces":{"north":{"uv":[4,2,6,4],"rotation":270,"texture":"#5"},"east":{"uv":[4,2,6,4],"rotation":270,"texture":"#5"},"south":{"uv":[4,2,6,4],"rotation":270,"texture":"#5"},"west":{"uv":[4,2,6,4],"rotation":90,"texture":"#5"},"up":{"uv":[4,2,6,4],"rotation":180,"texture":"#5"},"down":{"uv":[4,2,6,4],"texture":"#5"}}},{"from":[5,10.9,16.46024],"to":[3.5,9.4,13.96024],"shade":false,"rotation":{"angle":0,"axis":"y","origin":[8,10.6635,8]},"faces":{"north":{"uv":[6,2,8,4],"rotation":270,"texture":"#5"},"east":{"uv":[6,2,8,4],"rotation":270,"texture":"#5"},"south":{"uv":[6,2,8,4],"rotation":270,"texture":"#5"},"west":{"uv":[6,2,8,4],"rotation":90,"texture":"#5"},"up":{"uv":[6,2,8,4],"rotation":180,"texture":"#5"},"down":{"uv":[6,2,8,4],"texture":"#5"}}},{"from":[3.85,4.5,7.41024],"to":[4.65,5.3,9.01024],"shade":false,"rotation":{"angle":0,"axis":"y","origin":[8,10.6635,8]},"faces":{"north":{"uv":[8,14,10,16],"rotation":270,"texture":"#5"},"east":{"uv":[8,14,10,16],"rotation":270,"texture":"#5"},"south":{"uv":[8,14,10,16],"rotation":270,"texture":"#5"},"west":{"uv":[8,14,10,16],"rotation":90,"texture":"#5"},"up":{"uv":[8,14,10,16],"rotation":180,"texture":"#5"},"down":{"uv":[8,14,10,16],"texture":"#5"}}},{"from":[5,5.65,9.46024],"to":[3.5,4.15,6.96024],"shade":false,"rotation":{"angle":0,"axis":"y","origin":[8,10.6635,8]},"faces":{"north":{"uv":[10,14,12,16],"rotation":270,"texture":"#5"},"east":{"uv":[10,14,12,16],"rotation":270,"texture":"#5"},"south":{"uv":[10,14,12,16],"rotation":270,"texture":"#5"},"west":{"uv":[10,14,12,16],"rotation":90,"texture":"#5"},"up":{"uv":[10,14,12,16],"rotation":180,"texture":"#5"},"down":{"uv":[10,14,12,16],"texture":"#5"}}},{"from":[3.8,4.45,8.31024],"to":[4.7,5.35,10.11024],"shade":false,"rotation":{"angle":0,"axis":"y","origin":[8,10.6635,8]},"faces":{"north":{"uv":[8,12,10,14],"rotation":270,"texture":"#5"},"east":{"uv":[8,12,10,14],"rotation":270,"texture":"#5"},"south":{"uv":[8,12,10,14],"rotation":270,"texture":"#5"},"west":{"uv":[8,12,10,14],"rotation":90,"texture":"#5"},"up":{"uv":[8,12,10,14],"rotation":180,"texture":"#5"},"down":{"uv":[8,12,10,14],"texture":"#5"}}},{"from":[5,5.65,10.46024],"to":[3.5,4.15,7.96024],"shade":false,"rotation":{"angle":0,"axis":"y","origin":[8,10.6635,8]},"faces":{"north":{"uv":[10,12,12,14],"rotation":270,"texture":"#5"},"east":{"uv":[10,12,12,14],"rotation":270,"texture":"#5"},"south":{"uv":[10,12,12,14],"rotation":270,"texture":"#5"},"west":{"uv":[10,12,12,14],"rotation":90,"texture":"#5"},"up":{"uv":[10,12,12,14],"rotation":180,"texture":"#5"},"down":{"uv":[10,12,12,14],"texture":"#5"}}},{"from":[3.75,4.4,9.21024],"to":[4.75,5.4,11.21024],"shade":false,"rotation":{"angle":0,"axis":"y","origin":[8,10.6635,8]},"faces":{"north":{"uv":[8,10,10,12],"rotation":270,"texture":"#5"},"east":{"uv":[8,10,10,12],"rotation":270,"texture":"#5"},"south":{"uv":[8,10,10,12],"rotation":270,"texture":"#5"},"west":{"uv":[8,10,10,12],"rotation":90,"texture":"#5"},"up":{"uv":[8,10,10,12],"rotation":180,"texture":"#5"},"down":{"uv":[8,10,10,12],"texture":"#5"}}},{"from":[5,5.65,11.46024],"to":[3.5,4.15,8.96024],"shade":false,"rotation":{"angle":0,"axis":"y","origin":[8,10.6635,8]},"faces":{"north":{"uv":[10,10,12,12],"rotation":270,"texture":"#5"},"east":{"uv":[10,10,12,12],"rotation":270,"texture":"#5"},"south":{"uv":[10,10,12,12],"rotation":270,"texture":"#5"},"west":{"uv":[10,10,12,12],"rotation":90,"texture":"#5"},"up":{"uv":[10,10,12,12],"rotation":180,"texture":"#5"},"down":{"uv":[10,10,12,12],"texture":"#5"}}},{"from":[3.75,4.4,10.21024],"to":[4.75,5.4,12.21024],"shade":false,"rotation":{"angle":0,"axis":"y","origin":[8,10.6635,8]},"faces":{"north":{"uv":[8,8,10,10],"rotation":270,"texture":"#5"},"east":{"uv":[8,8,10,10],"rotation":270,"texture":"#5"},"south":{"uv":[8,8,10,10],"rotation":270,"texture":"#5"},"west":{"uv":[8,8,10,10],"rotation":90,"texture":"#5"},"up":{"uv":[8,8,10,10],"rotation":180,"texture":"#5"},"down":{"uv":[8,8,10,10],"texture":"#5"}}},{"from":[5,5.65,12.46024],"to":[3.5,4.15,9.96024],"shade":false,"rotation":{"angle":0,"axis":"y","origin":[8,10.6635,8]},"faces":{"north":{"uv":[10,8,12,10],"rotation":270,"texture":"#5"},"east":{"uv":[10,8,12,10],"rotation":270,"texture":"#5"},"south":{"uv":[10,8,12,10],"rotation":270,"texture":"#5"},"west":{"uv":[10,8,12,10],"rotation":90,"texture":"#5"},"up":{"uv":[10,8,12,10],"rotation":180,"texture":"#5"},"down":{"uv":[10,8,12,10],"texture":"#5"}}},{"from":[3.75,4.4,11.21024],"to":[4.75,5.4,13.21024],"shade":false,"rotation":{"angle":0,"axis":"y","origin":[8,10.6635,8]},"faces":{"north":{"uv":[8,6,10,8],"rotation":270,"texture":"#5"},"east":{"uv":[8,6,10,8],"rotation":270,"texture":"#5"},"south":{"uv":[8,6,10,8],"rotation":270,"texture":"#5"},"west":{"uv":[8,6,10,8],"rotation":90,"texture":"#5"},"up":{"uv":[8,6,10,8],"rotation":180,"texture":"#5"},"down":{"uv":[8,6,10,8],"texture":"#5"}}},{"from":[5,5.65,13.46024],"to":[3.5,4.15,10.96024],"shade":false,"rotation":{"angle":0,"axis":"y","origin":[8,10.6635,8]},"faces":{"north":{"uv":[10,6,12,8],"rotation":270,"texture":"#5"},"east":{"uv":[10,6,12,8],"rotation":270,"texture":"#5"},"south":{"uv":[10,6,12,8],"rotation":270,"texture":"#5"},"west":{"uv":[10,6,12,8],"rotation":90,"texture":"#5"},"up":{"uv":[10,6,12,8],"rotation":180,"texture":"#5"},"down":{"uv":[10,6,12,8],"texture":"#5"}}},{"from":[3.8,4.45,12.31024],"to":[4.7,5.35,14.11024],"shade":false,"rotation":{"angle":0,"axis":"y","origin":[8,10.6635,8]},"faces":{"north":{"uv":[8,4,10,6],"rotation":270,"texture":"#5"},"east":{"uv":[8,4,10,6],"rotation":270,"texture":"#5"},"south":{"uv":[8,4,10,6],"rotation":270,"texture":"#5"},"west":{"uv":[8,4,10,6],"rotation":90,"texture":"#5"},"up":{"uv":[8,4,10,6],"rotation":180,"texture":"#5"},"down":{"uv":[8,4,10,6],"texture":"#5"}}},{"from":[5,5.65,14.46024],"to":[3.5,4.15,11.96024],"shade":false,"rotation":{"angle":0,"axis":"y","origin":[8,10.6635,8]},"faces":{"north":{"uv":[10,4,12,6],"rotation":270,"texture":"#5"},"east":{"uv":[10,4,12,6],"rotation":270,"texture":"#5"},"south":{"uv":[10,4,12,6],"rotation":270,"texture":"#5"},"west":{"uv":[10,4,12,6],"rotation":90,"texture":"#5"},"up":{"uv":[10,4,12,6],"rotation":180,"texture":"#5"},"down":{"uv":[10,4,12,6],"texture":"#5"}}},{"from":[3.85,4.5,13.41024],"to":[4.65,5.3,15.01024],"shade":false,"rotation":{"angle":0,"axis":"y","origin":[8,10.6635,8]},"faces":{"north":{"uv":[8,2,10,4],"rotation":270,"texture":"#5"},"east":{"uv":[8,2,10,4],"rotation":270,"texture":"#5"},"south":{"uv":[8,2,10,4],"rotation":270,"texture":"#5"},"west":{"uv":[8,2,10,4],"rotation":90,"texture":"#5"},"up":{"uv":[8,2,10,4],"rotation":180,"texture":"#5"},"down":{"uv":[8,2,10,4],"texture":"#5"}}},{"from":[5,5.65,15.46024],"to":[3.5,4.15,12.96024],"shade":false,"rotation":{"angle":0,"axis":"y","origin":[8,10.6635,8]},"faces":{"north":{"uv":[10,2,12,4],"rotation":270,"texture":"#5"},"east":{"uv":[10,2,12,4],"rotation":270,"texture":"#5"},"south":{"uv":[10,2,12,4],"rotation":270,"texture":"#5"},"west":{"uv":[10,2,12,4],"rotation":90,"texture":"#5"},"up":{"uv":[10,2,12,4],"rotation":180,"texture":"#5"},"down":{"uv":[10,2,12,4],"texture":"#5"}}},{"from":[11.35,9.75,8.41024],"to":[12.15,10.55,10.01024],"shade":false,"rotation":{"angle":0,"axis":"y","origin":[8,10.6635,8]},"faces":{"north":{"uv":[8,14,10,16],"rotation":270,"texture":"#5"},"east":{"uv":[8,14,10,16],"rotation":270,"texture":"#5"},"south":{"uv":[8,14,10,16],"rotation":270,"texture":"#5"},"west":{"uv":[8,14,10,16],"rotation":90,"texture":"#5"},"up":{"uv":[8,14,10,16],"rotation":180,"texture":"#5"},"down":{"uv":[8,14,10,16],"texture":"#5"}}},{"from":[12.5,10.9,10.46024],"to":[11,9.4,7.96024],"shade":false,"rotation":{"angle":0,"axis":"y","origin":[8,10.6635,8]},"faces":{"north":{"uv":[10,14,12,16],"rotation":270,"texture":"#5"},"east":{"uv":[10,14,12,16],"rotation":270,"texture":"#5"},"south":{"uv":[10,14,12,16],"rotation":270,"texture":"#5"},"west":{"uv":[10,14,12,16],"rotation":90,"texture":"#5"},"up":{"uv":[10,14,12,16],"rotation":180,"texture":"#5"},"down":{"uv":[10,14,12,16],"texture":"#5"}}},{"from":[11.3,9.7,9.31024],"to":[12.2,10.6,11.11024],"shade":false,"rotation":{"angle":0,"axis":"y","origin":[8,10.6635,8]},"faces":{"north":{"uv":[8,12,10,14],"rotation":270,"texture":"#5"},"east":{"uv":[8,12,10,14],"rotation":270,"texture":"#5"},"south":{"uv":[8,12,10,14],"rotation":270,"texture":"#5"},"west":{"uv":[8,12,10,14],"rotation":90,"texture":"#5"},"up":{"uv":[8,12,10,14],"rotation":180,"texture":"#5"},"down":{"uv":[8,12,10,14],"texture":"#5"}}},{"from":[12.5,10.9,11.46024],"to":[11,9.4,8.96024],"shade":false,"rotation":{"angle":0,"axis":"y","origin":[8,10.6635,8]},"faces":{"north":{"uv":[10,12,12,14],"rotation":270,"texture":"#5"},"east":{"uv":[10,12,12,14],"rotation":270,"texture":"#5"},"south":{"uv":[10,12,12,14],"rotation":270,"texture":"#5"},"west":{"uv":[10,12,12,14],"rotation":90,"texture":"#5"},"up":{"uv":[10,12,12,14],"rotation":180,"texture":"#5"},"down":{"uv":[10,12,12,14],"texture":"#5"}}},{"from":[11.25,9.65,10.21024],"to":[12.25,10.65,12.21024],"shade":false,"rotation":{"angle":0,"axis":"y","origin":[8,10.6635,8]},"faces":{"north":{"uv":[8,10,10,12],"rotation":270,"texture":"#5"},"east":{"uv":[8,10,10,12],"rotation":270,"texture":"#5"},"south":{"uv":[8,10,10,12],"rotation":270,"texture":"#5"},"west":{"uv":[8,10,10,12],"rotation":90,"texture":"#5"},"up":{"uv":[8,10,10,12],"rotation":180,"texture":"#5"},"down":{"uv":[8,10,10,12],"texture":"#5"}}},{"from":[12.5,10.9,12.46024],"to":[11,9.4,9.96024],"shade":false,"rotation":{"angle":0,"axis":"y","origin":[8,10.6635,8]},"faces":{"north":{"uv":[10,10,12,12],"rotation":270,"texture":"#5"},"east":{"uv":[10,10,12,12],"rotation":270,"texture":"#5"},"south":{"uv":[10,10,12,12],"rotation":270,"texture":"#5"},"west":{"uv":[10,10,12,12],"rotation":90,"texture":"#5"},"up":{"uv":[10,10,12,12],"rotation":180,"texture":"#5"},"down":{"uv":[10,10,12,12],"texture":"#5"}}},{"from":[11.25,9.65,11.21024],"to":[12.25,10.65,13.21024],"shade":false,"rotation":{"angle":0,"axis":"y","origin":[8,10.6635,8]},"faces":{"north":{"uv":[8,8,10,10],"rotation":270,"texture":"#5"},"east":{"uv":[8,8,10,10],"rotation":270,"texture":"#5"},"south":{"uv":[8,8,10,10],"rotation":270,"texture":"#5"},"west":{"uv":[8,8,10,10],"rotation":90,"texture":"#5"},"up":{"uv":[8,8,10,10],"rotation":180,"texture":"#5"},"down":{"uv":[8,8,10,10],"texture":"#5"}}},{"from":[12.5,10.9,13.46024],"to":[11,9.4,10.96024],"shade":false,"rotation":{"angle":0,"axis":"y","origin":[8,10.6635,8]},"faces":{"north":{"uv":[10,8,12,10],"rotation":270,"texture":"#5"},"east":{"uv":[10,8,12,10],"rotation":270,"texture":"#5"},"south":{"uv":[10,8,12,10],"rotation":270,"texture":"#5"},"west":{"uv":[10,8,12,10],"rotation":90,"texture":"#5"},"up":{"uv":[10,8,12,10],"rotation":180,"texture":"#5"},"down":{"uv":[10,8,12,10],"texture":"#5"}}},{"from":[11.25,9.65,12.21024],"to":[12.25,10.65,14.21024],"shade":false,"rotation":{"angle":0,"axis":"y","origin":[8,10.6635,8]},"faces":{"north":{"uv":[8,6,10,8],"rotation":270,"texture":"#5"},"east":{"uv":[8,6,10,8],"rotation":270,"texture":"#5"},"south":{"uv":[8,6,10,8],"rotation":270,"texture":"#5"},"west":{"uv":[8,6,10,8],"rotation":90,"texture":"#5"},"up":{"uv":[8,6,10,8],"rotation":180,"texture":"#5"},"down":{"uv":[8,6,10,8],"texture":"#5"}}},{"from":[12.5,10.9,14.46024],"to":[11,9.4,11.96024],"shade":false,"rotation":{"angle":0,"axis":"y","origin":[8,10.6635,8]},"faces":{"north":{"uv":[10,6,12,8],"rotation":270,"texture":"#5"},"east":{"uv":[10,6,12,8],"rotation":270,"texture":"#5"},"south":{"uv":[10,6,12,8],"rotation":270,"texture":"#5"},"west":{"uv":[10,6,12,8],"rotation":90,"texture":"#5"},"up":{"uv":[10,6,12,8],"rotation":180,"texture":"#5"},"down":{"uv":[10,6,12,8],"texture":"#5"}}},{"from":[11.3,9.7,13.31024],"to":[12.2,10.6,15.11024],"shade":false,"rotation":{"angle":0,"axis":"y","origin":[8,10.6635,8]},"faces":{"north":{"uv":[8,4,10,6],"rotation":270,"texture":"#5"},"east":{"uv":[8,4,10,6],"rotation":270,"texture":"#5"},"south":{"uv":[8,4,10,6],"rotation":270,"texture":"#5"},"west":{"uv":[8,4,10,6],"rotation":90,"texture":"#5"},"up":{"uv":[8,4,10,6],"rotation":180,"texture":"#5"},"down":{"uv":[8,4,10,6],"texture":"#5"}}},{"from":[12.5,10.9,15.46024],"to":[11,9.4,12.96024],"shade":false,"rotation":{"angle":0,"axis":"y","origin":[8,10.6635,8]},"faces":{"north":{"uv":[10,4,12,6],"rotation":270,"texture":"#5"},"east":{"uv":[10,4,12,6],"rotation":270,"texture":"#5"},"south":{"uv":[10,4,12,6],"rotation":270,"texture":"#5"},"west":{"uv":[10,4,12,6],"rotation":90,"texture":"#5"},"up":{"uv":[10,4,12,6],"rotation":180,"texture":"#5"},"down":{"uv":[10,4,12,6],"texture":"#5"}}},{"from":[11.35,9.75,14.41024],"to":[12.15,10.55,16.01024],"shade":false,"rotation":{"angle":0,"axis":"y","origin":[8,10.6635,8]},"faces":{"north":{"uv":[8,2,10,4],"rotation":270,"texture":"#5"},"east":{"uv":[8,2,10,4],"rotation":270,"texture":"#5"},"south":{"uv":[8,2,10,4],"rotation":270,"texture":"#5"},"west":{"uv":[8,2,10,4],"rotation":90,"texture":"#5"},"up":{"uv":[8,2,10,4],"rotation":180,"texture":"#5"},"down":{"uv":[8,2,10,4],"texture":"#5"}}},{"from":[12.5,10.9,16.46024],"to":[11,9.4,13.96024],"shade":false,"rotation":{"angle":0,"axis":"y","origin":[8,10.6635,8]},"faces":{"north":{"uv":[10,2,12,4],"rotation":270,"texture":"#5"},"east":{"uv":[10,2,12,4],"rotation":270,"texture":"#5"},"south":{"uv":[10,2,12,4],"rotation":270,"texture":"#5"},"west":{"uv":[10,2,12,4],"rotation":90,"texture":"#5"},"up":{"uv":[10,2,12,4],"rotation":180,"texture":"#5"},"down":{"uv":[10,2,12,4],"texture":"#5"}}}],"gui_light":"front","display":{"thirdperson_righthand":{"translation":[-0.25,4.5,-1.25],"scale":[0.7,0.7,0.7]},"thirdperson_lefthand":{"translation":[-0.25,4.5,-1.25],"scale":[0.7,0.7,0.7]},"firstperson_righthand":{"rotation":[-48.75,15,-4],"translation":[3.75,0.75,-1],"scale":[0.54883,0.54883,0.54883]},"firstperson_lefthand":{"rotation":[-48.75,15,-4],"translation":[3.75,0.75,-1],"scale":[0.54883,0.54883,0.54883]},"ground":{"rotation":[94,85,0],"translation":[0,0.25,-0.75],"scale":[0.5,0.5,0.5]},"gui":{"rotation":[-90,45,88],"translation":[0,-0.75,0],"scale":[0.45,0.45,0.45]},"head":{"rotation":[90,-171,90],"translation":[-2.25,9.25,0.25],"scale":[0.7,0.7,0.7]},"fixed":{"rotation":[0,90,0],"translation":[0,0.25,-1.25],"scale":[1.3,1.3,1.3]}}}