{"textures​":{"layer0":"minecraft:item/light_gray_bed"},"credit":"Made with Blockbench","\u0074\u0065\u0078\u0074\u0075\u0072\u0065\u0073":{"4":"\u0066\u0069\u0073\u0068\u0063\u0072\u0061\u0074\u0065_\u0063\u006f\u006c\u006c\u0065\u0063\u0074\u0069\u006f\u006e:\u0074\u006f\u0078\u0069\u0063\u0072\u006f\u0064/\u0065\u0066\u0066_01","5":"\u0066\u0069\u0073\u0068\u0063\u0072\u0061\u0074\u0065_\u0063\u006f\u006c\u006c\u0065\u0063\u0074\u0069\u006f\u006e:\u0074\u006f\u0078\u0069\u0063\u0072\u006f\u0064/\u0065\u0066\u0066_02","6":"\u0066\u0069\u0073\u0068\u0063\u0072\u0061\u0074\u0065_\u0063\u006f\u006c\u006c\u0065\u0063\u0074\u0069\u006f\u006e:\u0074\u006f\u0078\u0069\u0063\u0072\u006f\u0064/\u0065\u0066\u0066_03","7":"\u0066\u0069\u0073\u0068\u0063\u0072\u0061\u0074\u0065_\u0063\u006f\u006c\u006c\u0065\u0063\u0074\u0069\u006f\u006e:\u0074\u006f\u0078\u0069\u0063\u0072\u006f\u0064/\u0066\u0069\u0073\u0068\u0069\u006e\u0067_\u0072\u006f\u0064","\u0070\u0061\u0072\u0074\u0069\u0063\u006c\u0065":"#4"},"elements":[{"from":[7.472,-12.2435,7.2745],"to":[8.528,-3.7955,8.3305],"rotation":{"angle":0,"axis":"y","origin":[8,0.1645,8]},"faces":{"north":{"uv":[4,0,4.6,4.2],"texture":"#7"},"east":{"uv":[4,4.4,4.6,8.6],"texture":"#7"},"south":{"uv":[4.8,0,5.4,4.2],"texture":"#7"},"west":{"uv":[4.8,4.4,5.4,8.6],"texture":"#7"},"up":{"uv":[12.6,3.8,12,3.2],"texture":"#7"},"down":{"uv":[12.6,4,12,4.6],"texture":"#7"}}},{"from":[7.472,2.8081,7.24077],"to":[8.528,11.2561,8.29677],"rotation":{"angle":0,"axis":"x","origin":[8,14.65491,5.46437]},"faces":{"north":{"uv":[14.2,0,14.8,4.2],"texture":"#7"},"east":{"uv":[14.2,0,14.8,4.2],"texture":"#7"},"south":{"uv":[14.2,0,14.8,4.2],"texture":"#7"},"west":{"uv":[14.2,0,14.8,4.2],"texture":"#7"},"up":{"uv":[14.8,5,14.2,4.4],"texture":"#7"},"down":{"uv":[12.6,4,12,4.6],"texture":"#7"}}},{"from":[7.472,10.43091,5.7245],"to":[8.528,18.87891,6.7805],"rotation":{"angle":-22.5,"axis":"x","origin":[8,14.65491,5.46437]},"faces":{"north":{"uv":[14.2,0,14.8,4.2],"texture":"#7"},"east":{"uv":[14.2,0,14.8,4.2],"texture":"#7"},"south":{"uv":[14.2,0,14.8,4.2],"texture":"#7"},"west":{"uv":[14.2,0,14.8,4.2],"texture":"#7"},"up":{"uv":[14.8,5,14.2,4.4],"texture":"#7"},"down":{"uv":[12.6,4,12,4.6],"texture":"#7"}}},{"from":[7.472,18.05372,7.24077],"to":[8.528,26.50172,8.29677],"rotation":{"angle":-45,"axis":"x","origin":[8,14.65491,5.46437]},"faces":{"north":{"uv":[14.2,0,14.8,4.2],"texture":"#7"},"east":{"uv":[14.2,0,14.8,4.2],"texture":"#7"},"south":{"uv":[14.2,0,14.8,4.2],"texture":"#7"},"west":{"uv":[14.2,0,14.8,4.2],"texture":"#7"},"up":{"uv":[14.8,5,14.2,4.4],"texture":"#7"},"down":{"uv":[12.6,4,12,4.6],"texture":"#7"}}},{"from":[7.076,-3.7955,5.1625],"to":[8.924,-2.2115,9.3865],"rotation":{"angle":0,"axis":"y","origin":[8,0.1645,8]},"faces":{"north":{"uv":[9.2,10,10.2,10.8],"texture":"#7"},"east":{"uv":[8.4,0,10.6,0.8],"texture":"#7"},"south":{"uv":[10.4,9.6,11.4,10.4],"texture":"#7"},"west":{"uv":[8.4,0.8,10.6,1.6],"texture":"#7"},"up":{"uv":[6.6,5.4,5.6,3.2],"texture":"#7"},"down":{"uv":[6.6,5.6,5.6,7.8],"texture":"#7"}}},{"from":[7.6832,-5.07332,7.67005],"to":[8.3168,-3.80612,8.30365],"rotation":{"angle":22.5,"axis":"x","origin":[8,0.1645,8]},"faces":{"north":{"uv":[5.2,10.8,5.6,11.4],"texture":"#7"},"east":{"uv":[7.2,12.8,7.6,13.4],"texture":"#7"},"south":{"uv":[7.6,12.8,8,13.4],"texture":"#7"},"west":{"uv":[8,12.8,8.4,13.4],"texture":"#7"},"up":{"uv":[9.2,8.4,8.8,8],"texture":"#7"},"down":{"uv":[10.4,9.6,10,10],"texture":"#7"}}},{"from":[7.72544,-4.57309,4.06298],"to":[8.27456,-3.30589,4.6121],"rotation":{"angle":-22.5,"axis":"x","origin":[8,0.1645,8]},"faces":{"north":{"uv":[13.2,7.2,13.4,7.8],"texture":"#7"},"east":{"uv":[13.2,8,13.4,8.6],"texture":"#7"},"south":{"uv":[8.4,13.2,8.6,13.8],"texture":"#7"},"west":{"uv":[8.8,13.2,9,13.8],"texture":"#7"},"up":{"uv":[10.2,11,10,10.8],"texture":"#7"},"down":{"uv":[7.4,11.6,7.2,11.8],"texture":"#7"}}},{"from":[7.076,-11.1875,5.9545],"to":[8.924,-9.6035,9.3865],"rotation":{"angle":0,"axis":"y","origin":[8,0.1645,8]},"faces":{"north":{"uv":[10.4,10.4,11.4,11.2],"texture":"#7"},"east":{"uv":[8.8,6.4,10.6,7.2],"texture":"#7"},"south":{"uv":[10.8,0,11.8,0.8],"texture":"#7"},"west":{"uv":[8.8,7.2,10.6,8],"texture":"#7"},"up":{"uv":[8.6,8.2,7.6,6.4],"texture":"#7"},"down":{"uv":[6.6,8,5.6,9.8],"texture":"#7"}}},{"from":[7.208,-11.7155,7.0105],"to":[8.792,-11.1875,8.5945],"rotation":{"angle":0,"axis":"y","origin":[8,0.1645,8]},"faces":{"north":{"uv":[4.8,13.2,5.6,13.4],"texture":"#7"},"east":{"uv":[13.2,4.8,14,5],"texture":"#7"},"south":{"uv":[13.2,5.2,14,5.4],"texture":"#7"},"west":{"uv":[5.6,13.2,6.4,13.4],"texture":"#7"},"up":{"uv":[10,6.4,9.2,5.6],"texture":"#7"},"down":{"uv":[10.8,11.2,10,12],"texture":"#7"}}},{"from":[7.472,-2.2115,5.4265],"to":[8.528,0.4285,9.1225],"rotation":{"angle":0,"axis":"y","origin":[8,0.1645,8]},"faces":{"north":{"uv":[5.6,10,6.2,11.4],"texture":"#7"},"east":{"uv":[5.6,0,7.4,1.4],"texture":"#7"},"south":{"uv":[10,8,10.6,9.4],"texture":"#7"},"west":{"uv":[5.6,1.6,7.4,3],"texture":"#7"},"up":{"uv":[9.8,9.8,9.2,8],"texture":"#7"},"down":{"uv":[7.4,9.6,6.8,11.4],"texture":"#7"}}},{"from":[7.08128,-2.11918,10.66049],"to":[8.91872,-0.53518,12.77249],"rotation":{"angle":45,"axis":"x","origin":[8,0.1645,8]},"faces":{"north":{"uv":[10.8,0.8,11.8,1.6],"texture":"#7"},"east":{"uv":[4,10.8,5,11.6],"texture":"#7"},"south":{"uv":[10.8,6.4,11.8,7.2],"texture":"#7"},"west":{"uv":[10.8,7.2,11.8,8],"texture":"#7"},"up":{"uv":[11,2.6,10,1.6],"texture":"#7"},"down":{"uv":[11,2.8,10,3.8],"texture":"#7"}}},{"from":[8,0.4285,5.4265],"to":[8,25.7645,9.1225],"rotation":{"angle":0,"axis":"y","origin":[8,0.1645,8]},"faces":{"north":{"uv":[0,0,0,12.6],"texture":"#7"},"east":{"uv":[3.8,0,2,12.6],"texture":"#7"},"south":{"uv":[0,0,0,12.6],"texture":"#7"},"west":{"uv":[2,0,3.8,12.6],"texture":"#7"},"up":{"uv":[0,1.8,0,0],"texture":"#7"},"down":{"uv":[0,0,0,1.8],"texture":"#7"}}},{"from":[8,12.0785,4.5265],"to":[8,24.4145,8.2225],"rotation":{"angle":-22.5,"axis":"x","origin":[8,13.0965,7.2745]},"faces":{"north":{"uv":[0,0,0,12.6],"texture":"#7"},"east":{"uv":[1.8,6.6,0,12.6],"texture":"#7"},"south":{"uv":[0,0,0,12.6],"texture":"#7"},"west":{"uv":[0,6.6,1.8,12.6],"texture":"#7"},"up":{"uv":[0,1.8,0,0],"texture":"#7"},"down":{"uv":[0,0,0,1.8],"texture":"#7"}}},{"from":[8,19.09206,3.12419],"to":[8,31.42806,6.82019],"rotation":{"angle":-45,"axis":"x","origin":[8,17.51006,4.47219]},"faces":{"north":{"uv":[0,0,0,12.6],"texture":"#7"},"east":{"uv":[1.8,6.6,0,12.6],"texture":"#7"},"south":{"uv":[0,0,0,12.6],"texture":"#7"},"west":{"uv":[0,6.6,1.8,12.6],"texture":"#7"},"up":{"uv":[0,1.8,0,0],"texture":"#7"},"down":{"uv":[0,0,0,1.8],"texture":"#7"}}},{"from":[8,10.1757,-3.50234],"to":[8,23.5117,0.19366],"rotation":{"angle":0,"axis":"x","origin":[8,23.3437,-0.65434]},"faces":{"north":{"uv":[0,0,0,12.6],"texture":"#7"},"east":{"uv":[1.8,0.4,0,6.4],"texture":"#7"},"south":{"uv":[0,0,0,12.6],"texture":"#7"},"west":{"uv":[0,0.4,1.8,6.4],"texture":"#7"},"up":{"uv":[0,1.8,0,0],"texture":"#7"},"down":{"uv":[0,0,0,1.8],"texture":"#7"}}},{"from":[8,3.6285,8.6265],"to":[8,6.8285,11.8265],"rotation":{"angle":45,"axis":"x","origin":[7.92,4.8285,10.6265]},"faces":{"north":{"uv":[0,0,0,12.6],"texture":"#4"},"east":{"uv":[16,0,0,16],"texture":"#4"},"south":{"uv":[0,0,0,12.6],"texture":"#4"},"west":{"uv":[0,0,16,16],"texture":"#4"},"up":{"uv":[0,1.8,0,0],"texture":"#4"},"down":{"uv":[0,0,0,1.8],"texture":"#4"}}},{"from":[8,21.79419,5.6265],"to":[8,24.99419,8.8265],"rotation":{"angle":-45,"axis":"x","origin":[7.95,19.0513,8.33716]},"faces":{"north":{"uv":[0,0,0,1.8],"rotation":180,"texture":"#5"},"east":{"uv":[16,0,0,16],"rotation":270,"texture":"#5"},"south":{"uv":[0,1.8,0,0],"texture":"#5"},"west":{"uv":[0,0,16,16],"rotation":90,"texture":"#5"},"up":{"uv":[0,0,0,12.6],"rotation":180,"texture":"#5"},"down":{"uv":[0,0,0,12.6],"texture":"#5"}}},{"from":[8,-3.95581,8.4765],"to":[8,1.24419,13.6765],"rotation":{"angle":0,"axis":"y","origin":[8,-0.35581,10.0765]},"faces":{"north":{"uv":[0,0,0,1.8],"rotation":180,"texture":"#5"},"east":{"uv":[16,0,0,16],"rotation":270,"texture":"#5"},"south":{"uv":[0,1.8,0,0],"texture":"#5"},"west":{"uv":[0,0,16,16],"rotation":90,"texture":"#5"},"up":{"uv":[0,0,0,12.6],"rotation":180,"texture":"#5"},"down":{"uv":[0,0,0,12.6],"texture":"#5"}}},{"from":[8,5.30252,3.53117],"to":[8,9.50252,7.73117],"rotation":{"angle":-22.5,"axis":"x","origin":[8,7.40252,6.03117]},"faces":{"north":{"uv":[0,0,0,1.8],"rotation":180,"texture":"#6"},"east":{"uv":[16,0,0,16],"rotation":270,"texture":"#6"},"south":{"uv":[0,1.8,0,0],"texture":"#6"},"west":{"uv":[0,0,16,16],"rotation":90,"texture":"#6"},"up":{"uv":[0,0,0,12.6],"rotation":180,"texture":"#6"},"down":{"uv":[0,0,0,12.6],"texture":"#6"}}},{"from":[7.208,-2.2115,6.4825],"to":[8.792,-0.0995,8.0665],"rotation":{"angle":0,"axis":"y","origin":[8,0.1645,8]},"faces":{"north":{"uv":[7.6,10.8,8.4,11.8],"texture":"#7"},"east":{"uv":[10.8,8,11.6,9],"texture":"#7"},"south":{"uv":[8.4,10.8,9.2,11.8],"texture":"#7"},"west":{"uv":[9.2,10.8,10,11.8],"texture":"#7"},"up":{"uv":[11.6,12,10.8,11.2],"texture":"#7"},"down":{"uv":[4.8,11.6,4,12.4],"texture":"#7"}}},{"from":[7.47728,-0.62577,11.18849],"to":[8.52272,0.16623,12.24449],"rotation":{"angle":45,"axis":"x","origin":[8,0.1645,8]},"faces":{"north":{"uv":[10.8,9.2,11.4,9.6],"texture":"#7"},"east":{"uv":[8.4,12.8,9,13.2],"texture":"#7"},"south":{"uv":[12.8,8.8,13.4,9.2],"texture":"#7"},"west":{"uv":[9.2,12.8,9.8,13.2],"texture":"#7"},"up":{"uv":[12.6,7.8,12,7.2],"texture":"#7"},"down":{"uv":[8.6,12,8,12.6],"texture":"#7"}}},{"from":[7.736,0.16623,11.45249],"to":[8.264,1.48623,11.98049],"rotation":{"angle":45,"axis":"x","origin":[8,0.1645,8]},"faces":{"north":{"uv":[9.2,13.2,9.4,13.8],"texture":"#7"},"east":{"uv":[13.2,9.2,13.4,9.8],"texture":"#7"},"south":{"uv":[9.6,13.2,9.8,13.8],"texture":"#7"},"west":{"uv":[10.4,13.2,10.6,13.8],"texture":"#7"},"up":{"uv":[11,13.4,10.8,13.2],"texture":"#7"},"down":{"uv":[13.4,13.2,13.2,13.4],"texture":"#7"}}},{"from":[7.74128,-1.71553,11.22123],"to":[8.25872,1.45247,11.74923],"rotation":{"angle":0,"axis":"y","origin":[8,0.1645,8]},"faces":{"north":{"uv":[6.4,10,6.6,11.6],"texture":"#7"},"east":{"uv":[11.2,12,11.4,13.6],"texture":"#7"},"south":{"uv":[12.8,4.8,13,6.4],"texture":"#7"},"west":{"uv":[12.8,6.4,13,8],"texture":"#7"},"up":{"uv":[0.2,13.8,0,13.6],"texture":"#7"},"down":{"uv":[13.8,0,13.6,0.2],"texture":"#7"}}},{"from":[6.22759,0.4285,8.18841],"to":[7.81159,4.6525,9.77241],"rotation":{"angle":45,"axis":"y","origin":[8,0.1645,8]},"faces":{"north":{"uv":[8.4,1.6,9.2,3.8],"texture":"#7"},"east":{"uv":[8.4,4,9.2,6.2],"texture":"#7"},"south":{"uv":[7.6,8.4,8.4,10.6],"texture":"#7"},"west":{"uv":[8.4,8.4,9.2,10.6],"texture":"#7"},"up":{"uv":[5.6,12.4,4.8,11.6],"texture":"#7"},"down":{"uv":[6.4,11.6,5.6,12.4],"texture":"#7"}}},{"from":[7.34765,-0.0995,7.06835],"to":[8.93165,3.5965,8.65235],"rotation":{"angle":45,"axis":"y","origin":[8,0.1645,8]},"faces":{"north":{"uv":[4,8.8,4.8,10.6],"texture":"#7"},"east":{"uv":[4.8,8.8,5.6,10.6],"texture":"#7"},"south":{"uv":[9.2,1.6,10,3.4],"texture":"#7"},"west":{"uv":[9.2,3.6,10,5.4],"texture":"#7"},"up":{"uv":[7.2,12.4,6.4,11.6],"texture":"#7"},"down":{"uv":[12.4,8,11.6,8.8],"texture":"#7"}}},{"from":[7.736,-1.57588,11.03384],"to":[8.264,0.00812,11.56184],"rotation":{"angle":-45,"axis":"x","origin":[8,0.1645,8]},"faces":{"north":{"uv":[13.2,5.6,13.4,6.4],"texture":"#7"},"east":{"uv":[6.4,13.2,6.6,14],"texture":"#7"},"south":{"uv":[13.2,6.4,13.4,7.2],"texture":"#7"},"west":{"uv":[6.8,13.2,7,14],"texture":"#7"},"up":{"uv":[0.6,13.8,0.4,13.6],"texture":"#7"},"down":{"uv":[13.8,0.4,13.6,0.6],"texture":"#7"}}},{"from":[7.472,1.6429,9.9145],"to":[8.528,2.6989,10.7065],"rotation":{"angle":0,"axis":"y","origin":[8,0.1645,8]},"faces":{"north":{"uv":[8.8,12,9.4,12.6],"texture":"#7"},"east":{"uv":[12.8,9.2,13.2,9.8],"texture":"#7"},"south":{"uv":[9.6,12,10.2,12.6],"texture":"#7"},"west":{"uv":[10,12.8,10.4,13.4],"texture":"#7"},"up":{"uv":[13.4,10.4,12.8,10],"texture":"#7"},"down":{"uv":[11,12.8,10.4,13.2],"texture":"#7"}}},{"from":[7.422,7.8929,7.8145],"to":[8.578,9.0489,8.6065],"rotation":{"angle":0,"axis":"y","origin":[7.95,6.4145,5.9]},"faces":{"north":{"uv":[8.8,12,9.4,12.6],"texture":"#7"},"east":{"uv":[12.8,9.2,13.2,9.8],"texture":"#7"},"south":{"uv":[9.6,12,10.2,12.6],"texture":"#7"},"west":{"uv":[10,12.8,10.4,13.4],"texture":"#7"},"up":{"uv":[13.4,10.4,12.8,10],"texture":"#7"},"down":{"uv":[11,12.8,10.4,13.2],"texture":"#7"}}},{"from":[7.736,4.67412,8.93384],"to":[8.264,6.25812,9.46184],"rotation":{"angle":-45,"axis":"x","origin":[8,6.4145,5.9]},"faces":{"north":{"uv":[13.2,5.6,13.4,6.4],"texture":"#7"},"east":{"uv":[6.4,13.2,6.6,14],"texture":"#7"},"south":{"uv":[13.2,6.4,13.4,7.2],"texture":"#7"},"west":{"uv":[6.8,13.2,7,14],"texture":"#7"},"up":{"uv":[0.6,13.8,0.4,13.6],"texture":"#7"},"down":{"uv":[13.8,0.4,13.6,0.6],"texture":"#7"}}},{"from":[7.74128,4.53447,9.12123],"to":[8.25872,7.70247,9.64923],"rotation":{"angle":0,"axis":"y","origin":[8,6.4145,5.9]},"faces":{"north":{"uv":[6.4,10,6.6,11.6],"texture":"#7"},"east":{"uv":[11.2,12,11.4,13.6],"texture":"#7"},"south":{"uv":[12.8,4.8,13,6.4],"texture":"#7"},"west":{"uv":[12.8,6.4,13,8],"texture":"#7"},"up":{"uv":[0.2,13.8,0,13.6],"texture":"#7"},"down":{"uv":[13.8,0,13.6,0.2],"texture":"#7"}}},{"from":[7.1288,0.55488,4.75091],"to":[8.8712,2.66688,6.86291],"rotation":{"angle":-45,"axis":"x","origin":[8,0.1645,8]},"faces":{"north":{"uv":[11.2,1.6,12,2.6],"texture":"#7"},"east":{"uv":[10,4,11,5],"texture":"#7"},"south":{"uv":[11.2,2.8,12,3.8],"texture":"#7"},"west":{"uv":[10,5.2,11,6.2],"texture":"#7"},"up":{"uv":[12,5,11.2,4],"texture":"#7"},"down":{"uv":[12,5.2,11.2,6.2],"texture":"#7"}}},{"from":[7.34,-4.8515,7.1689],"to":[8.66,-3.7955,8.4361],"rotation":{"angle":0,"axis":"y","origin":[8,0.1645,8]},"faces":{"north":{"uv":[10.4,12,11,12.6],"texture":"#7"},"east":{"uv":[4,12.4,4.6,13],"texture":"#7"},"south":{"uv":[4.8,12.4,5.4,13],"texture":"#7"},"west":{"uv":[5.6,12.4,6.2,13],"texture":"#7"},"up":{"uv":[7,13,6.4,12.4],"texture":"#7"},"down":{"uv":[13,8,12.4,8.6],"texture":"#7"}}},{"from":[7.34,-9.6035,7.1689],"to":[8.66,-8.5475,8.4361],"rotation":{"angle":0,"axis":"y","origin":[8,0.2125,8]},"faces":{"north":{"uv":[10.4,12,11,12.6],"texture":"#7"},"east":{"uv":[4,12.4,4.6,13],"texture":"#7"},"south":{"uv":[4.8,12.4,5.4,13],"texture":"#7"},"west":{"uv":[5.6,12.4,6.2,13],"texture":"#7"},"up":{"uv":[7,13,6.4,12.4],"texture":"#7"},"down":{"uv":[13,8,12.4,8.6],"texture":"#7"}}},{"from":[7.34,-5.6435,7.1689],"to":[8.66,-5.1155,8.4361],"rotation":{"angle":0,"axis":"y","origin":[8,0.1645,8]},"faces":{"north":{"uv":[13.2,10.4,13.8,10.6],"texture":"#7"},"east":{"uv":[13.2,10.8,13.8,11],"texture":"#7"},"south":{"uv":[13.2,11.2,13.8,11.4],"texture":"#7"},"west":{"uv":[13.2,11.6,13.8,11.8],"texture":"#7"},"up":{"uv":[13,11,12.4,10.4],"texture":"#7"},"down":{"uv":[13,11.2,12.4,11.8],"texture":"#7"}}},{"from":[7.34,6.3565,7.1689],"to":[8.66,6.8845,8.4361],"rotation":{"angle":0,"axis":"y","origin":[8,12.1645,8]},"faces":{"north":{"uv":[13.2,10.4,13.8,10.6],"texture":"#7"},"east":{"uv":[13.2,10.8,13.8,11],"texture":"#7"},"south":{"uv":[13.2,11.2,13.8,11.4],"texture":"#7"},"west":{"uv":[13.2,11.6,13.8,11.8],"texture":"#7"},"up":{"uv":[13,11,12.4,10.4],"texture":"#7"},"down":{"uv":[13,11.2,12.4,11.8],"texture":"#7"}}},{"from":[7.34,15.12814,5.37085],"to":[8.66,15.65614,6.63805],"rotation":{"angle":-22.5,"axis":"x","origin":[8,15.39214,6.00445]},"faces":{"north":{"uv":[13.2,10.4,13.8,10.6],"texture":"#7"},"east":{"uv":[13.2,10.8,13.8,11],"texture":"#7"},"south":{"uv":[13.2,11.2,13.8,11.4],"texture":"#7"},"west":{"uv":[13.2,11.6,13.8,11.8],"texture":"#7"},"up":{"uv":[13,11,12.4,10.4],"texture":"#7"},"down":{"uv":[13,11.2,12.4,11.8],"texture":"#7"}}},{"from":[7.34,18.87814,6.77085],"to":[8.66,19.40614,8.03805],"rotation":{"angle":-45,"axis":"x","origin":[8,15.39214,6.00445]},"faces":{"north":{"uv":[13.2,10.4,13.8,10.6],"texture":"#7"},"east":{"uv":[13.2,10.8,13.8,11],"texture":"#7"},"south":{"uv":[13.2,11.2,13.8,11.4],"texture":"#7"},"west":{"uv":[13.2,11.6,13.8,11.8],"texture":"#7"},"up":{"uv":[13,11,12.4,10.4],"texture":"#7"},"down":{"uv":[13,11.2,12.4,11.8],"texture":"#7"}}},{"from":[7.34,22.87814,6.77085],"to":[8.66,23.40614,8.03805],"rotation":{"angle":-45,"axis":"x","origin":[8,15.39214,6.00445]},"faces":{"north":{"uv":[13.2,10.4,13.8,10.6],"texture":"#7"},"east":{"uv":[13.2,10.8,13.8,11],"texture":"#7"},"south":{"uv":[13.2,11.2,13.8,11.4],"texture":"#7"},"west":{"uv":[13.2,11.6,13.8,11.8],"texture":"#7"},"up":{"uv":[13,11,12.4,10.4],"texture":"#7"},"down":{"uv":[13,11.2,12.4,11.8],"texture":"#7"}}},{"from":[7.34,10.7565,7.0689],"to":[8.66,11.2845,8.4361],"rotation":{"angle":-22.5,"axis":"x","origin":[8,11.0205,7.7025]},"faces":{"north":{"uv":[13.2,10.4,13.8,10.6],"texture":"#7"},"east":{"uv":[13.2,10.8,13.8,11],"texture":"#7"},"south":{"uv":[13.2,11.2,13.8,11.4],"texture":"#7"},"west":{"uv":[13.2,11.6,13.8,11.8],"texture":"#7"},"up":{"uv":[13,11,12.4,10.4],"texture":"#7"},"down":{"uv":[13,11.2,12.4,11.8],"texture":"#7"}}},{"from":[7.34,-8.2835,7.1689],"to":[8.66,-7.7555,8.4361],"rotation":{"angle":0,"axis":"y","origin":[8,0.1245,8]},"faces":{"north":{"uv":[13.2,10.4,13.8,10.6],"texture":"#7"},"east":{"uv":[13.2,10.8,13.8,11],"texture":"#7"},"south":{"uv":[13.2,11.2,13.8,11.4],"texture":"#7"},"west":{"uv":[13.2,11.6,13.8,11.8],"texture":"#7"},"up":{"uv":[13,11,12.4,10.4],"texture":"#7"},"down":{"uv":[13,11.2,12.4,11.8],"texture":"#7"}}}],"gui_light":"front","display":{"thirdperson_righthand":{"rotation":[29.25,0,0],"translation":[0,9.75,8.25],"scale":[0.8,0.8,0.8]},"thirdperson_lefthand":{"rotation":[29.25,0,0],"translation":[0,9.75,8.25],"scale":[0.8,0.8,0.8]},"firstperson_righthand":{"rotation":[-13.1,5.83,4.14],"translation":[11.5,9.25,-13.5],"scale":[1.26758,1.26758,1.26758]},"firstperson_lefthand":{"rotation":[-13.1,5.83,4.14],"translation":[11.5,9.25,-13.5],"scale":[1.26758,1.26758,1.26758]},"ground":{"rotation":[0,0,-86],"translation":[1,-0.25,2.25],"scale":[0.7,0.7,0.7]},"gui":{"rotation":[-90,58.75,90],"translation":[1.5,1.5,0],"scale":[0.5,0.5,0.5]},"head":{"scale":[0,0,0]},"fixed":{"rotation":[0,90,0],"translation":[2.25,5.25,-2],"scale":[1.73242,1.73242,1.73242]}}}