{"textures​":{"layer0":"minecraft:item/void_air"},"credit":"MadebyPolygonMC","texture_size":[20,20],"\u0074\u0065\u0078\u0074\u0075\u0072\u0065\u0073":{"0":"\u006c\u0075\u006e\u0061\u0072\u0073\u0065\u0074:\u0061\u006e\u0069\u006d\u0061\u0074\u0069\u006f\u006e\u0073_2","2":"\u006c\u0075\u006e\u0061\u0072\u0073\u0065\u0074:\u0073\u0074\u0061\u0066\u0066","3":"\u006c\u0075\u006e\u0061\u0072\u0073\u0065\u0074:\u0061\u006e\u0069\u006d\u0061\u0074\u0069\u006f\u006e\u0073_1","\u0070\u0061\u0072\u0074\u0069\u0063\u006c\u0065":"\u006c\u0075\u006e\u0061\u0072\u0073\u0065\u0074:\u0061\u006e\u0069\u006d\u0061\u0074\u0069\u006f\u006e\u0073_2"},"elements":[{"from":[7.25,1,7.25],"to":[8.75,1.5,8.75],"rotation":{"angle":0,"axis":"y","origin":[7.5,0,7.5]},"faces":{"north":{"uv":[12,4.8,13.2,5.2],"texture":"#2"},"east":{"uv":[12,5.6,13.2,6],"texture":"#2"},"south":{"uv":[12,6.4,13.2,6.8],"texture":"#2"},"west":{"uv":[12,7.2,13.2,7.6],"texture":"#2"},"up":{"uv":[10,9.2,8.8,8],"texture":"#2"},"down":{"uv":[10.8,0,9.6,1.2],"texture":"#2"}}},{"from":[7.75,-0.75,7],"to":[8.25,1.25,7.75],"rotation":{"angle":-45,"axis":"x","origin":[8,0.25,8]},"faces":{"north":{"uv":[6.4,11.2,6.8,12.8],"texture":"#2"},"east":{"uv":[4,10.4,4.6,12],"texture":"#2"},"south":{"uv":[11.2,6.4,11.6,8],"texture":"#2"},"west":{"uv":[10.4,5.6,11,7.2],"texture":"#2"},"up":{"uv":[13.2,1.4,12.8,0.8],"texture":"#2"},"down":{"uv":[2,12.8,1.6,13.4],"texture":"#2"}}},{"from":[7.75,-0.75,8.25],"to":[8.25,1.25,9],"rotation":{"angle":-45,"axis":"x","origin":[8,0.25,8]},"faces":{"north":{"uv":[7.2,11.2,7.6,12.8],"texture":"#2"},"east":{"uv":[10.4,7.2,11,8.8],"texture":"#2"},"south":{"uv":[8,11.2,8.4,12.8],"texture":"#2"},"west":{"uv":[11.2,0,11.8,1.6],"texture":"#2"},"up":{"uv":[13.2,2.2,12.8,1.6],"texture":"#2"},"down":{"uv":[2.8,12.8,2.4,13.4],"texture":"#2"}}},{"from":[7.75,0.5,7.75],"to":[8.25,1.25,8.25],"rotation":{"angle":-45,"axis":"x","origin":[8,0.25,8]},"faces":{"east":{"uv":[12.8,2.4,13.2,3],"texture":"#2"},"west":{"uv":[3.2,12.8,3.6,13.4],"texture":"#2"},"up":{"uv":[13.2,4.4,12.8,4],"texture":"#2"},"down":{"uv":[5.2,12.8,4.8,13.2],"texture":"#2"}}},{"from":[7.75,-0.75,7.75],"to":[8.25,0,8.25],"rotation":{"angle":-45,"axis":"x","origin":[8,0.25,8]},"faces":{"east":{"uv":[12.8,3.2,13.2,3.8],"texture":"#2"},"west":{"uv":[4,12.8,4.4,13.4],"texture":"#2"},"up":{"uv":[6,13.2,5.6,12.8],"texture":"#2"},"down":{"uv":[6.8,12.8,6.4,13.2],"texture":"#2"}}},{"from":[7.4,20.8,6.9],"to":[8.6,23,9.1],"rotation":{"angle":-45,"axis":"x","origin":[8,21.9,8]},"faces":{"north":{"uv":[7.2,7.2,8.2,9],"texture":"#2"},"east":{"uv":[6.4,0,8.2,1.8],"texture":"#2"},"south":{"uv":[8.4,0,9.4,1.8],"texture":"#2"},"west":{"uv":[0,7.4,1.8,9.2],"texture":"#2"},"up":{"uv":[4.2,9.8,3.2,8],"texture":"#2"},"down":{"uv":[9,4,8,5.8],"texture":"#2"}}},{"from":[7.1,21.1,7.2],"to":[8.9,22.7,8.8],"rotation":{"angle":-45,"axis":"x","origin":[8,21.9,8]},"faces":{"north":{"uv":[0,9.2,1.4,10.4],"texture":"#2"},"east":{"uv":[9.6,4,10.8,5.2],"texture":"#2"},"south":{"uv":[1.6,9.2,3,10.4],"texture":"#2"},"west":{"uv":[4.8,9.6,6,10.8],"texture":"#2"},"up":{"uv":[10.2,3.6,8.8,2.4],"texture":"#2"},"down":{"uv":[10.2,6.4,8.8,7.6],"texture":"#2"}}},{"from":[7.5,20.75,5],"to":[8.5,22.75,8],"rotation":{"angle":-22.5,"axis":"x","origin":[8,21.75,6.5]},"faces":{"north":{"uv":[7.2,4,8,5.6],"texture":"#2"},"east":{"uv":[4.8,2.4,7.2,4],"texture":"#2"},"south":{"uv":[1.6,10.4,2.4,12],"texture":"#2"},"west":{"uv":[4.8,4,7.2,5.6],"texture":"#2"},"up":{"uv":[3,9.2,2.2,6.8],"texture":"#2"},"down":{"uv":[7.2,7.2,6.4,9.6],"texture":"#2"}}},{"from":[7.75,22.75,7],"to":[8.25,24.75,9],"rotation":{"angle":-45,"axis":"x","origin":[8,23.75,8]},"faces":{"north":{"uv":[11.2,8,11.6,9.6],"texture":"#2"},"east":{"uv":[6.4,5.6,8,7.2],"texture":"#2"},"south":{"uv":[8.8,11.2,9.2,12.8],"texture":"#2"},"west":{"uv":[7.2,2.4,8.8,4],"texture":"#2"},"up":{"uv":[10,12.8,9.6,11.2],"texture":"#2"},"down":{"uv":[11.6,9.6,11.2,11.2],"texture":"#2"}}},{"from":[7.725,24.51295,7],"to":[8.275,25.92895,8.416],"rotation":{"angle":-45,"axis":"x","origin":[8,25.51295,8]},"faces":{"north":{"uv":[12,8,12.4,9.2],"texture":"#2"},"east":{"uv":[6.4,9.6,7.6,10.8],"texture":"#2"},"south":{"uv":[12,9.6,12.4,10.8],"texture":"#2"},"west":{"uv":[8,9.6,9.2,10.8],"texture":"#2"},"up":{"uv":[10.8,13.2,10.4,12],"texture":"#2"},"down":{"uv":[11.6,12,11.2,13.2],"texture":"#2"}}},{"from":[7.5,20.75,8],"to":[8.5,22.75,11],"rotation":{"angle":22.5,"axis":"x","origin":[8,21.75,9.5]},"faces":{"north":{"uv":[2.4,10.4,1.6,12],"texture":"#2"},"east":{"uv":[7.2,2.4,4.8,4],"texture":"#2"},"south":{"uv":[8,4,7.2,5.6],"texture":"#2"},"west":{"uv":[7.2,4,4.8,5.6],"texture":"#2"},"up":{"uv":[3,6.8,2.2,9.2],"texture":"#2"},"down":{"uv":[7.2,9.6,6.4,7.2],"texture":"#2"}}},{"from":[7.25,12,7.25],"to":[8.75,12.5,8.75],"rotation":{"angle":0,"axis":"y","origin":[7.5,6.5,7.5]},"faces":{"north":{"uv":[12,11.2,13.2,11.6],"texture":"#2"},"east":{"uv":[12,12,13.2,12.4],"texture":"#2"},"south":{"uv":[0,12.8,1.2,13.2],"texture":"#2"},"west":{"uv":[12.8,0,14,0.4],"texture":"#2"},"up":{"uv":[10.8,10.8,9.6,9.6],"texture":"#2"},"down":{"uv":[1.2,10.4,0,11.6],"texture":"#2"}}},{"from":[7.5,8,7.5],"to":[8.5,9,8.5],"rotation":{"angle":0,"axis":"y","origin":[7.5,6.5,7.5]},"faces":{"north":{"uv":[8,6.4,8.8,7.2],"texture":"#2"},"east":{"uv":[9.6,1.6,10.4,2.4],"texture":"#2"},"south":{"uv":[9.6,5.6,10.4,6.4],"texture":"#2"},"west":{"uv":[10.4,3.2,11.2,4],"texture":"#2"},"up":{"uv":[11.2,9.6,10.4,8.8],"texture":"#2"}}},{"from":[7.5,11,7.5],"to":[8.5,12,8.5],"rotation":{"angle":0,"axis":"y","origin":[7.5,7,7.5]},"faces":{"north":{"uv":[10.4,11.2,11.2,12],"texture":"#2"},"east":{"uv":[11.2,11.2,12,12],"texture":"#2"},"south":{"uv":[0,12,0.8,12.8],"texture":"#2"},"west":{"uv":[12,0,12.8,0.8],"texture":"#2"},"up":{"uv":[1.6,12.8,0.8,12],"texture":"#2"},"down":{"uv":[12.8,0.8,12,1.6],"texture":"#2"}}},{"from":[7.6,9,7.6],"to":[8.4,11,8.4],"rotation":{"angle":0,"axis":"y","origin":[7.5,6.5,7.5]},"faces":{"north":{"uv":[11.2,3.2,11.8,4.8],"texture":"#2"},"east":{"uv":[4.8,11.2,5.4,12.8],"texture":"#2"},"south":{"uv":[11.2,4.8,11.8,6.4],"texture":"#2"},"west":{"uv":[5.6,11.2,6.2,12.8],"texture":"#2"}}},{"from":[7.5,12.5,7.5],"to":[8.5,13.5,8.5],"rotation":{"angle":0,"axis":"y","origin":[7.5,12.5,7.5]},"faces":{"north":{"uv":[1.6,12,2.4,12.8],"texture":"#2"},"east":{"uv":[12,1.6,12.8,2.4],"texture":"#2"},"south":{"uv":[2.4,12,3.2,12.8],"texture":"#2"},"west":{"uv":[12,2.4,12.8,3.2],"texture":"#2"}}},{"from":[7.5,20,7.5],"to":[8.5,21,8.5],"rotation":{"angle":0,"axis":"y","origin":[7.5,20,7.5]},"faces":{"north":{"uv":[3.2,12,4,12.8],"texture":"#2"},"east":{"uv":[12,3.2,12.8,4],"texture":"#2"},"south":{"uv":[4,12,4.8,12.8],"texture":"#2"},"west":{"uv":[12,4,12.8,4.8],"texture":"#2"}}},{"from":[7.35,13.5,7.35],"to":[8.65,20,8.65],"rotation":{"angle":0,"axis":"y","origin":[7.5,19,7.5]},"faces":{"north":{"uv":[3.8,2.4,4.8,7.6],"texture":"#2"},"east":{"uv":[3.8,2.4,4.8,7.6],"texture":"#2"},"south":{"uv":[3.8,2.4,4.8,7.6],"texture":"#2"},"west":{"uv":[3.8,2.4,4.8,7.6],"texture":"#2"},"up":{"uv":[11.4,2.6,10.4,1.6],"texture":"#2"},"down":{"uv":[3.4,10.4,2.4,11.4],"texture":"#2"}}},{"from":[7.35,1.5,7.35],"to":[8.65,8,8.65],"rotation":{"angle":0,"axis":"y","origin":[7.5,7,7.5]},"faces":{"north":{"uv":[3.8,2.4,4.8,7.6],"texture":"#2"},"east":{"uv":[3.8,2.4,4.8,7.6],"texture":"#2"},"south":{"uv":[3.8,2.4,4.8,7.6],"texture":"#2"},"west":{"uv":[3.8,2.4,4.8,7.6],"texture":"#2"},"up":{"uv":[11.4,2.6,10.4,1.6],"texture":"#2"}}},{"from":[4,23.625,7.975],"to":[12,31.625,8.025],"rotation":{"angle":-45,"axis":"x","origin":[8,27.625,8]},"faces":{"north":{"uv":[0,0,16,16],"rotation":90,"texture":"#3"},"south":{"uv":[0,16,16,0],"rotation":90,"texture":"#3"}}},{"from":[4,27.6,4],"to":[12,27.65,12],"rotation":{"angle":-45,"axis":"x","origin":[8,27.625,8]},"faces":{"up":{"uv":[0,0,16,16],"rotation":90,"texture":"#3"},"down":{"uv":[0,16,16,0],"rotation":270,"texture":"#3"}}},{"from":[6.5,26,6.5],"to":[9.5,29,9.5],"rotation":{"angle":-45,"axis":"x","origin":[8,27.5,8]},"faces":{"north":{"uv":[3.8,0,6.2,2.4],"texture":"#2"},"east":{"uv":[3.8,0,6.2,2.4],"texture":"#2"},"south":{"uv":[3.8,0,6.2,2.4],"texture":"#2"},"west":{"uv":[3.8,0,6.2,2.4],"texture":"#2"},"up":{"uv":[3.8,0,6.2,2.4],"texture":"#2"},"down":{"uv":[3.8,0,6.2,2.4],"texture":"#2"}}},{"from":[8,22.6,2.875],"to":[8.05,30.6,6.875],"rotation":{"angle":0,"axis":"y","origin":[8.025,26.6,4.875]},"faces":{"east":{"uv":[3.2,6.4,0,0],"texture":"#2"},"west":{"uv":[0,6.4,3.2,0],"texture":"#2"}}},{"from":[8,22.6,9.125],"to":[8.05,30.6,13.125],"rotation":{"angle":0,"axis":"y","origin":[8.025,26.6,11.125]},"faces":{"east":{"uv":[0,6.4,3.2,0],"texture":"#2"},"west":{"uv":[3.2,6.4,0,0],"texture":"#2"}}},{"from":[7.975,17.16486,4.225],"to":[8.025,21.36486,6.025],"rotation":{"angle":22.5,"axis":"y","origin":[8,19.26486,5.125]},"faces":{"east":{"uv":[3.5,0,0,8.5],"texture":"#0"},"west":{"uv":[0,0,3.5,8.5],"texture":"#0"}}},{"from":[7.975,18.56486,2.425],"to":[8.025,22.76486,4.225],"rotation":{"angle":22.5,"axis":"y","origin":[8,20.66486,3.325]},"faces":{"east":{"uv":[3.5,0,0,8.5],"texture":"#0"},"west":{"uv":[0,0,3.5,8.5],"texture":"#0"}}},{"from":[7.975,18.56486,11.775],"to":[8.025,22.76486,13.575],"rotation":{"angle":-22.5,"axis":"y","origin":[8,20.66486,12.675]},"faces":{"east":{"uv":[0,0,3.5,8.5],"texture":"#0"},"west":{"uv":[3.5,0,0,8.5],"texture":"#0"}}},{"from":[7.975,17.16486,9.975],"to":[8.025,21.36486,11.775],"rotation":{"angle":-22.5,"axis":"y","origin":[8,19.26486,10.875]},"faces":{"east":{"uv":[0,0,3.5,8.5],"texture":"#0"},"west":{"uv":[3.5,0,0,8.5],"texture":"#0"}}}],"gui_light":"front","display":{"thirdperson_righthand":{"translation":[0,-4,1.25]},"thirdperson_lefthand":{"translation":[0,-4,1.25]},"firstperson_righthand":{"rotation":[-10,0,0],"translation":[0,-4.5,0]},"firstperson_lefthand":{"rotation":[-10,0,0],"translation":[0,-4.5,0]},"ground":{"translation":[0,10,0]},"gui":{"rotation":[-90,45,90],"translation":[3.75,-3.75,0],"scale":[0.73437,0.73437,0.73437]},"head":{"scale":[0,0,0]},"fixed":{"rotation":[0,90,0],"translation":[0,-13.5,-0.5],"scale":[2.5,2.5,2.5]}}}