{"credit":"MadewithBlockbench","texture_size":[32,32],"textures":{"0":"elitecreatures:retro_cosmetic_set/tex1","1":"elitecreatures:retro_cosmetic_set/ani1","particle":"elitecreatures:retro_cosmetic_set/tex1"},"elements":[{"from":[9.15,10.5,1.5],"to":[10.85,12,2],"rotation":{"angle":0,"axis":"y","origin":[4,16,0]},"faces":{"north":{"uv":[14.25,10.5,15,9.75],"texture":"#0"},"east":{"uv":[14,10.5,14.25,9.75],"texture":"#0"},"south":{"uv":[14.25,10.5,15,9.75],"texture":"#0"},"west":{"uv":[14,10.5,14.25,9.75],"texture":"#0"},"up":{"uv":[14.25,9.75,15,9.5],"texture":"#0"},"down":{"uv":[14.25,9.75,15,9.5],"texture":"#0"}}},{"from":[5.275,1.91768,-3.68887],"to":[6.725,6.76768,-3.18887],"rotation":{"angle":-45,"axis":"x","origin":[6,8.26768,0.51113]},"faces":{"north":{"uv":[12,10.5,12.75,13],"texture":"#0"},"east":{"uv":[11.75,10.5,12,13],"texture":"#0"},"south":{"uv":[11,10.5,11.75,13],"texture":"#0"},"west":{"uv":[11.75,10.5,12,13],"texture":"#0"},"up":{"uv":[12,10.25,12.75,10.5],"texture":"#0"},"down":{"uv":[12,10.25,12.75,10.5],"texture":"#0"}}},{"from":[5.25,3.8,1.65],"to":[6.75,11.5,2.15],"rotation":{"angle":22.5,"axis":"x","origin":[6,11.75,1.25]},"faces":{"north":{"uv":[14.5,4.75,15.25,8.5],"texture":"#0"},"east":{"uv":[14.25,4.75,14.5,8.5],"texture":"#0"},"south":{"uv":[15.25,4.75,16,8.5],"texture":"#0"},"west":{"uv":[14.25,4.75,14.5,8.5],"texture":"#0"},"up":{"uv":[15.25,4.5,16,4.75],"texture":"#0"},"down":{"uv":[15.25,4.5,16,4.75],"texture":"#0"}}},{"from":[4,1,6],"to":[12,5,7],"rotation":{"angle":0,"axis":"y","origin":[0,-1,0]},"faces":{"north":{"uv":[11.5,14,15.5,16],"texture":"#1"},"east":{"uv":[15.5,14,16,16],"texture":"#1"},"south":{"uv":[11.5,14,15.5,16],"texture":"#1"},"west":{"uv":[15.5,14,16,16],"texture":"#1"},"up":{"uv":[11.5,13.5,15.5,14],"texture":"#1"},"down":{"uv":[11.5,13,15.5,13.5],"texture":"#1"}}},{"from":[12.25,-1.5,6.5],"to":[12.25,3.5,9.5],"rotation":{"angle":-22.5,"axis":"x","origin":[12.25,1,7]},"faces":{"north":{"uv":[9.5,13.5,9.5,16],"texture":"#0"},"east":{"uv":[9.5,13.5,11,16],"texture":"#0"},"south":{"uv":[9.5,13.5,9.5,16],"texture":"#0"},"west":{"uv":[11,13.5,9.5,16],"texture":"#0"},"up":{"uv":[9.5,14,9.5,15.5],"texture":"#0"},"down":{"uv":[9.5,14,9.5,15.5],"texture":"#0"}}},{"from":[1.75,2,2],"to":[3,7,6],"rotation":{"angle":0,"axis":"y","origin":[-1,0,0]},"faces":{"north":{"uv":[15.5,8.5,16,11],"texture":"#0"},"east":{"uv":[13.5,10.5,15.5,13],"texture":"#0"},"south":{"uv":[16,8.5,15.5,11],"texture":"#0"},"west":{"uv":[13.5,10.5,15.5,13],"texture":"#0"},"up":{"uv":[16,11,15.5,13],"texture":"#0"},"down":{"uv":[15.5,8.5,15,10.5],"texture":"#0"}}},{"from":[1.5,5.25,3.4],"to":[1.75,7.25,4.55],"rotation":{"angle":0,"axis":"y","origin":[-1,0,0]},"faces":{"north":{"uv":[13,11.25,12.875,12.25],"texture":"#0"},"east":{"uv":[13,11.25,13.5,12.25],"texture":"#0"},"south":{"uv":[13,11.25,12.875,12.25],"texture":"#0"},"west":{"uv":[13,11.25,13.5,12.25],"texture":"#0"},"up":{"uv":[12.875,10.25,12.75,10.75],"texture":"#0"},"down":{"uv":[13.5,10.75,13.375,11.25],"texture":"#0"}}},{"from":[1.75,7,3.4],"to":[3,7.25,4.55],"rotation":{"angle":0,"axis":"y","origin":[-1,0,0]},"faces":{"north":{"uv":[13,10.625,13.5,10.75],"texture":"#0"},"east":{"uv":[12.875,10.5,13.45,10.625],"texture":"#0"},"south":{"uv":[13,10.625,13.5,10.75],"texture":"#0"},"west":{"uv":[15.375,5.75,15.95,5.875],"texture":"#0"},"up":{"uv":[13.25,11.25,12.75,10.75],"texture":"#0"},"down":{"uv":[13.25,11.25,12.75,10.75],"texture":"#0"}}},{"from":[1.25,5.5,3.6],"to":[1.75,6.75,4.35],"rotation":{"angle":0,"axis":"y","origin":[-1,0,0]},"faces":{"north":{"uv":[13.25,12.25,13,12.75],"texture":"#0"},"east":{"uv":[13.5,12.25,13.25,12.75],"texture":"#0"},"south":{"uv":[13.25,12.25,13,12.75],"texture":"#0"},"west":{"uv":[13.5,12.25,13.25,12.75],"texture":"#0"},"up":{"uv":[13.25,12.75,13,13],"texture":"#0"},"down":{"uv":[13.5,12.75,13.25,13],"texture":"#0"}}},{"from":[14.25,5.5,3.6],"to":[14.75,6.75,4.35],"rotation":{"angle":0,"axis":"y","origin":[17,0,0]},"faces":{"north":{"uv":[13,12.25,13.25,12.75],"texture":"#0"},"east":{"uv":[13.25,12.25,13.5,12.75],"texture":"#0"},"south":{"uv":[13,12.25,13.25,12.75],"texture":"#0"},"west":{"uv":[13.25,12.25,13.5,12.75],"texture":"#0"},"up":{"uv":[13,12.75,13.25,13],"texture":"#0"},"down":{"uv":[13.25,12.75,13.5,13],"texture":"#0"}}},{"from":[13,2,2],"to":[14.25,7,6],"rotation":{"angle":0,"axis":"y","origin":[17,0,0]},"faces":{"north":{"uv":[15.5,8.5,16,11],"texture":"#0"},"east":{"uv":[15.5,10.5,13.5,13],"texture":"#0"},"south":{"uv":[15.5,8.5,16,11],"texture":"#0"},"west":{"uv":[15.5,10.5,13.5,13],"texture":"#0"},"up":{"uv":[15.5,11,16,13],"texture":"#0"},"down":{"uv":[15.5,8.5,15,10.5],"texture":"#0"}}},{"from":[9.275,1.91768,-3.68887],"to":[10.725,6.76768,-3.18887],"rotation":{"angle":-45,"axis":"x","origin":[10,8.26768,0.51113]},"faces":{"north":{"uv":[12.75,10.5,12,13],"texture":"#0"},"east":{"uv":[12,10.5,11.75,13],"texture":"#0"},"south":{"uv":[11.75,10.5,11,13],"texture":"#0"},"west":{"uv":[12,10.5,11.75,13],"texture":"#0"},"up":{"uv":[12.75,10.25,12,10.5],"texture":"#0"},"down":{"uv":[12.75,10.25,12,10.5],"texture":"#0"}}},{"from":[9.25,3.8,1.65],"to":[10.75,11.5,2.15],"rotation":{"angle":22.5,"axis":"x","origin":[10,11.75,1.25]},"faces":{"north":{"uv":[15.25,4.75,14.5,8.5],"texture":"#0"},"east":{"uv":[14.5,4.75,14.25,8.5],"texture":"#0"},"south":{"uv":[16,4.75,15.25,8.5],"texture":"#0"},"west":{"uv":[14.5,4.75,14.25,8.5],"texture":"#0"},"up":{"uv":[16,4.5,15.25,4.75],"texture":"#0"},"down":{"uv":[16,4.5,15.25,4.75],"texture":"#0"}}},{"from":[5.15,0,1.5],"to":[6.85,1.5,2],"rotation":{"angle":0,"axis":"y","origin":[12,0,0]},"faces":{"north":{"uv":[15,9.75,14.25,10.5],"texture":"#0"},"east":{"uv":[14.25,9.75,14,10.5],"texture":"#0"},"south":{"uv":[15,9.75,14.25,10.5],"texture":"#0"},"west":{"uv":[14.25,9.75,14,10.5],"texture":"#0"},"up":{"uv":[15,9.5,14.25,9.75],"texture":"#0"},"down":{"uv":[15,9.5,14.25,9.75],"texture":"#0"}}},{"from":[5.15,10.5,1.5],"to":[6.85,12,2],"rotation":{"angle":0,"axis":"y","origin":[12,16,0]},"faces":{"north":{"uv":[15,10.5,14.25,9.75],"texture":"#0"},"east":{"uv":[14.25,10.5,14,9.75],"texture":"#0"},"south":{"uv":[15,10.5,14.25,9.75],"texture":"#0"},"west":{"uv":[14.25,10.5,14,9.75],"texture":"#0"},"up":{"uv":[15,9.75,14.25,9.5],"texture":"#0"},"down":{"uv":[15,9.75,14.25,9.5],"texture":"#0"}}},{"from":[14.25,5.25,3.4],"to":[14.5,7.25,4.55],"rotation":{"angle":0,"axis":"y","origin":[17,0,0]},"faces":{"north":{"uv":[12.875,11.25,13,12.25],"texture":"#0"},"east":{"uv":[13.5,11.25,13,12.25],"texture":"#0"},"south":{"uv":[12.875,11.25,13,12.25],"texture":"#0"},"west":{"uv":[13.5,11.25,13,12.25],"texture":"#0"},"up":{"uv":[12.75,10.25,12.875,10.75],"texture":"#0"},"down":{"uv":[13.375,10.75,13.5,11.25],"texture":"#0"}}},{"from":[13,7,3.4],"to":[14.25,7.25,4.55],"rotation":{"angle":0,"axis":"y","origin":[17,0,0]},"faces":{"north":{"uv":[13.5,10.625,13,10.75],"texture":"#0"},"east":{"uv":[15.95,5.75,15.375,5.875],"texture":"#0"},"south":{"uv":[13.5,10.625,13,10.75],"texture":"#0"},"west":{"uv":[13.45,10.5,12.875,10.625],"texture":"#0"},"up":{"uv":[12.75,11.25,13.25,10.75],"texture":"#0"},"down":{"uv":[12.75,11.25,13.25,10.75],"texture":"#0"}}},{"from":[3,1,2],"to":[13,10,6],"rotation":{"angle":0,"axis":"y","origin":[0,-1,0]},"faces":{"north":{"uv":[0,0,5,4.5],"texture":"#1"},"east":{"uv":[2,5.5,0,10],"texture":"#1"},"south":{"uv":[5,0,10,4.5],"texture":"#1"},"west":{"uv":[0,5.5,2,10],"texture":"#1"},"up":{"uv":[9,7.5,4,5.5],"texture":"#1"},"down":{"uv":[9,7.5,4,9.5],"texture":"#1"}}},{"from":[4,10,2],"to":[12,11,6],"rotation":{"angle":0,"axis":"y","origin":[0,-1,0]},"faces":{"north":{"uv":[12,0.5,16,1],"texture":"#1"},"east":{"uv":[10,0.5,12,1],"texture":"#1"},"south":{"uv":[10,0,14,0.5],"texture":"#1"},"west":{"uv":[10,0.5,12,1],"texture":"#1"},"up":{"uv":[14,3,10,1],"texture":"#1"},"down":{"uv":[14,1,10,3],"texture":"#1"}}},{"from":[4.5,11,2],"to":[11.5,12,6],"rotation":{"angle":0,"axis":"y","origin":[0,-1,0]},"faces":{"north":{"uv":[12,3,15.5,3.5],"texture":"#1"},"east":{"uv":[10,3,12,3.5],"texture":"#1"},"south":{"uv":[10,3.5,13.5,4],"texture":"#1"},"west":{"uv":[10,3,12,3.5],"texture":"#1"},"up":{"uv":[13.5,6,10,4],"texture":"#1"},"down":{"uv":[13.5,4,10,6],"texture":"#1"}}},{"from":[9.15,0,1.5],"to":[10.85,1.5,2],"rotation":{"angle":0,"axis":"y","origin":[4,0,0]},"faces":{"north":{"uv":[14.25,9.75,15,10.5],"texture":"#0"},"east":{"uv":[14,9.75,14.25,10.5],"texture":"#0"},"south":{"uv":[14.25,9.75,15,10.5],"texture":"#0"},"west":{"uv":[14,9.75,14.25,10.5],"texture":"#0"},"up":{"uv":[14.25,9.5,15,9.75],"texture":"#0"},"down":{"uv":[14.25,9.5,15,9.75],"texture":"#0"}}},{"from":[3,-2,2],"to":[13,1,2],"rotation":{"angle":0,"axis":"y","origin":[0,-1,0]},"faces":{"north":{"uv":[9,7.75,14,9.25],"texture":"#1"},"east":{"uv":[0,12.5,2,14],"texture":"#1"},"south":{"uv":[9,7.75,14,9.25],"texture":"#1"},"west":{"uv":[0,12.5,2,14],"texture":"#1"},"up":{"uv":[5,14,0,16],"texture":"#1"},"down":{"uv":[5,14,0,16],"texture":"#1"}}},{"from":[12.5,2,6.5],"to":[13,4,7],"rotation":{"angle":0,"axis":"y","origin":[0,-1,0]},"faces":{"north":{"uv":[11,15,11.25,16],"texture":"#0"},"east":{"uv":[11.25,15,11.5,16],"texture":"#0"},"south":{"uv":[11,15,11.25,16],"texture":"#0"},"west":{"uv":[11.25,15,11.5,16],"texture":"#0"},"up":{"uv":[11,14.75,11.25,15],"texture":"#0"},"down":{"uv":[11.25,14.75,11.5,15],"texture":"#0"}}},{"from":[12,3.5,6.5],"to":[12.5,4,7],"rotation":{"angle":0,"axis":"y","origin":[0,-1,0]},"faces":{"north":{"uv":[11.25,14.5,11.5,14.75],"texture":"#0"},"east":{"uv":[11.25,14.5,11.5,14.75],"texture":"#0"},"south":{"uv":[11.25,14.5,11.5,14.75],"texture":"#0"},"west":{"uv":[11.25,14.5,11.5,14.75],"texture":"#0"},"up":{"uv":[11.25,14.25,11.5,14.5],"texture":"#0"},"down":{"uv":[11,14.5,11.25,14.75],"texture":"#0"}}},{"from":[12,2,6.5],"to":[12.5,2.5,7],"rotation":{"angle":0,"axis":"y","origin":[0,-1,0]},"faces":{"north":{"uv":[11.25,14.5,11.5,14.75],"texture":"#0"},"east":{"uv":[11.25,14.5,11.5,14.75],"texture":"#0"},"south":{"uv":[11.25,14.5,11.5,14.75],"texture":"#0"},"west":{"uv":[11.25,14.5,11.5,14.75],"texture":"#0"},"up":{"uv":[11.25,14.25,11.5,14.5],"texture":"#0"},"down":{"uv":[11,14.5,11.25,14.75],"texture":"#0"}}},{"from":[3,-2,2],"to":[3,1,6],"rotation":{"angle":0,"axis":"y","origin":[0,-1,0]},"faces":{"north":{"uv":[9,7.75,9,9.25],"texture":"#1"},"east":{"uv":[0,12.5,2,14],"texture":"#1"},"south":{"uv":[9,6,9,7.5],"texture":"#1"},"west":{"uv":[0,12.5,2,14],"texture":"#1"},"up":{"uv":[0,14,0,16],"texture":"#1"},"down":{"uv":[0,14,0,16],"texture":"#1"}}},{"from":[3,-2,6],"to":[13,1,6],"rotation":{"angle":0,"axis":"y","origin":[0,-1,0]},"faces":{"north":{"uv":[9,7.75,14,9.25],"texture":"#1"},"east":{"uv":[0,12.5,2,14],"texture":"#1"},"south":{"uv":[9,6,14,7.5],"texture":"#1"},"west":{"uv":[0,12.5,2,14],"texture":"#1"},"up":{"uv":[5,14,0,16],"texture":"#1"},"down":{"uv":[5,14,0,16],"texture":"#1"}}},{"from":[13,-2,2],"to":[13,1,6],"rotation":{"angle":0,"axis":"y","origin":[0,-1,0]},"faces":{"north":{"uv":[9,7.75,14,9.25],"texture":"#1"},"east":{"uv":[0,12.5,2,14],"texture":"#1"},"south":{"uv":[9,6,14,7.5],"texture":"#1"},"west":{"uv":[0,12.5,2,14],"texture":"#1"},"up":{"uv":[5,14,0,16],"texture":"#1"},"down":{"uv":[5,14,0,16],"texture":"#1"}}},{"from":[13.25,7,1.5],"to":[13.25,21,3.5],"faces":{"north":{"uv":[12.25,4,12.25,11],"texture":"#0"},"east":{"uv":[0,0,1,7],"texture":"#0"},"south":{"uv":[12.25,4,12.25,11],"texture":"#0"},"west":{"uv":[1,0,0,7],"texture":"#0"},"up":{"uv":[0,0,1,0],"rotation":90,"texture":"#0"},"down":{"uv":[0,0,1,0],"rotation":270,"texture":"#0"}}},{"from":[13,7,2],"to":[13.5,18,3],"faces":{"north":{"uv":[0.5,1.5,0.75,7],"texture":"#0"},"east":{"uv":[0.25,1.5,0.75,7],"texture":"#0"},"south":{"uv":[0.25,1.5,0.5,7],"texture":"#0"},"west":{"uv":[0.75,1.5,0.25,7],"texture":"#0"},"up":{"uv":[0.25,1.5,0.75,1.75],"rotation":90,"texture":"#0"},"down":{"uv":[0.25,1.5,0.75,1.75],"rotation":270,"texture":"#0"}}}],"gui_light":"front","display":{"thirdperson_righthand":{"rotation":[67.5,180,0],"translation":[0,3,0],"scale":[0.4043,0.4043,0.4043]},"thirdperson_lefthand":{"rotation":[67.5,0,0],"translation":[-6,-8,12.25],"scale":[1.2,1.2,1.2]},"firstperson_righthand":{"translation":[4,4,0],"scale":[0.52734,0.52734,0.52734]},"firstperson_lefthand":{"translation":[12.75,0,0],"scale":[0,0,0]},"ground":{"translation":[0,6,3],"scale":[0.7,0.7,0.7]},"gui":{"rotation":[30,-45,0],"translation":[-2.25,-0.5,0],"scale":[0.73141,0.73141,0.73141]},"head":{"translation":[0,-44.75,9.5],"scale":[1.93945,1.93945,1.93945]},"fixed":{"rotation":[-90,180,0],"translation":[0,-8,-20],"scale":[2,2,2]}}}