{"credit":"MadewithBlockbench","texture_size":[64,64],"textures":{"0":"elitecreatures:retro_cosmetic_set/tex6","particle":"elitecreatures:retro_cosmetic_set/tex6"},"elements":[{"from":[1,11,1],"to":[15,17,15],"rotation":{"angle":0,"axis":"y","origin":[8,10.75,7.875]},"faces":{"north":{"uv":[6.5,6.25,10,7.75],"texture":"#0"},"east":{"uv":[3.5,8.5,0,10],"texture":"#0"},"south":{"uv":[6.5,7.75,10,9.25],"texture":"#0"},"west":{"uv":[0,8.5,3.5,10],"texture":"#0"},"up":{"uv":[3.5,3.5,0,0],"texture":"#0"},"down":{"uv":[3.5,3.5,0,7],"texture":"#0"}}},{"from":[2,5,15],"to":[14,16,16],"rotation":{"angle":0,"axis":"y","origin":[8,10.75,7.875]},"faces":{"north":{"uv":[3.5,6,6.5,8.75],"texture":"#0"},"east":{"uv":[7.25,11,7.5,13.75],"texture":"#0"},"south":{"uv":[6.5,0,9.5,2.75],"texture":"#0"},"west":{"uv":[7.5,11,7.75,13.75],"texture":"#0"},"up":{"uv":[14,1.25,11,1],"texture":"#0"},"down":{"uv":[14,1.25,11,1.5],"texture":"#0"}}},{"from":[2,17,2],"to":[14,19,14],"rotation":{"angle":0,"axis":"y","origin":[8,10.75,7.875]},"faces":{"north":{"uv":[10,5.75,13,6.25],"texture":"#0"},"east":{"uv":[10,6.25,13,6.75],"texture":"#0"},"south":{"uv":[10,6.75,13,7.25],"texture":"#0"},"west":{"uv":[10,7.25,13,7.75],"texture":"#0"},"up":{"uv":[6.5,3,3.5,0],"texture":"#0"},"down":{"uv":[6.5,3,3.5,6],"texture":"#0"}}},{"from":[6.5,13,0],"to":[9.5,16,1],"rotation":{"angle":0,"axis":"y","origin":[8,10.75,7.875]},"faces":{"north":{"uv":[10.75,10.5,11.5,11.25],"texture":"#0"},"east":{"uv":[9.5,1.75,9.75,2.5],"texture":"#0"},"south":{"uv":[11,0,11.75,0.75],"texture":"#0"},"west":{"uv":[9.75,1.75,10,2.5],"texture":"#0"},"up":{"uv":[12.5,5.25,11.75,5],"texture":"#0"},"down":{"uv":[12.5,5.25,11.75,5.5],"texture":"#0"}}},{"from":[6.5,17,1],"to":[9.5,20,14],"rotation":{"angle":0,"axis":"y","origin":[8,20.5,0.25]},"faces":{"north":{"uv":[7.75,11,8.5,11.75],"texture":"#0"},"east":{"uv":[10,3,13.25,3.75],"texture":"#0"},"south":{"uv":[11,7.75,11.75,8.5],"texture":"#0"},"west":{"uv":[10,3.75,13.25,4.5],"texture":"#0"},"up":{"uv":[10.25,12.5,9.5,9.25],"texture":"#0"},"down":{"uv":[0.75,10,0,13.25],"texture":"#0"}}},{"from":[6.525,16,11],"to":[9.475,20,14],"rotation":{"angle":-45,"axis":"x","origin":[8,20,14]},"faces":{"north":{"uv":[10,7.75,10.7375,8.75],"texture":"#0"},"east":{"uv":[11,1.5,11.75,2.5],"texture":"#0"},"south":{"uv":[4.25,10.5,4.9875,11.5],"texture":"#0"},"west":{"uv":[6.5,11,7.25,12],"texture":"#0"},"up":{"uv":[11.7375,9.25,11,8.5],"texture":"#0"},"down":{"uv":[11.7375,9.25,11,10],"texture":"#0"}}},{"from":[6.5,5,15.25],"to":[9.5,17.1,16.8],"rotation":{"angle":0,"axis":"y","origin":[8,20.5,0.25]},"faces":{"north":{"uv":[10,0,10.875,3],"texture":"#0"},"east":{"uv":[3.25,10.5,3.75,13.5],"texture":"#0"},"south":{"uv":[1,10,1.75,13],"texture":"#0"},"west":{"uv":[3.75,10.5,4.25,13.5],"texture":"#0"},"up":{"uv":[11.75,10.5,11,10],"texture":"#0"},"down":{"uv":[12.625,1.5,11.75,2],"texture":"#0"}}},{"from":[-1,6,4.5],"to":[1,13,5.5],"rotation":{"angle":0,"axis":"y","origin":[8,10.75,7.875]},"faces":{"north":{"uv":[9.5,0,10,1.75],"texture":"#0"},"east":{"uv":[9.25,11,9.5,12.75],"texture":"#0"},"south":{"uv":[5.25,10.5,5.75,12.25],"texture":"#0"},"west":{"uv":[3,11.25,3.25,13],"texture":"#0"},"up":{"uv":[10.5,9,10,8.75],"texture":"#0"},"down":{"uv":[10.5,9,10,9.25],"texture":"#0"}}},{"from":[-1,6,10.5],"to":[1,13,11.5],"rotation":{"angle":0,"axis":"y","origin":[8,10.75,8.125]},"faces":{"north":{"uv":[5.75,10.5,5.25,12.25],"texture":"#0"},"east":{"uv":[9.5,11,9.25,12.75],"texture":"#0"},"south":{"uv":[10,0,9.5,1.75],"texture":"#0"},"west":{"uv":[3.25,11.25,3,13],"texture":"#0"},"up":{"uv":[10.5,8.75,10,9],"texture":"#0"},"down":{"uv":[10.5,9.25,10,9],"texture":"#0"}}},{"from":[-1,6,5.5],"to":[1,7,10.5],"rotation":{"angle":0,"axis":"y","origin":[8,10.75,7.875]},"faces":{"north":{"uv":[12,0.25,12.5,0.5],"texture":"#0"},"east":{"uv":[11.75,2,13,2.25],"texture":"#0"},"south":{"uv":[12,0.5,12.5,0.75],"texture":"#0"},"west":{"uv":[11.75,2.25,13,2.5],"texture":"#0"},"up":{"uv":[9.25,12.25,8.75,11],"texture":"#0"},"down":{"uv":[2.5,11.25,2,12.5],"texture":"#0"}}},{"from":[0,7,5.5],"to":[1,12,10.5],"rotation":{"angle":0,"axis":"y","origin":[8,10.75,7.875]},"faces":{"north":{"uv":[4.25,11.5,4.5,12.75],"texture":"#0"},"east":{"uv":[2,10,3.25,11.25],"texture":"#0"},"south":{"uv":[4.75,11.5,5,12.75],"texture":"#0"},"west":{"uv":[10,4.5,11.25,5.75],"texture":"#0"},"up":{"uv":[11,12.75,10.75,11.5],"texture":"#0"},"down":{"uv":[11.5,11.5,11.25,12.75],"texture":"#0"}}},{"from":[15,7,5.5],"to":[16,12,10.5],"rotation":{"angle":0,"axis":"y","origin":[8,10.75,7.875]},"faces":{"north":{"uv":[4.5,11.5,4.25,12.75],"texture":"#0"},"east":{"uv":[11.25,4.5,10,5.75],"texture":"#0"},"south":{"uv":[5,11.5,4.75,12.75],"texture":"#0"},"west":{"uv":[3.25,10,2,11.25],"texture":"#0"},"up":{"uv":[10.75,12.75,11,11.5],"texture":"#0"},"down":{"uv":[11.25,11.5,11.5,12.75],"texture":"#0"}}},{"from":[-1,12,5.5],"to":[1,13,10.5],"rotation":{"angle":0,"axis":"y","origin":[8,10.75,7.875]},"faces":{"north":{"uv":[12,0.75,12.5,1],"texture":"#0"},"east":{"uv":[11.75,4.5,13,4.75],"texture":"#0"},"south":{"uv":[6.75,12,7.25,12.25],"texture":"#0"},"west":{"uv":[11.75,4.75,13,5],"texture":"#0"},"up":{"uv":[3,12.5,2.5,11.25],"texture":"#0"},"down":{"uv":[11.75,4.5,11.25,5.75],"texture":"#0"}}},{"from":[15,6,4.5],"to":[17,13,5.5],"rotation":{"angle":0,"axis":"y","origin":[8,10.75,7.875]},"faces":{"north":{"uv":[10,0,9.5,1.75],"texture":"#0"},"east":{"uv":[3.25,11.25,3,13],"texture":"#0"},"south":{"uv":[5.75,10.5,5.25,12.25],"texture":"#0"},"west":{"uv":[9.5,11,9.25,12.75],"texture":"#0"},"up":{"uv":[10,9,10.5,8.75],"texture":"#0"},"down":{"uv":[10,9,10.5,9.25],"texture":"#0"}}},{"from":[15,6,10.5],"to":[17,13,11.5],"rotation":{"angle":0,"axis":"y","origin":[8,10.75,8.125]},"faces":{"north":{"uv":[5.25,10.5,5.75,12.25],"texture":"#0"},"east":{"uv":[3,11.25,3.25,13],"texture":"#0"},"south":{"uv":[9.5,0,10,1.75],"texture":"#0"},"west":{"uv":[9.25,11,9.5,12.75],"texture":"#0"},"up":{"uv":[10,8.75,10.5,9],"texture":"#0"},"down":{"uv":[10,9.25,10.5,9],"texture":"#0"}}},{"from":[15,6,5.5],"to":[17,7,10.5],"rotation":{"angle":0,"axis":"y","origin":[8,10.75,7.875]},"faces":{"north":{"uv":[12.5,0.25,12,0.5],"texture":"#0"},"east":{"uv":[13,2.25,11.75,2.5],"texture":"#0"},"south":{"uv":[12.5,0.5,12,0.75],"texture":"#0"},"west":{"uv":[13,2,11.75,2.25],"texture":"#0"},"up":{"uv":[8.75,12.25,9.25,11],"texture":"#0"},"down":{"uv":[2,11.25,2.5,12.5],"texture":"#0"}}},{"from":[15,12,5.5],"to":[17,13,10.5],"rotation":{"angle":0,"axis":"y","origin":[8,10.75,7.875]},"faces":{"north":{"uv":[12.5,0.75,12,1],"texture":"#0"},"east":{"uv":[13,4.75,11.75,5],"texture":"#0"},"south":{"uv":[7.25,12,6.75,12.25],"texture":"#0"},"west":{"uv":[13,4.5,11.75,4.75],"texture":"#0"},"up":{"uv":[2.5,12.5,3,11.25],"texture":"#0"},"down":{"uv":[11.25,4.5,11.75,5.75],"texture":"#0"}}},{"from":[2,4,14],"to":[14,11,15],"rotation":{"angle":0,"axis":"y","origin":[8,10.75,7.875]},"faces":{"north":{"uv":[3.5,8.75,6.5,10.5],"texture":"#0"},"east":{"uv":[8.25,11.75,8.5,13.5],"texture":"#0"},"south":{"uv":[6.5,9.25,9.5,11],"texture":"#0"},"west":{"uv":[8.5,11.75,8.75,13.5],"texture":"#0"},"up":{"uv":[14,2.75,11,2.5],"texture":"#0"},"down":{"uv":[14,2.75,11,3],"texture":"#0"}}},{"from":[1,4,1],"to":[2,11,15],"rotation":{"angle":0,"axis":"y","origin":[8,10.75,7.875]},"faces":{"north":{"uv":[11.75,10.5,12,12.25],"texture":"#0"},"east":{"uv":[6.5,2.75,10,4.5],"texture":"#0"},"south":{"uv":[6.5,12,6.75,13.75],"texture":"#0"},"west":{"uv":[6.5,4.5,10,6.25],"texture":"#0"},"up":{"uv":[6.5,14,6.25,10.5],"texture":"#0"},"down":{"uv":[10.75,10.5,10.5,14],"texture":"#0"}}},{"from":[14,4,1],"to":[15,11,15],"rotation":{"angle":0,"axis":"y","origin":[8,10.75,7.875]},"faces":{"north":{"uv":[12,10.5,11.75,12.25],"texture":"#0"},"east":{"uv":[10,4.5,6.5,6.25],"texture":"#0"},"south":{"uv":[6.75,12,6.5,13.75],"texture":"#0"},"west":{"uv":[10,2.75,6.5,4.5],"texture":"#0"},"up":{"uv":[6.25,14,6.5,10.5],"texture":"#0"},"down":{"uv":[10.5,10.5,10.75,14],"texture":"#0"}}},{"from":[8,4,1],"to":[14,11,1],"rotation":{"angle":0,"axis":"y","origin":[8,10.75,7.875]},"faces":{"north":{"uv":[16,14.25,14.5,16],"texture":"#0"},"east":{"uv":[6.5,4.5,6.5,6.25],"texture":"#0"},"south":{"uv":[14.5,14.25,16,16],"texture":"#0"},"west":{"uv":[6.5,2.75,6.5,4.5],"texture":"#0"},"up":{"uv":[6.25,10.5,7.5,10.5],"texture":"#0"},"down":{"uv":[10.5,10.5,12,10.5],"texture":"#0"}}},{"from":[2,4,1],"to":[8,11,1],"rotation":{"angle":0,"axis":"y","origin":[8,10.75,7.875]},"faces":{"north":{"uv":[14.5,14.25,16,16],"texture":"#0"},"east":{"uv":[6.5,2.75,6.5,4.5],"texture":"#0"},"south":{"uv":[16,14.25,14.5,16],"texture":"#0"},"west":{"uv":[6.5,4.5,6.5,6.25],"texture":"#0"},"up":{"uv":[7.5,10.5,6.25,10.5],"texture":"#0"},"down":{"uv":[12,10.5,10.5,10.5],"texture":"#0"}}}],"gui_light":"front","display":{"thirdperson_righthand":{"rotation":[67.5,0,0],"translation":[0,1.75,-1.5],"scale":[0.29492,0.29492,0.29492]},"thirdperson_lefthand":{"rotation":[67.5,0,0],"translation":[0,1.75,-1.5],"scale":[0.29492,0.29492,0.29492]},"firstperson_righthand":{"translation":[1.5,2.25,0],"scale":[0.29883,0.29883,0.29883]},"firstperson_lefthand":{"translation":[1.5,2.25,0],"scale":[0.29883,0.29883,0.29883]},"ground":{"translation":[0,3,0],"scale":[0.55,0.55,0.55]},"gui":{"rotation":[30,135,0],"translation":[0,-1.75,0],"scale":[0.66969,0.66969,0.66969]},"head":{"translation":[0,-0.5,0],"scale":[1.1,1.1,1.1]},"fixed":{"rotation":[-90,0,0],"translation":[0,0,-3.25],"scale":[1.3,1.3,1.3]}}}