{"credit":"88222 / 982SRT28UETE95","texture_size":[128,128],"textures":{"0":"elitecreatures:wukong_animated/wukong_texture_spear","2":"elitecreatures:wukong_animated/wukong_animation_02","3":"elitecreatures:wukong_animated/wukong_animation_03","4":"elitecreatures:wukong_animated/wukong_animation_01","particle":"elitecreatures:wukong_animated/wukong_texture_spear"},"elements":[{"from":[7,-7,7],"to":[9,14,9],"rotation":{"angle":-45,"axis":"y","origin":[8,-3.25,8.05]},"faces":{"north":{"uv":[4.75,1.1875,5,3.8125],"texture":"#0"},"east":{"uv":[4.75,1.1875,5,3.8125],"texture":"#0"},"south":{"uv":[4.75,1.1875,5,3.8125],"texture":"#0"},"west":{"uv":[4.75,1.1875,5,3.8125],"texture":"#0"},"up":{"uv":[1.1875,2.125,1.4375,2.375],"rotation":90,"texture":"#0"},"down":{"uv":[1.1875,2.125,1.4375,2.375],"rotation":90,"texture":"#0"}}},{"from":[6.5,-11.55,7.25],"to":[9.5,-9.45,8.75],"rotation":{"angle":0,"axis":"y","origin":[0,-17.5,-9]},"faces":{"north":{"uv":[1.1875,2.9375,1.5625,3.2],"texture":"#0"},"east":{"uv":[1,3.2,1.1875,2.9375],"texture":"#0"},"south":{"uv":[1.1875,2.9375,1.5625,3.2],"texture":"#0"},"west":{"uv":[1,3.2,1.1875,2.9375],"texture":"#0"},"up":{"uv":[1.5625,2.9375,1.9375,3.125],"texture":"#0"},"down":{"uv":[1.5625,2.9375,1.9375,3.125],"texture":"#0"}}},{"from":[8,-15.6,5.75],"to":[8,-11.5,10.25],"rotation":{"angle":0,"axis":"y","origin":[0,-17.5,-9]},"faces":{"north":{"uv":[0.9375,1.125,0.9375,1.6375],"texture":"#0"},"east":{"uv":[2.75,0,3.3125,0.5125],"texture":"#0"},"south":{"uv":[0.9375,1.125,0.9375,1.6375],"texture":"#0"},"west":{"uv":[2.75,0,3.3125,0.5125],"texture":"#0"},"up":{"uv":[0.875,0.9375,0.875,1.5],"texture":"#0"},"down":{"uv":[0.875,0.9375,0.875,1.5],"texture":"#0"}}},{"from":[7,-11.55,6.2],"to":[9.1,-9.45,8.3],"rotation":{"angle":45,"axis":"y","origin":[8,-11.5,7.3]},"faces":{"north":{"uv":[2.5,2.875,2.25,3.125],"texture":"#0"},"east":{"uv":[2.1875,2.9375,1.9375,3.1875],"texture":"#0"},"south":{"uv":[2.5,2.875,2.25,3.125],"texture":"#0"},"west":{"uv":[1.9375,2.9375,2.1875,3.1875],"texture":"#0"},"up":{"uv":[2.25,2.875,2.5,2.625],"texture":"#0"},"down":{"uv":[2.25,2.625,2.5,2.875],"texture":"#0"}}},{"from":[7,-11.55,7.7],"to":[9.1,-9.45,9.8],"rotation":{"angle":-45,"axis":"y","origin":[8,-11.5,8.7]},"faces":{"north":{"uv":[2.25,2.875,2.5,3.125],"texture":"#0"},"east":{"uv":[1.9375,2.9375,2.1875,3.1875],"texture":"#0"},"south":{"uv":[2.25,2.875,2.5,3.125],"texture":"#0"},"west":{"uv":[2.1875,2.9375,1.9375,3.1875],"texture":"#0"},"up":{"uv":[2.25,2.625,2.5,2.875],"texture":"#0"},"down":{"uv":[2.25,2.875,2.5,2.625],"texture":"#0"}}},{"from":[6.75,9.5,6.75],"to":[9.25,12,9.25],"rotation":{"angle":-45,"axis":"y","origin":[8,8.75,8.05]},"faces":{"north":{"uv":[1.875,1.625,2.1875,1.9375],"texture":"#0"},"east":{"uv":[1.875,1.625,2.1875,1.9375],"texture":"#0"},"south":{"uv":[1.875,1.625,2.1875,1.9375],"texture":"#0"},"west":{"uv":[1.875,1.625,2.1875,1.9375],"texture":"#0"},"up":{"uv":[1.875,1.9375,2.1875,2.25],"texture":"#0"},"down":{"uv":[1.875,1.9375,2.1875,2.25],"texture":"#0"}}},{"from":[6.75,-9.5,6.85],"to":[9.25,-7,9.35],"rotation":{"angle":-45,"axis":"y","origin":[8,-3.25,8.05]},"faces":{"north":{"uv":[1.875,1.625,2.1875,1.9375],"rotation":180,"texture":"#0"},"east":{"uv":[1.875,1.625,2.1875,1.9375],"rotation":180,"texture":"#0"},"south":{"uv":[1.875,1.625,2.1875,1.9375],"rotation":180,"texture":"#0"},"west":{"uv":[1.875,1.625,2.1875,1.9375],"rotation":180,"texture":"#0"},"up":{"uv":[1.875,1.9375,2.1875,2.25],"texture":"#0"},"down":{"uv":[1.875,1.9375,2.1875,2.25],"texture":"#0"}}},{"from":[8,-10.4,9],"to":[8,-2.4,19],"rotation":{"angle":0,"axis":"y","origin":[8,-2.88909,12.8099]},"faces":{"north":{"uv":[0,0,0,5],"rotation":180,"texture":"#2"},"east":{"uv":[6.5,0,0,11],"rotation":270,"texture":"#2"},"south":{"uv":[0,5,0,0],"texture":"#2"},"west":{"uv":[0,0,6.5,11],"rotation":90,"texture":"#2"},"up":{"uv":[0,0,0,10],"rotation":180,"texture":"#2"},"down":{"uv":[0,0,0,10],"texture":"#2"}}},{"from":[6.75,13.9,4.7],"to":[9.35,16.4,7.3],"rotation":{"angle":45,"axis":"y","origin":[8,19.9,6.05]},"faces":{"north":{"uv":[3.875,2.5,3.5625,2.8125],"texture":"#0"},"east":{"uv":[3.5625,2.5,3.875,2.8125],"texture":"#0"},"south":{"uv":[3.875,2.5,3.5625,2.8125],"texture":"#0"},"west":{"uv":[3.5625,2.5,3.875,2.8125],"texture":"#0"},"up":{"uv":[3.5625,3.125,3.875,2.8125],"texture":"#0"},"down":{"uv":[3.3125,3.125,3.625,3.4375],"texture":"#0"}}},{"from":[6.75,15.45,8.7],"to":[9.35,17.95,11.3],"rotation":{"angle":-45,"axis":"y","origin":[8,19.9,9.95]},"faces":{"north":{"uv":[3.5625,2.5,3.875,2.8125],"texture":"#0"},"east":{"uv":[3.875,2.5,3.5625,2.8125],"texture":"#0"},"south":{"uv":[3.5625,2.5,3.875,2.8125],"texture":"#0"},"west":{"uv":[3.875,2.5,3.5625,2.8125],"texture":"#0"},"up":{"uv":[3.5625,2.8125,3.875,3.125],"texture":"#0"},"down":{"uv":[3.3125,3.4375,3.625,3.125],"texture":"#0"}}},{"from":[6.15,14.5,6.1],"to":[9.85,17.1,10.4],"rotation":{"angle":-22.5,"axis":"x","origin":[8,15.9,8]},"faces":{"north":{"uv":[3.625,2.1875,4.0625,2.5],"texture":"#0"},"east":{"uv":[3.125,2.1875,3.625,2.5],"texture":"#0"},"south":{"uv":[3.625,2.1875,4.0625,2.5],"texture":"#0"},"west":{"uv":[3.125,2.1875,3.625,2.5],"texture":"#0"},"up":{"uv":[3.125,2.5,3.5625,3],"texture":"#0"},"down":{"uv":[3.625,3.125,4.0625,3.625],"texture":"#0"}}},{"from":[8,21.5,11.75],"to":[8,29.5,19.75],"rotation":{"angle":0,"axis":"y","origin":[0,-1,8]},"faces":{"north":{"uv":[0,0,0,16],"texture":"#3"},"east":{"uv":[16,0,0,16],"texture":"#3"},"south":{"uv":[0,0,0,16],"texture":"#3"},"west":{"uv":[0,0,16,16],"texture":"#3"},"up":{"uv":[0,16,0,0],"texture":"#3"},"down":{"uv":[0,0,0,16],"texture":"#3"}}},{"from":[7.4,-7.1127,-7.15543],"to":[7.4,14.8873,5.84457],"rotation":{"angle":22.5,"axis":"x","origin":[8,-3.1127,0.34457]},"faces":{"north":{"uv":[0,10,0,0],"texture":"#2"},"east":{"uv":[0,11,6.5,0],"texture":"#2"},"south":{"uv":[0,10,0,0],"texture":"#2"},"west":{"uv":[6.5,11,0,0],"texture":"#2"},"up":{"uv":[0,0,0,5],"texture":"#2"},"down":{"uv":[0,5,0,0],"texture":"#2"}}},{"from":[8.6,-7.1127,-7.15543],"to":[8.6,14.8873,5.84457],"rotation":{"angle":22.5,"axis":"x","origin":[8,-3.1127,0.34457]},"faces":{"north":{"uv":[0,10,0,0],"texture":"#2"},"east":{"uv":[0,11,6.5,0],"texture":"#2"},"south":{"uv":[0,10,0,0],"texture":"#2"},"west":{"uv":[6.5,11,0,0],"texture":"#2"},"up":{"uv":[0,0,0,5],"texture":"#2"},"down":{"uv":[0,5,0,0],"texture":"#2"}}},{"from":[6.2,11.95,4.3],"to":[7.2,16.25,8],"rotation":{"angle":-22.5,"axis":"y","origin":[6.2,14.65,8]},"faces":{"north":{"uv":[8.625,2.0625,8.5,2.625],"rotation":180,"texture":"#0"},"east":{"uv":[1.625,3.1875,2.1875,3.625],"rotation":270,"texture":"#0"},"south":{"uv":[8.625,2.0625,8.5,2.625],"rotation":180,"texture":"#0"},"west":{"uv":[1.625,3.1875,2.1875,3.625],"rotation":270,"texture":"#0"},"up":{"uv":[2.3125,3.1875,2.1875,3.625],"rotation":180,"texture":"#0"},"down":{"uv":[2.3125,3.1875,2.1875,3.625],"rotation":180,"texture":"#0"}}},{"from":[6.2,11.95,8],"to":[7.2,16.45,11.7],"rotation":{"angle":22.5,"axis":"y","origin":[6.2,14.65,8]},"faces":{"north":{"uv":[8.625,2.0625,8.5,2.625],"rotation":180,"texture":"#0"},"east":{"uv":[1.625,3.625,2.1875,3.1875],"rotation":270,"texture":"#0"},"south":{"uv":[8.625,2.0625,8.5,2.625],"rotation":180,"texture":"#0"},"west":{"uv":[1.625,3.625,2.1875,3.1875],"rotation":270,"texture":"#0"},"up":{"uv":[0.8125,3.125,0.6875,2.6875],"texture":"#0"},"down":{"uv":[2.3125,3.625,2.1875,3.1875],"rotation":180,"texture":"#0"}}},{"from":[8.8,12,4.3],"to":[9.8,16.3,8],"rotation":{"angle":22.5,"axis":"y","origin":[9.8,14.75,8]},"faces":{"north":{"uv":[8.625,2.0625,8.5,2.625],"rotation":180,"texture":"#0"},"east":{"uv":[1.625,3.625,2.1875,3.1875],"rotation":270,"texture":"#0"},"south":{"uv":[8.625,2.0625,8.5,2.625],"rotation":180,"texture":"#0"},"west":{"uv":[1.625,3.625,2.1875,3.1875],"rotation":270,"texture":"#0"},"up":{"uv":[2.1875,3.1875,2.3125,3.625],"rotation":180,"texture":"#0"},"down":{"uv":[2.1875,3.1875,2.3125,3.625],"rotation":180,"texture":"#0"}}},{"from":[8.8,12,8],"to":[9.8,16.5,11.7],"rotation":{"angle":-22.5,"axis":"y","origin":[9.8,14.75,8]},"faces":{"north":{"uv":[8.625,2.0625,8.5,2.625],"rotation":180,"texture":"#0"},"east":{"uv":[1.625,3.1875,2.1875,3.625],"rotation":270,"texture":"#0"},"south":{"uv":[8.625,2.0625,8.5,2.625],"rotation":180,"texture":"#0"},"west":{"uv":[1.625,3.1875,2.1875,3.625],"rotation":270,"texture":"#0"},"up":{"uv":[0.6875,3.125,0.8125,2.6875],"texture":"#0"},"down":{"uv":[2.1875,3.625,2.3125,3.1875],"rotation":180,"texture":"#0"}}},{"from":[10.1,6.5,1],"to":[10.1,20.5,19],"rotation":{"angle":0,"axis":"y","origin":[16,1,8]},"faces":{"north":{"uv":[0,0,0,4.5],"texture":"#missing"},"east":{"uv":[9,0,0,7],"texture":"#4"},"south":{"uv":[0,0,0,4.5],"texture":"#missing"},"west":{"uv":[0,0,9,7],"texture":"#4"},"up":{"uv":[0,8,0,0],"texture":"#missing"},"down":{"uv":[0,0,0,8],"texture":"#missing"}}},{"from":[5.9,6.5,1],"to":[5.9,20.5,19],"rotation":{"angle":0,"axis":"y","origin":[0,1,8]},"faces":{"north":{"uv":[0,0,0,4.5],"texture":"#missing"},"east":{"uv":[9,0,0,7],"texture":"#4"},"south":{"uv":[0,0,0,4.5],"texture":"#missing"},"west":{"uv":[0,0,9,7],"texture":"#4"},"up":{"uv":[0,8,0,0],"texture":"#missing"},"down":{"uv":[0,0,0,8],"texture":"#missing"}}},{"from":[5.65,18.6,9.2],"to":[9.75,23.1,9.2],"rotation":{"angle":-22.5,"axis":"x","origin":[8,24.45,11.1]},"faces":{"north":{"uv":[3.3125,0.5125,2.75,0],"rotation":90,"texture":"#0"},"east":{"uv":[0.875,0.9375,0.875,1.5],"rotation":180,"texture":"#0"},"south":{"uv":[2.75,0.5125,3.3125,0],"rotation":270,"texture":"#0"},"west":{"uv":[0.875,0.9375,0.875,1.5],"texture":"#0"},"up":{"uv":[0.9375,1.125,0.9375,1.6375],"rotation":270,"texture":"#0"},"down":{"uv":[0.9375,1.125,0.9375,1.6375],"rotation":270,"texture":"#0"}}},{"from":[5.65,18.6,9],"to":[9.75,23.1,9],"rotation":{"angle":-22.5,"axis":"x","origin":[8,24.45,11.1]},"faces":{"north":{"uv":[3.3125,0.5125,2.75,0],"rotation":90,"texture":"#0"},"east":{"uv":[0.875,0.9375,0.875,1.5],"rotation":180,"texture":"#0"},"south":{"uv":[2.75,0.5125,3.3125,0],"rotation":270,"texture":"#0"},"west":{"uv":[0.875,0.9375,0.875,1.5],"texture":"#0"},"up":{"uv":[0.9375,1.125,0.9375,1.6375],"rotation":270,"texture":"#0"},"down":{"uv":[0.9375,1.125,0.9375,1.6375],"rotation":270,"texture":"#0"}}},{"from":[8,17.5,4],"to":[8,31.5,12],"rotation":{"angle":-22.5,"axis":"y","origin":[8,24.5,8]},"faces":{"north":{"uv":[0.5,0,0.5,1.5],"texture":"#missing"},"east":{"uv":[14.125,4.25,13.125,6],"texture":"#0"},"south":{"uv":[0.5,0,0.5,1.5],"texture":"#missing"},"west":{"uv":[13.125,4.25,14.125,6],"texture":"#0"},"up":{"uv":[0.5,0,0.5,0.75],"texture":"#missing"},"down":{"uv":[0.5,0,0.5,0.75],"texture":"#missing"}}},{"from":[8,17.5,4],"to":[8,31.5,12],"rotation":{"angle":22.5,"axis":"y","origin":[8,24.5,8]},"faces":{"north":{"uv":[0.5,0,0.5,1.5],"texture":"#missing"},"east":{"uv":[14.125,4.25,13.125,6],"texture":"#0"},"south":{"uv":[0.5,0,0.5,1.5],"texture":"#missing"},"west":{"uv":[13.125,4.25,14.125,6],"texture":"#0"},"up":{"uv":[0.5,0,0.5,0.75],"texture":"#missing"},"down":{"uv":[0.5,0,0.5,0.75],"texture":"#missing"}}},{"from":[7.45,22.3,6.75],"to":[8.55,24.8,9.25],"rotation":{"angle":-45,"axis":"x","origin":[8,23.55,8]},"faces":{"north":{"uv":[3.9375,3.125,4.075,2.8125],"texture":"#0"},"east":{"uv":[2.6875,2.6875,3,3],"texture":"#0"},"south":{"uv":[3.9375,3.125,4.075,2.8125],"texture":"#0"},"west":{"uv":[3,2.6875,2.6875,3],"texture":"#0"},"up":{"uv":[3.9375,2.8125,4.075,2.5],"texture":"#0"},"down":{"uv":[3.9375,2.8125,4.075,2.5],"texture":"#0"}}},{"from":[7.5,16.5,6.25],"to":[8.5,23.5,9.75],"rotation":{"angle":0,"axis":"y","origin":[0,-4.5,-0.5]},"faces":{"north":{"uv":[4.5,1.625,4.625,2.5],"texture":"#0"},"east":{"uv":[4.5,1.625,4.0625,2.5],"texture":"#0"},"south":{"uv":[4.75,1.4375,4.625,2.3125],"texture":"#0"},"west":{"uv":[4.0625,1.625,4.5,2.5],"texture":"#0"},"up":{"uv":[0.5625,0,0.4375,0.4375],"texture":"#0"},"down":{"uv":[0.5625,0,0.4375,0.4375],"texture":"#0"}}}],"gui_light":"front","display":{"thirdperson_righthand":{"translation":[0,4,1],"scale":[0.7,0.7,0.7]},"thirdperson_lefthand":{"translation":[0,4,1],"scale":[0.7,0.7,0.7]},"firstperson_righthand":{"rotation":[-10,22,0],"translation":[2.25,2.25,-1.75],"scale":[0.6,0.6,0.6]},"firstperson_lefthand":{"rotation":[-10,22,0],"translation":[2.25,2.25,-1.75],"scale":[0.6,0.6,0.6]},"ground":{"rotation":[0,0,83],"translation":[-1.5,1.5,0],"scale":[0.5,0.5,0.5]},"gui":{"rotation":[-90,-131,-90],"translation":[-0.5,0.25,-1.5],"scale":[0.5,0.5,0.5]},"head":{"rotation":[90,167,90],"translation":[2.5,10,1.75],"scale":[0.6,0.6,0.6]},"fixed":{"rotation":[-90,-90,-90],"translation":[0,4.5,-1.5],"scale":[1.2,1.2,1.2]}}}