{"textures​":{"layer0":"minecraft:item/dragon_wall_head"},"credit":"Made by Yassou, discord: Yassou#0001 mail : miss.yas.mc@gmail.com","texture_size":[64,64],"\u0074\u0065\u0078\u0074\u0075\u0072\u0065\u0073":{"0":"\u0070\u0061\u0072\u006b_\u0070\u006c\u0075\u0073:\u0062\u0069\u0072\u0064_\u0068\u006f\u0075\u0073\u0065","\u0070\u0061\u0072\u0074\u0069\u0063\u006c\u0065":"\u0070\u0061\u0072\u006b_\u0070\u006c\u0075\u0073:\u0062\u0069\u0072\u0064_\u0068\u006f\u0075\u0073\u0065"},"elements":[{"from":[2,0,2],"to":[4,9,14],"rotation":{"angle":0,"axis":"z","origin":[8,8,14.5]},"faces":{"north":{"uv":[9.5,1,10,3.25],"texture":"#0"},"east":{"uv":[0,4.5,3,6.75],"texture":"#0"},"south":{"uv":[9.5,1,10,3.25],"texture":"#0"},"west":{"uv":[3,4.5,6,6.75],"texture":"#0"},"up":{"uv":[1.5,12,1,9],"texture":"#0"},"down":{"uv":[9.5,1,9,4],"texture":"#0"}}},{"from":[7,3,0],"to":[9,5,4],"rotation":{"angle":0,"axis":"z","origin":[8,8,14.5]},"faces":{"north":{"uv":[9.5,1.5,10,2],"texture":"#0"},"east":{"uv":[0,5,1,5.5],"texture":"#0"},"south":{"uv":[9.5,1.5,10,2],"texture":"#0"},"west":{"uv":[3,5,4,5.5],"texture":"#0"},"up":{"uv":[1.5,10.5,1,9.5],"texture":"#0"},"down":{"uv":[9.5,1.5,9,2.5],"texture":"#0"}}},{"from":[7,3,13],"to":[9,5,17],"rotation":{"angle":0,"axis":"z","origin":[8,8,14.5]},"faces":{"north":{"uv":[9.5,1.5,10,2],"texture":"#0"},"east":{"uv":[0,5,1,5.5],"texture":"#0"},"south":{"uv":[9.5,1.5,10,2],"texture":"#0"},"west":{"uv":[3,5,4,5.5],"texture":"#0"},"up":{"uv":[1.5,10.5,1,9.5],"texture":"#0"},"down":{"uv":[9.5,1.5,9,2.5],"texture":"#0"}}},{"from":[2.3,2.7,1],"to":[4.3,11.7,15],"rotation":{"angle":-45,"axis":"z","origin":[8,8,14.5]},"faces":{"north":{"uv":[2.5,9,3,11.25],"texture":"#0"},"east":{"uv":[0,2.25,3.5,4.5],"texture":"#0"},"south":{"uv":[2.5,9,3,11.25],"texture":"#0"},"west":{"uv":[0,2.25,3.5,4.5],"texture":"#0"},"up":{"uv":[8.5,11.25,8,7.75],"texture":"#0"},"down":{"uv":[9,7.75,8.5,11.25],"texture":"#0"}}},{"from":[11.7,2.7,1],"to":[13.7,11.7,15],"rotation":{"angle":45,"axis":"z","origin":[8,8,14.5]},"faces":{"north":{"uv":[3,9,2.5,11.25],"texture":"#0"},"east":{"uv":[3.5,2.25,0,4.5],"texture":"#0"},"south":{"uv":[3,9,2.5,11.25],"texture":"#0"},"west":{"uv":[3.5,2.25,0,4.5],"texture":"#0"},"up":{"uv":[8,11.25,8.5,7.75],"texture":"#0"},"down":{"uv":[8.5,7.75,9,11.25],"texture":"#0"}}},{"from":[12,0,2],"to":[14,9,14],"rotation":{"angle":0,"axis":"z","origin":[8,8,14.5]},"faces":{"north":{"uv":[10,1,9.5,3.25],"texture":"#0"},"east":{"uv":[6,4.5,3,6.75],"texture":"#0"},"south":{"uv":[10,1,9.5,3.25],"texture":"#0"},"west":{"uv":[3,4.5,0,6.75],"texture":"#0"},"up":{"uv":[1,12,1.5,9],"texture":"#0"},"down":{"uv":[9,1,9.5,4],"texture":"#0"}}},{"from":[11.7,11.7,0],"to":[13.7,13.7,16],"rotation":{"angle":45,"axis":"z","origin":[8,8,14.5]},"faces":{"north":{"uv":[6.5,10.25,7,10.75],"texture":"#0"},"east":{"uv":[1.5,5.75,1,1.75],"rotation":90,"texture":"#0"},"south":{"uv":[6.5,10.25,7,10.75],"texture":"#0"},"west":{"uv":[7,0.5,11,1],"texture":"#0"},"up":{"uv":[1.5,5.75,1,1.75],"texture":"#0"},"down":{"uv":[8,6.75,7.5,10.75],"texture":"#0"}}},{"from":[4,0,2],"to":[12,2,14],"rotation":{"angle":0,"axis":"z","origin":[8,8,14.5]},"faces":{"north":{"uv":[9,5,11,5.5],"texture":"#0"},"east":{"uv":[7,4,10,4.5],"texture":"#0"},"south":{"uv":[9,5,11,5.5],"texture":"#0"},"west":{"uv":[9,4.5,12,5],"texture":"#0"},"up":{"uv":[5,9.75,3,6.75],"texture":"#0"},"down":{"uv":[5,9.75,3,6.75],"texture":"#0"}}},{"from":[4,2,3],"to":[12,6,5],"rotation":{"angle":0,"axis":"z","origin":[8,8,14.5]},"faces":{"north":{"uv":[7,3,9,4],"texture":"#0"},"east":{"uv":[11.5,5,12,6],"texture":"#0"},"south":{"uv":[8,6.75,10,7.75],"texture":"#0"},"west":{"uv":[9.5,11.5,10,12.5],"texture":"#0"},"up":{"uv":[12,8,10,7.5],"texture":"#0"},"down":{"uv":[12,8,10,8.5],"texture":"#0"}}},{"from":[4,6,3],"to":[7,10,5],"rotation":{"angle":0,"axis":"z","origin":[8,8,14.5]},"faces":{"north":{"uv":[10.5,10.5,11.25,11.5],"texture":"#0"},"east":{"uv":[11.25,11,11.75,12],"texture":"#0"},"south":{"uv":[6.5,10.75,7.25,11.75],"texture":"#0"},"west":{"uv":[11.5,0,12,1],"texture":"#0"},"up":{"uv":[12.5,11.5,11.75,11],"texture":"#0"},"down":{"uv":[12.5,11.5,11.75,12],"texture":"#0"}}},{"from":[9,6,3],"to":[12,10,5],"rotation":{"angle":0,"axis":"z","origin":[8,8,14.5]},"faces":{"north":{"uv":[5.75,10.25,6.5,11.25],"texture":"#0"},"east":{"uv":[2.5,11.25,3,12.25],"texture":"#0"},"south":{"uv":[9.75,10.5,10.5,11.5],"texture":"#0"},"west":{"uv":[6,11.25,6.5,12.25],"texture":"#0"},"up":{"uv":[8,12.25,7.25,11.75],"texture":"#0"},"down":{"uv":[8.75,11.75,8,12.25],"texture":"#0"}}},{"from":[4,10,3],"to":[12,12,5],"rotation":{"angle":0,"axis":"z","origin":[8,8,14.5]},"faces":{"north":{"uv":[10,2.5,12,3],"texture":"#0"},"east":{"uv":[2,12,2.5,12.5],"texture":"#0"},"south":{"uv":[10,3.75,12,4.25],"texture":"#0"},"west":{"uv":[12,2,12.5,2.5],"texture":"#0"},"up":{"uv":[12,7,10,6.5],"texture":"#0"},"down":{"uv":[12,7,10,7.5],"texture":"#0"}}},{"from":[6,12,3],"to":[10,14,5],"rotation":{"angle":0,"axis":"z","origin":[8,8,14.5]},"faces":{"north":{"uv":[11.25,9,12.25,9.5],"texture":"#0"},"east":{"uv":[1.5,12,2,12.5],"texture":"#0"},"south":{"uv":[11.25,9.5,12.25,10],"texture":"#0"},"west":{"uv":[12,1.5,12.5,2],"texture":"#0"},"up":{"uv":[12.25,10.5,11.25,10],"texture":"#0"},"down":{"uv":[12.25,10.5,11.25,11],"texture":"#0"}}},{"from":[4,10,11],"to":[12,12,13],"rotation":{"angle":0,"axis":"z","origin":[8,8,1.5]},"faces":{"north":{"uv":[12,3.75,10,4.25],"texture":"#0"},"east":{"uv":[2.5,12,2,12.5],"texture":"#0"},"south":{"uv":[12,2.5,10,3],"texture":"#0"},"west":{"uv":[12.5,2,12,2.5],"texture":"#0"},"up":{"uv":[12,6.5,10,7],"texture":"#0"},"down":{"uv":[12,7.5,10,7],"texture":"#0"}}},{"from":[6,12,11],"to":[10,14,13],"rotation":{"angle":0,"axis":"z","origin":[8,8,1.5]},"faces":{"north":{"uv":[12.25,9.5,11.25,10],"texture":"#0"},"east":{"uv":[2,12,1.5,12.5],"texture":"#0"},"south":{"uv":[12.25,9,11.25,9.5],"texture":"#0"},"west":{"uv":[12.5,1.5,12,2],"texture":"#0"},"up":{"uv":[12.25,10,11.25,10.5],"texture":"#0"},"down":{"uv":[12.25,11,11.25,10.5],"texture":"#0"}}},{"from":[4,6,11],"to":[7,10,13],"rotation":{"angle":0,"axis":"z","origin":[8,8,1.5]},"faces":{"north":{"uv":[7.25,10.75,6.5,11.75],"texture":"#0"},"east":{"uv":[11.75,11,11.25,12],"texture":"#0"},"south":{"uv":[11.25,10.5,10.5,11.5],"texture":"#0"},"west":{"uv":[12,0,11.5,1],"texture":"#0"},"up":{"uv":[12.5,11,11.75,11.5],"texture":"#0"},"down":{"uv":[12.5,12,11.75,11.5],"texture":"#0"}}},{"from":[9,6,11],"to":[12,10,13],"rotation":{"angle":0,"axis":"z","origin":[8,8,1.5]},"faces":{"north":{"uv":[10.5,10.5,9.75,11.5],"texture":"#0"},"east":{"uv":[3,11.25,2.5,12.25],"texture":"#0"},"south":{"uv":[6.5,10.25,5.75,11.25],"texture":"#0"},"west":{"uv":[6.5,11.25,6,12.25],"texture":"#0"},"up":{"uv":[8,11.75,7.25,12.25],"texture":"#0"},"down":{"uv":[8.75,12.25,8,11.75],"texture":"#0"}}},{"from":[4,2,11],"to":[12,6,13],"rotation":{"angle":0,"axis":"z","origin":[8,8,1.5]},"faces":{"north":{"uv":[10,6.75,8,7.75],"texture":"#0"},"east":{"uv":[12,5,11.5,6],"texture":"#0"},"south":{"uv":[9,3,7,4],"texture":"#0"},"west":{"uv":[10,11.5,9.5,12.5],"texture":"#0"},"up":{"uv":[12,7.5,10,8],"texture":"#0"},"down":{"uv":[12,8.5,10,8],"texture":"#0"}}}],"display":{"thirdperson_righthand":{"rotation":[60,-160,0],"translation":[0,1.75,1],"scale":[0.35586,0.35586,0.35586]},"thirdperson_lefthand":{"rotation":[60,-160,0],"translation":[0,1.75,1],"scale":[0.35586,0.35586,0.35586]},"firstperson_righthand":{"rotation":[0,-73,6],"translation":[3.25,1.5,0],"scale":[0.19492,0.19492,0.19492]},"firstperson_lefthand":{"rotation":[0,-73,6],"translation":[2.5,2,0],"scale":[0.19492,0.19492,0.19492]},"ground":{"translation":[0,1.5,0],"scale":[0.35,0.35,0.35]},"gui":{"rotation":[30.25,-39,0],"translation":[0,0.25,0],"scale":[0.69415,0.69415,0.69415]},"head":{"translation":[0,-30.4,0],"scale":[1.6,1.6,1.6]},"fixed":{"rotation":[-90,-180,0],"translation":[0,0,-15],"scale":[2,2,2]}}}