{"textures​":{"layer0":"minecraft:item/tall_dry_grass"},"credit":"Made by Yassou, discord: Yassou#0001 mail : miss.yas.mc@gmail.com","texture_size":[128,128],"\u0074\u0065\u0078\u0074\u0075\u0072\u0065\u0073":{"1":"\u0070\u0061\u0072\u006b_\u0070\u006c\u0075\u0073:\u0070\u0069\u0063\u006e\u0069\u0063\u0074\u0061\u0062\u006c\u0065","\u0070\u0061\u0072\u0074\u0069\u0063\u006c\u0065":"\u0070\u0061\u0072\u006b_\u0070\u006c\u0075\u0073:\u0070\u0069\u0063\u006e\u0069\u0063\u0074\u0061\u0062\u006c\u0065"},"elements":[{"from":[13,0,20],"to":[15,15,22],"rotation":{"angle":22.5,"axis":"z","origin":[14,7.5,21]},"faces":{"north":{"uv":[3,4.25,3.25,6.125],"texture":"#1"},"east":{"uv":[3.25,4.25,3.5,6.125],"texture":"#1"},"south":{"uv":[3.5,4.25,3.75,6.125],"texture":"#1"},"west":{"uv":[3.75,4.25,4,6.125],"texture":"#1"},"up":{"uv":[6.25,3.625,6,3.375],"texture":"#1"},"down":{"uv":[4,6.125,3.75,6.375],"texture":"#1"}}},{"from":[13,0,-7],"to":[15,15,-5],"rotation":{"angle":22.5,"axis":"z","origin":[14,7.5,21]},"faces":{"north":{"uv":[4,4.25,4.25,6.125],"texture":"#1"},"east":{"uv":[4.25,4.25,4.5,6.125],"texture":"#1"},"south":{"uv":[4.5,4.25,4.75,6.125],"texture":"#1"},"west":{"uv":[4.75,4.25,5,6.125],"texture":"#1"},"up":{"uv":[4.25,6.375,4,6.125],"texture":"#1"},"down":{"uv":[4.5,6.125,4.25,6.375],"texture":"#1"}}},{"from":[1,0,20],"to":[3,15,22],"rotation":{"angle":-22.5,"axis":"z","origin":[2,7.5,21]},"faces":{"north":{"uv":[6,4.25,6.25,6.125],"texture":"#1"},"east":{"uv":[3,6.125,3.25,8],"texture":"#1"},"south":{"uv":[3.25,6.125,3.5,8],"texture":"#1"},"west":{"uv":[3.5,6.125,3.75,8],"texture":"#1"},"up":{"uv":[5.25,6.375,5,6.125],"texture":"#1"},"down":{"uv":[5.5,6.125,5.25,6.375],"texture":"#1"}}},{"from":[1,0,-7],"to":[3,15,-5],"rotation":{"angle":-22.5,"axis":"z","origin":[2,7.5,21]},"faces":{"north":{"uv":[5,4.25,5.25,6.125],"texture":"#1"},"east":{"uv":[5.25,4.25,5.5,6.125],"texture":"#1"},"south":{"uv":[5.5,4.25,5.75,6.125],"texture":"#1"},"west":{"uv":[5.75,4.25,6,6.125],"texture":"#1"},"up":{"uv":[4.75,6.375,4.5,6.125],"texture":"#1"},"down":{"uv":[5,6.125,4.75,6.375],"texture":"#1"}}},{"from":[0,14,-8],"to":[16,16,23],"rotation":{"angle":0,"axis":"y","origin":[16,0,0]},"faces":{"north":{"uv":[4,3.125,6,3.375],"texture":"#1"},"east":{"uv":[4,1.125,7.875,1.375],"texture":"#1"},"south":{"uv":[4,3.375,6,3.625],"texture":"#1"},"west":{"uv":[4,1.375,7.875,1.625],"texture":"#1"},"up":{"uv":[4,3.875,2,0],"texture":"#1"},"down":{"uv":[4,0,2,3.875],"texture":"#1"}}},{"from":[-5,7,19.5],"to":[21,9,22.5],"rotation":{"angle":0,"axis":"y","origin":[16,0,0]},"faces":{"north":{"uv":[4,1.875,7.25,2.125],"texture":"#1"},"east":{"uv":[4,3.625,4.375,3.875],"texture":"#1"},"south":{"uv":[4,1.875,7.25,2.125],"texture":"#1"},"west":{"uv":[4.375,3.625,4.75,3.875],"texture":"#1"},"up":{"uv":[6.25,4.25,3,3.875],"texture":"#1"},"down":{"uv":[7.25,0.375,4,0.75],"texture":"#1"}}},{"from":[-5,7,-7.5],"to":[21,9,-4.5],"rotation":{"angle":0,"axis":"y","origin":[16,0,0]},"faces":{"north":{"uv":[4,2.125,7.25,2.375],"texture":"#1"},"east":{"uv":[5.5,3.625,5.875,3.875],"texture":"#1"},"south":{"uv":[4,2.375,7.25,2.625],"texture":"#1"},"west":{"uv":[5.875,3.625,6.25,3.875],"texture":"#1"},"up":{"uv":[7.25,0.75,4,0.375],"texture":"#1"},"down":{"uv":[7.25,0.75,4,1.125],"texture":"#1"}}},{"from":[18,9,-9],"to":[24,10,24],"rotation":{"angle":0,"axis":"y","origin":[16,0,0]},"faces":{"north":{"uv":[4.75,3.625,5.5,3.75],"texture":"#1"},"east":{"uv":[4,2.625,8.125,2.75],"texture":"#1"},"south":{"uv":[4.75,3.75,5.5,3.875],"texture":"#1"},"west":{"uv":[4,2.75,8.125,2.875],"texture":"#1"},"up":{"uv":[0.75,8,0,3.875],"texture":"#1"},"down":{"uv":[0.75,3.875,0,8],"texture":"#1"}}},{"from":[-8,9,-9],"to":[-2,10,24],"faces":{"north":{"uv":[6,3.125,6.75,3.25],"texture":"#1"},"east":{"uv":[4,2.875,8.125,3],"texture":"#1"},"south":{"uv":[6,3.25,6.75,3.375],"texture":"#1"},"west":{"uv":[4,3,8.125,3.125],"texture":"#1"},"up":{"uv":[2.25,8,1.5,3.875],"texture":"#1"},"down":{"uv":[2.25,3.875,1.5,8],"texture":"#1"}}}],"display":{"thirdperson_righthand":{"rotation":[60,-160,0],"translation":[-0.25,3.25,0.25],"scale":[0.22109,0.22109,0.22109]},"thirdperson_lefthand":{"rotation":[60,-160,0],"translation":[-0.25,3.25,0.25],"scale":[0.22109,0.22109,0.22109]},"firstperson_righthand":{"rotation":[0,-40,6],"translation":[1.25,1,0],"scale":[0.10899,0.10899,0.10899]},"firstperson_lefthand":{"rotation":[0,-40,6],"translation":[3.25,1,0],"scale":[0.10899,0.10899,0.10899]},"ground":{"translation":[-2.25,1.5,0],"scale":[0.35,0.35,0.35]},"gui":{"rotation":[30,-40,0],"translation":[0,-0.5,0],"scale":[0.325,0.325,0.325]},"head":{"translation":[0,-30.4,0],"scale":[1.6,1.6,1.6]},"fixed":{"rotation":[-90,-180,0],"translation":[0,0,-15],"scale":[2,2,2]}}}