{"textures​":{"layer0":"minecraft:item/llama_spawn_egg"},"credit":"Made by Yassou, discord: Yassou#0001 mail : miss.yas.mc@gmail.com","texture_size":[64,64],"\u0074\u0065\u0078\u0074\u0075\u0072\u0065\u0073":{"1":"\u0070\u0061\u0072\u006b_\u0070\u006c\u0075\u0073:\u0073\u0074\u0065\u006c\u0065","\u0070\u0061\u0072\u0074\u0069\u0063\u006c\u0065":"#1"},"elements":[{"from":[0,0,0],"to":[16,12,16],"faces":{"north":{"uv":[4,0,8,3],"texture":"#1"},"east":{"uv":[4,3,8,6],"texture":"#1"},"south":{"uv":[4,6,8,9],"texture":"#1"},"west":{"uv":[0,8,4,11],"texture":"#1"},"up":{"uv":[4,4,0,0],"texture":"#1"},"down":{"uv":[4,4,0,8],"texture":"#1"}}},{"from":[0,20,0],"to":[16,32,16],"faces":{"north":{"uv":[4,0,8,3],"texture":"#1"},"east":{"uv":[4,3,8,6],"texture":"#1"},"south":{"uv":[4,6,8,9],"texture":"#1"},"west":{"uv":[0,8,4,11],"texture":"#1"},"up":{"uv":[4,4,0,0],"texture":"#1"},"down":{"uv":[4,4,0,8],"texture":"#1"}}},{"from":[0,0,0],"to":[16,12,16],"faces":{"north":{"uv":[4,0,8,3],"texture":"#1"},"east":{"uv":[4,3,8,6],"texture":"#1"},"south":{"uv":[4,6,8,9],"texture":"#1"},"west":{"uv":[0,8,4,11],"texture":"#1"},"up":{"uv":[4,4,0,0],"texture":"#1"},"down":{"uv":[4,4,0,8],"texture":"#1"}}},{"from":[3,12,3],"to":[13,20,13],"faces":{"north":{"uv":[4,9,6.5,11],"texture":"#1"},"east":{"uv":[6.5,10,9,12],"texture":"#1"},"south":{"uv":[9,10,11.5,12],"texture":"#1"},"west":{"uv":[10.5,0,13,2],"texture":"#1"},"up":{"uv":[10.5,7.5,8,5],"texture":"#1"},"down":{"uv":[10.5,7.5,8,10],"texture":"#1"}}}],"display":{"thirdperson_righthand":{"rotation":[60,-160,0],"translation":[0,0.75,0.25],"scale":[0.35586,0.35586,0.35586]},"thirdperson_lefthand":{"rotation":[60,-160,0],"translation":[0,0.75,0.25],"scale":[0.35586,0.35586,0.35586]},"firstperson_righthand":{"rotation":[0,-73,6],"translation":[3.25,0.5,0],"scale":[0.19492,0.19492,0.19492]},"firstperson_lefthand":{"rotation":[0,-73,6],"translation":[3.25,0.5,0],"scale":[0.19492,0.19492,0.19492]},"ground":{"translation":[0,1.5,0],"scale":[0.35,0.35,0.35]},"gui":{"rotation":[30,-40,0],"translation":[0,-3,0],"scale":[0.37969,0.37969,0.37969]},"head":{"translation":[0,-30.4,0],"scale":[1.6,1.6,1.6]},"fixed":{"rotation":[-90,-180,0],"translation":[0,0,-15],"scale":[2,2,2]}}}