{"textures​":{"layer0":"minecraft:item/jungle_planks"},"credit":"MadewithBlockbench","texture_size":[128,128],"\u0074\u0065\u0078\u0074\u0075\u0072\u0065\u0073":{"0":"\u0065\u006c\u0069\u0074\u0065\u0063\u0072\u0065\u0061\u0074\u0075\u0072\u0065\u0073:\u0076\u0065\u006e\u0064\u0069\u006e\u0067_\u0064\u0065\u0063\u006f\u0072\u0061\u0074\u0069\u006f\u006e_\u00761/\u0076\u0065\u006e\u0064\u0069\u006e\u0067_\u006d\u0061\u0063\u0068\u0069\u006e\u0065_\u0064\u0072\u0069\u006e\u006b_2","\u0070\u0061\u0072\u0074\u0069\u0063\u006c\u0065":"\u0065\u006c\u0069\u0074\u0065\u0063\u0072\u0065\u0061\u0074\u0075\u0072\u0065\u0073:\u0076\u0065\u006e\u0064\u0069\u006e\u0067_\u0064\u0065\u0063\u006f\u0072\u0061\u0074\u0069\u006f\u006e_\u00761/\u0076\u0065\u006e\u0064\u0069\u006e\u0067_\u006d\u0061\u0063\u0068\u0069\u006e\u0065_\u0064\u0072\u0069\u006e\u006b_2"},"elements":[{"from":[-3,-16,0],"to":[16,32,16],"faces":{"north":{"uv":[0,0,2.375,6],"texture":"#0"},"east":{"uv":[4.75,0,6.75,6],"texture":"#0"},"south":{"uv":[2.375,0,4.75,6],"texture":"#0"},"west":{"uv":[0,6,2,12],"texture":"#0"},"up":{"uv":[7.5,8,5.125,6],"texture":"#0"},"down":{"uv":[9.125,0,6.75,2],"texture":"#0"}}},{"from":[-8,-16,1],"to":[-3,32,16],"faces":{"north":{"uv":[3.875,6,4.5,12],"texture":"#0"},"south":{"uv":[4.5,6,5.125,12],"texture":"#0"},"west":{"uv":[2,6,3.875,12],"texture":"#0"},"up":{"uv":[7.375,3.875,6.75,2],"texture":"#0"},"down":{"uv":[7.375,3.875,6.75,5.75],"texture":"#0"}}},{"from":[-8,21,0],"to":[-3,32,1],"faces":{"north":{"uv":[7.375,2,8,3.375],"texture":"#0"},"west":{"uv":[7.5,3.375,7.625,4.75],"texture":"#0"},"up":{"uv":[7.375,5.875,6.75,5.75],"texture":"#0"},"down":{"uv":[7.375,5.875,6.75,6],"texture":"#0"}}},{"from":[-8,-16,0],"to":[-3,-5,1],"faces":{"north":{"uv":[8,2,8.625,3.375],"texture":"#0"},"west":{"uv":[7.375,3.375,7.5,4.75],"texture":"#0"},"up":{"uv":[8.25,3.5,7.625,3.375],"texture":"#0"},"down":{"uv":[8.25,3.5,7.625,3.625],"texture":"#0"}}}],"display":{"thirdperson_righthand":{"rotation":[0,-180,0],"translation":[-0.25,0,0],"scale":[0.1,0.1,0.1]},"thirdperson_lefthand":{"rotation":[0,-180,0],"translation":[0.5,0,0],"scale":[0.1,0.1,0.1]},"firstperson_righthand":{"rotation":[0,-180,0],"translation":[-1,2,0],"scale":[0.23,0.23,0.23]},"firstperson_lefthand":{"rotation":[0,-180,0],"translation":[-1,2,0],"scale":[0.23,0.23,0.23]},"ground":{"translation":[1,1.25,0],"scale":[0.24,0.24,0.24]},"gui":{"rotation":[30,225,0],"translation":[-0.75,-0.75,0],"scale":[0.25,0.25,0.25]},"head":{"rotation":[0,-180,0],"translation":[-5.5,-9.5,1.5],"scale":[1.4,1.4,1.4]},"fixed":{"translation":[1.25,0.25,0],"scale":[0.29,0.29,0.29]}}}