{"credit":"Made with Blockbench","texture_size":[24,24],"textures":{"1":"ender_eye_set:ender_eye_set/animation_2","2":"ender_eye_set:ender_eye_set/knife","particle":"ender_eye_set:ender_eye_set/knife"},"elements":[{"from":[7.4,-0.1,7.4],"to":[8.6,1.1,8.6],"rotation":{"angle":-45,"axis":"x","origin":[8,0.5,8]},"faces":{"north":{"uv":[12,10,12.83333,10.83333],"texture":"#2"},"east":{"uv":[10.66667,12,11.5,12.83333],"texture":"#2"},"south":{"uv":[12,11.33333,12.83333,12.16667],"texture":"#2"},"west":{"uv":[0,12.66667,0.83333,13.5],"texture":"#2"},"up":{"uv":[13.5,0.83333,12.66667,0],"texture":"#2"},"down":{"uv":[2.16667,12.66667,1.33333,13.5],"texture":"#2"}}},{"from":[7.5,0.8,7.5],"to":[8.5,7.8,8.5],"rotation":{"angle":0,"axis":"x","origin":[8,1.3,8]},"faces":{"north":{"uv":[6.66667,0,7.33333,4.66667],"texture":"#2"},"east":{"uv":[8,0,8.66667,4.66667],"texture":"#2"},"south":{"uv":[2,8,2.66667,12.66667],"texture":"#2"},"west":{"uv":[2.66667,8,3.33333,12.66667],"texture":"#2"},"up":{"uv":[4,5.33333,3.33333,4.66667],"texture":"#2"},"down":{"uv":[7.33333,4.66667,6.66667,5.33333],"texture":"#2"}}},{"from":[7.4,1.8,7.4],"to":[8.6,3.8,8.6],"rotation":{"angle":0,"axis":"x","origin":[8,2.3,8]},"faces":{"north":{"uv":[6,10.66667,6.83333,12],"texture":"#2"},"east":{"uv":[10.66667,6.66667,11.5,8],"texture":"#2"},"south":{"uv":[10.66667,8,11.5,9.33333],"texture":"#2"},"west":{"uv":[9.33333,10.66667,10.16667,12],"texture":"#2"},"up":{"uv":[13.5,4.83333,12.66667,4],"texture":"#2"},"down":{"uv":[13.5,5.33333,12.66667,6.16667],"texture":"#2"}}},{"from":[7.4,4.8,7.4],"to":[8.6,6.8,8.6],"rotation":{"angle":0,"axis":"x","origin":[8,2.3,8]},"faces":{"north":{"uv":[10.66667,9.33333,11.5,10.66667],"texture":"#2"},"east":{"uv":[10.66667,10.66667,11.5,12],"texture":"#2"},"south":{"uv":[0,11.33333,0.83333,12.66667],"texture":"#2"},"west":{"uv":[11.33333,0,12.16667,1.33333],"texture":"#2"},"up":{"uv":[13.5,7.5,12.66667,6.66667],"texture":"#2"},"down":{"uv":[8.83333,12.66667,8,13.5],"texture":"#2"}}},{"from":[7.284,7.31775,6.24],"to":[8.716,8.19775,7.12],"rotation":{"angle":0,"axis":"y","origin":[7.836,7.31775,6.24]},"faces":{"north":{"uv":[12.66667,8,13.66667,8.66667],"texture":"#2"},"east":{"uv":[8.66667,4,9.33333,4.66667],"texture":"#2"},"south":{"uv":[12.66667,8.66667,13.66667,9.33333],"texture":"#2"},"west":{"uv":[11.33333,3.33333,12,4],"texture":"#2"},"up":{"uv":[13.66667,10,12.66667,9.33333],"texture":"#2"},"down":{"uv":[13,12.66667,12,13.33333],"texture":"#2"}}},{"from":[7.273,7.75775,6.05775],"to":[8.727,9.51775,6.93775],"rotation":{"angle":-45,"axis":"x","origin":[8.287,8.19775,6.49775]},"faces":{"north":{"uv":[8.66667,0,9.66667,1.16667],"texture":"#2"},"east":{"uv":[1.33333,10,2,11.16667],"texture":"#2"},"south":{"uv":[8.66667,1.33333,9.66667,2.5],"texture":"#2"},"west":{"uv":[1.33333,11.33333,2,12.5],"texture":"#2"},"up":{"uv":[5.66667,14,4.66667,13.33333],"texture":"#2"},"down":{"uv":[14.33333,10,13.33333,10.66667],"texture":"#2"}}},{"from":[7.284,11.20225,6.24],"to":[8.716,12.08225,7.12],"rotation":{"angle":0,"axis":"y","origin":[7.836,12.08225,6.24]},"faces":{"north":{"uv":[10.66667,13.33333,11.66667,14],"texture":"#2"},"east":{"uv":[2.66667,12.66667,3.33333,13.33333],"texture":"#2"},"south":{"uv":[13.33333,10.66667,14.33333,11.33333],"texture":"#2"},"west":{"uv":[2.66667,13.33333,3.33333,14],"texture":"#2"},"up":{"uv":[14.33333,12,13.33333,11.33333],"texture":"#2"},"down":{"uv":[13,13.33333,12,14],"texture":"#2"}}},{"from":[7.273,9.88225,6.05775],"to":[8.727,11.64225,6.93775],"rotation":{"angle":45,"axis":"x","origin":[8.287,11.20225,6.49775]},"faces":{"north":{"uv":[8.66667,2.66667,9.66667,3.83333],"texture":"#2"},"east":{"uv":[11.33333,2,12,3.16667],"texture":"#2"},"south":{"uv":[9.33333,4,10.33333,5.16667],"texture":"#2"},"west":{"uv":[8,11.33333,8.66667,12.5],"texture":"#2"},"up":{"uv":[14.33333,12.66667,13.33333,12],"texture":"#2"},"down":{"uv":[14.33333,12.66667,13.33333,13.33333],"texture":"#2"}}},{"from":[7.262,8.82,5.25324],"to":[8.738,10.58,6.13324],"rotation":{"angle":0,"axis":"x","origin":[8.298,9.26,5.69324]},"faces":{"north":{"uv":[9.33333,5.33333,10.33333,6.5],"texture":"#2"},"east":{"uv":[8.66667,11.33333,9.33333,12.5],"texture":"#2"},"south":{"uv":[9.33333,6.66667,10.33333,7.83333],"texture":"#2"},"west":{"uv":[12,2,12.66667,3.16667],"texture":"#2"},"up":{"uv":[14.33333,14,13.33333,13.33333],"texture":"#2"},"down":{"uv":[1,14,0,14.66667],"texture":"#2"}}},{"from":[7.372,7.39324,7.56],"to":[8.628,10.91324,11.08],"rotation":{"angle":-45,"axis":"x","origin":[7.66,7.83324,8]},"faces":{"north":{"uv":[4.66667,8,5.5,10.33333],"texture":"#2"},"east":{"uv":[4,0,6.33333,2.33333],"texture":"#2"},"south":{"uv":[8,4.66667,8.83333,7],"texture":"#2"},"west":{"uv":[4,2.66667,6.33333,5],"texture":"#2"},"up":{"uv":[6.83333,10.33333,6,8],"texture":"#2"},"down":{"uv":[8.83333,7.33333,8,9.66667],"texture":"#2"}}},{"from":[7.273,9.88225,9.06225],"to":[8.727,11.64225,9.94225],"rotation":{"angle":-45,"axis":"x","origin":[8.287,11.20225,9.50225]},"faces":{"north":{"uv":[9.33333,8,10.33333,9.16667],"texture":"#2"},"east":{"uv":[12,3.33333,12.66667,4.5],"texture":"#2"},"south":{"uv":[9.33333,9.33333,10.33333,10.5],"texture":"#2"},"west":{"uv":[4.66667,12,5.33333,13.16667],"texture":"#2"},"up":{"uv":[15,0.66667,14,0],"texture":"#2"},"down":{"uv":[15,0.66667,14,1.33333],"texture":"#2"}}},{"from":[7.284,11.20225,8.88],"to":[8.716,12.08225,9.76],"rotation":{"angle":0,"axis":"y","origin":[7.836,12.08225,9.76]},"faces":{"north":{"uv":[1.33333,14,2.33333,14.66667],"texture":"#2"},"east":{"uv":[6,13.33333,6.66667,14],"texture":"#2"},"south":{"uv":[14,1.33333,15,2],"texture":"#2"},"west":{"uv":[7.33333,13.33333,8,14],"texture":"#2"},"up":{"uv":[15,2.66667,14,2],"texture":"#2"},"down":{"uv":[15,2.66667,14,3.33333],"texture":"#2"}}},{"from":[7.262,8.82,9.86676],"to":[8.738,10.58,10.74676],"rotation":{"angle":0,"axis":"x","origin":[8.298,9.26,10.30676]},"faces":{"north":{"uv":[0,10,1,11.16667],"texture":"#2"},"east":{"uv":[12,4.66667,12.66667,5.83333],"texture":"#2"},"south":{"uv":[10,0,11,1.16667],"texture":"#2"},"west":{"uv":[5.33333,12,6,13.16667],"texture":"#2"},"up":{"uv":[15,4,14,3.33333],"texture":"#2"},"down":{"uv":[15,4,14,4.66667],"texture":"#2"}}},{"from":[7.273,7.75775,9.06225],"to":[8.727,9.51775,9.94225],"rotation":{"angle":45,"axis":"x","origin":[8.287,8.19775,9.50225]},"faces":{"north":{"uv":[10,1.33333,11,2.5],"texture":"#2"},"east":{"uv":[6,12,6.66667,13.16667],"texture":"#2"},"south":{"uv":[10,2.66667,11,3.83333],"texture":"#2"},"west":{"uv":[12,6,12.66667,7.16667],"texture":"#2"},"up":{"uv":[5.66667,14.66667,4.66667,14],"texture":"#2"},"down":{"uv":[15,4.66667,14,5.33333],"texture":"#2"}}},{"from":[7.284,7.31775,8.88],"to":[8.716,8.19775,9.76],"rotation":{"angle":0,"axis":"y","origin":[7.836,7.31775,9.76]},"faces":{"north":{"uv":[14,5.33333,15,6],"texture":"#2"},"east":{"uv":[2.66667,14,3.33333,14.66667],"texture":"#2"},"south":{"uv":[14,6,15,6.66667],"texture":"#2"},"west":{"uv":[6,14,6.66667,14.66667],"texture":"#2"},"up":{"uv":[15,7.33333,14,6.66667],"texture":"#2"},"down":{"uv":[8.33333,14,7.33333,14.66667],"texture":"#2"}}},{"from":[7.725,10.48439,6.35],"to":[8.275,13.78439,9.65],"rotation":{"angle":-45,"axis":"x","origin":[7.725,12.13439,8]},"faces":{"north":{"uv":[6.66667,12,7,14.16667],"texture":"#2"},"east":{"uv":[2,5.33333,4.16667,7.5],"texture":"#2"},"south":{"uv":[12,7.33333,12.33333,9.5],"texture":"#2"},"west":{"uv":[4.66667,5.33333,6.83333,7.5],"texture":"#2"},"up":{"uv":[9.66667,14.16667,9.33333,12],"texture":"#2"},"down":{"uv":[10.33333,12,10,14.16667],"texture":"#2"}}},{"from":[7.75,13,8.3],"to":[8.25,23,9.3],"rotation":{"angle":0,"axis":"y","origin":[8.25,21.4,7]},"faces":{"north":{"uv":[3.33333,8,3.66667,14.66667],"texture":"#2"},"east":{"uv":[7.33333,0,8,6.66667],"texture":"#2"},"south":{"uv":[4,8,4.33333,14.66667],"texture":"#2"},"west":{"uv":[7.33333,6.66667,8,13.33333],"texture":"#2"},"up":{"uv":[14.33333,9.33333,14,8.66667],"texture":"#2"},"down":{"uv":[14.33333,9.33333,14,10],"texture":"#2"}}},{"from":[8,13,6.6],"to":[8,28,9.6],"rotation":{"angle":0,"axis":"y","origin":[8.5,21.4,5.3]},"faces":{"north":{"uv":[0,0,0,10],"texture":"#2"},"east":{"uv":[2,0,0,10],"texture":"#2"},"south":{"uv":[0,0,0,10],"texture":"#2"},"west":{"uv":[0,0,2,10],"texture":"#2"},"up":{"uv":[0,2,0,0],"texture":"#2"},"down":{"uv":[0,0,0,2],"texture":"#2"}}},{"from":[8,5,3.6],"to":[8,12,6.6],"rotation":{"angle":0,"axis":"y","origin":[8.5,13.4,2.3]},"faces":{"north":{"uv":[0,0,0,4.66667],"texture":"#2"},"east":{"uv":[4,0,2,4.66667],"texture":"#2"},"south":{"uv":[0,0,0,4.66667],"texture":"#2"},"west":{"uv":[2,0,4,4.66667],"texture":"#2"},"up":{"uv":[0,2,0,0],"texture":"#2"},"down":{"uv":[0,0,0,2],"texture":"#2"}}},{"from":[8,7.3,9.4],"to":[8,14.3,12.4],"rotation":{"angle":0,"axis":"x","origin":[8,10.8,10.9]},"faces":{"north":{"uv":[0,0,0,4.66667],"rotation":180,"texture":"#2"},"east":{"uv":[4,0,2,4.66667],"rotation":180,"texture":"#2"},"south":{"uv":[0,0,0,4.66667],"rotation":180,"texture":"#2"},"west":{"uv":[2,0,4,4.66667],"rotation":180,"texture":"#2"},"up":{"uv":[0,0,0,2],"texture":"#2"},"down":{"uv":[0,2,0,0],"texture":"#2"}}},{"from":[7.7375,22.5,7.8],"to":[8.2625,23.5,9.8],"rotation":{"angle":-45,"axis":"x","origin":[7.9875,23,8.8]},"faces":{"north":{"uv":[10.66667,14,11,14.66667],"texture":"#2"},"east":{"uv":[2,4.66667,3.33333,5.33333],"texture":"#2"},"south":{"uv":[11.33333,14,11.66667,14.66667],"texture":"#2"},"west":{"uv":[11.33333,1.33333,12.66667,2],"texture":"#2"},"up":{"uv":[14.33333,8.66667,14,7.33333],"texture":"#2"},"down":{"uv":[9,14,8.66667,15.33333],"texture":"#2"}}},{"from":[7,6,4],"to":[7,14,12],"rotation":{"angle":0,"axis":"y","origin":[7,6,4]},"faces":{"north":{"uv":[0,0,0,5.33333],"texture":"#1"},"east":{"uv":[16,0,0,16],"texture":"#1"},"south":{"uv":[0,0,0,5.33333],"texture":"#1"},"west":{"uv":[0,0,16,16],"texture":"#1"},"up":{"uv":[0,0,0,5.33333],"texture":"#1"},"down":{"uv":[0,0,0,5.33333],"texture":"#1"}}},{"from":[9,6,4],"to":[9,14,12],"rotation":{"angle":0,"axis":"y","origin":[9,6,4]},"faces":{"north":{"uv":[0,0,0,5.33333],"texture":"#1"},"east":{"uv":[16,0,0,16],"texture":"#1"},"south":{"uv":[0,0,0,5.33333],"texture":"#1"},"west":{"uv":[0,0,16,16],"texture":"#1"},"up":{"uv":[0,0,0,5.33333],"texture":"#1"},"down":{"uv":[0,0,0,5.33333],"texture":"#1"}}}],"gui_light":"front","display":{"thirdperson_righthand":{"rotation":[-11.63,-22.33,-82.42],"translation":[2,-1.25,1.5],"scale":[0.59258,0.59258,0.59258]},"thirdperson_lefthand":{"rotation":[-11.63,-22.33,-82.42],"translation":[2,-1.25,1.5],"scale":[0.59258,0.59258,0.59258]},"firstperson_righthand":{"rotation":[-6.8,14.71,-62.78],"translation":[-5.25,-0.75,0]},"firstperson_lefthand":{"rotation":[-6.8,14.71,-62.78],"translation":[-5.25,-0.75,0]},"ground":{"rotation":[0,0,-86],"translation":[-5.5,-1.25,0.5],"scale":[0.86406,0.86406,0.86406]},"gui":{"rotation":[90,-135,90],"translation":[-2.25,-3,0],"scale":[0.62227,0.62227,0.62227]},"head":{"scale":[0,0,0]},"fixed":{"rotation":[0,90,0],"translation":[0,-11.5,-2.25],"scale":[1.87305,1.87305,1.87305]}}}