{"credit":"MadewithBlockbench","texture_size":[32,32],"textures":{"0":"purpleworldset:purpleworldset/purpleworld_shovel","particle":"purpleworldset:purpleworldset/purpleworld_shovel"},"elements":[{"from":[7.39,-7.48022,7.39336],"to":[8.61,-6.26022,8.61336],"rotation":{"angle":0,"axis":"y","origin":[8,0.9682,8.00336]},"faces":{"north":{"uv":[0.6875,0.016,1.1875,0.484],"texture":"#0"},"east":{"uv":[0.6875,0.016,1.1875,0.484],"texture":"#0"},"south":{"uv":[0.6875,0.016,1.1875,0.484],"texture":"#0"},"west":{"uv":[0.6875,0.016,1.1875,0.484],"texture":"#0"},"up":{"uv":[1.3125,0.016,1.8125,0.484],"rotation":180,"texture":"#0"},"down":{"uv":[0.016,0.016,0.484,0.484],"rotation":180,"texture":"#0"}}},{"from":[7.39,-0.83137,7.39336],"to":[8.61,0.38863,8.61336],"rotation":{"angle":0,"axis":"y","origin":[8,0.9682,8.00336]},"faces":{"north":{"uv":[0.6875,0.484,1.1875,0.016],"texture":"#0"},"east":{"uv":[0.6875,0.484,1.1875,0.016],"texture":"#0"},"south":{"uv":[0.6875,0.484,1.1875,0.016],"texture":"#0"},"west":{"uv":[0.6875,0.484,1.1875,0.016],"texture":"#0"},"up":{"uv":[0.484,0.016,0.016,0.484],"texture":"#0"},"down":{"uv":[1.8125,0.016,1.3125,0.484],"texture":"#0"}}},{"from":[7.268,-7.84622,7.63736],"to":[8.732,-6.50422,8.97936],"rotation":{"angle":45,"axis":"x","origin":[8,-6.87022,8.00336]},"faces":{"north":{"uv":[0.016,0.016,0.559,0.56056],"rotation":90,"texture":"#0"},"east":{"uv":[0.016,0.016,0.559,0.56056],"rotation":90,"texture":"#0"},"south":{"uv":[0.016,0.016,0.559,0.56056],"rotation":90,"texture":"#0"},"west":{"uv":[0.016,0.016,0.559,0.56056],"rotation":90,"texture":"#0"},"up":{"uv":[0.016,0.016,0.559,0.56056],"rotation":90,"texture":"#0"},"down":{"uv":[0.016,0.016,0.559,0.56056],"rotation":90,"texture":"#0"}}},{"from":[7.268,-0.28222,7.63736],"to":[8.732,1.05978,8.97936],"rotation":{"angle":45,"axis":"x","origin":[8,0.69378,8.00336]},"faces":{"north":{"uv":[0.016,0.016,0.559,0.56056],"rotation":90,"texture":"#0"},"east":{"uv":[0.016,0.016,0.559,0.56056],"rotation":90,"texture":"#0"},"south":{"uv":[0.016,0.016,0.559,0.56056],"rotation":90,"texture":"#0"},"west":{"uv":[0.016,0.016,0.559,0.56056],"rotation":90,"texture":"#0"},"up":{"uv":[0.016,0.016,0.559,0.56056],"rotation":90,"texture":"#0"},"down":{"uv":[0.016,0.016,0.559,0.56056],"rotation":90,"texture":"#0"}}},{"from":[7.3595,-4.30822,7.39336],"to":[8.6405,-3.94222,8.61336],"rotation":{"angle":0,"axis":"y","origin":[8,0.9682,8.00336]},"faces":{"north":{"uv":[0.6875,0.0625,1.1875,0.016],"texture":"#0"},"east":{"uv":[0.6875,0.0625,1.1875,0.016],"texture":"#0"},"south":{"uv":[0.6875,0.0625,1.1875,0.016],"texture":"#0"},"west":{"uv":[0.6875,0.0625,1.1875,0.016],"texture":"#0"},"up":{"uv":[0.6875,0.0625,1.1875,0.016],"rotation":90,"texture":"#0"},"down":{"uv":[0.6875,0.0625,1.1875,0.016],"rotation":270,"texture":"#0"}}},{"from":[7.3595,-3.82022,7.39336],"to":[8.6405,-3.45422,8.61336],"rotation":{"angle":0,"axis":"y","origin":[8,0.9682,8.00336]},"faces":{"north":{"uv":[0.6875,0.0625,1.1875,0.016],"texture":"#0"},"east":{"uv":[0.6875,0.0625,1.1875,0.016],"texture":"#0"},"south":{"uv":[0.6875,0.0625,1.1875,0.016],"texture":"#0"},"west":{"uv":[0.6875,0.0625,1.1875,0.016],"texture":"#0"},"up":{"uv":[0.6875,0.0625,1.1875,0.016],"rotation":90,"texture":"#0"},"down":{"uv":[0.6875,0.0625,1.1875,0.016],"rotation":270,"texture":"#0"}}},{"from":[7.3595,-2.84422,7.39336],"to":[8.6405,-2.47822,8.61336],"rotation":{"angle":0,"axis":"y","origin":[8,0.9682,8.00336]},"faces":{"north":{"uv":[0.6875,0.0625,1.1875,0.016],"texture":"#0"},"east":{"uv":[0.6875,0.0625,1.1875,0.016],"texture":"#0"},"south":{"uv":[0.6875,0.0625,1.1875,0.016],"texture":"#0"},"west":{"uv":[0.6875,0.0625,1.1875,0.016],"texture":"#0"},"up":{"uv":[0.6875,0.0625,1.1875,0.016],"rotation":90,"texture":"#0"},"down":{"uv":[0.6875,0.0625,1.1875,0.016],"rotation":270,"texture":"#0"}}},{"from":[7.3595,-3.33222,7.39336],"to":[8.6405,-2.96622,8.61336],"rotation":{"angle":0,"axis":"y","origin":[8,0.9682,8.00336]},"faces":{"north":{"uv":[0.6875,0.0625,1.1875,0.016],"texture":"#0"},"east":{"uv":[0.6875,0.0625,1.1875,0.016],"texture":"#0"},"south":{"uv":[0.6875,0.0625,1.1875,0.016],"texture":"#0"},"west":{"uv":[0.6875,0.0625,1.1875,0.016],"texture":"#0"},"up":{"uv":[0.6875,0.0625,1.1875,0.016],"rotation":90,"texture":"#0"},"down":{"uv":[0.6875,0.0625,1.1875,0.016],"rotation":270,"texture":"#0"}}},{"from":[7.3595,10.15578,7.39336],"to":[8.6405,10.52178,8.61336],"rotation":{"angle":0,"axis":"y","origin":[8,-5.0318,8.00336]},"faces":{"north":{"uv":[0.6875,0.0625,1.1875,0.016],"texture":"#0"},"east":{"uv":[0.6875,0.0625,1.1875,0.016],"texture":"#0"},"south":{"uv":[0.6875,0.0625,1.1875,0.016],"texture":"#0"},"west":{"uv":[0.6875,0.0625,1.1875,0.016],"texture":"#0"},"up":{"uv":[0.6875,0.0625,1.1875,0.016],"rotation":90,"texture":"#0"},"down":{"uv":[0.6875,0.0625,1.1875,0.016],"rotation":270,"texture":"#0"}}},{"from":[7.3595,9.66778,7.39336],"to":[8.6405,10.03378,8.61336],"rotation":{"angle":0,"axis":"y","origin":[8,-5.0318,8.00336]},"faces":{"north":{"uv":[0.6875,0.0625,1.1875,0.016],"texture":"#0"},"east":{"uv":[0.6875,0.0625,1.1875,0.016],"texture":"#0"},"south":{"uv":[0.6875,0.0625,1.1875,0.016],"texture":"#0"},"west":{"uv":[0.6875,0.0625,1.1875,0.016],"texture":"#0"},"up":{"uv":[0.6875,0.0625,1.1875,0.016],"rotation":90,"texture":"#0"},"down":{"uv":[0.6875,0.0625,1.1875,0.016],"rotation":270,"texture":"#0"}}},{"from":[7.3595,9.17978,7.39336],"to":[8.6405,9.54578,8.61336],"rotation":{"angle":0,"axis":"y","origin":[8,-5.0318,8.00336]},"faces":{"north":{"uv":[0.6875,0.0625,1.1875,0.016],"texture":"#0"},"east":{"uv":[0.6875,0.0625,1.1875,0.016],"texture":"#0"},"south":{"uv":[0.6875,0.0625,1.1875,0.016],"texture":"#0"},"west":{"uv":[0.6875,0.0625,1.1875,0.016],"texture":"#0"},"up":{"uv":[0.6875,0.0625,1.1875,0.016],"rotation":90,"texture":"#0"},"down":{"uv":[0.6875,0.0625,1.1875,0.016],"rotation":270,"texture":"#0"}}},{"from":[7.44917,14.79293,5.97398],"to":[8.55083,15.10769,7.02318],"rotation":{"angle":-45,"axis":"x","origin":[8,12.64071,6.42597]},"faces":{"north":{"uv":[0.6875,0.0625,1.1875,0.016],"rotation":180,"texture":"#0"},"east":{"uv":[0.6875,0.0625,1.1875,0.016],"rotation":180,"texture":"#0"},"south":{"uv":[0.6875,0.0625,1.1875,0.016],"rotation":180,"texture":"#0"},"west":{"uv":[0.6875,0.0625,1.1875,0.016],"rotation":180,"texture":"#0"},"up":{"uv":[0.6875,0.0625,1.1875,0.016],"rotation":270,"texture":"#0"},"down":{"uv":[0.6875,0.0625,1.1875,0.016],"rotation":90,"texture":"#0"}}},{"from":[7.44917,14.37325,5.97398],"to":[8.55083,14.68801,7.02318],"rotation":{"angle":-45,"axis":"x","origin":[8,12.64071,6.42597]},"faces":{"north":{"uv":[0.6875,0.0625,1.1875,0.016],"rotation":180,"texture":"#0"},"east":{"uv":[0.6875,0.0625,1.1875,0.016],"rotation":180,"texture":"#0"},"south":{"uv":[0.6875,0.0625,1.1875,0.016],"rotation":180,"texture":"#0"},"west":{"uv":[0.6875,0.0625,1.1875,0.016],"rotation":180,"texture":"#0"},"up":{"uv":[0.6875,0.0625,1.1875,0.016],"rotation":270,"texture":"#0"},"down":{"uv":[0.6875,0.0625,1.1875,0.016],"rotation":90,"texture":"#0"}}},{"from":[7.44917,13.95357,5.97398],"to":[8.55083,14.26833,7.02318],"rotation":{"angle":-45,"axis":"x","origin":[8,12.64071,6.42597]},"faces":{"north":{"uv":[0.6875,0.0625,1.1875,0.016],"rotation":180,"texture":"#0"},"east":{"uv":[0.6875,0.0625,1.1875,0.016],"rotation":180,"texture":"#0"},"south":{"uv":[0.6875,0.0625,1.1875,0.016],"rotation":180,"texture":"#0"},"west":{"uv":[0.6875,0.0625,1.1875,0.016],"rotation":180,"texture":"#0"},"up":{"uv":[0.6875,0.0625,1.1875,0.016],"rotation":270,"texture":"#0"},"down":{"uv":[0.6875,0.0625,1.1875,0.016],"rotation":90,"texture":"#0"}}},{"from":[7.44917,13.95357,8.97682],"to":[8.55083,14.26833,10.02602],"rotation":{"angle":45,"axis":"x","origin":[8,12.64071,9.57403]},"faces":{"north":{"uv":[1.1875,0.0625,0.6875,0.016],"rotation":180,"texture":"#0"},"east":{"uv":[1.1875,0.0625,0.6875,0.016],"rotation":180,"texture":"#0"},"south":{"uv":[1.1875,0.0625,0.6875,0.016],"rotation":180,"texture":"#0"},"west":{"uv":[1.1875,0.0625,0.6875,0.016],"rotation":180,"texture":"#0"},"up":{"uv":[1.1875,0.0625,0.6875,0.016],"rotation":270,"texture":"#0"},"down":{"uv":[1.1875,0.0625,0.6875,0.016],"rotation":90,"texture":"#0"}}},{"from":[7.44917,14.37325,8.97682],"to":[8.55083,14.68801,10.02602],"rotation":{"angle":45,"axis":"x","origin":[8,12.64071,9.57403]},"faces":{"north":{"uv":[1.1875,0.0625,0.6875,0.016],"rotation":180,"texture":"#0"},"east":{"uv":[1.1875,0.0625,0.6875,0.016],"rotation":180,"texture":"#0"},"south":{"uv":[1.1875,0.0625,0.6875,0.016],"rotation":180,"texture":"#0"},"west":{"uv":[1.1875,0.0625,0.6875,0.016],"rotation":180,"texture":"#0"},"up":{"uv":[1.1875,0.0625,0.6875,0.016],"rotation":270,"texture":"#0"},"down":{"uv":[1.1875,0.0625,0.6875,0.016],"rotation":90,"texture":"#0"}}},{"from":[7.44917,14.79293,8.97682],"to":[8.55083,15.10769,10.02602],"rotation":{"angle":45,"axis":"x","origin":[8,12.64071,9.57403]},"faces":{"north":{"uv":[1.1875,0.0625,0.6875,0.016],"rotation":180,"texture":"#0"},"east":{"uv":[1.1875,0.0625,0.6875,0.016],"rotation":180,"texture":"#0"},"south":{"uv":[1.1875,0.0625,0.6875,0.016],"rotation":180,"texture":"#0"},"west":{"uv":[1.1875,0.0625,0.6875,0.016],"rotation":180,"texture":"#0"},"up":{"uv":[1.1875,0.0625,0.6875,0.016],"rotation":270,"texture":"#0"},"down":{"uv":[1.1875,0.0625,0.6875,0.016],"rotation":90,"texture":"#0"}}},{"from":[7.3595,8.69178,7.39336],"to":[8.6405,9.05778,8.61336],"rotation":{"angle":0,"axis":"y","origin":[8,-5.0318,8.00336]},"faces":{"north":{"uv":[0.6875,0.0625,1.1875,0.016],"texture":"#0"},"east":{"uv":[0.6875,0.0625,1.1875,0.016],"texture":"#0"},"south":{"uv":[0.6875,0.0625,1.1875,0.016],"texture":"#0"},"west":{"uv":[0.6875,0.0625,1.1875,0.016],"texture":"#0"},"up":{"uv":[0.6875,0.0625,1.1875,0.016],"rotation":90,"texture":"#0"},"down":{"uv":[0.6875,0.0625,1.1875,0.016],"rotation":270,"texture":"#0"}}},{"from":[7.268,10.71778,7.63736],"to":[8.732,12.05978,8.97936],"rotation":{"angle":45,"axis":"x","origin":[8,11.69378,8.00336]},"faces":{"north":{"uv":[0.016,0.016,0.559,0.56056],"rotation":90,"texture":"#0"},"east":{"uv":[0.016,0.016,0.559,0.56056],"rotation":90,"texture":"#0"},"south":{"uv":[0.016,0.016,0.559,0.56056],"rotation":90,"texture":"#0"},"west":{"uv":[0.016,0.016,0.559,0.56056],"rotation":90,"texture":"#0"},"up":{"uv":[0.016,0.016,0.559,0.56056],"rotation":90,"texture":"#0"},"down":{"uv":[0.016,0.016,0.559,0.56056],"rotation":90,"texture":"#0"}}},{"from":[7.37048,16.06148,4.16858],"to":[8.62952,17.2156,5.3227],"rotation":{"angle":22.5,"axis":"x","origin":[8,16.93854,5.24564]},"faces":{"north":{"uv":[0.016,0.016,0.559,0.56056],"rotation":270,"texture":"#0"},"east":{"uv":[0.016,0.016,0.559,0.56056],"texture":"#0"},"south":{"uv":[0.016,0.016,0.559,0.56056],"rotation":90,"texture":"#0"},"west":{"uv":[0.016,0.016,0.559,0.56056],"rotation":180,"texture":"#0"},"up":{"uv":[0.016,0.016,0.559,0.56056],"rotation":270,"texture":"#0"},"down":{"uv":[0.016,0.016,0.559,0.56056],"rotation":90,"texture":"#0"}}},{"from":[7.37048,11.27916,7.4307],"to":[8.62952,12.43328,8.58482],"rotation":{"angle":0,"axis":"y","origin":[8,13.54071,6.42597]},"faces":{"north":{"uv":[0.016,0.016,0.559,0.56056],"rotation":270,"texture":"#0"},"east":{"uv":[0.016,0.016,0.559,0.56056],"rotation":270,"texture":"#0"},"south":{"uv":[0.016,0.016,0.559,0.56056],"rotation":270,"texture":"#0"},"west":{"uv":[0.016,0.016,0.559,0.56056],"rotation":270,"texture":"#0"},"up":{"uv":[0.016,0.016,0.559,0.56056],"rotation":90,"texture":"#0"},"down":{"uv":[0.016,0.016,0.559,0.56056],"rotation":90,"texture":"#0"}}},{"from":[7.512,-6.26022,7.51536],"to":[8.488,-0.16022,8.49136],"rotation":{"angle":0,"axis":"y","origin":[8,0.9682,8.00336]},"faces":{"north":{"uv":[0.016,0.6875,0.4375,3.1875],"texture":"#0"},"east":{"uv":[0.016,0.6875,0.4375,3.1875],"texture":"#0"},"south":{"uv":[0.016,0.6875,0.4375,3.1875],"texture":"#0"},"west":{"uv":[0.016,0.6875,0.4375,3.1875],"texture":"#0"},"up":{"uv":[0.016,0.016,0.984,0.984],"rotation":180,"texture":"#0"},"down":{"uv":[0.016,0.016,0.984,0.984],"rotation":180,"texture":"#0"}}},{"from":[7.512,-0.26022,7.51536],"to":[8.488,10.83978,8.49136],"rotation":{"angle":0,"axis":"y","origin":[8,0.9682,8.00336]},"faces":{"north":{"uv":[0.016,6.375,0.484,6.675],"texture":"#0"},"east":{"uv":[0.016,6.375,0.484,6.675],"texture":"#0"},"south":{"uv":[0.016,6.375,0.484,6.675],"texture":"#0"},"west":{"uv":[0.016,6.375,0.484,6.675],"texture":"#0"},"up":{"uv":[0.016,4.625,0.484,4.65],"texture":"#0"},"down":{"uv":[0.016,0.016,0.984,0.984],"rotation":180,"texture":"#0"}}},{"from":[7.6096,10.45163,6.10818],"to":[8.3904,14.93163,6.88898],"rotation":{"angle":-45,"axis":"x","origin":[8,12.64071,6.42597]},"faces":{"north":{"uv":[0.016,6.375,0.484,6.675],"rotation":180,"texture":"#0"},"east":{"uv":[0.016,6.375,0.484,6.675],"rotation":180,"texture":"#0"},"south":{"uv":[0.016,6.375,0.484,6.675],"rotation":180,"texture":"#0"},"west":{"uv":[0.016,6.375,0.484,6.675],"rotation":180,"texture":"#0"},"up":{"uv":[0.016,0.016,0.984,0.984],"rotation":180,"texture":"#0"},"down":{"uv":[0.016,4.625,0.484,4.65],"texture":"#0"}}},{"from":[7.6096,14.15163,4.43318],"to":[8.3904,16.83163,5.21398],"rotation":{"angle":0,"axis":"y","origin":[8,12.64071,6.42597]},"faces":{"north":{"uv":[0.016,6.375,0.484,6.675],"rotation":180,"texture":"#0"},"east":{"uv":[0.016,6.375,0.484,6.675],"rotation":180,"texture":"#0"},"south":{"uv":[0.016,6.375,0.484,6.675],"rotation":180,"texture":"#0"},"west":{"uv":[0.016,6.375,0.484,6.675],"rotation":180,"texture":"#0"},"up":{"uv":[0.016,0.016,0.984,0.984],"rotation":180,"texture":"#0"},"down":{"uv":[0.016,4.625,0.484,4.65],"texture":"#0"}}},{"from":[7.6096,14.15163,10.78602],"to":[8.3904,16.83163,11.56682],"rotation":{"angle":0,"axis":"y","origin":[8,12.64071,9.57403]},"faces":{"north":{"uv":[0.484,6.375,0.016,6.675],"rotation":180,"texture":"#0"},"east":{"uv":[0.484,6.375,0.016,6.675],"rotation":180,"texture":"#0"},"south":{"uv":[0.484,6.375,0.016,6.675],"rotation":180,"texture":"#0"},"west":{"uv":[0.484,6.375,0.016,6.675],"rotation":180,"texture":"#0"},"up":{"uv":[0.016,0.984,0.984,0.016],"rotation":180,"texture":"#0"},"down":{"uv":[0.016,4.65,0.484,4.625],"texture":"#0"}}},{"from":[7.37048,16.06148,10.6773],"to":[8.62952,17.2156,11.83142],"rotation":{"angle":-22.5,"axis":"x","origin":[8,16.93854,10.75436]},"faces":{"north":{"uv":[0.016,0.56056,0.559,0.016],"rotation":90,"texture":"#0"},"east":{"uv":[0.559,0.016,0.016,0.56056],"texture":"#0"},"south":{"uv":[0.016,0.56056,0.559,0.016],"rotation":270,"texture":"#0"},"west":{"uv":[0.559,0.016,0.016,0.56056],"rotation":180,"texture":"#0"},"up":{"uv":[0.559,0.016,0.016,0.56056],"rotation":270,"texture":"#0"},"down":{"uv":[0.559,0.016,0.016,0.56056],"rotation":90,"texture":"#0"}}},{"from":[7.6096,10.45163,9.11102],"to":[8.3904,14.93163,9.89182],"rotation":{"angle":45,"axis":"x","origin":[8,12.64071,9.57403]},"faces":{"north":{"uv":[0.484,6.375,0.016,6.675],"rotation":180,"texture":"#0"},"east":{"uv":[0.484,6.375,0.016,6.675],"rotation":180,"texture":"#0"},"south":{"uv":[0.484,6.375,0.016,6.675],"rotation":180,"texture":"#0"},"west":{"uv":[0.484,6.375,0.016,6.675],"rotation":180,"texture":"#0"},"up":{"uv":[0.016,0.984,0.984,0.016],"rotation":180,"texture":"#0"},"down":{"uv":[0.016,4.65,0.484,4.625],"texture":"#0"}}},{"from":[7.634,0.1142,5.28893],"to":[8.366,0.8462,7.72893],"rotation":{"angle":-22.5,"axis":"x","origin":[8,0.9682,8.00336]},"faces":{"north":{"uv":[1.875,0.9375,2.1875,1],"rotation":270,"texture":"#0"},"east":{"uv":[1.875,0.016,2.1875,1],"rotation":270,"texture":"#0"},"south":{"uv":[0.016,0.016,0.984,0.984],"rotation":180,"texture":"#0"},"west":{"uv":[1.875,1,2.1875,0.016],"rotation":270,"texture":"#0"},"up":{"uv":[2.125,0.016,2.1875,1],"rotation":180,"texture":"#0"},"down":{"uv":[1.875,0.016,1.9375,1],"texture":"#0"}}},{"from":[7.6645,-5.06327,5.57274],"to":[8.3355,-0.18327,6.24374],"rotation":{"angle":0,"axis":"y","origin":[8,0.09115,8.59224]},"faces":{"north":{"uv":[0.516,1.516,2.5,1.5625],"rotation":270,"texture":"#0"},"east":{"uv":[0.516,1.25,2.5,1.5625],"rotation":270,"texture":"#0"},"south":{"uv":[0.516,1.25,2.5,1.3125],"rotation":270,"texture":"#0"},"west":{"uv":[0.516,1.5625,2.5,1.25],"rotation":270,"texture":"#0"},"up":{"uv":[0.016,0.016,0.984,0.984],"rotation":180,"texture":"#0"},"down":{"uv":[0.516,1.5625,0.5625,1.25],"rotation":180,"texture":"#0"}}},{"from":[8,-9.9418,0.23336],"to":[8,-4.5418,2.77336],"rotation":{"angle":-45,"axis":"x","origin":[8,0.9682,8.00336]},"faces":{"north":{"uv":[0.016,0.016,-0.016,9.984],"texture":"#0"},"east":{"uv":[11.266,0.016,12.484,2.7],"texture":"#0"},"south":{"uv":[0.016,0.016,-0.016,9.984],"texture":"#0"},"west":{"uv":[12.484,0.016,11.266,2.7],"texture":"#0"},"up":{"uv":[0.016,0.016,3.484,-0.016],"rotation":90,"texture":"#0"},"down":{"uv":[0.016,0.016,3.484,-0.016],"rotation":270,"texture":"#0"}}},{"from":[7.412,1.81363,3.77486],"to":[8.588,2.54563,5.48286],"rotation":{"angle":22.5,"axis":"x","origin":[8,-5.76137,8.10336]},"faces":{"north":{"uv":[6.19375,0.6875,6.49375,0.75],"rotation":90,"texture":"#0"},"east":{"uv":[6.19375,0.0625,6.49375,0.75],"rotation":90,"texture":"#0"},"south":{"uv":[6.19375,0.6875,6.49375,0.75],"rotation":90,"texture":"#0"},"west":{"uv":[6.19375,0.75,6.49375,0.0625],"rotation":90,"texture":"#0"},"up":{"uv":[6.19375,0.0625,6.24375,0.75],"rotation":180,"texture":"#0"},"down":{"uv":[6.44375,0.0625,6.49375,0.75],"texture":"#0"}}},{"from":[7.412,2.94213,3.28686],"to":[8.588,3.67413,4.99486],"rotation":{"angle":22.5,"axis":"x","origin":[8,-5.76137,8.10336]},"faces":{"north":{"uv":[6.19375,0.6875,6.49375,0.75],"rotation":90,"texture":"#0"},"east":{"uv":[6.19375,0.0625,6.49375,0.75],"rotation":90,"texture":"#0"},"south":{"uv":[6.19375,0.6875,6.49375,0.75],"rotation":90,"texture":"#0"},"west":{"uv":[6.19375,0.75,6.49375,0.0625],"rotation":90,"texture":"#0"},"up":{"uv":[6.19375,0.0625,6.24375,0.75],"rotation":180,"texture":"#0"},"down":{"uv":[6.44375,0.0625,6.49375,0.75],"texture":"#0"}}},{"from":[7.412,4.07063,2.82936],"to":[8.588,4.80263,4.53736],"rotation":{"angle":22.5,"axis":"x","origin":[8,-5.76137,8.10336]},"faces":{"north":{"uv":[6.19375,0.6875,6.49375,0.75],"rotation":90,"texture":"#0"},"east":{"uv":[6.19375,0.0625,6.49375,0.75],"rotation":90,"texture":"#0"},"south":{"uv":[6.19375,0.6875,6.49375,0.75],"rotation":90,"texture":"#0"},"west":{"uv":[6.19375,0.75,6.49375,0.0625],"rotation":90,"texture":"#0"},"up":{"uv":[6.19375,0.0625,6.24375,0.75],"rotation":180,"texture":"#0"},"down":{"uv":[6.44375,0.0625,6.49375,0.75],"texture":"#0"}}},{"from":[8,7.25727,3.5627],"to":[8,28.65094,13.96385],"rotation":{"angle":0,"axis":"y","origin":[8,-5.7872,8.00455]},"faces":{"north":{"uv":[0.016,0.016,-0.016,9.984],"texture":"#0"},"east":{"uv":[7.516,5.25,11.984,13.8709],"texture":"#0"},"south":{"uv":[0.016,0.016,-0.016,9.984],"texture":"#0"},"west":{"uv":[11.984,5.25,7.516,13.8709],"texture":"#0"},"up":{"uv":[0.016,0.016,3.484,-0.016],"rotation":90,"texture":"#0"},"down":{"uv":[0.016,0.016,3.484,-0.016],"rotation":270,"texture":"#0"}}}],"gui_light":"front","display":{"thirdperson_righthand":{"translation":[0,7.5,0.75],"scale":[0.90234,0.90234,0.90234]},"thirdperson_lefthand":{"translation":[0,7.5,0.75],"scale":[0.90234,0.90234,0.90234]},"firstperson_righthand":{"rotation":[-11.75,0,0],"translation":[1.25,4,1.75],"scale":[0.63188,0.63188,0.63188]},"firstperson_lefthand":{"rotation":[-11.75,0,0],"translation":[1.25,4,1.75],"scale":[0.63188,0.63188,0.63188]},"ground":{"rotation":[0,0,42],"translation":[-1,1,0.5],"scale":[0.41,0.41,0.4]},"gui":{"rotation":[80,47,-91],"translation":[0.5,1.5,0],"scale":[0.57766,0.57766,0.57766]},"fixed":{"rotation":[-90,58.5,90],"translation":[-3.5,4.75,-1.75],"scale":[1.99023,1.99023,1.99023]}}}