{"credit":"Made with Blockbench","texture_size":[32,32],"textures":{"0":"partyhatpack:hat/colorful_flower_hat","particle":"partyhatpack:hat/colorful_flower_hat"},"elements":[{"from":[5,1,5],"to":[11,4,11],"rotation":{"angle":0,"axis":"y","origin":[8,3.9875,8]},"faces":{"north":{"uv":[8,3,11,4.5],"texture":"#0"},"east":{"uv":[8,4.5,11,6],"texture":"#0"},"south":{"uv":[8,6,11,7.5],"texture":"#0"},"west":{"uv":[8,7.5,11,9],"texture":"#0"},"up":{"uv":[8,3,5,0],"texture":"#0"},"down":{"uv":[8,3,5,6],"texture":"#0"}}},{"from":[3,0.975,3],"to":[13,0.975,13],"rotation":{"angle":0,"axis":"y","origin":[8,3.9875,8]},"faces":{"north":{"uv":[0,0,5,0],"texture":"#0"},"east":{"uv":[0,0,5,0],"texture":"#0"},"south":{"uv":[0,0,5,0],"texture":"#0"},"west":{"uv":[0,0,5,0],"texture":"#0"},"up":{"uv":[5,5,0,0],"texture":"#0"},"down":{"uv":[5,5,0,10],"texture":"#0"}}},{"from":[5,4,8],"to":[11,10,8],"rotation":{"angle":22.5,"axis":"y","origin":[8,7,8]},"faces":{"north":{"uv":[5,6,8,9],"texture":"#0"},"east":{"uv":[0,0,0,3],"texture":"#0"},"south":{"uv":[8,6,5,9],"texture":"#0"},"west":{"uv":[0,0,0,3],"texture":"#0"},"up":{"uv":[3,0,0,0],"texture":"#0"},"down":{"uv":[3,0,0,0],"texture":"#0"}}}],"gui_light":"front","display":{"thirdperson_righthand":{"translation":[0,4,0],"scale":[0.5,0.5,0.5]},"thirdperson_lefthand":{"translation":[0,4,0],"scale":[0.5,0.5,0.5]},"firstperson_righthand":{"translation":[0,6.25,0],"scale":[0.5,0.5,0.5]},"firstperson_lefthand":{"translation":[0,6.25,0],"scale":[0.5,0.5,0.5]},"ground":{"translation":[0,1.5,0],"scale":[0.6,0.6,0.6]},"gui":{"rotation":[19.95,32.31,2.6],"translation":[0,3,0],"scale":[0.8,0.8,0.8]},"head":{"rotation":[12.23,3.51,10.16],"translation":[-5,16.75,5],"scale":[1.6,1.6,1.6]}}}