{"credit":"Made with Blockbench","texture_size":[64,64],"textures":{"0":"partyhatpack:hat/origami_crown","particle":"partyhatpack:hat/origami_crown"},"elements":[{"from":[1.5,0,1.5],"to":[14.5,9,14.5],"rotation":{"angle":0,"axis":"y","origin":[8,4.5,8]},"faces":{"north":{"uv":[3.25,0,6.5,2.25],"texture":"#0"},"east":{"uv":[3.25,0,6.5,2.25],"texture":"#0"},"south":{"uv":[3.25,0,6.5,2.25],"texture":"#0"},"west":{"uv":[3.25,0,6.5,2.25],"texture":"#0"},"up":{"uv":[3.25,3.25,0,0],"texture":"#0"},"down":{"uv":[3.25,3.25,0,6.5],"texture":"#0"}}}],"gui_light":"front","display":{"thirdperson_righthand":{"translation":[0,2.75,0],"scale":[0.5,0.5,0.5]},"thirdperson_lefthand":{"translation":[0,2.75,0],"scale":[0.5,0.5,0.5]},"firstperson_righthand":{"translation":[7,1.75,-11],"scale":[0.6,0.6,0.6]},"firstperson_lefthand":{"translation":[7,1.75,-11],"scale":[0.6,0.6,0.6]},"ground":{"translation":[0,0.25,0],"scale":[0.5,0.5,0.5]},"gui":{"rotation":[7.4,28.3,-0.02],"translation":[0,2.25,0],"scale":[0.8,0.8,0.8]},"head":{"translation":[0,10.5,0],"scale":[1.2,1.2,1.2]}}}