{"credit":"Made with Blockbench","texture_size":[128,128],"textures":{"0":"halloween_creatif:halloween_creatif/block/graves","particle":"halloween_creatif:halloween_creatif/block/graves"},"elements":[{"from":[0,2,4],"to":[16,16,12],"rotation":{"angle":0,"axis":"y","origin":[8,9.6,8]},"faces":{"north":{"uv":[2.5,6,4.5,7.75],"texture":"#0"},"east":{"uv":[10.25,7.75,11.25,9.5],"texture":"#0"},"south":{"uv":[4.5,6,6.5,7.75],"texture":"#0"},"west":{"uv":[10.25,9.5,11.25,11.25],"texture":"#0"},"up":{"uv":[10.25,8.75,8.25,7.75],"texture":"#0"},"down":{"uv":[10.5,5.75,8.5,6.75],"texture":"#0"}}},{"from":[-1.75556,0,0],"to":[18.24444,2,16],"rotation":{"angle":0,"axis":"y","origin":[8,9.6,8]},"faces":{"north":{"uv":[13,1.5,15.5,1.75],"texture":"#0"},"east":{"uv":[13.125,5,15.125,5.25],"texture":"#0"},"south":{"uv":[13,1.75,15.5,2],"texture":"#0"},"west":{"uv":[13.25,0.75,15.25,1],"texture":"#0"},"up":{"uv":[5.125,2,2.625,0],"texture":"#0"},"down":{"uv":[7.625,4,5.125,2],"texture":"#0"}}},{"from":[6.86863,13.55456,4.01111],"to":[13.09641,19.78234,11.98889],"rotation":{"angle":45,"axis":"z","origin":[8,9.6,8]},"faces":{"north":{"uv":[8.875,13.125,9.625,13.875],"texture":"#0"},"east":{"uv":[12.25,2,13.25,2.75],"texture":"#0"},"south":{"uv":[0,13.25,0.75,14],"texture":"#0"},"west":{"uv":[9.875,12.25,10.875,13],"texture":"#0"},"up":{"uv":[2.25,13.375,1.5,12.375],"texture":"#0"},"down":{"uv":[3,12.375,2.25,13.375],"texture":"#0"}}},{"from":[2.90359,13.55456,4.01111],"to":[9.13137,19.78234,11.98889],"rotation":{"angle":-45,"axis":"z","origin":[8,9.6,8]},"faces":{"north":{"uv":[13.25,0,14,0.75],"texture":"#0"},"east":{"uv":[3,12.375,4,13.125],"texture":"#0"},"south":{"uv":[0.75,13.25,1.5,14],"texture":"#0"},"west":{"uv":[12.375,3.5,13.375,4.25],"texture":"#0"},"up":{"uv":[4.75,13.375,4,12.375],"texture":"#0"},"down":{"uv":[13.125,4.25,12.375,5.25],"texture":"#0"}}},{"from":[4.4,16,4],"to":[11.6,20.4,12],"rotation":{"angle":0,"axis":"y","origin":[8,9.6,8]},"faces":{"north":{"uv":[7.125,13.625,8,14.125],"texture":"#0"},"east":{"uv":[13.375,11.875,14.375,12.375],"texture":"#0"},"south":{"uv":[8,13.625,8.875,14.125],"texture":"#0"},"west":{"uv":[13.375,12.375,14.375,12.875],"texture":"#0"},"up":{"uv":[12.375,4.5,11.5,3.5],"texture":"#0"},"down":{"uv":[12.375,4.5,11.5,5.5],"texture":"#0"}}}],"gui_light":"front","display":{"thirdperson_righthand":{"translation":[0.5,3,1],"scale":[0.44,0.44,0.44]},"thirdperson_lefthand":{"translation":[0.5,3,1],"scale":[0.44,0.44,0.44]},"firstperson_righthand":{"translation":[0.5,3,1],"scale":[0.44,0.44,0.44]},"firstperson_lefthand":{"translation":[0.5,3,1],"scale":[0.44,0.44,0.44]},"ground":{"translation":[0,6.8,0],"scale":[0.96,0.96,0.96]},"gui":{"rotation":[30,225,0],"translation":[0,-0.25,0],"scale":[0.44,0.44,0.44]},"head":{"translation":[0,-30.7,0],"scale":[1.56,1.56,1.56]},"fixed":{"rotation":[-90,0,0],"translation":[0,0,-16],"scale":[2,2,2]}}}