{"credit":"byw11shes","textures":{"0":"elitecreatures:assortment/sword","particle":"elitecreatures:assortment/sword"},"elements":[{"from":[6,-7,6],"to":[10,-3,10],"rotation":{"angle":-45,"axis":"z","origin":[8,-5,0]},"faces":{"north":{"uv":[6.5,4.5,8.5,6.5],"texture":"#0"},"east":{"uv":[9,2,7,0],"rotation":90,"texture":"#0"},"south":{"uv":[8.5,4.5,6.5,6.5],"texture":"#0"},"west":{"uv":[6.5,6.5,8.5,8.5],"texture":"#0"},"up":{"uv":[6.5,8.5,8.5,6.5],"rotation":90,"texture":"#0"},"down":{"uv":[9,0,7,2],"texture":"#0"}}},{"from":[4,-5.8,7],"to":[6,-1.8,9],"rotation":{"angle":0,"axis":"y","origin":[1,12.2,0]},"faces":{"north":{"uv":[8.5,2.15,9.5,4],"texture":"#0"},"east":{"uv":[8.5,4.15,9.5,6],"texture":"#0"},"south":{"uv":[4.5,8.65,5.5,10.5],"texture":"#0"},"west":{"uv":[5.5,8.65,6.5,10.5],"texture":"#0"},"down":{"uv":[8,3.5,7,4.5],"texture":"#0"}}},{"from":[4,-1.8,7.02],"to":[6,2.2,8.98],"rotation":{"angle":45,"axis":"z","origin":[6,-1.8,0]},"faces":{"north":{"uv":[8.5,6,9.5,8],"texture":"#0"},"east":{"uv":[6.5,8.5,7.5,10.5],"texture":"#0"},"south":{"uv":[7.5,8.5,8.5,10.5],"texture":"#0"},"west":{"uv":[8.5,8,9.5,10],"texture":"#0"},"up":{"uv":[10.5,2.5,9.5,1.5],"texture":"#0"}}},{"from":[10,-5.8,7],"to":[12,-1.8,9],"rotation":{"angle":0,"axis":"y","origin":[15,12.2,0]},"faces":{"north":{"uv":[9.5,2.15,8.5,4],"texture":"#0"},"east":{"uv":[6.5,8.65,5.5,10.5],"texture":"#0"},"south":{"uv":[5.5,8.65,4.5,10.5],"texture":"#0"},"west":{"uv":[9.5,4.15,8.5,6],"texture":"#0"},"down":{"uv":[7,3.5,8,4.5],"texture":"#0"}}},{"from":[10,-1.8,7.02],"to":[12,2.2,8.98],"rotation":{"angle":-45,"axis":"z","origin":[10,-1.8,0]},"faces":{"north":{"uv":[9.5,6,8.5,8],"texture":"#0"},"east":{"uv":[9.5,8,8.5,10],"texture":"#0"},"south":{"uv":[8.5,8.5,7.5,10.5],"texture":"#0"},"west":{"uv":[7.5,8.5,6.5,10.5],"texture":"#0"},"up":{"uv":[9.5,2.5,10.5,1.5],"texture":"#0"}}},{"from":[6,-14,6],"to":[10,-12,10],"rotation":{"angle":0,"axis":"y","origin":[0,-14,0]},"faces":{"north":{"uv":[9,0,11,1],"texture":"#0"},"east":{"uv":[9,0,11,1],"texture":"#0"},"south":{"uv":[9,0,11,1],"texture":"#0"},"west":{"uv":[9,0,11,1],"texture":"#0"},"up":{"uv":[6.5,6.5,4.5,4.5],"texture":"#0"},"down":{"uv":[6.5,6.5,4.5,8.5],"texture":"#0"}}},{"from":[7,-16,7],"to":[9,-6,9],"rotation":{"angle":0,"axis":"y","origin":[0,-14,0]},"faces":{"north":{"uv":[2.5,4.5,3.5,9.5],"texture":"#0"},"east":{"uv":[2.5,4.5,3.5,9.5],"texture":"#0"},"south":{"uv":[2.5,4.5,3.5,9.5],"texture":"#0"},"west":{"uv":[2.5,4.5,3.5,9.5],"texture":"#0"},"down":{"uv":[3.5,9.5,2.5,10.5],"texture":"#0"}}},{"from":[5.5,-4.2,7.5],"to":[10.5,15.8,8.5],"rotation":{"angle":0,"axis":"y","origin":[6,-14,0]},"faces":{"north":{"uv":[0,0,2.5,10],"texture":"#0"},"east":{"uv":[0,0,0.5,10],"texture":"#0"},"south":{"uv":[2.5,0,0,10],"texture":"#0"},"west":{"uv":[2,0,2.5,10],"texture":"#0"},"up":{"uv":[11.5,1.5,9,1],"texture":"#0"}}},{"from":[2.8,0.7,7.48],"to":[5.8,3.7,8.52],"rotation":{"angle":-45,"axis":"z","origin":[5.8,0.7,8]},"faces":{"north":{"uv":[7,2,8.5,3.5],"texture":"#0"},"east":{"uv":[9.5,2.5,10,4],"texture":"#0"},"south":{"uv":[8.5,2,7,3.5],"texture":"#0"},"west":{"uv":[9.5,2.5,10,4],"texture":"#0"},"down":{"uv":[11.5,2.5,10,3],"texture":"#0"}}},{"from":[10.2,0.7,7.48],"to":[13.2,3.7,8.52],"rotation":{"angle":45,"axis":"z","origin":[10.2,0.7,8]},"faces":{"north":{"uv":[11,4,9.5,5.5],"texture":"#0"},"east":{"uv":[12,2.5,11.5,4],"texture":"#0"},"south":{"uv":[9.5,4,11,5.5],"texture":"#0"},"west":{"uv":[10,2.5,9.5,4],"texture":"#0"},"down":{"uv":[10,3,11.5,3.5],"texture":"#0"}}},{"from":[3.5,10.8,8],"to":[12.5,19.8,8.05],"rotation":{"angle":0,"axis":"y","origin":[6,-14,0]},"faces":{"north":{"uv":[2.5,0,7,4.5],"texture":"#0"},"south":{"uv":[7,0,2.5,4.5],"texture":"#0"}}}],"gui_light":"front","display":{"thirdperson_righthand":{"rotation":[0,90,0],"translation":[0,10,1.5],"scale":[0.7,0.7,0.7]},"thirdperson_lefthand":{"rotation":[0,90,0],"translation":[0,10,1.5],"scale":[0.7,0.7,0.7]},"firstperson_righthand":{"rotation":[14,90,0],"translation":[6.13,5.45,-1.62],"scale":[0.42266,0.42266,0.42266]},"firstperson_lefthand":{"rotation":[14,90,0],"translation":[6.13,5.45,-1.62],"scale":[0.42266,0.42266,0.42266]},"ground":{"rotation":[0,0,45],"translation":[0,9,0],"scale":[0.5,0.5,0.5]},"gui":{"rotation":[0,0,-45],"translation":[2.5,2.5,0],"scale":[0.58203,0.58203,0.58203]},"head":{"scale":[0,0,0]},"fixed":{"translation":[0,12.5,-3.5],"scale":[1.8,1.8,1.8]}}}