{"textures​":{"layer0":"minecraft:item/waxed_exposed_cut_copper"},"credit":"MadewithBlockbench","texture_size":[64,64],"\u0074\u0065\u0078\u0074\u0075\u0072\u0065\u0073":{"0":"\u0065\u006c\u0069\u0074\u0065\u0063\u0072\u0065\u0061\u0074\u0075\u0072\u0065\u0073:\u0065\u0067\u0079\u0070\u0074\u0069\u0061\u006e_\u0064\u0065\u0063\u006f\u0072\u0061\u0074\u0069\u006f\u006e_\u00761/\u0065\u0067\u0079\u0070\u0074\u0069\u0061\u006e_\u0063\u0068\u0061\u0069\u0072_2","\u0070\u0061\u0072\u0074\u0069\u0063\u006c\u0065":"\u0065\u006c\u0069\u0074\u0065\u0063\u0072\u0065\u0061\u0074\u0075\u0072\u0065\u0073:\u0065\u0067\u0079\u0070\u0074\u0069\u0061\u006e_\u0064\u0065\u0063\u006f\u0072\u0061\u0074\u0069\u006f\u006e_\u00761/\u0065\u0067\u0079\u0070\u0074\u0069\u0061\u006e_\u0063\u0068\u0061\u0069\u0072_2"},"elements":[{"from":[1,8,2],"to":[15,10,13],"faces":{"north":{"uv":[0,9,3.5,9.5],"texture":"#0"},"east":{"uv":[8,9,10.75,9.5],"texture":"#0"},"south":{"uv":[0,9,3.5,9.5],"texture":"#0"},"west":{"uv":[8,9,10.75,9.5],"texture":"#0"},"up":{"uv":[8,9.25,4.5,6.5],"texture":"#0"},"down":{"uv":[8,9.25,4.5,6.5],"texture":"#0"}}},{"from":[-1,6,1],"to":[17,8,15],"faces":{"north":{"uv":[8,8,12.5,8.5],"texture":"#0"},"east":{"uv":[8,8.5,11.5,9],"texture":"#0"},"south":{"uv":[8,8,12.5,8.5],"texture":"#0"},"west":{"uv":[8,8.5,11.5,9],"texture":"#0"},"up":{"uv":[4.5,3.5,0,0],"texture":"#0"},"down":{"uv":[4.5,3.5,0,7],"texture":"#0"}}},{"from":[-1,8,13],"to":[17,21,15],"faces":{"north":{"uv":[4.5,0,9,3.25],"texture":"#0"},"east":{"uv":[9,0,9.5,3.25],"texture":"#0"},"south":{"uv":[4.5,3.25,9,6.5],"texture":"#0"},"west":{"uv":[9.5,0,9,3.25],"texture":"#0"},"up":{"uv":[4.5,9,0,8.5],"texture":"#0"},"down":{"uv":[4.5,9,0,8.5],"texture":"#0"}}},{"from":[15,8,1],"to":[17,14,13],"faces":{"north":{"uv":[3,7,3.5,8.5],"texture":"#0"},"east":{"uv":[0,7,3,8.5],"texture":"#0"},"south":{"uv":[3,7,3.5,8.5],"texture":"#0"},"west":{"uv":[8,6.5,11,8],"texture":"#0"},"up":{"uv":[9.5,6.25,9,3.25],"texture":"#0"},"down":{"uv":[9.5,6.25,9,3.25],"texture":"#0"}}},{"from":[15,14,7],"to":[17,16,13],"faces":{"north":{"uv":[1.75,9.5,2.25,10],"texture":"#0"},"east":{"uv":[3.5,9.25,5,9.75],"texture":"#0"},"south":{"uv":[1.75,9.5,2.25,10],"texture":"#0"},"west":{"uv":[5,9.25,6.5,9.75],"texture":"#0"},"up":{"uv":[4,8.5,3.5,7],"texture":"#0"},"down":{"uv":[4,8.5,3.5,7],"texture":"#0"}}},{"from":[15,16,12],"to":[17,21,13],"rotation":{"angle":0,"axis":"y","origin":[16,0,0]},"faces":{"north":{"uv":[4,7,4.5,8.25],"texture":"#0"},"east":{"uv":[7.75,9.25,8,10.5],"texture":"#0"},"south":{"uv":[4,7,4.5,8.25],"texture":"#0"},"west":{"uv":[0,9.5,0.25,10.75],"texture":"#0"},"up":{"uv":[4.5,8.5,4,8.25],"texture":"#0"},"down":{"uv":[4.5,8.5,4,8.25],"texture":"#0"}}},{"from":[-1,16,12],"to":[1,21,13],"faces":{"north":{"uv":[4.5,7,4,8.25],"texture":"#0"},"east":{"uv":[0.25,9.5,0,10.75],"texture":"#0"},"south":{"uv":[4.5,7,4,8.25],"texture":"#0"},"west":{"uv":[8,9.25,7.75,10.5],"texture":"#0"},"up":{"uv":[4,8.5,4.5,8.25],"texture":"#0"},"down":{"uv":[4,8.5,4.5,8.25],"texture":"#0"}}},{"from":[-1,14,7],"to":[1,16,13],"rotation":{"angle":0,"axis":"y","origin":[16,0,0]},"faces":{"north":{"uv":[2.25,9.5,1.75,10],"texture":"#0"},"east":{"uv":[6.5,9.25,5,9.75],"texture":"#0"},"south":{"uv":[2.25,9.5,1.75,10],"texture":"#0"},"west":{"uv":[5,9.25,3.5,9.75],"texture":"#0"},"up":{"uv":[3.5,8.5,4,7],"texture":"#0"},"down":{"uv":[3.5,8.5,4,7],"texture":"#0"}}},{"from":[-1,8,1],"to":[1,14,13],"rotation":{"angle":0,"axis":"y","origin":[16,0,0]},"faces":{"north":{"uv":[3.5,7,3,8.5],"texture":"#0"},"east":{"uv":[11,6.5,8,8],"texture":"#0"},"south":{"uv":[3.5,7,3,8.5],"texture":"#0"},"west":{"uv":[3,7,0,8.5],"texture":"#0"},"up":{"uv":[9,6.25,9.5,3.25],"texture":"#0"},"down":{"uv":[9,6.25,9.5,3.25],"texture":"#0"}}},{"from":[14,4,1],"to":[16,6,4],"rotation":{"angle":0,"axis":"y","origin":[16,0,0]},"faces":{"north":{"uv":[9.5,1.5,10,2],"texture":"#0"},"east":{"uv":[6.5,9.25,7.25,9.75],"texture":"#0"},"south":{"uv":[9.5,1.5,10,2],"texture":"#0"},"west":{"uv":[6.5,9.25,7.25,9.75],"texture":"#0"},"up":{"uv":[7.75,10,7.25,9.25],"texture":"#0"},"down":{"uv":[7.75,10,7.25,9.25],"texture":"#0"}}},{"from":[14,2,2],"to":[16,4,4],"rotation":{"angle":0,"axis":"y","origin":[16,0,0]},"faces":{"north":{"uv":[0.75,9.5,1.25,10],"texture":"#0"},"east":{"uv":[9.5,1,10,1.5],"texture":"#0"},"south":{"uv":[0.75,9.5,1.25,10],"texture":"#0"},"west":{"uv":[9.5,1,10,1.5],"texture":"#0"},"up":{"uv":[1.75,10,1.25,9.5],"texture":"#0"},"down":{"uv":[1.75,10,1.25,9.5],"texture":"#0"}}},{"from":[14,0,1],"to":[16,2,3],"rotation":{"angle":0,"axis":"y","origin":[16,0,0]},"faces":{"north":{"uv":[9.5,0,10,0.5],"texture":"#0"},"east":{"uv":[0.25,9.5,0.75,10],"texture":"#0"},"south":{"uv":[9.5,0,10,0.5],"texture":"#0"},"west":{"uv":[0.25,9.5,0.75,10],"texture":"#0"},"up":{"uv":[10,1,9.5,0.5],"texture":"#0"},"down":{"uv":[10,1,9.5,0.5],"texture":"#0"}}},{"from":[0,4,1],"to":[2,6,4],"faces":{"north":{"uv":[10,1.5,9.5,2],"texture":"#0"},"east":{"uv":[7.25,9.25,6.5,9.75],"texture":"#0"},"south":{"uv":[10,1.5,9.5,2],"texture":"#0"},"west":{"uv":[7.25,9.25,6.5,9.75],"texture":"#0"},"up":{"uv":[7.25,10,7.75,9.25],"texture":"#0"},"down":{"uv":[7.25,10,7.75,9.25],"texture":"#0"}}},{"from":[0,2,2],"to":[2,4,4],"faces":{"north":{"uv":[1.25,9.5,0.75,10],"texture":"#0"},"east":{"uv":[10,1,9.5,1.5],"texture":"#0"},"south":{"uv":[1.25,9.5,0.75,10],"texture":"#0"},"west":{"uv":[10,1,9.5,1.5],"texture":"#0"},"up":{"uv":[1.25,10,1.75,9.5],"texture":"#0"},"down":{"uv":[1.25,10,1.75,9.5],"texture":"#0"}}},{"from":[0,0,1],"to":[2,2,3],"faces":{"north":{"uv":[10,0,9.5,0.5],"texture":"#0"},"east":{"uv":[0.75,9.5,0.25,10],"texture":"#0"},"south":{"uv":[10,0,9.5,0.5],"texture":"#0"},"west":{"uv":[0.75,9.5,0.25,10],"texture":"#0"},"up":{"uv":[9.5,1,10,0.5],"texture":"#0"},"down":{"uv":[9.5,1,10,0.5],"texture":"#0"}}},{"from":[0,4,12],"to":[2,6,15],"rotation":{"angle":0,"axis":"y","origin":[0,0,16]},"faces":{"north":{"uv":[9.5,1.5,10,2],"texture":"#0"},"east":{"uv":[6.5,9.25,7.25,9.75],"texture":"#0"},"south":{"uv":[9.5,1.5,10,2],"texture":"#0"},"west":{"uv":[6.5,9.25,7.25,9.75],"texture":"#0"},"up":{"uv":[7.25,9.25,7.75,10],"texture":"#0"},"down":{"uv":[7.25,9.25,7.75,10],"texture":"#0"}}},{"from":[0,2,12],"to":[2,4,14],"rotation":{"angle":0,"axis":"y","origin":[0,0,16]},"faces":{"north":{"uv":[0.75,9.5,1.25,10],"texture":"#0"},"east":{"uv":[9.5,1,10,1.5],"texture":"#0"},"south":{"uv":[0.75,9.5,1.25,10],"texture":"#0"},"west":{"uv":[9.5,1,10,1.5],"texture":"#0"},"up":{"uv":[1.25,9.5,1.75,10],"texture":"#0"},"down":{"uv":[1.25,9.5,1.75,10],"texture":"#0"}}},{"from":[0,0,13],"to":[2,2,15],"rotation":{"angle":0,"axis":"y","origin":[0,0,16]},"faces":{"north":{"uv":[9.5,0,10,0.5],"texture":"#0"},"east":{"uv":[0.25,9.5,0.75,10],"texture":"#0"},"south":{"uv":[9.5,0,10,0.5],"texture":"#0"},"west":{"uv":[0.25,9.5,0.75,10],"texture":"#0"},"up":{"uv":[9.5,0.5,10,1],"texture":"#0"},"down":{"uv":[9.5,0.5,10,1],"texture":"#0"}}},{"from":[14,4,12],"to":[16,6,15],"rotation":{"angle":0,"axis":"y","origin":[16,0,16]},"faces":{"north":{"uv":[10,1.5,9.5,2],"texture":"#0"},"east":{"uv":[7.25,9.25,6.5,9.75],"texture":"#0"},"south":{"uv":[10,1.5,9.5,2],"texture":"#0"},"west":{"uv":[7.25,9.25,6.5,9.75],"texture":"#0"},"up":{"uv":[7.75,9.25,7.25,10],"texture":"#0"},"down":{"uv":[7.75,9.25,7.25,10],"texture":"#0"}}},{"from":[14,0,13],"to":[16,2,15],"rotation":{"angle":0,"axis":"y","origin":[16,0,16]},"faces":{"north":{"uv":[10,0,9.5,0.5],"texture":"#0"},"east":{"uv":[0.75,9.5,0.25,10],"texture":"#0"},"south":{"uv":[10,0,9.5,0.5],"texture":"#0"},"west":{"uv":[0.75,9.5,0.25,10],"texture":"#0"},"up":{"uv":[10,0.5,9.5,1],"texture":"#0"},"down":{"uv":[10,0.5,9.5,1],"texture":"#0"}}},{"from":[14,2,12],"to":[16,4,14],"rotation":{"angle":0,"axis":"y","origin":[16,0,16]},"faces":{"north":{"uv":[1.25,9.5,0.75,10],"texture":"#0"},"east":{"uv":[10,1,9.5,1.5],"texture":"#0"},"south":{"uv":[1.25,9.5,0.75,10],"texture":"#0"},"west":{"uv":[10,1,9.5,1.5],"texture":"#0"},"up":{"uv":[1.75,9.5,1.25,10],"texture":"#0"},"down":{"uv":[1.75,9.5,1.25,10],"texture":"#0"}}}],"gui_light":"front","display":{"thirdperson_righthand":{"translation":[0.25,1.5,1],"scale":[0.18,0.18,0.18]},"thirdperson_lefthand":{"translation":[0.25,1.5,1],"scale":[0.18,0.18,0.18]},"firstperson_righthand":{"rotation":[0,96,0],"translation":[3,0,0],"scale":[0.58,0.58,0.58]},"firstperson_lefthand":{"rotation":[0,96,0],"translation":[3,0,0],"scale":[0.58,0.58,0.58]},"ground":{"translation":[0.75,2,0],"scale":[0.5,0.5,0.5]},"gui":{"rotation":[30,225,0],"translation":[0,-1.25,0],"scale":[0.41,0.41,0.41]},"head":{"rotation":[0,180,0],"translation":[0,-30.25,0],"scale":[1.6,1.6,1.6]},"fixed":{"scale":[0,0,0]}}}