{"textures​":{"layer0":"minecraft:item/shears"},"credit":"Made with Blockbench","texture_size":[64,64],"\u0074\u0065\u0078\u0074\u0075\u0072\u0065\u0073":{"2":"\u0072\u0065\u0061\u0070\u0065\u0072_\u0070\u0061\u0063\u006b:\u0072\u0065\u0061\u0070\u0065\u0072_\u0070\u0061\u0063\u006b/\u0073\u0077\u006f\u0072\u0064_\u0072\u0065\u0061\u0070\u0065\u0072","\u0070\u0061\u0072\u0074\u0069\u0063\u006c\u0065":"\u0072\u0065\u0061\u0070\u0065\u0072_\u0070\u0061\u0063\u006b:\u0072\u0065\u0061\u0070\u0065\u0072_\u0070\u0061\u0063\u006b/\u0073\u0077\u006f\u0072\u0064_\u0072\u0065\u0061\u0070\u0065\u0072"},"elements":[{"from":[7.42899,-14,7.42899],"to":[8.92899,-6,8.92899],"rotation":{"angle":0,"axis":"y","origin":[8.17899,5.83375,8]},"faces":{"north":{"uv":[5.75,5,6.125,7],"texture":"#2"},"east":{"uv":[6.25,3,6.625,5],"texture":"#2"},"south":{"uv":[6.25,5,6.625,7],"texture":"#2"},"west":{"uv":[5.75,3,6.125,5],"texture":"#2"},"up":{"uv":[9.125,4.875,8.75,4.5],"rotation":270,"texture":"#2"},"down":{"uv":[9.125,5,8.75,5.375],"rotation":90,"texture":"#2"}}},{"from":[7.42899,-2.72637,1.06223],"to":[8.92899,-1.72637,5.06223],"rotation":{"angle":-22.5,"axis":"x","origin":[8.17899,5.83375,8]},"faces":{"north":{"uv":[8.75,8.5,9.125,8.75],"texture":"#2"},"east":{"uv":[8,0.25,9,0.5],"texture":"#2"},"south":{"uv":[3.25,9,3.625,9.25],"texture":"#2"},"west":{"uv":[8,0,9,0.25],"texture":"#2"},"up":{"uv":[8,3.375,7,3],"rotation":270,"texture":"#2"},"down":{"uv":[8,3.5,7,3.875],"rotation":90,"texture":"#2"}}},{"from":[7.45399,-8.4178,8.44007],"to":[8.90399,-4.4178,9.44007],"rotation":{"angle":22.5,"axis":"x","origin":[8.17899,5.83375,8]},"faces":{"north":{"uv":[7,4,7.375,5],"texture":"#2"},"east":{"uv":[5.75,8,6,9],"texture":"#2"},"south":{"uv":[7,5,7.375,6],"texture":"#2"},"west":{"uv":[7.75,6,8,7],"texture":"#2"},"up":{"uv":[4,9.375,3.75,9],"rotation":270,"texture":"#2"},"down":{"uv":[4.25,9,4,9.375],"rotation":90,"texture":"#2"}}},{"from":[7.42899,-2.02665,-4.99831],"to":[8.92899,-0.02665,-3.99831],"rotation":{"angle":-45,"axis":"x","origin":[8.17899,5.83375,8]},"faces":{"north":{"uv":[3.25,8.5,3.625,9],"texture":"#2"},"east":{"uv":[8.75,6.5,9,7],"texture":"#2"},"south":{"uv":[3.75,8.5,4.125,9],"texture":"#2"},"west":{"uv":[8.75,6,9,6.5],"texture":"#2"},"up":{"uv":[9.25,4.375,9,4],"rotation":270,"texture":"#2"},"down":{"uv":[4.5,9,4.25,9.375],"rotation":90,"texture":"#2"}}},{"from":[7.42899,-9.01988,-1.07695],"to":[8.92899,-6.01988,-0.07695],"rotation":{"angle":-22.5,"axis":"x","origin":[8.17899,5.83375,8]},"faces":{"north":{"uv":[2.75,7.75,3.125,8.5],"texture":"#2"},"east":{"uv":[8.5,4.75,8.75,5.5],"texture":"#2"},"south":{"uv":[3.25,7.75,3.625,8.5],"texture":"#2"},"west":{"uv":[8.5,4,8.75,4.75],"texture":"#2"},"up":{"uv":[4.75,9.375,4.5,9],"rotation":270,"texture":"#2"},"down":{"uv":[9.25,5.5,9,5.875],"rotation":90,"texture":"#2"}}},{"from":[7.45399,-10.98012,5.22211],"to":[8.90399,-6.98012,6.22211],"rotation":{"angle":0,"axis":"z","origin":[8.17899,5.83375,8]},"faces":{"north":{"uv":[5.75,7,6.125,8],"texture":"#2"},"east":{"uv":[8,7,8.25,8],"texture":"#2"},"south":{"uv":[7,6,7.375,7],"texture":"#2"},"west":{"uv":[6,8,6.25,9],"texture":"#2"},"up":{"uv":[6,9.375,5.75,9],"rotation":270,"texture":"#2"},"down":{"uv":[6.25,9,6,9.375],"rotation":90,"texture":"#2"}}},{"from":[7.42899,-2.26276,-3.02504],"to":[8.92899,-1.26276,-1.02504],"rotation":{"angle":-45,"axis":"x","origin":[8.17899,5.83375,8]},"faces":{"north":{"uv":[9,6,9.375,6.25],"texture":"#2"},"east":{"uv":[7.25,8.75,7.75,9],"texture":"#2"},"south":{"uv":[6.25,9,6.625,9.25],"texture":"#2"},"west":{"uv":[8.75,7,9.25,7.25],"texture":"#2"},"up":{"uv":[9,5.875,8.5,5.5],"rotation":270,"texture":"#2"},"down":{"uv":[6.75,8.5,6.25,8.875],"rotation":90,"texture":"#2"}}},{"from":[7.47899,-6.29935,3.16805],"to":[8.87899,-5.29935,7.16805],"rotation":{"angle":-22.5,"axis":"x","origin":[8.17899,5.83375,8]},"faces":{"north":{"uv":[9,6.25,9.375,6.5],"texture":"#2"},"east":{"uv":[8,0.75,9,1],"texture":"#2"},"south":{"uv":[9,6.5,9.375,6.75],"texture":"#2"},"west":{"uv":[8,0.5,9,0.75],"texture":"#2"},"up":{"uv":[8,7.375,7,7],"rotation":270,"texture":"#2"},"down":{"uv":[8.25,1,7.25,1.375],"rotation":90,"texture":"#2"}}},{"from":[7.45399,-3.33392,14.99112],"to":[8.90399,-0.33392,15.99112],"rotation":{"angle":22.5,"axis":"x","origin":[8.17899,5.83375,8]},"faces":{"north":{"uv":[3.75,7.75,4.125,8.5],"texture":"#2"},"east":{"uv":[8.5,8,8.75,8.75],"texture":"#2"},"south":{"uv":[7.75,4,8.125,4.75],"texture":"#2"},"west":{"uv":[8,8.5,8.25,9.25],"texture":"#2"},"up":{"uv":[7.5,9.375,7.25,9],"rotation":270,"texture":"#2"},"down":{"uv":[7.75,9,7.5,9.375],"rotation":90,"texture":"#2"}}},{"from":[7.42899,-3.90934,4.35988],"to":[8.92899,-1.40934,5.35988],"rotation":{"angle":-45,"axis":"x","origin":[8.17899,5.83375,8]},"faces":{"north":{"uv":[8.25,6,8.625,6.625],"texture":"#2"},"east":{"uv":[2.25,8.75,2.5,9.375],"texture":"#2"},"south":{"uv":[8.25,6.75,8.625,7.375],"texture":"#2"},"west":{"uv":[2,8.75,2.25,9.375],"texture":"#2"},"up":{"uv":[8.75,9.375,8.5,9],"rotation":270,"texture":"#2"},"down":{"uv":[9,9,8.75,9.375],"rotation":90,"texture":"#2"}}},{"from":[7.42899,-2.40934,2.35988],"to":[8.92899,-1.40934,4.35988],"rotation":{"angle":-45,"axis":"x","origin":[8.17899,5.83375,8]},"faces":{"north":{"uv":[9,6.75,9.375,7],"texture":"#2"},"east":{"uv":[8.75,8,9.25,8.25],"texture":"#2"},"south":{"uv":[9,8.75,9.375,9],"texture":"#2"},"west":{"uv":[8.75,7.25,9.25,7.5],"texture":"#2"},"up":{"uv":[1,9.125,0.5,8.75],"rotation":270,"texture":"#2"},"down":{"uv":[1.5,8.75,1,9.125],"rotation":90,"texture":"#2"}}},{"from":[7.17899,-3.27352,13.86041],"to":[9.17899,0.22648,17.36041],"rotation":{"angle":45,"axis":"x","origin":[8.17899,5.83375,8]},"faces":{"north":{"uv":[5,6.5,5.5,7.375],"texture":"#2"},"east":{"uv":[5.75,2,6.625,2.875],"texture":"#2"},"south":{"uv":[6.75,1,7.25,1.875],"texture":"#2"},"west":{"uv":[5.75,1,6.625,1.875],"texture":"#2"},"up":{"uv":[7.625,2.5,6.75,2],"rotation":270,"texture":"#2"},"down":{"uv":[7.625,2.5,6.75,3],"rotation":90,"texture":"#2"}}},{"from":[7.17899,-8.68774,20.77462],"to":[9.17899,-6.68774,22.77462],"rotation":{"angle":45,"axis":"x","origin":[8.17899,5.83375,8]},"faces":{"north":{"uv":[8,8,8.5,8.5],"texture":"#2"},"east":{"uv":[0.5,8.25,1,8.75],"texture":"#2"},"south":{"uv":[1,8.25,1.5,8.75],"texture":"#2"},"west":{"uv":[7.25,1.5,7.75,2],"texture":"#2"},"up":{"uv":[8.75,1.5,8.25,1],"rotation":270,"texture":"#2"},"down":{"uv":[8.75,1.5,8.25,2],"rotation":90,"texture":"#2"}}},{"from":[7.92899,13.48226,8.44717],"to":[8.42899,24.48226,9.44717],"rotation":{"angle":0,"axis":"z","origin":[8.17899,5.83375,8]},"faces":{"north":{"uv":[7.5,4,7.625,6.75],"texture":"#2"},"east":{"uv":[0.25,6.5,0.5,9.25],"texture":"#2"},"south":{"uv":[5,7.5,5.125,10.25],"texture":"#2"},"west":{"uv":[0,6.5,0.25,9.25],"texture":"#2"},"up":{"uv":[9.5,8.625,9.25,8.5],"rotation":270,"texture":"#2"},"down":{"uv":[1.75,9.5,1.5,9.625],"rotation":90,"texture":"#2"}}},{"from":[7.92899,24.48226,8.94717],"to":[8.42899,25.73226,9.44717],"rotation":{"angle":0,"axis":"z","origin":[8.17899,5.83375,8]},"faces":{"north":{"uv":[9.25,7.5,9.375,7.875],"texture":"#2"},"east":{"uv":[7.75,9.25,7.875,9.625],"texture":"#2"},"south":{"uv":[8,9.25,8.125,9.625],"texture":"#2"},"west":{"uv":[9.25,7,9.375,7.375],"texture":"#2"},"up":{"uv":[9.625,4.125,9.5,4],"rotation":270,"texture":"#2"},"down":{"uv":[4.375,9.5,4.25,9.625],"rotation":90,"texture":"#2"}}},{"from":[7.92899,13.27138,1.22218],"to":[8.42899,23.27138,2.22218],"rotation":{"angle":22.5,"axis":"x","origin":[8.17899,5.83375,8]},"faces":{"north":{"uv":[5.25,7.5,5.375,10],"texture":"#2"},"east":{"uv":[1.75,6.5,2,9],"texture":"#2"},"south":{"uv":[7,7.5,7.125,10],"texture":"#2"},"west":{"uv":[1.5,6.5,1.75,9],"texture":"#2"},"up":{"uv":[9.75,1.625,9.5,1.5],"rotation":270,"texture":"#2"},"down":{"uv":[2,9.5,1.75,9.625],"rotation":90,"texture":"#2"}}},{"from":[7.92899,23.27138,1.22218],"to":[8.42899,24.77138,1.72218],"rotation":{"angle":22.5,"axis":"x","origin":[8.17899,5.83375,8]},"faces":{"north":{"uv":[9.25,9,9.375,9.375],"texture":"#2"},"east":{"uv":[9.5,0,9.625,0.375],"texture":"#2"},"south":{"uv":[0.5,9.5,0.625,9.875],"texture":"#2"},"west":{"uv":[9.25,8,9.375,8.375],"texture":"#2"},"up":{"uv":[9.625,4.375,9.5,4.25],"rotation":270,"texture":"#2"},"down":{"uv":[4.625,9.5,4.5,9.625],"rotation":90,"texture":"#2"}}},{"from":[7.92899,13.3856,8.46656],"to":[8.42899,15.8856,9.46656],"rotation":{"angle":-22.5,"axis":"x","origin":[8.17899,5.83375,8]},"faces":{"north":{"uv":[9.25,1,9.375,1.625],"texture":"#2"},"east":{"uv":[8.75,3.75,9,4.375],"texture":"#2"},"south":{"uv":[9.25,1.75,9.375,2.375],"texture":"#2"},"west":{"uv":[8.75,3,9,3.625],"texture":"#2"},"up":{"uv":[9.75,1.875,9.5,1.75],"rotation":270,"texture":"#2"},"down":{"uv":[2.25,9.5,2,9.625],"rotation":90,"texture":"#2"}}},{"from":[7.92899,4.87197,5.46495],"to":[8.42899,13.37197,6.46495],"rotation":{"angle":0,"axis":"z","origin":[8.17899,5.83375,8]},"faces":{"north":{"uv":[8,1.5,8.125,3.625],"texture":"#2"},"east":{"uv":[2.25,6.5,2.5,8.625],"texture":"#2"},"south":{"uv":[8,4.75,8.125,6.875],"texture":"#2"},"west":{"uv":[2,6.5,2.25,8.625],"texture":"#2"},"up":{"uv":[9.75,2.125,9.5,2],"rotation":270,"texture":"#2"},"down":{"uv":[2.5,9.5,2.25,9.625],"rotation":90,"texture":"#2"}}},{"from":[7.92899,-1.64225,5.94986],"to":[8.42899,4.35775,6.94986],"rotation":{"angle":22.5,"axis":"x","origin":[8.17899,5.83375,8]},"faces":{"north":{"uv":[8.25,8.5,8.375,10],"texture":"#2"},"east":{"uv":[6.5,7,6.75,8.5],"texture":"#2"},"south":{"uv":[8.75,1,8.875,2.5],"texture":"#2"},"west":{"uv":[6.25,7,6.5,8.5],"texture":"#2"},"up":{"uv":[9.75,2.375,9.5,2.25],"rotation":270,"texture":"#2"},"down":{"uv":[3,9.5,2.75,9.625],"rotation":90,"texture":"#2"}}},{"from":[7.92899,-1.64225,6.94986],"to":[8.42899,-0.64225,8.94986],"rotation":{"angle":22.5,"axis":"x","origin":[8.17899,5.83375,8]},"faces":{"north":{"uv":[3,9.5,3.125,9.75],"texture":"#2"},"east":{"uv":[8.5,8.75,9,9],"texture":"#2"},"south":{"uv":[3.25,9.5,3.375,9.75],"texture":"#2"},"west":{"uv":[8.75,8.25,9.25,8.5],"texture":"#2"},"up":{"uv":[9.75,3.125,9.25,3],"rotation":270,"texture":"#2"},"down":{"uv":[3.75,9.25,3.25,9.375],"rotation":90,"texture":"#2"}}},{"from":[7.92899,-4.01279,5.3993],"to":[8.42899,-0.51279,6.3993],"rotation":{"angle":0,"axis":"z","origin":[8.17899,5.83375,8]},"faces":{"north":{"uv":[2.5,9,2.625,9.875],"texture":"#2"},"east":{"uv":[6.75,8.25,7,9.125],"texture":"#2"},"south":{"uv":[9,3,9.125,3.875],"texture":"#2"},"west":{"uv":[5.5,8.25,5.75,9.125],"texture":"#2"},"up":{"uv":[9.75,3.375,9.5,3.25],"rotation":270,"texture":"#2"},"down":{"uv":[3.75,9.5,3.5,9.625],"rotation":90,"texture":"#2"}}},{"from":[7.50399,-9,3.42899],"to":[8.85399,-2,11.92899],"rotation":{"angle":0,"axis":"y","origin":[8.17899,5.83375,8]},"faces":{"north":{"uv":[0.5,6.5,0.875,8.25],"texture":"#2"},"east":{"uv":[2.5,1.75,4.625,3.5],"texture":"#2"},"south":{"uv":[1,6.5,1.375,8.25],"texture":"#2"},"west":{"uv":[2.5,0,4.625,1.75],"texture":"#2"},"up":{"uv":[7.875,0.375,5.75,0],"rotation":270,"texture":"#2"},"down":{"uv":[7.875,0.5,5.75,0.875],"rotation":90,"texture":"#2"}}},{"from":[7.95399,-3.51774,3.44717],"to":[8.40399,22.48226,8.44717],"rotation":{"angle":0,"axis":"z","origin":[8.17899,5.83375,8]},"faces":{"north":{"uv":[4.75,4.25,4.875,10.75],"texture":"#2"},"east":{"uv":[1.25,0,2.5,6.5],"texture":"#2"},"south":{"uv":[5,0,5.125,6.5],"texture":"#2"},"west":{"uv":[0,0,1.25,6.5],"texture":"#2"},"up":{"uv":[10,2.625,8.75,2.5],"rotation":270,"texture":"#2"},"down":{"uv":[10,2.75,8.75,2.875],"rotation":90,"texture":"#2"}}},{"from":[7.67899,14.91682,9.17271],"to":[8.67899,16.41682,9.67271],"rotation":{"angle":0,"axis":"z","origin":[8.17899,5.83375,8]},"faces":{"north":{"uv":[9,9,9.25,9.375],"texture":"#2"},"east":{"uv":[1,9.5,1.125,9.875],"texture":"#2"},"south":{"uv":[0,9.25,0.25,9.625],"texture":"#2"},"west":{"uv":[0.75,9.5,0.875,9.875],"texture":"#2"},"up":{"uv":[9.625,3.75,9.5,3.5],"rotation":270,"texture":"#2"},"down":{"uv":[3.875,9.5,3.75,9.75],"rotation":90,"texture":"#2"}}},{"from":[7.67899,15.00135,4.99543],"to":[8.67899,16.25135,5.49543],"rotation":{"angle":22.5,"axis":"x","origin":[8.17899,5.83375,8]},"faces":{"north":{"uv":[9.25,0,9.5,0.375],"texture":"#2"},"east":{"uv":[1.25,9.5,1.375,9.875],"texture":"#2"},"south":{"uv":[0.25,9.25,0.5,9.625],"texture":"#2"},"west":{"uv":[9.5,1,9.625,1.375],"texture":"#2"},"up":{"uv":[9.625,4,9.5,3.75],"rotation":270,"texture":"#2"},"down":{"uv":[4.125,9.5,4,9.75],"rotation":90,"texture":"#2"}}},{"from":[7.67899,10.00135,4.99543],"to":[8.67899,15.00135,5.99543],"rotation":{"angle":22.5,"axis":"x","origin":[8.17899,5.83375,8]},"faces":{"north":{"uv":[7.5,7.5,7.75,8.75],"texture":"#2"},"east":{"uv":[7.75,1.5,8,2.75],"texture":"#2"},"south":{"uv":[2.5,7.75,2.75,9],"texture":"#2"},"west":{"uv":[7.25,7.5,7.5,8.75],"texture":"#2"},"up":{"uv":[7.75,7,7.5,6.75],"rotation":270,"texture":"#2"},"down":{"uv":[8,2.75,7.75,3],"rotation":90,"texture":"#2"}}},{"from":[7.67899,1.91682,8.67271],"to":[8.67899,14.91682,9.67271],"rotation":{"angle":0,"axis":"z","origin":[8.17899,5.83375,8]},"faces":{"north":{"uv":[5.25,3.25,5.5,6.5],"texture":"#2"},"east":{"uv":[5.5,0,5.75,3.25],"texture":"#2"},"south":{"uv":[5.5,3.25,5.75,6.5],"texture":"#2"},"west":{"uv":[5.25,0,5.5,3.25],"texture":"#2"},"up":{"uv":[8.25,4,8,3.75],"rotation":270,"texture":"#2"},"down":{"uv":[9.5,3.25,9.25,3.5],"rotation":90,"texture":"#2"}}},{"from":[7.67899,4.33391,6.819],"to":[8.67899,10.83391,7.819],"rotation":{"angle":0,"axis":"z","origin":[8.17899,5.83375,8]},"faces":{"north":{"uv":[6.75,3,7,4.625],"texture":"#2"},"east":{"uv":[6.75,4.75,7,6.375],"texture":"#2"},"south":{"uv":[6.75,6.5,7,8.125],"texture":"#2"},"west":{"uv":[5.5,6.5,5.75,8.125],"texture":"#2"},"up":{"uv":[9.5,3.75,9.25,3.5],"rotation":270,"texture":"#2"},"down":{"uv":[9.5,3.75,9.25,4],"rotation":90,"texture":"#2"}}},{"from":[7.67899,-0.12118,7.40674],"to":[8.67899,4.37882,8.40674],"rotation":{"angle":22.5,"axis":"x","origin":[8.17899,5.83375,8]},"faces":{"north":{"uv":[4.5,7.75,4.75,8.875],"texture":"#2"},"east":{"uv":[7.75,4.75,8,5.875],"texture":"#2"},"south":{"uv":[7.75,7.5,8,8.625],"texture":"#2"},"west":{"uv":[4.25,7.75,4.5,8.875],"texture":"#2"},"up":{"uv":[9.5,4.25,9.25,4],"rotation":270,"texture":"#2"},"down":{"uv":[9.5,4.25,9.25,4.5],"rotation":90,"texture":"#2"}}},{"from":[7.67899,-0.12118,8.40675],"to":[8.67899,0.87882,9.90675],"rotation":{"angle":22.5,"axis":"x","origin":[8.17899,5.83375,8]},"faces":{"north":{"uv":[9.25,4.5,9.5,4.75],"texture":"#2"},"east":{"uv":[9.25,0.5,9.625,0.75],"texture":"#2"},"south":{"uv":[9.25,4.75,9.5,5],"texture":"#2"},"west":{"uv":[0.5,9.25,0.875,9.5],"texture":"#2"},"up":{"uv":[9.625,1,9.25,0.75],"rotation":270,"texture":"#2"},"down":{"uv":[1.375,9.25,1,9.5],"rotation":90,"texture":"#2"}}},{"from":[7.67899,0.58839,5.70599],"to":[8.67899,2.58839,6.70599],"rotation":{"angle":-45,"axis":"x","origin":[8.17899,5.83375,8]},"faces":{"north":{"uv":[9,0,9.25,0.5],"texture":"#2"},"east":{"uv":[9,0.5,9.25,1],"texture":"#2"},"south":{"uv":[9,1,9.25,1.5],"texture":"#2"},"west":{"uv":[7.75,8.75,8,9.25],"texture":"#2"},"up":{"uv":[9.5,5.25,9.25,5],"rotation":270,"texture":"#2"},"down":{"uv":[9.5,5.25,9.25,5.5],"rotation":90,"texture":"#2"}}},{"from":[7.67899,0.63092,11.3509],"to":[8.67899,2.63092,12.3509],"rotation":{"angle":22.5,"axis":"x","origin":[8.17899,5.83375,8]},"faces":{"north":{"uv":[9,1.5,9.25,2],"texture":"#2"},"east":{"uv":[1.75,9,2,9.5],"texture":"#2"},"south":{"uv":[9,2,9.25,2.5],"texture":"#2"},"west":{"uv":[1.5,9,1.75,9.5],"texture":"#2"},"up":{"uv":[5.75,9.5,5.5,9.25],"rotation":270,"texture":"#2"},"down":{"uv":[9.5,5.5,9.25,5.75],"rotation":90,"texture":"#2"}}},{"from":[7.67899,-4.25536,9.10479],"to":[8.67899,-0.25536,10.10479],"rotation":{"angle":0,"axis":"z","origin":[8.17899,5.83375,8]},"faces":{"north":{"uv":[8.25,3,8.5,4],"texture":"#2"},"east":{"uv":[8.25,4,8.5,5],"texture":"#2"},"south":{"uv":[8.25,5,8.5,6],"texture":"#2"},"west":{"uv":[8.25,2,8.5,3],"texture":"#2"},"up":{"uv":[9.5,6,9.25,5.75],"rotation":270,"texture":"#2"},"down":{"uv":[6.5,9.25,6.25,9.5],"rotation":90,"texture":"#2"}}},{"from":[7.70399,-2.97369,6.86543],"to":[8.65399,0.52631,7.86543],"rotation":{"angle":0,"axis":"z","origin":[8.17899,5.83375,8]},"faces":{"north":{"uv":[2.75,8.5,3,9.375],"texture":"#2"},"east":{"uv":[3,8.5,3.25,9.375],"texture":"#2"},"south":{"uv":[8.5,3,8.75,3.875],"texture":"#2"},"west":{"uv":[8.5,2,8.75,2.875],"texture":"#2"},"up":{"uv":[6.75,9.5,6.5,9.25],"rotation":270,"texture":"#2"},"down":{"uv":[7,9.25,6.75,9.5],"rotation":90,"texture":"#2"}}},{"from":[7.72899,-3.58318,6.17271],"to":[8.62899,12.91682,9.67271],"rotation":{"angle":0,"axis":"z","origin":[8.17899,5.83375,8]},"faces":{"north":{"uv":[4.5,3.5,4.75,7.625],"texture":"#2"},"east":{"uv":[3.5,3.5,4.375,7.625],"texture":"#2"},"south":{"uv":[4.75,0,5,4.125],"texture":"#2"},"west":{"uv":[2.5,3.5,3.375,7.625],"texture":"#2"},"up":{"uv":[9.125,7.75,8.25,7.5],"rotation":270,"texture":"#2"},"down":{"uv":[9.125,7.75,8.25,8],"rotation":90,"texture":"#2"}}}],"gui_light":"front","display":{"thirdperson_righthand":{"translation":[0,14,1],"scale":[0.9043,0.9043,0.9043]},"thirdperson_lefthand":{"translation":[0,14,1],"scale":[0.9043,0.9043,0.9043]},"firstperson_righthand":{"rotation":[-12.75,0,0],"translation":[0.25,9.25,0],"scale":[0.58789,0.58789,0.58789]},"firstperson_lefthand":{"rotation":[-12.75,0,0],"translation":[0.25,9.25,0],"scale":[0.58789,0.58789,0.58789]},"ground":{"rotation":[0,0,-80],"translation":[-1.75,-1,0],"scale":[0.62891,0.62891,0.62891]},"gui":{"rotation":[90,50.25,-90],"translation":[0.75,1.25,0],"scale":[0.49609,0.49609,0.49609]},"head":{"rotation":[0,90,0],"translation":[0,30,0]},"fixed":{"rotation":[0,90,0],"translation":[0,5.25,-2],"scale":[1.87305,1.87305,1.87305]}}}