{"credit":"Made with Blockbench","texture_size":[8,8],"textures":{"1":"bonekeeper_set:bonekeeper_set/axe","2":"bonekeeper_set:bonekeeper_set/axe_animation","3":"bonekeeper_set:bonekeeper_set/animation_1","particle":"bonekeeper_set:bonekeeper_set/axe_animation"},"elements":[{"from":[7.42,0.15432,7.22507],"to":[8.58,1.31432,8.84507],"rotation":{"angle":-22.5,"axis":"x","origin":[8,0.73432,8.38507]},"faces":{"north":{"uv":[10.4,7.2,11.4,8.2],"texture":"#1"},"east":{"uv":[10.4,2.4,11.6,3.4],"texture":"#1"},"south":{"uv":[10.4,8.8,11.4,9.8],"texture":"#1"},"west":{"uv":[5.6,10.4,6.8,11.4],"texture":"#1"},"up":{"uv":[11.4,6.8,10.4,5.6],"texture":"#1"},"down":{"uv":[8.2,10.4,7.2,11.6],"texture":"#1"}}},{"from":[7.5476,-0.1671,6.30945],"to":[8.4524,0.7377,7.53905],"rotation":{"angle":0,"axis":"y","origin":[8,0.1603,6.99925]},"faces":{"north":{"uv":[11.2,4.8,12,5.6],"texture":"#1"},"east":{"uv":[10.4,4,11.4,4.8],"texture":"#1"},"south":{"uv":[12,4.8,12.8,5.6],"texture":"#1"},"west":{"uv":[10.4,10.4,11.4,11.2],"texture":"#1"},"up":{"uv":[4,11.4,3.2,10.4],"texture":"#1"},"down":{"uv":[0.8,11.2,0,12.2],"texture":"#1"}}},{"from":[7.65618,-0.23708,5.58812],"to":[8.34382,0.45057,6.52262],"rotation":{"angle":22.5,"axis":"x","origin":[8,0.28675,6.77237]},"faces":{"north":{"uv":[8,13.6,8.6,14.2],"texture":"#1"},"east":{"uv":[9.6,12.8,10.4,13.4],"texture":"#1"},"south":{"uv":[13.6,8,14.2,8.6],"texture":"#1"},"west":{"uv":[12.8,9.6,13.6,10.2],"texture":"#1"},"up":{"uv":[11,13.6,10.4,12.8],"texture":"#1"},"down":{"uv":[13.4,10.4,12.8,11.2],"texture":"#1"}}},{"from":[7.5,0.93432,7.48507],"to":[8.5,1.93432,8.48507],"rotation":{"angle":0,"axis":"y","origin":[7.5,0.23432,7.48507]},"faces":{"north":{"uv":[5.6,12,6.4,12.8],"texture":"#1"},"east":{"uv":[12,5.6,12.8,6.4],"texture":"#1"},"south":{"uv":[6.4,12,7.2,12.8],"texture":"#1"},"west":{"uv":[12,6.4,12.8,7.2],"texture":"#1"},"up":{"uv":[8,12.8,7.2,12],"texture":"#1"},"down":{"uv":[12.8,7.2,12,8],"texture":"#1"}}},{"from":[7.5,2.43432,7.48507],"to":[8.5,5.43432,8.48507],"rotation":{"angle":0,"axis":"y","origin":[7.5,0.23432,7.48507]},"faces":{"north":{"uv":[7.2,6.4,8,8.8],"texture":"#1"},"east":{"uv":[8,6.4,8.8,8.8],"texture":"#1"},"south":{"uv":[0,8.8,0.8,11.2],"texture":"#1"},"west":{"uv":[8.8,0,9.6,2.4],"texture":"#1"},"up":{"uv":[8.8,12.8,8,12],"texture":"#1"},"down":{"uv":[12.8,8,12,8.8],"texture":"#1"}}},{"from":[7.5,13.33432,5.78507],"to":[8.5,14.33432,7.78507],"rotation":{"angle":22.5,"axis":"x","origin":[8,13.83432,6.78507]},"faces":{"north":{"uv":[12,8.8,12.8,9.6],"texture":"#1"},"east":{"uv":[9.6,4.8,11.2,5.6],"texture":"#1"},"south":{"uv":[12,9.6,12.8,10.4],"texture":"#1"},"west":{"uv":[10.4,0,12,0.8],"texture":"#1"},"up":{"uv":[11.2,2.4,10.4,0.8],"texture":"#1"},"down":{"uv":[3.2,10.4,2.4,12],"texture":"#1"}}},{"from":[7.51,8.36758,5.82784],"to":[8.49,9.14758,7.02784],"rotation":{"angle":22.5,"axis":"x","origin":[7.81,8.78758,6.24784]},"faces":{"north":{"uv":[11.2,12.8,12,13.4],"texture":"#1"},"east":{"uv":[12,12,13,12.6],"texture":"#1"},"south":{"uv":[12.8,11.2,13.6,11.8],"texture":"#1"},"west":{"uv":[12.8,0,13.8,0.6],"texture":"#1"},"up":{"uv":[12,1.8,11.2,0.8],"texture":"#1"},"down":{"uv":[4.8,11.2,4,12.2],"texture":"#1"}}},{"from":[7.5175,8.6288,5.02452],"to":[8.4825,9.8288,5.80452],"rotation":{"angle":-45,"axis":"x","origin":[7.8025,9.4088,5.44452]},"faces":{"north":{"uv":[8.8,11.2,9.6,12.2],"texture":"#1"},"east":{"uv":[0,12.8,0.6,13.8],"texture":"#1"},"south":{"uv":[9.6,11.2,10.4,12.2],"texture":"#1"},"west":{"uv":[12.8,0.8,13.4,1.8],"texture":"#1"},"up":{"uv":[12.8,13.4,12,12.8],"texture":"#1"},"down":{"uv":[13.6,12.8,12.8,13.4],"texture":"#1"}}},{"from":[7.525,9.51016,4.52009],"to":[8.475,10.71016,5.30009],"rotation":{"angle":-22.5,"axis":"x","origin":[7.795,10.29016,4.94009]},"faces":{"north":{"uv":[10.4,11.2,11.2,12.2],"texture":"#1"},"east":{"uv":[12.8,2.4,13.4,3.4],"texture":"#1"},"south":{"uv":[11.2,11.2,12,12.2],"texture":"#1"},"west":{"uv":[4,12.8,4.6,13.8],"texture":"#1"},"up":{"uv":[1.6,14.2,0.8,13.6],"texture":"#1"},"down":{"uv":[14.4,0.8,13.6,1.4],"texture":"#1"}}},{"from":[7.54,11.52476,4.52009],"to":[8.46,12.72476,5.30009],"rotation":{"angle":22.5,"axis":"x","origin":[7.78,11.94476,4.94009]},"faces":{"north":{"uv":[12,0,12.8,1],"texture":"#1"},"east":{"uv":[12.8,4,13.4,5],"texture":"#1"},"south":{"uv":[0.8,12,1.6,13],"texture":"#1"},"west":{"uv":[5.6,12.8,6.2,13.8],"texture":"#1"},"up":{"uv":[2.4,14.2,1.6,13.6],"texture":"#1"},"down":{"uv":[14.4,1.6,13.6,2.2],"texture":"#1"}}},{"from":[7.5475,12.40612,5.02452],"to":[8.4525,13.60612,5.80452],"rotation":{"angle":45,"axis":"x","origin":[7.7725,12.82612,5.44452]},"faces":{"north":{"uv":[1.6,12,2.4,13],"texture":"#1"},"east":{"uv":[12.8,5.6,13.4,6.6],"texture":"#1"},"south":{"uv":[12,1.6,12.8,2.6],"texture":"#1"},"west":{"uv":[6.4,12.8,7,13.8],"texture":"#1"},"up":{"uv":[3.2,14.2,2.4,13.6],"texture":"#1"},"down":{"uv":[14.4,2.4,13.6,3],"texture":"#1"}}},{"from":[7.555,13.08734,5.82784],"to":[8.445,13.86734,7.02784],"rotation":{"angle":-22.5,"axis":"x","origin":[7.765,13.44734,6.24784]},"faces":{"north":{"uv":[3.2,13.6,4,14.2],"texture":"#1"},"east":{"uv":[7.2,12.8,8.2,13.4],"texture":"#1"},"south":{"uv":[13.6,3.2,14.4,3.8],"texture":"#1"},"west":{"uv":[12.8,7.2,13.8,7.8],"texture":"#1"},"up":{"uv":[3.2,13,2.4,12],"texture":"#1"},"down":{"uv":[4,12,3.2,13],"texture":"#1"}}},{"from":[7.5325,10.51746,4.39133],"to":[8.4675,11.71746,5.17133],"rotation":{"angle":0,"axis":"y","origin":[7.7875,11.29746,4.81133]},"faces":{"north":{"uv":[12,3.2,12.8,4.2],"texture":"#1"},"east":{"uv":[12.8,8,13.4,9],"texture":"#1"},"south":{"uv":[4.8,12,5.6,13],"texture":"#1"},"west":{"uv":[8.8,12.8,9.4,13.8],"texture":"#1"},"up":{"uv":[14.4,4.6,13.6,4],"texture":"#1"},"down":{"uv":[5.6,13.6,4.8,14.2],"texture":"#1"}}},{"from":[8,14.2147,4.9926],"to":[8,17.2147,10.9926],"rotation":{"angle":0,"axis":"x","origin":[8,14.7147,7.9926]},"faces":{"north":{"uv":[0,0,0,2.4],"texture":"#1"},"east":{"uv":[8.8,2.4,4,4.8],"texture":"#1"},"south":{"uv":[0,0,0,2.4],"texture":"#1"},"west":{"uv":[4,2.4,8.8,4.8],"texture":"#1"},"up":{"uv":[0,4.8,0,0],"texture":"#1"},"down":{"uv":[0,0,0,4.8],"texture":"#1"}}},{"from":[7.5,5.93432,7.48507],"to":[8.5,10.93432,8.48507],"rotation":{"angle":0,"axis":"y","origin":[7,-2.2808,6.97014]},"faces":{"north":{"uv":[2.4,6.4,3.2,10.4],"texture":"#1"},"east":{"uv":[3.2,6.4,4,10.4],"texture":"#1"},"south":{"uv":[6.4,4.8,7.2,8.8],"texture":"#1"},"west":{"uv":[4,7.2,4.8,11.2],"texture":"#1"},"up":{"uv":[12.8,11.2,12,10.4],"texture":"#1"},"down":{"uv":[12.8,11.2,12,12],"texture":"#1"}}},{"from":[7.46,11.53775,6.36507],"to":[8.54,13.69775,8.52507],"rotation":{"angle":45,"axis":"x","origin":[8,12.07775,7.98507]},"faces":{"north":{"uv":[8.8,8.8,9.6,10.6],"texture":"#1"},"east":{"uv":[4,4.8,5.8,6.6],"texture":"#1"},"south":{"uv":[9.6,0,10.4,1.8],"texture":"#1"},"west":{"uv":[0,6.4,1.8,8.2],"texture":"#1"},"up":{"uv":[10.4,4.2,9.6,2.4],"texture":"#1"},"down":{"uv":[10.4,8.8,9.6,10.6],"texture":"#1"}}},{"from":[7.31,11.73775,6.56507],"to":[8.69,13.49775,8.32507],"rotation":{"angle":45,"axis":"x","origin":[8.15,12.07775,7.98507]},"faces":{"north":{"uv":[5.6,8.8,6.8,10.2],"texture":"#1"},"east":{"uv":[4.8,7.2,6.2,8.6],"texture":"#1"},"south":{"uv":[8.8,5.6,10,7],"texture":"#1"},"west":{"uv":[7.2,4.8,8.6,6.2],"texture":"#1"},"up":{"uv":[8.4,10.2,7.2,8.8],"texture":"#1"},"down":{"uv":[10,7.2,8.8,8.6],"texture":"#1"}}},{"from":[7.6,10.93432,7.58507],"to":[8.4,11.93432,8.38507],"rotation":{"angle":0,"axis":"y","origin":[7,-2.2808,6.97014]},"faces":{"north":{"uv":[13.6,4.8,14.2,5.6],"texture":"#1"},"east":{"uv":[13.6,5.6,14.2,6.4],"texture":"#1"},"south":{"uv":[13.6,6.4,14.2,7.2],"texture":"#1"},"west":{"uv":[7.2,13.6,7.8,14.4],"texture":"#1"},"up":{"uv":[14.2,10.2,13.6,9.6],"texture":"#1"},"down":{"uv":[11,13.6,10.4,14.2],"texture":"#1"}}},{"from":[7.6,1.93432,7.58507],"to":[8.4,5.93432,8.38507],"rotation":{"angle":0,"axis":"y","origin":[7,-2.2808,6.97014]},"faces":{"north":{"uv":[0.8,8.8,1.4,12],"texture":"#1"},"east":{"uv":[1.6,8.8,2.2,12],"texture":"#1"},"south":{"uv":[8.8,2.4,9.4,5.6],"texture":"#1"},"west":{"uv":[4.8,8.8,5.4,12],"texture":"#1"},"up":{"uv":[14.2,9.4,13.6,8.8],"texture":"#1"},"down":{"uv":[10.2,13.6,9.6,14.2],"texture":"#1"}}},{"from":[8,6.14944,1.4],"to":[8,14.14944,6.4],"rotation":{"angle":0,"axis":"y","origin":[8,5.14944,-0.6]},"faces":{"north":{"uv":[0,0,0,16],"texture":"#2"},"east":{"uv":[10,0,0,16],"texture":"#2"},"south":{"uv":[0,0,0,16],"texture":"#2"},"west":{"uv":[0,0,10,16],"texture":"#2"},"up":{"uv":[0,10,0,0],"texture":"#2"},"down":{"uv":[0,0,0,10],"texture":"#2"}}},{"from":[8,6.14944,9.6],"to":[8,14.14944,14.6],"rotation":{"angle":0,"axis":"y","origin":[8,5.14944,16.6]},"faces":{"north":{"uv":[0,0,0,16],"texture":"#2"},"east":{"uv":[0,0,10,16],"texture":"#2"},"south":{"uv":[0,0,0,16],"texture":"#2"},"west":{"uv":[10,0,0,16],"texture":"#2"},"up":{"uv":[0,0,0,10],"texture":"#2"},"down":{"uv":[0,10,0,0],"texture":"#2"}}},{"from":[7.5,13.33432,8.21493],"to":[8.5,14.33432,10.21493],"rotation":{"angle":-22.5,"axis":"x","origin":[8,13.83432,9.21493]},"faces":{"north":{"uv":[12.8,9.6,12,10.4],"texture":"#1"},"east":{"uv":[11.2,4.8,9.6,5.6],"texture":"#1"},"south":{"uv":[12.8,8.8,12,9.6],"texture":"#1"},"west":{"uv":[12,0,10.4,0.8],"texture":"#1"},"up":{"uv":[11.2,0.8,10.4,2.4],"texture":"#1"},"down":{"uv":[3.2,12,2.4,10.4],"texture":"#1"}}},{"from":[7.51,8.36758,8.97216],"to":[8.49,9.14758,10.17216],"rotation":{"angle":-22.5,"axis":"x","origin":[7.81,8.78758,9.75216]},"faces":{"north":{"uv":[13.6,11.2,12.8,11.8],"texture":"#1"},"east":{"uv":[13,12,12,12.6],"texture":"#1"},"south":{"uv":[12,12.8,11.2,13.4],"texture":"#1"},"west":{"uv":[13.8,0,12.8,0.6],"texture":"#1"},"up":{"uv":[12,0.8,11.2,1.8],"texture":"#1"},"down":{"uv":[4.8,12.2,4,11.2],"texture":"#1"}}},{"from":[7.5175,8.6288,10.19548],"to":[8.4825,9.8288,10.97548],"rotation":{"angle":45,"axis":"x","origin":[7.8025,9.4088,10.55548]},"faces":{"north":{"uv":[10.4,11.2,9.6,12.2],"texture":"#1"},"east":{"uv":[0.6,12.8,0,13.8],"texture":"#1"},"south":{"uv":[9.6,11.2,8.8,12.2],"texture":"#1"},"west":{"uv":[13.4,0.8,12.8,1.8],"texture":"#1"},"up":{"uv":[12.8,12.8,12,13.4],"texture":"#1"},"down":{"uv":[13.6,13.4,12.8,12.8],"texture":"#1"}}},{"from":[7.525,9.51016,10.69991],"to":[8.475,10.71016,11.47991],"rotation":{"angle":22.5,"axis":"x","origin":[7.795,10.29016,11.05991]},"faces":{"north":{"uv":[12,11.2,11.2,12.2],"texture":"#1"},"east":{"uv":[13.4,2.4,12.8,3.4],"texture":"#1"},"south":{"uv":[11.2,11.2,10.4,12.2],"texture":"#1"},"west":{"uv":[4.6,12.8,4,13.8],"texture":"#1"},"up":{"uv":[1.6,13.6,0.8,14.2],"texture":"#1"},"down":{"uv":[14.4,1.4,13.6,0.8],"texture":"#1"}}},{"from":[7.54,11.52476,10.69991],"to":[8.46,12.72476,11.47991],"rotation":{"angle":-22.5,"axis":"x","origin":[7.78,11.94476,11.05991]},"faces":{"north":{"uv":[1.6,12,0.8,13],"texture":"#1"},"east":{"uv":[13.4,4,12.8,5],"texture":"#1"},"south":{"uv":[12.8,0,12,1],"texture":"#1"},"west":{"uv":[6.2,12.8,5.6,13.8],"texture":"#1"},"up":{"uv":[2.4,13.6,1.6,14.2],"texture":"#1"},"down":{"uv":[14.4,2.2,13.6,1.6],"texture":"#1"}}},{"from":[7.5475,12.40612,10.19548],"to":[8.4525,13.60612,10.97548],"rotation":{"angle":-45,"axis":"x","origin":[7.7725,12.82612,10.55548]},"faces":{"north":{"uv":[12.8,1.6,12,2.6],"texture":"#1"},"east":{"uv":[13.4,5.6,12.8,6.6],"texture":"#1"},"south":{"uv":[2.4,12,1.6,13],"texture":"#1"},"west":{"uv":[7,12.8,6.4,13.8],"texture":"#1"},"up":{"uv":[3.2,13.6,2.4,14.2],"texture":"#1"},"down":{"uv":[14.4,3,13.6,2.4],"texture":"#1"}}},{"from":[7.5325,10.51746,10.82867],"to":[8.4675,11.71746,11.60867],"rotation":{"angle":0,"axis":"y","origin":[7.7875,11.29746,11.18867]},"faces":{"north":{"uv":[5.6,12,4.8,13],"texture":"#1"},"east":{"uv":[13.4,8,12.8,9],"texture":"#1"},"south":{"uv":[12.8,3.2,12,4.2],"texture":"#1"},"west":{"uv":[9.4,12.8,8.8,13.8],"texture":"#1"},"up":{"uv":[14.4,4,13.6,4.6],"texture":"#1"},"down":{"uv":[5.6,14.2,4.8,13.6],"texture":"#1"}}},{"from":[7.555,13.08734,8.97216],"to":[8.445,13.86734,10.17216],"rotation":{"angle":22.5,"axis":"x","origin":[7.765,13.44734,9.75216]},"faces":{"north":{"uv":[14.4,3.2,13.6,3.8],"texture":"#1"},"east":{"uv":[8.2,12.8,7.2,13.4],"texture":"#1"},"south":{"uv":[4,13.6,3.2,14.2],"texture":"#1"},"west":{"uv":[13.8,7.2,12.8,7.8],"texture":"#1"},"up":{"uv":[3.2,12,2.4,13],"texture":"#1"},"down":{"uv":[4,13,3.2,12],"texture":"#1"}}},{"from":[7.3,9.35,4.525],"to":[7.3,16.35,11.525],"faces":{"north":{"uv":[0,0,0,14],"texture":"#3"},"east":{"uv":[16,0,0,16],"texture":"#3"},"south":{"uv":[0,0,0,14],"texture":"#3"},"west":{"uv":[0,0,16,16],"texture":"#3"},"up":{"uv":[0,0,0,14],"texture":"#3"},"down":{"uv":[0,0,0,14],"texture":"#3"}}},{"from":[8.7,9.35,4.525],"to":[8.7,16.35,11.525],"rotation":{"angle":0,"axis":"y","origin":[16,0,0]},"faces":{"north":{"uv":[0,0,0,14],"texture":"#3"},"east":{"uv":[16,0,0,16],"texture":"#3"},"south":{"uv":[0,0,0,14],"texture":"#3"},"west":{"uv":[0,0,16,16],"texture":"#3"},"up":{"uv":[0,0,0,14],"texture":"#3"},"down":{"uv":[0,0,0,14],"texture":"#3"}}}],"gui_light":"front","display":{"thirdperson_righthand":{"translation":[0,3.5,1.5],"scale":[1.25,1.25,1.25]},"thirdperson_lefthand":{"translation":[0,3.5,1.5],"scale":[1.25,1.25,1.25]},"firstperson_righthand":{"rotation":[-15.09,6.97,4.74],"translation":[-0.5,4.75,1],"scale":[0.82617,0.82617,0.82617]},"firstperson_lefthand":{"rotation":[-15.09,6.97,4.74],"translation":[-0.5,4.75,1],"scale":[0.82617,0.82617,0.82617]},"ground":{"rotation":[0,0,-86],"translation":[1,-0.25,0.25],"scale":[1.24297,1.24297,1.24297]},"gui":{"rotation":[-90,45,90],"translation":[0.75,-1,0],"scale":[0.89063,0.89063,0.89063]},"head":{"scale":[0,0,0]},"fixed":{"rotation":[0,90,0],"translation":[0,2,-2],"scale":[2.60156,2.60156,2.60156]}}}