{"textures​":{"layer0":"minecraft:item/eye_armor_trim_smithing_template"},"credit":"Made with Blockbench","texture_size":[128,128],"\u0074\u0065\u0078\u0074\u0075\u0072\u0065\u0073":{"0":"\u0065\u006c\u0069\u0074\u0065\u0063\u0072\u0065\u0061\u0074\u0075\u0072\u0065\u0073:\u0063\u0068\u0072\u0069\u0073\u0074\u006d\u0061\u0073_2023_\u0061\u006e\u0069\u006d\u0061\u0074\u0065\u0064/\u0063\u0072\u0069\u0073\u0074\u006d\u0061\u0073_\u0074\u0065\u0078\u0074\u0075\u0072\u0065_01","1":"\u0065\u006c\u0069\u0074\u0065\u0063\u0072\u0065\u0061\u0074\u0075\u0072\u0065\u0073:\u0063\u0068\u0072\u0069\u0073\u0074\u006d\u0061\u0073_2023_\u0061\u006e\u0069\u006d\u0061\u0074\u0065\u0064/\u0063\u0072\u0069\u0073\u0074\u006d\u0061\u0073_\u0061\u006e\u0069\u006d\u0061\u0074\u0069\u006f\u006e_01","\u0070\u0061\u0072\u0074\u0069\u0063\u006c\u0065":"\u0065\u006c\u0069\u0074\u0065\u0063\u0072\u0065\u0061\u0074\u0075\u0072\u0065\u0073:\u0063\u0068\u0072\u0069\u0073\u0074\u006d\u0061\u0073_2023_\u0061\u006e\u0069\u006d\u0061\u0074\u0065\u0064/\u0063\u0072\u0069\u0073\u0074\u006d\u0061\u0073_\u0074\u0065\u0078\u0074\u0075\u0072\u0065_01"},"elements":[{"from":[7.9,1.1,-7.1],"to":[7.9,6.3,3.9],"rotation":{"angle":0,"axis":"y","origin":[8,3.7,0.4]},"faces":{"north":{"uv":[1.9375,2.9,2.325,2.5],"texture":"#0"},"east":{"uv":[12.9375,0.65,11.5625,0],"texture":"#0"},"south":{"uv":[1.9375,2.9,2.325,2.5],"texture":"#0"},"west":{"uv":[11.5625,0.65,12.9375,0],"texture":"#0"},"up":{"uv":[2.375,2.5,2.75,2.8875],"rotation":270,"texture":"#0"},"down":{"uv":[1.125,2.9375,1.5,3.325],"rotation":270,"texture":"#0"}}},{"from":[7.5,-1,11],"to":[7.5,6,16],"rotation":{"angle":-22.5,"axis":"x","origin":[7.5,7.5,15.5]},"faces":{"north":{"uv":[0,0,0,12],"texture":"#missing"},"east":{"uv":[15.125,0,14.5,0.875],"texture":"#0"},"south":{"uv":[0,0,0,12],"texture":"#missing"},"west":{"uv":[14.5,0,15.125,0.875],"texture":"#0"},"up":{"uv":[0,0,0,10],"texture":"#missing"},"down":{"uv":[0,0,0,10],"texture":"#missing"}}},{"from":[7.5,-1,0],"to":[7.5,6,5],"rotation":{"angle":22.5,"axis":"x","origin":[7.5,7.5,0.5]},"faces":{"north":{"uv":[0,0,0,12],"texture":"#missing"},"east":{"uv":[14.5,0,15.125,0.875],"texture":"#0"},"south":{"uv":[0,0,0,12],"texture":"#missing"},"west":{"uv":[15.125,0,14.5,0.875],"texture":"#0"},"up":{"uv":[0,10,0,0],"texture":"#missing"},"down":{"uv":[0,10,0,0],"texture":"#missing"}}},{"from":[8.5,-1,0],"to":[8.5,6,5],"rotation":{"angle":22.5,"axis":"x","origin":[8.5,7.5,0.5]},"faces":{"north":{"uv":[0,0,0,12],"texture":"#missing"},"east":{"uv":[14.5,0,15.125,0.875],"texture":"#0"},"south":{"uv":[0,0,0,12],"texture":"#missing"},"west":{"uv":[15.125,0,14.5,0.875],"texture":"#0"},"up":{"uv":[0,10,0,0],"texture":"#missing"},"down":{"uv":[0,10,0,0],"texture":"#missing"}}},{"from":[8.5,-1,11],"to":[8.5,6,16],"rotation":{"angle":-22.5,"axis":"x","origin":[8.5,7.5,15.5]},"faces":{"north":{"uv":[0,0,0,12],"texture":"#missing"},"east":{"uv":[15.125,0,14.5,0.875],"texture":"#0"},"south":{"uv":[0,0,0,12],"texture":"#missing"},"west":{"uv":[14.5,0,15.125,0.875],"texture":"#0"},"up":{"uv":[0,0,0,10],"texture":"#missing"},"down":{"uv":[0,0,0,10],"texture":"#missing"}}},{"from":[7.9,1.1,12.1],"to":[7.9,6.3,23.1],"rotation":{"angle":0,"axis":"y","origin":[8,3.7,15.6]},"faces":{"north":{"uv":[2.325,2.9,1.9375,2.5],"texture":"#0"},"east":{"uv":[11.5625,0.65,12.9375,0],"texture":"#0"},"south":{"uv":[2.325,2.9,1.9375,2.5],"texture":"#0"},"west":{"uv":[12.9375,0.65,11.5625,0],"texture":"#0"},"up":{"uv":[2.75,2.5,2.375,2.8875],"rotation":270,"texture":"#0"},"down":{"uv":[1.5,2.9375,1.125,3.325],"rotation":270,"texture":"#0"}}},{"from":[6.5,-1,3.5],"to":[9.5,2,12.5],"rotation":{"angle":0,"axis":"y","origin":[8,-6.61142,8.0625]},"faces":{"north":{"uv":[1.125,2.5,1.5,2.125],"texture":"#0"},"east":{"uv":[1.125,2.625,0,2.25],"texture":"#0"},"south":{"uv":[1.125,2.5,1.5,2.125],"texture":"#0"},"west":{"uv":[0,2.625,1.125,2.25],"texture":"#0"},"up":{"uv":[0,2.625,1.125,3],"rotation":270,"texture":"#0"},"down":{"uv":[0,3,1.125,3.375],"rotation":270,"texture":"#0"}}},{"from":[7,-11,7],"to":[9,-2,9],"rotation":{"angle":0,"axis":"y","origin":[0,-3,17]},"faces":{"north":{"uv":[2.5625,0.4375,2.8125,1.5625],"texture":"#0"},"east":{"uv":[2.5625,0.4375,2.8125,1.5625],"texture":"#0"},"south":{"uv":[2.5625,0.4375,2.8125,1.5625],"texture":"#0"},"west":{"uv":[2.5625,0.4375,2.8125,1.5625],"texture":"#0"},"up":{"uv":[2.5625,0.4375,2.8125,0.6875],"texture":"#0"},"down":{"uv":[2.5625,0.4375,2.8125,0.6875],"texture":"#0"}}},{"from":[7.5,3,5],"to":[8.5,21,11],"rotation":{"angle":0,"axis":"y","origin":[0,-0.5,-0.5]},"faces":{"north":{"uv":[0.75,0,0.875,2.25],"texture":"#0"},"east":{"uv":[0.75,0,0,2.25],"texture":"#0"},"south":{"uv":[0.875,0,1,2.25],"texture":"#0"},"west":{"uv":[0,0,0.75,2.25],"texture":"#0"},"up":{"uv":[1,0,1.125,0.75],"texture":"#0"},"down":{"uv":[1,0,1.125,0.75],"texture":"#0"}}},{"from":[8,1,11],"to":[8,22,14],"rotation":{"angle":0,"axis":"y","origin":[0,-0.5,-0.5]},"faces":{"north":{"uv":[0.75,0,0.875,2.25],"texture":"#0"},"east":{"uv":[16,2.125,15.625,4.75],"texture":"#0"},"south":{"uv":[0.875,0,1,2.25],"texture":"#0"},"west":{"uv":[15.625,2.125,16,4.75],"texture":"#0"},"up":{"uv":[1,0,1.125,0.75],"texture":"#0"},"down":{"uv":[1,0,1.125,0.75],"texture":"#0"}}},{"from":[8,1,2],"to":[8,22,5],"rotation":{"angle":0,"axis":"y","origin":[0,-0.5,16.5]},"faces":{"north":{"uv":[1,0,0.875,2.25],"texture":"#0"},"east":{"uv":[15.1875,2.125,15.5625,4.75],"texture":"#0"},"south":{"uv":[0.875,0,0.75,2.25],"texture":"#0"},"west":{"uv":[15.5625,2.125,15.1875,4.75],"texture":"#0"},"up":{"uv":[1,0.75,1.125,0],"texture":"#0"},"down":{"uv":[1,0.75,1.125,0],"texture":"#0"}}},{"from":[5.75,0.3,7.5],"to":[10.25,2.8,10],"rotation":{"angle":-45,"axis":"x","origin":[7,0.8,8]},"faces":{"north":{"uv":[2.1875,1,2.5,1.5625],"rotation":90,"texture":"#0"},"east":{"uv":[2.25,0.4375,2.5625,0.75],"rotation":90,"texture":"#0"},"south":{"uv":[1.875,1,2.1875,1.5625],"rotation":90,"texture":"#0"},"west":{"uv":[2.25,0.75,2.5625,0.4375],"rotation":90,"texture":"#0"},"up":{"uv":[1.875,1,2.1875,1.5625],"rotation":90,"texture":"#0"},"down":{"uv":[2.1875,1,2.5,1.5625],"rotation":90,"texture":"#0"}}},{"from":[6.45,-0.5,5],"to":[9.55,3,8.5],"rotation":{"angle":45,"axis":"x","origin":[7.7625,0,8.0625]},"faces":{"north":{"uv":[2.6875,0.4375,3.075,0],"texture":"#0"},"east":{"uv":[2.6875,0.4375,2.25,0],"texture":"#0"},"south":{"uv":[2.6875,0.4375,3.075,0],"texture":"#0"},"west":{"uv":[2.25,0.4375,2.6875,0],"texture":"#0"},"up":{"uv":[3.125,0,3.5625,0.3875],"rotation":270,"texture":"#0"},"down":{"uv":[3.125,0,3.5625,0.3875],"rotation":270,"texture":"#0"}}},{"from":[6.45,-3.9,-1.1],"to":[9.55,-0.7,1.9],"rotation":{"angle":22.5,"axis":"x","origin":[8,-6.61142,10.0625]},"faces":{"north":{"uv":[1.5,2.9,1.8875,2.5],"texture":"#0"},"east":{"uv":[1.5,2.9,1.125,2.5],"texture":"#0"},"south":{"uv":[1.5,2.9,1.8875,2.5],"texture":"#0"},"west":{"uv":[1.125,2.9,1.5,2.5],"texture":"#0"},"up":{"uv":[2.25,2.9375,2.625,3.325],"rotation":270,"texture":"#0"},"down":{"uv":[1.875,2.9375,2.25,3.325],"rotation":270,"texture":"#0"}}},{"from":[7.8,21,5],"to":[7.8,27.5,11],"rotation":{"angle":0,"axis":"y","origin":[0,-0.5,-0.5]},"faces":{"north":{"uv":[4.5,17.5,4.5,24.5],"texture":"#missing"},"east":{"uv":[15.25,0,16,0.8125],"texture":"#0"},"south":{"uv":[4.5,17.5,4.5,24.5],"texture":"#missing"},"west":{"uv":[15.25,0,16,0.8125],"texture":"#0"},"up":{"uv":[12,2.5,12,8.5],"texture":"#missing"},"down":{"uv":[12,2.5,12,8.5],"texture":"#missing"}}},{"from":[7,0.5,5],"to":[9,2,7],"rotation":{"angle":45,"axis":"x","origin":[17,-0.625,6]},"faces":{"north":{"uv":[1.75,0.625,2,0.8125],"texture":"#0"},"east":{"uv":[2.125,0.8125,1.875,1],"texture":"#0"},"south":{"uv":[1.75,0.625,2,0.8125],"texture":"#0"},"west":{"uv":[1.875,0.8125,2.125,1],"texture":"#0"},"up":{"uv":[1.75,0.375,2,0.625],"texture":"#0"},"down":{"uv":[1.75,0.375,2,0.625],"texture":"#0"}}},{"from":[6.5,-15,5.5],"to":[9.5,-12,8.5],"rotation":{"angle":45,"axis":"x","origin":[7.7625,-14.5,8.0625]},"faces":{"north":{"uv":[2.25,1.5625,2.625,1.9375],"rotation":270,"texture":"#0"},"east":{"uv":[2.25,1.9375,1.875,1.5625],"texture":"#0"},"south":{"uv":[2.625,1.5625,3,1.9375],"texture":"#0"},"west":{"uv":[1.875,1.9375,2.25,1.5625],"texture":"#0"},"up":{"uv":[2.25,1.5625,2.625,1.9375],"rotation":270,"texture":"#0"},"down":{"uv":[2.625,1.9375,3,1.5625],"texture":"#0"}}},{"from":[6.75,-3,6.75],"to":[9.25,-0.5,9.25],"rotation":{"angle":0,"axis":"y","origin":[7,1.5,25]},"faces":{"north":{"uv":[1.5625,2.125,1.875,2.4375],"texture":"#0"},"east":{"uv":[1.5625,2.125,1.875,2.4375],"texture":"#0"},"south":{"uv":[1.5625,2.125,1.875,2.4375],"texture":"#0"},"west":{"uv":[1.5625,2.125,1.875,2.4375],"texture":"#0"},"up":{"uv":[1.875,2.125,2.1875,2.4375],"texture":"#0"},"down":{"uv":[1.875,2.125,2.1875,2.4375],"texture":"#0"}}},{"from":[6.45,-3.9,14.1],"to":[9.55,-0.7,17.1],"rotation":{"angle":-22.5,"axis":"x","origin":[8,-6.61142,5.9375]},"faces":{"north":{"uv":[2.325,2.9,1.9375,2.5],"texture":"#0"},"east":{"uv":[1.5,3.3375,1.875,2.9375],"texture":"#0"},"south":{"uv":[2.325,2.9,1.9375,2.5],"texture":"#0"},"west":{"uv":[1.875,3.3375,1.5,2.9375],"texture":"#0"},"up":{"uv":[2.75,2.5,2.375,2.8875],"rotation":270,"texture":"#0"},"down":{"uv":[1.5,2.9375,1.125,3.325],"rotation":270,"texture":"#0"}}},{"from":[7,0.5,9],"to":[9,2,11],"rotation":{"angle":-45,"axis":"x","origin":[17,-0.625,10]},"faces":{"north":{"uv":[2,0.625,1.75,0.8125],"texture":"#0"},"east":{"uv":[1.875,0.8125,2.125,1],"texture":"#0"},"south":{"uv":[2,0.625,1.75,0.8125],"texture":"#0"},"west":{"uv":[2.125,0.8125,1.875,1],"texture":"#0"},"up":{"uv":[1.75,0.625,2,0.375],"texture":"#0"},"down":{"uv":[1.75,0.625,2,0.375],"texture":"#0"}}},{"from":[6.75,-13.5,6.75],"to":[9.25,-11,9.25],"rotation":{"angle":0,"axis":"y","origin":[7,15.5,25]},"faces":{"north":{"uv":[2.1875,2.4375,2.5,2.125],"texture":"#0"},"east":{"uv":[2.1875,2.4375,2.5,2.125],"texture":"#0"},"south":{"uv":[2.1875,2.4375,2.5,2.125],"texture":"#0"},"west":{"uv":[2.1875,2.4375,2.5,2.125],"texture":"#0"},"up":{"uv":[2.5,2.4375,2.8125,2.125],"texture":"#0"},"down":{"uv":[2.5,2.4375,2.8125,2.125],"texture":"#0"}}},{"from":[5,-4.5,8],"to":[11,-2.5,13],"rotation":{"angle":-45,"axis":"x","origin":[17,-0.625,10]},"faces":{"north":{"uv":[1.75,1.875,1,2.125],"texture":"#0"},"east":{"uv":[1,1.625,1.625,1.875],"texture":"#0"},"south":{"uv":[1.75,1.875,1,2.125],"texture":"#0"},"west":{"uv":[1.625,1.625,1,1.875],"texture":"#0"},"up":{"uv":[1,1.5,1.75,0.875],"texture":"#0"},"down":{"uv":[1,1.5,1.75,0.875],"texture":"#0"}}},{"from":[6,-2.5,9],"to":[10,0.5,12],"rotation":{"angle":-45,"axis":"x","origin":[17,-0.625,10]},"faces":{"north":{"uv":[2.125,0,1.625,0.375],"texture":"#0"},"east":{"uv":[1.125,0,1.5,0.375],"texture":"#0"},"south":{"uv":[2.125,0,1.625,0.375],"texture":"#0"},"west":{"uv":[1.5,0,1.125,0.375],"texture":"#0"},"up":{"uv":[1.125,0.75,1.625,0.375],"texture":"#0"},"down":{"uv":[1.125,0.75,1.625,0.375],"texture":"#0"}}},{"from":[5.9,-1,5.5],"to":[5.9,6,10.5],"rotation":{"angle":-22.5,"axis":"x","origin":[5.9,7.5,10.5]},"faces":{"north":{"uv":[0,0,0,12],"texture":"#missing"},"east":{"uv":[15.125,0,14.5,0.875],"texture":"#0"},"south":{"uv":[0,0,0,12],"texture":"#missing"},"west":{"uv":[14.5,0,15.125,0.875],"texture":"#0"},"up":{"uv":[0,0,0,10],"texture":"#missing"},"down":{"uv":[0,0,0,10],"texture":"#missing"}}},{"from":[5.9,-1,5.5],"to":[5.9,6,10.5],"rotation":{"angle":22.5,"axis":"x","origin":[5.9,7.5,5.5]},"faces":{"north":{"uv":[0,0,0,12],"texture":"#missing"},"east":{"uv":[14.5,0,15.125,0.875],"texture":"#0"},"south":{"uv":[0,0,0,12],"texture":"#missing"},"west":{"uv":[15.125,0,14.5,0.875],"texture":"#0"},"up":{"uv":[0,10,0,0],"texture":"#missing"},"down":{"uv":[0,10,0,0],"texture":"#missing"}}},{"from":[5,-4.5,3],"to":[11,-2.5,8],"rotation":{"angle":45,"axis":"x","origin":[17,-0.625,6]},"faces":{"north":{"uv":[1,1.875,1.75,2.125],"texture":"#0"},"east":{"uv":[1.625,1.625,1,1.875],"texture":"#0"},"south":{"uv":[1,1.875,1.75,2.125],"texture":"#0"},"west":{"uv":[1,1.625,1.625,1.875],"texture":"#0"},"up":{"uv":[1,0.875,1.75,1.5],"texture":"#0"},"down":{"uv":[1,0.875,1.75,1.5],"texture":"#0"}}},{"from":[6,-2.5,4],"to":[10,0.5,7],"rotation":{"angle":45,"axis":"x","origin":[17,-0.625,6]},"faces":{"north":{"uv":[1.625,0,2.125,0.375],"texture":"#0"},"east":{"uv":[1.5,0,1.125,0.375],"texture":"#0"},"south":{"uv":[1.625,0,2.125,0.375],"texture":"#0"},"west":{"uv":[1.125,0,1.5,0.375],"texture":"#0"},"up":{"uv":[1.125,0.375,1.625,0.75],"texture":"#0"},"down":{"uv":[1.125,0.375,1.625,0.75],"texture":"#0"}}},{"from":[7.1,2,4.5],"to":[9.1,3.5,11.5],"rotation":{"angle":0,"axis":"y","origin":[0,-0.5,-0.5]},"faces":{"north":{"uv":[2.25,0.75,2.5,0.9375],"texture":"#0"},"east":{"uv":[2.8125,0.4375,3.6875,0.625],"texture":"#0"},"south":{"uv":[2.25,0.75,2.5,0.9375],"texture":"#0"},"west":{"uv":[2.8125,0.4375,3.6875,0.625],"texture":"#0"},"up":{"uv":[2.8125,0.625,3.0625,1.5],"texture":"#0"},"down":{"uv":[2.8125,0.625,3.0625,1.5],"texture":"#0"}}},{"from":[7.1,3.5,9.5],"to":[9.1,5,11.5],"rotation":{"angle":0,"axis":"y","origin":[0,-0.5,-0.5]},"faces":{"north":{"uv":[3.0625,0.8125,3.3125,1],"texture":"#0"},"east":{"uv":[3.0625,0.625,3.3125,0.8125],"texture":"#0"},"south":{"uv":[3.0625,0.8125,3.3125,1],"texture":"#0"},"west":{"uv":[3.0625,0.625,3.3125,0.8125],"texture":"#0"},"up":{"uv":[3.0625,1,3.3125,1.25],"texture":"#0"},"down":{"uv":[3.0625,1,3.3125,1.25],"texture":"#0"}}},{"from":[7.1,3.5,6.5],"to":[9.1,4.5,8.5],"rotation":{"angle":0,"axis":"y","origin":[0,-0.5,-0.5]},"faces":{"north":{"uv":[3.0625,1.375,3.3125,1.5],"texture":"#0"},"east":{"uv":[3.0625,1.25,3.3125,1.375],"texture":"#0"},"south":{"uv":[3.0625,1.375,3.3125,1.5],"texture":"#0"},"west":{"uv":[3.0625,1.25,3.3125,1.375],"texture":"#0"},"up":{"uv":[3.3125,0.625,3.5625,0.875],"texture":"#0"},"down":{"uv":[3.3125,0.625,3.5625,0.875],"texture":"#0"}}},{"from":[10.1,-1,5.5],"to":[10.1,6,10.5],"rotation":{"angle":22.5,"axis":"x","origin":[10.1,7.5,5.5]},"faces":{"north":{"uv":[0,0,0,12],"texture":"#missing"},"east":{"uv":[14.5,0,15.125,0.875],"texture":"#0"},"south":{"uv":[0,0,0,12],"texture":"#missing"},"west":{"uv":[15.125,0,14.5,0.875],"texture":"#0"},"up":{"uv":[0,10,0,0],"texture":"#missing"},"down":{"uv":[0,10,0,0],"texture":"#missing"}}},{"from":[10.1,-1,5.5],"to":[10.1,6,10.5],"rotation":{"angle":-22.5,"axis":"x","origin":[10.1,7.5,10.5]},"faces":{"north":{"uv":[0,0,0,12],"texture":"#missing"},"east":{"uv":[15.125,0,14.5,0.875],"texture":"#0"},"south":{"uv":[0,0,0,12],"texture":"#missing"},"west":{"uv":[14.5,0,15.125,0.875],"texture":"#0"},"up":{"uv":[0,0,0,10],"texture":"#missing"},"down":{"uv":[0,0,0,10],"texture":"#missing"}}},{"from":[7.9,-16,5.5],"to":[7.9,-9,13.5],"rotation":{"angle":-22.5,"axis":"x","origin":[7.9,-7.5,10.5]},"faces":{"north":{"uv":[0,0,0,12],"texture":"#missing"},"east":{"uv":[14.5,0,13.5,0.875],"texture":"#0"},"south":{"uv":[0,0,0,12],"texture":"#missing"},"west":{"uv":[13.5,0,14.5,0.875],"texture":"#0"},"up":{"uv":[0,0,0,10],"texture":"#missing"},"down":{"uv":[0,0,0,10],"texture":"#missing"}}},{"from":[7.7,24,4],"to":[7.7,32,12],"rotation":{"angle":0,"axis":"y","origin":[-0.1,0,0]},"faces":{"north":{"uv":[0,0,0,14],"texture":"#missing"},"east":{"uv":[16,0.9375,15,1.9375],"texture":"#0"},"south":{"uv":[0,0,0,14],"texture":"#missing"},"west":{"uv":[15,0.9375,16,1.9375],"texture":"#0"},"up":{"uv":[0,0,0,16],"texture":"#missing"},"down":{"uv":[0,0,0,16],"texture":"#missing"}}},{"from":[7.5,24,10],"to":[7.5,28,14],"rotation":{"angle":22.5,"axis":"x","origin":[7.5,25,11.5]},"faces":{"north":{"uv":[0,0,0,14],"texture":"#missing"},"east":{"uv":[14.1875,0.9375,13.6875,1.4375],"texture":"#0"},"south":{"uv":[0,0,0,14],"texture":"#missing"},"west":{"uv":[13.6875,0.9375,14.1875,1.4375],"texture":"#0"},"up":{"uv":[0,0,0,16],"texture":"#missing"},"down":{"uv":[0,0,0,16],"texture":"#missing"}}},{"from":[7.5,24,2],"to":[7.5,28,6],"rotation":{"angle":-22.5,"axis":"x","origin":[7.5,25,4.5]},"faces":{"north":{"uv":[0,0,0,14],"texture":"#missing"},"east":{"uv":[13.6875,0.9375,14.1875,1.4375],"texture":"#0"},"south":{"uv":[0,0,0,14],"texture":"#missing"},"west":{"uv":[14.1875,0.9375,13.6875,1.4375],"texture":"#0"},"up":{"uv":[0,16,0,0],"texture":"#missing"},"down":{"uv":[0,16,0,0],"texture":"#missing"}}},{"from":[8.5,24,10],"to":[8.5,28,14],"rotation":{"angle":22.5,"axis":"x","origin":[8.5,25,11.5]},"faces":{"north":{"uv":[0,0,0,14],"texture":"#missing"},"east":{"uv":[14.1875,0.9375,13.6875,1.4375],"texture":"#0"},"south":{"uv":[0,0,0,14],"texture":"#missing"},"west":{"uv":[13.6875,0.9375,14.1875,1.4375],"texture":"#0"},"up":{"uv":[0,0,0,16],"texture":"#missing"},"down":{"uv":[0,0,0,16],"texture":"#missing"}}},{"from":[8.5,24,2],"to":[8.5,28,6],"rotation":{"angle":-22.5,"axis":"x","origin":[8.5,25,4.5]},"faces":{"north":{"uv":[0,0,0,14],"texture":"#missing"},"east":{"uv":[13.6875,0.9375,14.1875,1.4375],"texture":"#0"},"south":{"uv":[0,0,0,14],"texture":"#missing"},"west":{"uv":[14.1875,0.9375,13.6875,1.4375],"texture":"#0"},"up":{"uv":[0,16,0,0],"texture":"#missing"},"down":{"uv":[0,16,0,0],"texture":"#missing"}}},{"from":[8.3,24,4],"to":[8.3,32,12],"rotation":{"angle":0,"axis":"y","origin":[16,0,0]},"faces":{"north":{"uv":[0,0,0,14],"texture":"#missing"},"east":{"uv":[16,0.9375,15,1.9375],"texture":"#0"},"south":{"uv":[0,0,0,14],"texture":"#missing"},"west":{"uv":[15,0.9375,16,1.9375],"texture":"#0"},"up":{"uv":[0,0,0,16],"texture":"#missing"},"down":{"uv":[0,0,0,16],"texture":"#missing"}}},{"from":[5.5,-2,4],"to":[5.5,6,12],"faces":{"north":{"uv":[0,0,0,16],"texture":"#1"},"east":{"uv":[16,0,0,16],"texture":"#1"},"south":{"uv":[0,0,0,16],"texture":"#1"},"west":{"uv":[0,0,16,16],"texture":"#1"},"up":{"uv":[0,16,0,0],"texture":"#1"},"down":{"uv":[0,0,0,16],"texture":"#1"}}},{"from":[6.4,-16,5.5],"to":[6.4,-11,10.5],"rotation":{"angle":0,"axis":"y","origin":[0,16,0]},"faces":{"north":{"uv":[0,14,0,0],"texture":"#missing"},"east":{"uv":[16,1.9375,15,0.9375],"texture":"#0"},"south":{"uv":[0,14,0,0],"texture":"#missing"},"west":{"uv":[15,1.9375,16,0.9375],"texture":"#0"},"up":{"uv":[0,16,0,0],"texture":"#missing"},"down":{"uv":[0,16,0,0],"texture":"#missing"}}},{"from":[9.6,-16,5.5],"to":[9.6,-11,10.5],"rotation":{"angle":0,"axis":"y","origin":[16,16,0]},"faces":{"north":{"uv":[0,14,0,0],"texture":"#missing"},"east":{"uv":[16,1.9375,15,0.9375],"texture":"#0"},"south":{"uv":[0,14,0,0],"texture":"#missing"},"west":{"uv":[15,1.9375,16,0.9375],"texture":"#0"},"up":{"uv":[0,16,0,0],"texture":"#missing"},"down":{"uv":[0,16,0,0],"texture":"#missing"}}},{"from":[8.2,20,5],"to":[8.2,26.5,11],"rotation":{"angle":0,"axis":"y","origin":[16,-0.5,-0.5]},"faces":{"north":{"uv":[4.5,17.5,4.5,24.5],"texture":"#missing"},"east":{"uv":[16,0,15.25,0.8125],"texture":"#0"},"south":{"uv":[4.5,17.5,4.5,24.5],"texture":"#missing"},"west":{"uv":[16,0,15.25,0.8125],"texture":"#0"},"up":{"uv":[12,2.5,12,8.5],"texture":"#missing"},"down":{"uv":[12,2.5,12,8.5],"texture":"#missing"}}},{"from":[7,13.6,11.5],"to":[9,15.6,13.5],"rotation":{"angle":-22.5,"axis":"x","origin":[8,13,11]},"faces":{"north":{"uv":[3,1.5,3.25,1.75],"texture":"#0"},"east":{"uv":[3,1.5,3.25,1.75],"texture":"#0"},"south":{"uv":[3,1.5,3.25,1.75],"texture":"#0"},"west":{"uv":[3,1.5,3.25,1.75],"texture":"#0"},"up":{"uv":[3,1.5,3.25,1.75],"texture":"#0"},"down":{"uv":[3,1.5,3.25,1.75],"texture":"#0"}}},{"from":[7,7.6,2.5],"to":[9,9.6,4.5],"rotation":{"angle":22.5,"axis":"x","origin":[8,7,5]},"faces":{"north":{"uv":[3.25,1.5,3,1.75],"texture":"#0"},"east":{"uv":[3.25,1.5,3,1.75],"texture":"#0"},"south":{"uv":[3.25,1.5,3,1.75],"texture":"#0"},"west":{"uv":[3.25,1.5,3,1.75],"texture":"#0"},"up":{"uv":[3,1.75,3.25,1.5],"texture":"#0"},"down":{"uv":[3,1.75,3.25,1.5],"texture":"#0"}}},{"from":[7.9,20,6.5],"to":[7.9,27,11.5],"rotation":{"angle":-22.5,"axis":"x","origin":[8,29.5,10.5]},"faces":{"north":{"uv":[0,0,0,12],"texture":"#missing"},"east":{"uv":[13.6875,0,13.0625,0.875],"texture":"#0"},"south":{"uv":[0,0,0,12],"texture":"#missing"},"west":{"uv":[13.0625,0,13.6875,0.875],"texture":"#0"},"up":{"uv":[0,0,0,10],"texture":"#missing"},"down":{"uv":[0,0,0,10],"texture":"#missing"}}},{"from":[7.9,20,4.5],"to":[7.9,27,9.5],"rotation":{"angle":22.5,"axis":"x","origin":[8,29.5,5.5]},"faces":{"north":{"uv":[0,0,0,12],"texture":"#missing"},"east":{"uv":[13.0625,0,13.6875,0.875],"texture":"#0"},"south":{"uv":[0,0,0,12],"texture":"#missing"},"west":{"uv":[13.6875,0,13.0625,0.875],"texture":"#0"},"up":{"uv":[0,10,0,0],"texture":"#missing"},"down":{"uv":[0,10,0,0],"texture":"#missing"}}},{"from":[10.5,-2,4],"to":[10.5,6,12],"rotation":{"angle":0,"axis":"y","origin":[16,0,0]},"faces":{"north":{"uv":[0,0,0,16],"texture":"#1"},"east":{"uv":[16,0,0,16],"texture":"#1"},"south":{"uv":[0,0,0,16],"texture":"#1"},"west":{"uv":[0,0,16,16],"texture":"#1"},"up":{"uv":[0,16,0,0],"texture":"#1"},"down":{"uv":[0,0,0,16],"texture":"#1"}}},{"from":[7.4,7,6],"to":[7.4,13,11],"rotation":{"angle":-22.5,"axis":"x","origin":[7.4,10,8.5]},"faces":{"north":{"uv":[0,0,0,0.75],"texture":"#missing"},"east":{"uv":[14.875,1.0625,14.25,1.8125],"texture":"#0"},"south":{"uv":[0,0,0,0.75],"texture":"#missing"},"west":{"uv":[14.25,1.0625,14.875,1.8125],"texture":"#0"},"up":{"uv":[0,0,0,0.625],"texture":"#missing"},"down":{"uv":[0,0,0,0.625],"texture":"#missing"}}},{"from":[8.6,7,6],"to":[8.6,13,11],"rotation":{"angle":-22.5,"axis":"x","origin":[8.6,10,8.5]},"faces":{"north":{"uv":[0,0,0,0.75],"texture":"#missing"},"east":{"uv":[14.875,1.0625,14.25,1.8125],"texture":"#0"},"south":{"uv":[0,0,0,0.75],"texture":"#missing"},"west":{"uv":[14.25,1.0625,14.875,1.8125],"texture":"#0"},"up":{"uv":[0,0,0,0.625],"texture":"#missing"},"down":{"uv":[0,0,0,0.625],"texture":"#missing"}}}],"gui_light":"front","display":{"thirdperson_righthand":{"translation":[0,7,0.5],"scale":[0.6,0.6,0.6]},"thirdperson_lefthand":{"translation":[0,7,0.5],"scale":[0.6,0.6,0.6]},"firstperson_righthand":{"rotation":[-12,15,3],"translation":[1.5,4.25,-1],"scale":[0.43555,0.43555,0.43555]},"firstperson_lefthand":{"rotation":[-12,15,3],"translation":[1.5,4.25,-1],"scale":[0.43555,0.43555,0.43555]},"ground":{"rotation":[0,0,90],"translation":[1.25,0.25,0],"scale":[0.5,0.5,0.5]},"gui":{"rotation":[90,135,-90],"translation":[-0.25,0.25,-1.25],"scale":[0.43609,0.43609,0.43609]},"head":{"rotation":[90,-168,90],"translation":[-0.5,11.75,0],"scale":[0.56,0.56,0.56]},"fixed":{"rotation":[0,90,0],"translation":[0,3,-2.25],"scale":[1.07898,1.07898,1.07898]}}}