{"textures​":{"layer0":"minecraft:item/spawner"},"credit":"Made with Blockbench","texture_size":[128,128],"\u0074\u0065\u0078\u0074\u0075\u0072\u0065\u0073":{"0":"\u0065\u006c\u0069\u0074\u0065\u0063\u0072\u0065\u0061\u0074\u0075\u0072\u0065\u0073:\u0063\u0068\u0072\u0069\u0073\u0074\u006d\u0061\u0073_2023_\u0061\u006e\u0069\u006d\u0061\u0074\u0065\u0064/\u0063\u0072\u0069\u0073\u0074\u006d\u0061\u0073_\u0074\u0065\u0078\u0074\u0075\u0072\u0065_01","\u0070\u0061\u0072\u0074\u0069\u0063\u006c\u0065":"\u0065\u006c\u0069\u0074\u0065\u0063\u0072\u0065\u0061\u0074\u0075\u0072\u0065\u0073:\u0063\u0068\u0072\u0069\u0073\u0074\u006d\u0061\u0073_2023_\u0061\u006e\u0069\u006d\u0061\u0074\u0065\u0064/\u0063\u0072\u0069\u0073\u0074\u006d\u0061\u0073_\u0074\u0065\u0078\u0074\u0075\u0072\u0065_01"},"elements":[{"from":[3,0,3],"to":[13,3,13],"rotation":{"angle":0,"axis":"y","origin":[8,1.5,8]},"faces":{"north":{"uv":[2.3125,9.1875,3.5625,9.5625],"texture":"#0"},"east":{"uv":[3.5625,8.8125,2.3125,9.1875],"texture":"#0"},"south":{"uv":[2.3125,9.1875,3.5625,9.5625],"texture":"#0"},"west":{"uv":[2.3125,8.8125,3.5625,9.1875],"texture":"#0"},"up":{"uv":[2.3125,7.5625,3.5625,8.8125],"rotation":270,"texture":"#0"},"down":{"uv":[2.3125,7.5625,3.5625,8.8125],"rotation":270,"texture":"#0"}}},{"from":[4,3,4],"to":[12,7,12.5],"rotation":{"angle":0,"axis":"y","origin":[0,0,-1]},"faces":{"north":{"uv":[0,11.625,1,12.125],"texture":"#0"},"east":{"uv":[1.0625,11.125,0,11.625],"texture":"#0"},"south":{"uv":[1.0625,10.125,2.0625,10.625],"texture":"#0"},"west":{"uv":[0,11.125,1.0625,11.625],"texture":"#0"},"up":{"uv":[0,10.125,1.0625,11.125],"rotation":270,"texture":"#0"},"down":{"uv":[0,10.125,1.0625,11.125],"rotation":270,"texture":"#0"}}},{"from":[4.5,3.6,4.6],"to":[11.5,9.1,11.6],"rotation":{"angle":45,"axis":"x","origin":[8,4.6,8.6]},"faces":{"north":{"uv":[1.0625,11.5,1.9375,12.1875],"texture":"#0"},"east":{"uv":[1.4375,9.4375,2.3125,10.125],"texture":"#0"},"south":{"uv":[1.0625,11.5,1.9375,12.1875],"texture":"#0"},"west":{"uv":[1.4375,9.4375,2.3125,10.125],"texture":"#0"},"up":{"uv":[1.0625,10.625,1.9375,11.5],"rotation":270,"texture":"#0"},"down":{"uv":[1.0625,10.625,1.9375,11.5],"rotation":270,"texture":"#0"}}},{"from":[5.5,3.6,10.6],"to":[10.5,9.6,15.1],"rotation":{"angle":-22.5,"axis":"x","origin":[8,4.6,8.6]},"faces":{"north":{"uv":[2.3125,9.5625,3.0625,10.1875],"rotation":270,"texture":"#0"},"east":{"uv":[2.3125,10.75,3.0625,10.1875],"rotation":90,"texture":"#0"},"south":{"uv":[2.3125,9.5625,3.0625,10.1875],"rotation":270,"texture":"#0"},"west":{"uv":[2.3125,10.1875,3.0625,10.75],"rotation":90,"texture":"#0"},"up":{"uv":[3.0625,9.875,3.6875,10.4375],"rotation":180,"texture":"#0"},"down":{"uv":[3.6875,9.875,4.3125,10.4375],"rotation":180,"texture":"#0"}}},{"from":[7,3.5,13.8],"to":[9,7.5,16.3],"rotation":{"angle":0,"axis":"y","origin":[0,-0.5,0.5]},"faces":{"north":{"uv":[1.75,8.5,2,9],"texture":"#0"},"east":{"uv":[1.4375,8.5,1.75,9],"texture":"#0"},"south":{"uv":[1.75,8.5,2,9],"texture":"#0"},"west":{"uv":[1.4375,8.5,1.75,9],"texture":"#0"},"up":{"uv":[1.4375,9,1.6875,9.3125],"texture":"#0"},"down":{"uv":[1.4375,9,1.6875,9.3125],"texture":"#0"}}},{"from":[10,4,3.9],"to":[14,8,3.9],"rotation":{"angle":-22.5,"axis":"z","origin":[11.5,5,3.9]},"faces":{"north":{"uv":[14.1875,0.9375,13.6875,1.4375],"texture":"#0"},"east":{"uv":[0,0,0,14],"texture":"#missing"},"south":{"uv":[13.6875,0.9375,14.1875,1.4375],"texture":"#0"},"west":{"uv":[0,0,0,14],"texture":"#missing"},"up":{"uv":[0,16,0,0],"rotation":90,"texture":"#missing"},"down":{"uv":[0,16,0,0],"rotation":270,"texture":"#missing"}}},{"from":[4,4,3.6],"to":[12,12,3.6],"rotation":{"angle":0,"axis":"y","origin":[16,-20,-4.2]},"faces":{"north":{"uv":[15,0.9375,16,1.9375],"texture":"#0"},"east":{"uv":[0,0,0,14],"texture":"#missing"},"south":{"uv":[16,0.9375,15,1.9375],"texture":"#0"},"west":{"uv":[0,0,0,14],"texture":"#missing"},"up":{"uv":[0,0,0,16],"rotation":90,"texture":"#missing"},"down":{"uv":[0,0,0,16],"rotation":270,"texture":"#missing"}}},{"from":[2,4,3.9],"to":[6,8,3.9],"rotation":{"angle":22.5,"axis":"z","origin":[4.5,5,3.9]},"faces":{"north":{"uv":[13.6875,0.9375,14.1875,1.4375],"texture":"#0"},"east":{"uv":[0,0,0,14],"texture":"#missing"},"south":{"uv":[14.1875,0.9375,13.6875,1.4375],"texture":"#0"},"west":{"uv":[0,0,0,14],"texture":"#missing"},"up":{"uv":[0,0,0,16],"rotation":90,"texture":"#missing"},"down":{"uv":[0,0,0,16],"rotation":270,"texture":"#missing"}}}],"gui_light":"front","display":{"thirdperson_righthand":{"rotation":[42.76,10.93,-4.97],"translation":[0,4,0],"scale":[0.54492,0.54492,0.54492]},"thirdperson_lefthand":{"rotation":[42.76,10.93,-4.97],"translation":[0,4,0],"scale":[0.54492,0.54492,0.54492]},"firstperson_righthand":{"rotation":[0,106,0],"translation":[10,2.75,-13.75],"scale":[1.41406,1.41406,1.41406]},"firstperson_lefthand":{"rotation":[0,106,0],"translation":[10,2.75,-13.75],"scale":[1.41406,1.41406,1.41406]},"ground":{"translation":[0,3,0],"scale":[0.70313,0.70313,0.70313]},"gui":{"rotation":[20,155,0],"translation":[0,1.5,0],"scale":[0.78555,0.78555,0.78555]},"head":{"rotation":[12,0,0],"translation":[0,16.5,2.75],"scale":[1.65,1.65,1.65]},"fixed":{"translation":[0,0.5,-9.5],"scale":[1.74219,1.74219,1.74219]}}}