{"textures​":{"layer0":"minecraft:item/polished_blackstone"},"credit":"Made with Blockbench","texture_size":[128,128],"\u0074\u0065\u0078\u0074\u0075\u0072\u0065\u0073":{"0":"\u0065\u006c\u0069\u0074\u0065\u0063\u0072\u0065\u0061\u0074\u0075\u0072\u0065\u0073:\u0063\u0068\u0072\u0069\u0073\u0074\u006d\u0061\u0073_2023_\u0061\u006e\u0069\u006d\u0061\u0074\u0065\u0064/\u0063\u0072\u0069\u0073\u0074\u006d\u0061\u0073_\u0074\u0065\u0078\u0074\u0075\u0072\u0065_01","1":"\u0065\u006c\u0069\u0074\u0065\u0063\u0072\u0065\u0061\u0074\u0075\u0072\u0065\u0073:\u0063\u0068\u0072\u0069\u0073\u0074\u006d\u0061\u0073_2023_\u0061\u006e\u0069\u006d\u0061\u0074\u0065\u0064/\u0063\u0072\u0069\u0073\u0074\u006d\u0061\u0073_\u0061\u006e\u0069\u006d\u0061\u0074\u0069\u006f\u006e_01","\u0070\u0061\u0072\u0074\u0069\u0063\u006c\u0065":"\u0065\u006c\u0069\u0074\u0065\u0063\u0072\u0065\u0061\u0074\u0075\u0072\u0065\u0073:\u0063\u0068\u0072\u0069\u0073\u0074\u006d\u0061\u0073_2023_\u0061\u006e\u0069\u006d\u0061\u0074\u0065\u0064/\u0063\u0072\u0069\u0073\u0074\u006d\u0061\u0073_\u0074\u0065\u0078\u0074\u0075\u0072\u0065_01"},"elements":[{"from":[3.22459,-3.9,5.04359],"to":[6.22459,15.1,6.04359],"rotation":{"angle":22.5,"axis":"y","origin":[8,8.55,8]},"faces":{"north":{"uv":[0.8125,9.625,1.1875,7.25],"texture":"#0"},"east":{"uv":[1.1875,9.625,1.3125,7.25],"texture":"#0"},"south":{"uv":[0.8125,9.625,1.1875,7.25],"texture":"#0"},"west":{"uv":[1.1875,9.625,1.3125,7.25],"texture":"#0"},"up":{"uv":[0.1875,8.75,0.0625,9.125],"rotation":270,"texture":"#0"},"down":{"uv":[0.1875,8.75,0.0625,9.125],"rotation":90,"texture":"#0"}}},{"from":[6.77541,-5.9,5.04359],"to":[9.77541,8.1,6.04359],"rotation":{"angle":-22.5,"axis":"y","origin":[8,8.55,8]},"faces":{"north":{"uv":[1.1875,9,0.8125,7.25],"texture":"#0"},"east":{"uv":[1.3125,9,1.1875,7.25],"texture":"#0"},"south":{"uv":[1.1875,9,0.8125,7.25],"texture":"#0"},"west":{"uv":[1.3125,9.375,1.1875,7.25],"texture":"#0"},"up":{"uv":[0.1875,9.125,0.0625,8.75],"rotation":270,"texture":"#0"},"down":{"uv":[0.1875,9.125,0.0625,8.75],"rotation":90,"texture":"#0"}}},{"from":[6.77541,8.1,5.04359],"to":[9.77541,15.1,6.04359],"rotation":{"angle":-22.5,"axis":"y","origin":[8,8.55,8]},"faces":{"north":{"uv":[1.1875,9.625,0.8125,8.75],"texture":"#0"},"east":{"uv":[1.3125,8.125,1.1875,7.25],"texture":"#0"},"south":{"uv":[1.1875,9.625,0.8125,8.75],"texture":"#0"},"west":{"uv":[1.3125,7.5,1.1875,7.25],"texture":"#0"},"up":{"uv":[0.1875,9.125,0.0625,8.75],"rotation":270,"texture":"#0"},"down":{"uv":[0.1875,9.125,0.0625,8.75],"rotation":90,"texture":"#0"}}},{"from":[12.77541,8.1,5.04359],"to":[15.77541,15.1,6.04359],"rotation":{"angle":-22.5,"axis":"y","origin":[8,8.55,8]},"faces":{"north":{"uv":[1.1875,9.625,0.8125,8.75],"texture":"#0"},"east":{"uv":[1.3125,8.125,1.1875,7.25],"texture":"#0"},"south":{"uv":[1.1875,9.625,0.8125,8.75],"texture":"#0"},"west":{"uv":[1.3125,7.5,1.1875,7.25],"texture":"#0"},"up":{"uv":[0.1875,9.125,0.0625,8.75],"rotation":270,"texture":"#0"},"down":{"uv":[0.1875,9.125,0.0625,8.75],"rotation":90,"texture":"#0"}}},{"from":[12.77541,-5.9,5.04359],"to":[15.77541,8.1,6.04359],"rotation":{"angle":-22.5,"axis":"y","origin":[8,8.55,8]},"faces":{"north":{"uv":[1.1875,9,0.8125,7.25],"texture":"#0"},"east":{"uv":[1.3125,9,1.1875,7.25],"texture":"#0"},"south":{"uv":[1.1875,9,0.8125,7.25],"texture":"#0"},"west":{"uv":[1.3125,9.375,1.1875,7.25],"texture":"#0"},"up":{"uv":[0.1875,9.125,0.0625,8.75],"rotation":270,"texture":"#0"},"down":{"uv":[0.1875,9.125,0.0625,8.75],"rotation":90,"texture":"#0"}}},{"from":[0.68091,16,0.63482],"to":[4.68091,20,0.63482],"rotation":{"angle":45,"axis":"y","origin":[8,8.55,8]},"faces":{"north":{"uv":[13.6875,0.9375,14.1875,1.4375],"texture":"#0"},"east":{"uv":[0,0,0,14],"texture":"#missing"},"south":{"uv":[13.6875,0.9375,14.1875,1.4375],"texture":"#0"},"west":{"uv":[0,0,0,14],"texture":"#missing"},"up":{"uv":[0,0,0,16],"rotation":270,"texture":"#missing"},"down":{"uv":[0,0,0,16],"rotation":90,"texture":"#missing"}}},{"from":[2.53246,17,2.8505],"to":[6.53246,21,2.8505],"rotation":{"angle":22.5,"axis":"y","origin":[8,8.55,8]},"faces":{"north":{"uv":[13.6875,0.9375,14.1875,1.4375],"texture":"#0"},"east":{"uv":[0,0,0,14],"texture":"#missing"},"south":{"uv":[13.6875,0.9375,14.1875,1.4375],"texture":"#0"},"west":{"uv":[0,0,0,14],"texture":"#missing"},"up":{"uv":[0,0,0,16],"rotation":270,"texture":"#missing"},"down":{"uv":[0,0,0,16],"rotation":90,"texture":"#missing"}}},{"from":[9.46754,17,2.8505],"to":[13.46754,21,2.8505],"rotation":{"angle":-22.5,"axis":"y","origin":[8,8.55,8]},"faces":{"north":{"uv":[14.1875,0.9375,13.6875,1.4375],"texture":"#0"},"east":{"uv":[0,0,0,14],"texture":"#missing"},"south":{"uv":[14.1875,0.9375,13.6875,1.4375],"texture":"#0"},"west":{"uv":[0,0,0,14],"texture":"#missing"},"up":{"uv":[0,16,0,0],"rotation":270,"texture":"#missing"},"down":{"uv":[0,16,0,0],"rotation":90,"texture":"#missing"}}},{"from":[11.31909,16,0.63482],"to":[15.31909,20,0.63482],"rotation":{"angle":-45,"axis":"y","origin":[8,8.55,8]},"faces":{"north":{"uv":[14.1875,0.9375,13.6875,1.4375],"texture":"#0"},"east":{"uv":[0,0,0,14],"texture":"#missing"},"south":{"uv":[14.1875,0.9375,13.6875,1.4375],"texture":"#0"},"west":{"uv":[0,0,0,14],"texture":"#missing"},"up":{"uv":[0,16,0,0],"rotation":270,"texture":"#missing"},"down":{"uv":[0,16,0,0],"rotation":90,"texture":"#missing"}}},{"from":[4,16.5,3.7],"to":[12,24.5,3.7],"rotation":{"angle":0,"axis":"y","origin":[8,8.55,8]},"faces":{"north":{"uv":[16,0.9375,15,1.9375],"texture":"#0"},"east":{"uv":[0,0,0,14],"texture":"#missing"},"south":{"uv":[15,0.9375,16,1.9375],"texture":"#0"},"west":{"uv":[0,0,0,14],"texture":"#missing"},"up":{"uv":[0,0,0,16],"rotation":270,"texture":"#missing"},"down":{"uv":[0,0,0,16],"rotation":90,"texture":"#missing"}}},{"from":[1.88803,16.10541,5.3],"to":[3.88803,18.10541,7.3],"rotation":{"angle":22.5,"axis":"z","origin":[8,8.55,8]},"faces":{"north":{"uv":[3,1.5,3.25,1.75],"texture":"#0"},"east":{"uv":[3,1.5,3.25,1.75],"texture":"#0"},"south":{"uv":[3,1.5,3.25,1.75],"texture":"#0"},"west":{"uv":[3,1.5,3.25,1.75],"texture":"#0"},"up":{"uv":[3,1.5,3.25,1.75],"rotation":270,"texture":"#0"},"down":{"uv":[3,1.5,3.25,1.75],"rotation":90,"texture":"#0"}}},{"from":[16.86044,6.10117,5.8],"to":[18.86044,8.10117,7.8],"rotation":{"angle":45,"axis":"z","origin":[8,8.55,8]},"faces":{"north":{"uv":[3.25,1.5,3,1.75],"texture":"#0"},"east":{"uv":[3.25,1.5,3,1.75],"texture":"#0"},"south":{"uv":[3.25,1.5,3,1.75],"texture":"#0"},"west":{"uv":[3.25,1.5,3,1.75],"texture":"#0"},"up":{"uv":[3,1.75,3.25,1.5],"rotation":270,"texture":"#0"},"down":{"uv":[3,1.75,3.25,1.5],"rotation":90,"texture":"#0"}}},{"from":[6.37541,15,4.04359],"to":[16.37541,17.5,8.04359],"rotation":{"angle":-22.5,"axis":"y","origin":[8,8.55,8]},"faces":{"north":{"uv":[1.8125,7.25,3.0625,7.5625],"texture":"#0"},"east":{"uv":[3.0625,7.25,3.5625,7.5625],"texture":"#0"},"south":{"uv":[1.8125,7.25,3.0625,7.5625],"texture":"#0"},"west":{"uv":[3.0625,7.25,3.5625,7.5625],"texture":"#0"},"up":{"uv":[1.8125,7.25,1.3125,8.5],"rotation":270,"texture":"#0"},"down":{"uv":[1.8125,7.25,1.3125,8.5],"rotation":90,"texture":"#0"}}},{"from":[-0.37541,15,4.04359],"to":[9.62459,17.5,8.04359],"rotation":{"angle":22.5,"axis":"y","origin":[8,8.55,8]},"faces":{"north":{"uv":[3.0625,7.25,1.8125,7.5625],"texture":"#0"},"east":{"uv":[3.5625,7.25,3.0625,7.5625],"texture":"#0"},"south":{"uv":[3.0625,7.25,1.8125,7.5625],"texture":"#0"},"west":{"uv":[3.5625,7.25,3.0625,7.5625],"texture":"#0"},"up":{"uv":[1.8125,8.5,1.3125,7.25],"rotation":270,"texture":"#0"},"down":{"uv":[1.8125,8.5,1.3125,7.25],"rotation":90,"texture":"#0"}}},{"from":[0.73455,11.05753,3.6],"to":[5.73455,18.05753,3.6],"rotation":{"angle":-22.5,"axis":"z","origin":[8,8.55,8]},"faces":{"north":{"uv":[14.5,0,15.125,0.875],"texture":"#0"},"east":{"uv":[0,0,0,12],"texture":"#missing"},"south":{"uv":[15.125,0,14.5,0.875],"texture":"#0"},"west":{"uv":[0,0,0,12],"texture":"#missing"},"up":{"uv":[0,10,0,0],"rotation":270,"texture":"#missing"},"down":{"uv":[0,10,0,0],"rotation":90,"texture":"#missing"}}},{"from":[10.26545,11.05753,3.6],"to":[15.26545,18.05753,3.6],"rotation":{"angle":22.5,"axis":"z","origin":[8,8.55,8]},"faces":{"north":{"uv":[15.125,0,14.5,0.875],"texture":"#0"},"east":{"uv":[0,0,0,12],"texture":"#missing"},"south":{"uv":[14.5,0,15.125,0.875],"texture":"#0"},"west":{"uv":[0,0,0,12],"texture":"#missing"},"up":{"uv":[0,0,0,10],"rotation":270,"texture":"#missing"},"down":{"uv":[0,0,0,10],"rotation":90,"texture":"#missing"}}},{"from":[7,14.9,3.1],"to":[9,16.9,5.1],"rotation":{"angle":0,"axis":"y","origin":[8,8.55,8]},"faces":{"north":{"uv":[3,1.5,3.25,1.75],"texture":"#0"},"east":{"uv":[3,1.5,3.25,1.75],"texture":"#0"},"south":{"uv":[3,1.5,3.25,1.75],"texture":"#0"},"west":{"uv":[3,1.5,3.25,1.75],"texture":"#0"},"up":{"uv":[3,1.5,3.25,1.75],"rotation":270,"texture":"#0"},"down":{"uv":[3,1.5,3.25,1.75],"rotation":90,"texture":"#0"}}},{"from":[7,16,7.6],"to":[9,18,9.6],"rotation":{"angle":0,"axis":"y","origin":[8,8.55,8]},"faces":{"north":{"uv":[3,1.5,3.25,1.75],"texture":"#0"},"east":{"uv":[3,1.5,3.25,1.75],"texture":"#0"},"south":{"uv":[3,1.5,3.25,1.75],"texture":"#0"},"west":{"uv":[3,1.5,3.25,1.75],"texture":"#0"},"up":{"uv":[3,1.5,3.25,1.75],"rotation":270,"texture":"#0"},"down":{"uv":[3,1.5,3.25,1.75],"rotation":90,"texture":"#0"}}},{"from":[4,6.3,4.1],"to":[12,14.3,4.1],"rotation":{"angle":0,"axis":"y","origin":[8,8.55,8]},"faces":{"north":{"uv":[16,0,0,16],"texture":"#1"},"east":{"uv":[0,0,0,16],"texture":"#1"},"south":{"uv":[0,0,16,16],"texture":"#1"},"west":{"uv":[0,0,0,16],"texture":"#1"},"up":{"uv":[0,16,0,0],"rotation":270,"texture":"#1"},"down":{"uv":[0,0,0,16],"rotation":90,"texture":"#1"}}},{"from":[1.5,4,4.4],"to":[14.5,17,4.4],"rotation":{"angle":0,"axis":"y","origin":[8,8.55,8]},"faces":{"north":{"uv":[11.25,0.9375,12.875,2.5625],"texture":"#0"},"east":{"uv":[0,0,0,1.5],"texture":"#missing"},"south":{"uv":[11.25,0.9375,12.875,2.5625],"texture":"#0"},"west":{"uv":[0,0,0,1.5],"texture":"#missing"},"up":{"uv":[0,0,0,1.5],"rotation":270,"texture":"#missing"},"down":{"uv":[0,0,0,1.5],"rotation":90,"texture":"#missing"}}},{"from":[1.5,4,3.8],"to":[14.5,17,3.8],"rotation":{"angle":0,"axis":"y","origin":[8,8.55,8]},"faces":{"north":{"uv":[12.875,0.9375,11.25,2.5625],"texture":"#0"},"east":{"uv":[0,0,0,1.5],"texture":"#missing"},"south":{"uv":[12.875,0.9375,11.25,2.5625],"texture":"#0"},"west":{"uv":[0,0,0,1.5],"texture":"#missing"},"up":{"uv":[0,0,0,1.5],"rotation":270,"texture":"#missing"},"down":{"uv":[0,0,0,1.5],"rotation":90,"texture":"#missing"}}},{"from":[6.22459,-7.9,5.04359],"to":[9.22459,15.1,6.04359],"rotation":{"angle":22.5,"axis":"y","origin":[8,8.55,8]},"faces":{"north":{"uv":[0.3125,10.125,0.6875,7.25],"texture":"#0"},"east":{"uv":[0.6875,10.125,0.8125,7.25],"texture":"#0"},"south":{"uv":[0.3125,10.125,0.6875,7.25],"texture":"#0"},"west":{"uv":[0.6875,10.125,0.8125,7.25],"texture":"#0"},"up":{"uv":[0.1875,8.375,0.0625,8.75],"rotation":270,"texture":"#0"},"down":{"uv":[0.1875,8.375,0.0625,8.75],"rotation":90,"texture":"#0"}}},{"from":[0.22459,-0.9,5.04359],"to":[3.22459,15.1,6.04359],"rotation":{"angle":22.5,"axis":"y","origin":[8,8.55,8]},"faces":{"north":{"uv":[0.3125,10.125,0.6875,8.125],"texture":"#0"},"east":{"uv":[0.6875,9.25,0.8125,7.25],"texture":"#0"},"south":{"uv":[0.3125,10.125,0.6875,8.125],"texture":"#0"},"west":{"uv":[0.8125,9.875,0.6875,7.25],"texture":"#0"},"up":{"uv":[0.1875,8.375,0.0625,8.75],"rotation":270,"texture":"#0"},"down":{"uv":[0.1875,8.375,0.0625,8.75],"rotation":90,"texture":"#0"}}},{"from":[0.22459,-5.9,5.04359],"to":[3.22459,-0.9,6.04359],"rotation":{"angle":22.5,"axis":"y","origin":[8,8.55,8]},"faces":{"north":{"uv":[0.3125,7.875,0.6875,7.25],"texture":"#0"},"east":{"uv":[0.6875,7.875,0.8125,7.25],"texture":"#0"},"south":{"uv":[0.3125,7.875,0.6875,7.25],"texture":"#0"},"west":{"uv":[0.8125,7.875,0.6875,7.25],"texture":"#0"},"up":{"uv":[0.1875,8.375,0.0625,8.75],"rotation":270,"texture":"#0"},"down":{"uv":[0.1875,8.375,0.0625,8.75],"rotation":90,"texture":"#0"}}},{"from":[9.77541,2.1,5.04359],"to":[12.77541,15.1,6.04359],"rotation":{"angle":-22.5,"axis":"y","origin":[8,8.55,8]},"faces":{"north":{"uv":[0.6875,10.125,0.3125,8.5],"texture":"#0"},"east":{"uv":[0.8125,8.875,0.6875,7.25],"texture":"#0"},"south":{"uv":[0.6875,10.125,0.3125,8.5],"texture":"#0"},"west":{"uv":[0.8125,8.75,0.6875,7.25],"texture":"#0"},"up":{"uv":[0.1875,8.75,0.0625,8.375],"rotation":270,"texture":"#0"},"down":{"uv":[0.1875,8.75,0.0625,8.375],"rotation":90,"texture":"#0"}}},{"from":[9.77541,-2.9,5.04359],"to":[12.77541,2.1,6.04359],"rotation":{"angle":-22.5,"axis":"y","origin":[8,8.55,8]},"faces":{"north":{"uv":[0.6875,7.875,0.3125,7.25],"texture":"#0"},"east":{"uv":[0.8125,7.875,0.6875,7.25],"texture":"#0"},"south":{"uv":[0.6875,7.875,0.3125,7.25],"texture":"#0"},"west":{"uv":[0.8125,7.875,0.6875,7.25],"texture":"#0"},"up":{"uv":[0.1875,8.75,0.0625,8.375],"rotation":270,"texture":"#0"},"down":{"uv":[0.1875,8.75,0.0625,8.375],"rotation":90,"texture":"#0"}}},{"from":[-3.83182,14.1,3.82444],"to":[7.16818,19.3,3.82444],"rotation":{"angle":22.5,"axis":"y","origin":[8,8.55,8]},"faces":{"north":{"uv":[12.9375,0.65,11.5625,0],"texture":"#0"},"east":{"uv":[1.9375,2.9,2.325,2.5],"texture":"#0"},"south":{"uv":[11.5625,0.65,12.9375,0],"texture":"#0"},"west":{"uv":[1.9375,2.9,2.325,2.5],"texture":"#0"},"up":{"uv":[2.375,2.5,2.75,2.8875],"rotation":180,"texture":"#0"},"down":{"uv":[1.125,2.9375,1.5,3.325],"texture":"#0"}}},{"from":[8.83182,14.1,3.82444],"to":[19.83182,19.3,3.82444],"rotation":{"angle":-22.5,"axis":"y","origin":[8,8.55,8]},"faces":{"north":{"uv":[11.5625,0.65,12.9375,0],"texture":"#0"},"east":{"uv":[2.325,2.9,1.9375,2.5],"texture":"#0"},"south":{"uv":[12.9375,0.65,11.5625,0],"texture":"#0"},"west":{"uv":[2.325,2.9,1.9375,2.5],"texture":"#0"},"up":{"uv":[2.75,2.5,2.375,2.8875],"rotation":180,"texture":"#0"},"down":{"uv":[1.5,2.9375,1.125,3.325],"texture":"#0"}}},{"from":[-0.10694,12.28797,9.3],"to":[4.89306,19.28797,9.3],"rotation":{"angle":-22.5,"axis":"z","origin":[8,8.55,8]},"faces":{"north":{"uv":[13.0625,0,13.6875,0.875],"texture":"#0"},"east":{"uv":[0,0,0,12],"texture":"#missing"},"south":{"uv":[13.6875,0,13.0625,0.875],"texture":"#0"},"west":{"uv":[0,0,0,12],"texture":"#missing"},"up":{"uv":[0,10,0,0],"rotation":270,"texture":"#missing"},"down":{"uv":[0,10,0,0],"rotation":90,"texture":"#missing"}}},{"from":[11.10694,12.28797,9.3],"to":[16.10694,19.28797,9.3],"rotation":{"angle":22.5,"axis":"z","origin":[8,8.55,8]},"faces":{"north":{"uv":[13.6875,0,13.0625,0.875],"texture":"#0"},"east":{"uv":[0,0,0,12],"texture":"#missing"},"south":{"uv":[13.0625,0,13.6875,0.875],"texture":"#0"},"west":{"uv":[0,0,0,12],"texture":"#missing"},"up":{"uv":[0,0,0,10],"rotation":270,"texture":"#missing"},"down":{"uv":[0,0,0,10],"rotation":90,"texture":"#missing"}}},{"from":[6.75,13,9.55],"to":[9.25,15.5,12.05],"rotation":{"angle":0,"axis":"y","origin":[8,8.55,8]},"faces":{"north":{"uv":[1.5625,2.125,1.875,2.4375],"texture":"#0"},"east":{"uv":[1.5625,2.125,1.875,2.4375],"texture":"#0"},"south":{"uv":[1.5625,2.125,1.875,2.4375],"texture":"#0"},"west":{"uv":[1.5625,2.125,1.875,2.4375],"texture":"#0"},"up":{"uv":[1.875,2.125,2.1875,2.4375],"rotation":270,"texture":"#0"},"down":{"uv":[1.875,2.125,2.1875,2.4375],"rotation":90,"texture":"#0"}}},{"from":[5.5,0,12.4],"to":[10.5,5,12.4],"rotation":{"angle":0,"axis":"y","origin":[8,8.55,8]},"faces":{"north":{"uv":[16,1.9375,15,0.9375],"texture":"#0"},"east":{"uv":[0,14,0,0],"texture":"#missing"},"south":{"uv":[15,1.9375,16,0.9375],"texture":"#0"},"west":{"uv":[0,14,0,0],"texture":"#missing"},"up":{"uv":[0,16,0,0],"rotation":270,"texture":"#missing"},"down":{"uv":[0,16,0,0],"rotation":90,"texture":"#missing"}}},{"from":[7,13.1,5.8],"to":[9,15.1,10.8],"rotation":{"angle":0,"axis":"y","origin":[8,8.55,8]},"faces":{"north":{"uv":[2.5625,0.4375,2.8125,0.6875],"rotation":270,"texture":"#0"},"east":{"uv":[2.5625,0.4375,2.8125,1.0625],"rotation":270,"texture":"#0"},"south":{"uv":[2.5625,0.4375,2.8125,0.6875],"rotation":270,"texture":"#0"},"west":{"uv":[2.5625,0.4375,2.8125,1.0625],"rotation":90,"texture":"#0"},"up":{"uv":[2.5625,0.4375,2.8125,1.0625],"rotation":180,"texture":"#0"},"down":{"uv":[2.5625,0.4375,2.8125,1.0625],"texture":"#0"}}},{"from":[7,5,9.8],"to":[9,14,11.8],"rotation":{"angle":0,"axis":"y","origin":[8,8.55,8]},"faces":{"north":{"uv":[2.5625,0.4375,2.8125,1.5625],"texture":"#0"},"east":{"uv":[2.5625,0.4375,2.8125,1.5625],"texture":"#0"},"south":{"uv":[2.5625,0.4375,2.8125,1.5625],"texture":"#0"},"west":{"uv":[2.5625,0.4375,2.8125,1.5625],"texture":"#0"},"up":{"uv":[2.5625,0.4375,2.8125,0.6875],"rotation":270,"texture":"#0"},"down":{"uv":[2.5625,0.4375,2.8125,0.6875],"rotation":90,"texture":"#0"}}},{"from":[5.29056,-0.9529,10.9],"to":[13.29056,6.0471,10.9],"rotation":{"angle":22.5,"axis":"z","origin":[8,8.55,8]},"faces":{"north":{"uv":[14.5,0,13.5,0.875],"texture":"#0"},"east":{"uv":[0,0,0,12],"texture":"#missing"},"south":{"uv":[13.5,0,14.5,0.875],"texture":"#0"},"west":{"uv":[0,0,0,12],"texture":"#missing"},"up":{"uv":[0,0,0,10],"rotation":270,"texture":"#missing"},"down":{"uv":[0,0,0,10],"rotation":90,"texture":"#missing"}}},{"from":[6.75,2.5,9.55],"to":[9.25,5,12.05],"rotation":{"angle":0,"axis":"y","origin":[8,8.55,8]},"faces":{"north":{"uv":[2.1875,2.4375,2.5,2.125],"texture":"#0"},"east":{"uv":[2.1875,2.4375,2.5,2.125],"texture":"#0"},"south":{"uv":[2.1875,2.4375,2.5,2.125],"texture":"#0"},"west":{"uv":[2.1875,2.4375,2.5,2.125],"texture":"#0"},"up":{"uv":[2.5,2.4375,2.8125,2.125],"rotation":270,"texture":"#0"},"down":{"uv":[2.5,2.4375,2.8125,2.125],"rotation":90,"texture":"#0"}}},{"from":[10.4668,3.10909,9.3],"to":[13.4668,6.10909,12.3],"rotation":{"angle":-45,"axis":"z","origin":[8,8.55,8]},"faces":{"north":{"uv":[2.25,1.9375,1.875,1.5625],"texture":"#0"},"east":{"uv":[2.625,1.5625,3,1.9375],"texture":"#0"},"south":{"uv":[1.875,1.9375,2.25,1.5625],"texture":"#0"},"west":{"uv":[2.25,1.5625,2.625,1.9375],"rotation":270,"texture":"#0"},"up":{"uv":[2.25,1.5625,2.625,1.9375],"rotation":180,"texture":"#0"},"down":{"uv":[2.625,1.9375,3,1.5625],"rotation":90,"texture":"#0"}}},{"from":[5.5,0,9.2],"to":[10.5,5,9.2],"rotation":{"angle":0,"axis":"y","origin":[8,8.55,8]},"faces":{"north":{"uv":[16,1.9375,15,0.9375],"texture":"#0"},"east":{"uv":[0,14,0,0],"texture":"#missing"},"south":{"uv":[15,1.9375,16,0.9375],"texture":"#0"},"west":{"uv":[0,14,0,0],"texture":"#missing"},"up":{"uv":[0,16,0,0],"rotation":270,"texture":"#missing"},"down":{"uv":[0,16,0,0],"rotation":90,"texture":"#missing"}}}],"gui_light":"front","display":{"thirdperson_righthand":{"rotation":[0,-90,0],"translation":[3.25,-1.75,2.25],"scale":[0.7,0.7,0.7]},"thirdperson_lefthand":{"rotation":[0,-90,0],"translation":[3.25,-1.75,2.25],"scale":[0.7,0.7,0.7]},"firstperson_righthand":{"translation":[3.25,-4,-4.75],"scale":[0.82656,0.82656,0.82656]},"firstperson_lefthand":{"translation":[3.25,-4,-4.75],"scale":[0.82656,0.82656,0.82656]},"ground":{"rotation":[78,0,0],"translation":[0,3.75,0],"scale":[0.6,0.6,0.6]},"gui":{"rotation":[17,158,0],"translation":[0,0.25,-1.5],"scale":[0.5,0.5,0.5]},"head":{"rotation":[0,0,-34],"translation":[0,13.5,-0.5],"scale":[0.6,0.6,0.6]},"fixed":{"translation":[1.25,0.75,-4.25],"scale":[1.40469,1.40469,1.40469]}}}