{
	"credit": "Made with Blockbench",
	"texture_size": [28, 28],
	"textures": {
		"1": "bonekeeper_set:bonekeeper_set/bow_2",
		"2": "bonekeeper_set:bonekeeper_set/animation_1",
		"particle": "bonekeeper_set:bonekeeper_set/animation_1"
	},
	"elements": [
		{
			"from": [7.4896, 11.55946, 7.26531],
			"to": [8.5104, 12.58026, 8.69091],
			"rotation": {"angle": -22.5, "axis": "x", "origin": [8, 12.06986, 7.67011]},
			"faces": {
				"north": {"uv": [8.57143, 5.71429, 9.14286, 6.28571], "texture": "#1"},
				"east": {"uv": [8.57143, 4.57143, 9.42857, 5.14286], "texture": "#1"},
				"south": {"uv": [9.71429, 3.42857, 10.28571, 4], "texture": "#1"},
				"west": {"uv": [8.57143, 5.14286, 9.42857, 5.71429], "texture": "#1"},
				"up": {"uv": [6.28571, 9.42857, 5.71429, 8.57143], "texture": "#1"},
				"down": {"uv": [6.85714, 8.57143, 6.28571, 9.42857], "texture": "#1"}
			}
		},
		{
			"from": [7.60189, 12.06689, 8.41461],
			"to": [8.39811, 12.86312, 9.49665],
			"rotation": {"angle": 0, "axis": "y", "origin": [8, 12.575, 8.88963]},
			"faces": {
				"north": {"uv": [10.85714, 1.14286, 11.28571, 1.57143], "texture": "#1"},
				"east": {"uv": [4.57143, 10.28571, 5.14286, 10.71429], "texture": "#1"},
				"south": {"uv": [1.71429, 10.85714, 2.14286, 11.28571], "texture": "#1"},
				"west": {"uv": [5.14286, 10.28571, 5.71429, 10.71429], "texture": "#1"},
				"up": {"uv": [10.71429, 5.71429, 10.28571, 5.14286], "texture": "#1"},
				"down": {"uv": [6.14286, 10.28571, 5.71429, 10.85714], "texture": "#1"}
			}
		},
		{
			"from": [7.69743, 12.31956, 9.30907],
			"to": [8.30257, 12.92469, 10.13142],
			"rotation": {"angle": 22.5, "axis": "x", "origin": [8, 12.46373, 9.08928]},
			"faces": {
				"north": {"uv": [6.28571, 10.85714, 6.57143, 11.14286], "texture": "#1"},
				"east": {"uv": [4.57143, 10.85714, 5, 11.14286], "texture": "#1"},
				"south": {"uv": [10.85714, 6.28571, 11.14286, 6.57143], "texture": "#1"},
				"west": {"uv": [10.85714, 4.57143, 11.28571, 4.85714], "texture": "#1"},
				"up": {"uv": [5.42857, 11.28571, 5.14286, 10.85714], "texture": "#1"},
				"down": {"uv": [11.14286, 5.14286, 10.85714, 5.57143], "texture": "#1"}
			}
		},
		{
			"from": [7.5, 6.38488, 7.48507],
			"to": [8.5, 9.38488, 8.48507],
			"rotation": {"angle": 0, "axis": "y", "origin": [7.5, 4.18488, 7.48507]},
			"faces": {
				"north": {"uv": [5.71429, 6.85714, 6.28571, 8.57143], "texture": "#1"},
				"east": {"uv": [6.28571, 6.85714, 6.85714, 8.57143], "texture": "#1"},
				"south": {"uv": [7.42857, 4, 8, 5.71429], "texture": "#1"},
				"west": {"uv": [7.42857, 5.71429, 8, 7.42857], "texture": "#1"},
				"up": {"uv": [10.28571, 4.57143, 9.71429, 4], "texture": "#1"},
				"down": {"uv": [10.28571, 4.57143, 9.71429, 5.14286], "texture": "#1"}
			}
		},
		{
			"from": [7.5, 14.88488, 7.48507],
			"to": [8.5, 15.88488, 9.48507],
			"rotation": {"angle": 22.5, "axis": "x", "origin": [8, 15.38488, 8.48507]},
			"faces": {
				"north": {"uv": [9.71429, 5.14286, 10.28571, 5.71429], "texture": "#1"},
				"east": {"uv": [8, 6.28571, 9.14286, 6.85714], "texture": "#1"},
				"south": {"uv": [5.71429, 9.71429, 6.28571, 10.28571], "texture": "#1"},
				"west": {"uv": [8, 6.85714, 9.14286, 7.42857], "texture": "#1"},
				"up": {"uv": [8, 9.14286, 7.42857, 8], "texture": "#1"},
				"down": {"uv": [8.57143, 8, 8, 9.14286], "texture": "#1"}
			}
		},
		{
			"from": [7.6, 15.85652, 7.73312],
			"to": [8.4, 16.65652, 10.73312],
			"rotation": {"angle": -22.5, "axis": "x", "origin": [8, 17.15652, 9.63312]},
			"faces": {
				"north": {"uv": [10.85714, 1.71429, 11.28571, 2.14286], "texture": "#1"},
				"east": {"uv": [6.85714, 7.42857, 8.57143, 7.85714], "texture": "#1"},
				"south": {"uv": [2.28571, 10.85714, 2.71429, 11.28571], "texture": "#1"},
				"west": {"uv": [8, 4, 9.71429, 4.42857], "texture": "#1"},
				"up": {"uv": [8.42857, 6.28571, 8, 4.57143], "texture": "#1"},
				"down": {"uv": [7.28571, 8, 6.85714, 9.71429], "texture": "#1"}
			}
		},
		{
			"from": [7.6, 5.88488, 7.58507],
			"to": [8.4, 11.88488, 8.38507],
			"rotation": {"angle": 0, "axis": "y", "origin": [7.5, 4.18488, 7.48507]},
			"faces": {
				"north": {"uv": [4, 6.85714, 4.42857, 10.28571], "texture": "#1"},
				"east": {"uv": [6.85714, 4, 7.28571, 7.42857], "texture": "#1"},
				"south": {"uv": [4.57143, 6.85714, 5, 10.28571], "texture": "#1"},
				"west": {"uv": [5.14286, 6.85714, 5.57143, 10.28571], "texture": "#1"},
				"up": {"uv": [11.28571, 3.28571, 10.85714, 2.85714], "texture": "#1"},
				"down": {"uv": [11.28571, 4, 10.85714, 4.42857], "texture": "#1"}
			}
		},
		{
			"from": [7.51, 9.91814, 7.52784],
			"to": [8.49, 10.69814, 8.72784],
			"rotation": {"angle": 22.5, "axis": "x", "origin": [7.81, 10.33814, 7.94784]},
			"faces": {
				"north": {"uv": [6.28571, 10.28571, 6.85714, 10.71429], "texture": "#1"},
				"east": {"uv": [9.71429, 5.71429, 10.42857, 6.14286], "texture": "#1"},
				"south": {"uv": [10.28571, 6.28571, 10.85714, 6.71429], "texture": "#1"},
				"west": {"uv": [6.28571, 9.71429, 7, 10.14286], "texture": "#1"},
				"up": {"uv": [9.14286, 8.14286, 8.57143, 7.42857], "texture": "#1"},
				"down": {"uv": [9.14286, 8.57143, 8.57143, 9.28571], "texture": "#1"}
			}
		},
		{
			"from": [7.5175, 10.17936, 6.72452],
			"to": [8.4825, 11.37936, 7.50452],
			"rotation": {"angle": -45, "axis": "x", "origin": [7.8025, 10.95936, 7.14452]},
			"faces": {
				"north": {"uv": [9.14286, 2.85714, 9.71429, 3.57143], "texture": "#1"},
				"east": {"uv": [9.71429, 6.28571, 10.14286, 7], "texture": "#1"},
				"south": {"uv": [9.14286, 5.71429, 9.71429, 6.42857], "texture": "#1"},
				"west": {"uv": [9.71429, 7.42857, 10.14286, 8.14286], "texture": "#1"},
				"up": {"uv": [7.42857, 10.71429, 6.85714, 10.28571], "texture": "#1"},
				"down": {"uv": [10.85714, 6.85714, 10.28571, 7.28571], "texture": "#1"}
			}
		},
		{
			"from": [7.525, 11.06072, 6.22009],
			"to": [8.475, 12.26072, 7.00009],
			"rotation": {"angle": -22.5, "axis": "x", "origin": [7.795, 11.84072, 6.64009]},
			"faces": {
				"north": {"uv": [9.14286, 6.85714, 9.71429, 7.57143], "texture": "#1"},
				"east": {"uv": [8.57143, 9.71429, 9, 10.42857], "texture": "#1"},
				"south": {"uv": [7.42857, 9.14286, 8, 9.85714], "texture": "#1"},
				"west": {"uv": [9.71429, 8.57143, 10.14286, 9.28571], "texture": "#1"},
				"up": {"uv": [8, 10.71429, 7.42857, 10.28571], "texture": "#1"},
				"down": {"uv": [10.85714, 7.42857, 10.28571, 7.85714], "texture": "#1"}
			}
		},
		{
			"from": [7.54, 13.07532, 6.22009],
			"to": [8.46, 14.27532, 7.00009],
			"rotation": {"angle": 22.5, "axis": "x", "origin": [7.78, 13.49532, 6.64009]},
			"faces": {
				"north": {"uv": [8, 9.14286, 8.57143, 9.85714], "texture": "#1"},
				"east": {"uv": [9.71429, 9.71429, 10.14286, 10.42857], "texture": "#1"},
				"south": {"uv": [9.14286, 8, 9.71429, 8.71429], "texture": "#1"},
				"west": {"uv": [10.28571, 1.14286, 10.71429, 1.85714], "texture": "#1"},
				"up": {"uv": [8.57143, 10.71429, 8, 10.28571], "texture": "#1"},
				"down": {"uv": [10.85714, 8, 10.28571, 8.42857], "texture": "#1"}
			}
		},
		{
			"from": [7.5475, 13.95668, 6.72452],
			"to": [8.4525, 15.15668, 7.50452],
			"rotation": {"angle": 45, "axis": "x", "origin": [7.7725, 14.37668, 7.14452]},
			"faces": {
				"north": {"uv": [9.14286, 9.14286, 9.71429, 9.85714], "texture": "#1"},
				"east": {"uv": [2.85714, 10.28571, 3.28571, 11], "texture": "#1"},
				"south": {"uv": [0, 9.71429, 0.57143, 10.42857], "texture": "#1"},
				"west": {"uv": [3.42857, 10.28571, 3.85714, 11], "texture": "#1"},
				"up": {"uv": [10.85714, 9, 10.28571, 8.57143], "texture": "#1"},
				"down": {"uv": [9.71429, 10.28571, 9.14286, 10.71429], "texture": "#1"}
			}
		},
		{
			"from": [7.555, 14.6379, 7.52784],
			"to": [8.445, 15.4179, 8.72784],
			"rotation": {"angle": -22.5, "axis": "x", "origin": [7.765, 14.9979, 7.94784]},
			"faces": {
				"north": {"uv": [10.28571, 9.14286, 10.85714, 9.57143], "texture": "#1"},
				"east": {"uv": [10.28571, 2.28571, 11, 2.71429], "texture": "#1"},
				"south": {"uv": [10.28571, 9.71429, 10.85714, 10.14286], "texture": "#1"},
				"west": {"uv": [10.28571, 3.42857, 11, 3.85714], "texture": "#1"},
				"up": {"uv": [1.14286, 10.42857, 0.57143, 9.71429], "texture": "#1"},
				"down": {"uv": [1.71429, 9.71429, 1.14286, 10.42857], "texture": "#1"}
			}
		},
		{
			"from": [7.5325, 12.06802, 6.09133],
			"to": [8.4675, 13.26802, 6.87133],
			"rotation": {"angle": 0, "axis": "y", "origin": [7.7875, 12.84802, 6.51133]},
			"faces": {
				"north": {"uv": [1.71429, 9.71429, 2.28571, 10.42857], "texture": "#1"},
				"east": {"uv": [4, 10.28571, 4.42857, 11], "texture": "#1"},
				"south": {"uv": [2.28571, 9.71429, 2.85714, 10.42857], "texture": "#1"},
				"west": {"uv": [10.28571, 4, 10.71429, 4.71429], "texture": "#1"},
				"up": {"uv": [10.85714, 10.71429, 10.28571, 10.28571], "texture": "#1"},
				"down": {"uv": [0.57143, 10.85714, 0, 11.28571], "texture": "#1"}
			}
		},
		{
			"from": [8, 9.66526, 3.4926],
			"to": [8, 15.66526, 8.4926],
			"rotation": {"angle": 0, "axis": "x", "origin": [8, 11.54026, 6.0426]},
			"faces": {
				"north": {"uv": [0, 0, 0, 3.42857], "texture": "#1"},
				"east": {"uv": [4, 0, 6.85714, 3.42857], "texture": "#1"},
				"south": {"uv": [0, 0, 0, 3.42857], "texture": "#1"},
				"west": {"uv": [4, 3.42857, 6.85714, 6.85714], "texture": "#1"},
				"up": {"uv": [0, 2.85714, 0, 0], "texture": "#1"},
				"down": {"uv": [0, 0, 0, 2.85714], "texture": "#1"}
			}
		},
		{
			"from": [7.75, 16.04807, 10.68807],
			"to": [8.25, 16.74807, 12.08807],
			"rotation": {"angle": 22.5, "axis": "x", "origin": [8, 16.54807, 11.68807]},
			"faces": {
				"north": {"uv": [5.71429, 10.85714, 6, 11.28571], "texture": "#1"},
				"east": {"uv": [2.85714, 9.71429, 3.71429, 10.14286], "texture": "#1"},
				"south": {"uv": [10.85714, 5.71429, 11.14286, 6.14286], "texture": "#1"},
				"west": {"uv": [9.71429, 2.85714, 10.57143, 3.28571], "texture": "#1"},
				"up": {"uv": [0.85714, 11.71429, 0.57143, 10.85714], "texture": "#1"},
				"down": {"uv": [1.42857, 10.85714, 1.14286, 11.71429], "texture": "#1"}
			}
		},
		{
			"from": [8, 14.7, 7.3],
			"to": [8, 17.7, 13.3],
			"rotation": {"angle": -45, "axis": "x", "origin": [8, 14.7, 7.3]},
			"faces": {
				"north": {"uv": [0, 0, 0, 1.71429], "texture": "#1"},
				"east": {"uv": [10.28571, 1.14286, 6.85714, 2.85714], "texture": "#1"},
				"south": {"uv": [0, 0, 0, 1.71429], "texture": "#1"},
				"west": {"uv": [6.85714, 1.14286, 10.28571, 2.85714], "texture": "#1"},
				"up": {"uv": [0, 3.42857, 0, 0], "texture": "#1"},
				"down": {"uv": [0, 0, 0, 3.42857], "texture": "#1"}
			}
		},
		{
			"from": [8, 16.1, 11.6],
			"to": [8, 18.1, 15.6],
			"rotation": {"angle": -22.5, "axis": "x", "origin": [8, 16.1, 11.6]},
			"faces": {
				"north": {"uv": [0, 0, 0, 1.14286], "texture": "#1"},
				"east": {"uv": [9.14286, 2.85714, 6.85714, 4], "texture": "#1"},
				"south": {"uv": [0, 0, 0, 1.14286], "texture": "#1"},
				"west": {"uv": [6.85714, 2.85714, 9.14286, 4], "texture": "#1"},
				"up": {"uv": [0, 2.28571, 0, 0], "texture": "#1"},
				"down": {"uv": [0, 0, 0, 2.28571], "texture": "#1"}
			}
		},
		{
			"from": [7.75, -0.74807, 10.68807],
			"to": [8.25, -0.04807, 12.08807],
			"rotation": {"angle": -22.5, "axis": "x", "origin": [8, -0.54807, 11.68807]},
			"faces": {
				"north": {"uv": [5.71429, 11.28571, 6, 10.85714], "texture": "#1"},
				"east": {"uv": [2.85714, 10.14286, 3.71429, 9.71429], "texture": "#1"},
				"south": {"uv": [10.85714, 6.14286, 11.14286, 5.71429], "texture": "#1"},
				"west": {"uv": [9.71429, 3.28571, 10.57143, 2.85714], "texture": "#1"},
				"up": {"uv": [1.42857, 11.71429, 1.14286, 10.85714], "texture": "#1"},
				"down": {"uv": [0.85714, 10.85714, 0.57143, 11.71429], "texture": "#1"}
			}
		},
		{
			"from": [7.6, -0.65652, 7.73312],
			"to": [8.4, 0.14348, 10.73312],
			"rotation": {"angle": 22.5, "axis": "x", "origin": [8, -1.15652, 9.63312]},
			"faces": {
				"north": {"uv": [10.85714, 2.14286, 11.28571, 1.71429], "texture": "#1"},
				"east": {"uv": [6.85714, 7.85714, 8.57143, 7.42857], "texture": "#1"},
				"south": {"uv": [2.28571, 11.28571, 2.71429, 10.85714], "texture": "#1"},
				"west": {"uv": [8, 4.42857, 9.71429, 4], "texture": "#1"},
				"up": {"uv": [7.28571, 9.71429, 6.85714, 8], "texture": "#1"},
				"down": {"uv": [8.42857, 4.57143, 8, 6.28571], "texture": "#1"}
			}
		},
		{
			"from": [7.5, 0.11512, 7.48507],
			"to": [8.5, 1.11512, 9.48507],
			"rotation": {"angle": -22.5, "axis": "x", "origin": [8, 0.61512, 8.48507]},
			"faces": {
				"north": {"uv": [9.71429, 5.71429, 10.28571, 5.14286], "texture": "#1"},
				"east": {"uv": [8, 6.85714, 9.14286, 6.28571], "texture": "#1"},
				"south": {"uv": [5.71429, 10.28571, 6.28571, 9.71429], "texture": "#1"},
				"west": {"uv": [8, 7.42857, 9.14286, 6.85714], "texture": "#1"},
				"up": {"uv": [8.57143, 9.14286, 8, 8], "texture": "#1"},
				"down": {"uv": [8, 8, 7.42857, 9.14286], "texture": "#1"}
			}
		},
		{
			"from": [7.555, 0.5821, 7.52784],
			"to": [8.445, 1.3621, 8.72784],
			"rotation": {"angle": 22.5, "axis": "x", "origin": [7.765, 1.0021, 7.94784]},
			"faces": {
				"north": {"uv": [10.28571, 9.57143, 10.85714, 9.14286], "texture": "#1"},
				"east": {"uv": [10.28571, 2.71429, 11, 2.28571], "texture": "#1"},
				"south": {"uv": [10.28571, 10.14286, 10.85714, 9.71429], "texture": "#1"},
				"west": {"uv": [10.28571, 3.85714, 11, 3.42857], "texture": "#1"},
				"up": {"uv": [1.71429, 10.42857, 1.14286, 9.71429], "texture": "#1"},
				"down": {"uv": [1.14286, 9.71429, 0.57143, 10.42857], "texture": "#1"}
			}
		},
		{
			"from": [7.5475, 0.84332, 6.72452],
			"to": [8.4525, 2.04332, 7.50452],
			"rotation": {"angle": -45, "axis": "x", "origin": [7.7725, 1.62332, 7.14452]},
			"faces": {
				"north": {"uv": [9.14286, 9.85714, 9.71429, 9.14286], "texture": "#1"},
				"east": {"uv": [2.85714, 11, 3.28571, 10.28571], "texture": "#1"},
				"south": {"uv": [0, 10.42857, 0.57143, 9.71429], "texture": "#1"},
				"west": {"uv": [3.42857, 11, 3.85714, 10.28571], "texture": "#1"},
				"up": {"uv": [9.71429, 10.71429, 9.14286, 10.28571], "texture": "#1"},
				"down": {"uv": [10.85714, 8.57143, 10.28571, 9], "texture": "#1"}
			}
		},
		{
			"from": [7.54, 1.72468, 6.22009],
			"to": [8.46, 2.92468, 7.00009],
			"rotation": {"angle": -22.5, "axis": "x", "origin": [7.78, 2.50468, 6.64009]},
			"faces": {
				"north": {"uv": [8, 9.85714, 8.57143, 9.14286], "texture": "#1"},
				"east": {"uv": [9.71429, 10.42857, 10.14286, 9.71429], "texture": "#1"},
				"south": {"uv": [9.14286, 8.71429, 9.71429, 8], "texture": "#1"},
				"west": {"uv": [10.28571, 1.85714, 10.71429, 1.14286], "texture": "#1"},
				"up": {"uv": [10.85714, 8.42857, 10.28571, 8], "texture": "#1"},
				"down": {"uv": [8.57143, 10.28571, 8, 10.71429], "texture": "#1"}
			}
		},
		{
			"from": [7.5325, 2.73198, 6.09133],
			"to": [8.4675, 3.93198, 6.87133],
			"rotation": {"angle": 0, "axis": "y", "origin": [7.7875, 3.15198, 6.51133]},
			"faces": {
				"north": {"uv": [1.71429, 10.42857, 2.28571, 9.71429], "texture": "#1"},
				"east": {"uv": [4, 11, 4.42857, 10.28571], "texture": "#1"},
				"south": {"uv": [2.28571, 10.42857, 2.85714, 9.71429], "texture": "#1"},
				"west": {"uv": [10.28571, 4.71429, 10.71429, 4], "texture": "#1"},
				"up": {"uv": [0.57143, 11.28571, 0, 10.85714], "texture": "#1"},
				"down": {"uv": [10.85714, 10.28571, 10.28571, 10.71429], "texture": "#1"}
			}
		},
		{
			"from": [7.525, 3.73928, 6.22009],
			"to": [8.475, 4.93928, 7.00009],
			"rotation": {"angle": 22.5, "axis": "x", "origin": [7.795, 4.15928, 6.64009]},
			"faces": {
				"north": {"uv": [9.14286, 7.57143, 9.71429, 6.85714], "texture": "#1"},
				"east": {"uv": [8.57143, 10.42857, 9, 9.71429], "texture": "#1"},
				"south": {"uv": [7.42857, 9.85714, 8, 9.14286], "texture": "#1"},
				"west": {"uv": [9.71429, 9.28571, 10.14286, 8.57143], "texture": "#1"},
				"up": {"uv": [10.85714, 7.85714, 10.28571, 7.42857], "texture": "#1"},
				"down": {"uv": [8, 10.28571, 7.42857, 10.71429], "texture": "#1"}
			}
		},
		{
			"from": [7.5175, 4.62064, 6.72452],
			"to": [8.4825, 5.82064, 7.50452],
			"rotation": {"angle": 45, "axis": "x", "origin": [7.8025, 5.04064, 7.14452]},
			"faces": {
				"north": {"uv": [9.14286, 3.57143, 9.71429, 2.85714], "texture": "#1"},
				"east": {"uv": [9.71429, 7, 10.14286, 6.28571], "texture": "#1"},
				"south": {"uv": [9.14286, 6.42857, 9.71429, 5.71429], "texture": "#1"},
				"west": {"uv": [9.71429, 8.14286, 10.14286, 7.42857], "texture": "#1"},
				"up": {"uv": [10.85714, 7.28571, 10.28571, 6.85714], "texture": "#1"},
				"down": {"uv": [7.42857, 10.28571, 6.85714, 10.71429], "texture": "#1"}
			}
		},
		{
			"from": [7.51, 5.30186, 7.52784],
			"to": [8.49, 6.08186, 8.72784],
			"rotation": {"angle": -22.5, "axis": "x", "origin": [7.81, 5.66186, 7.94784]},
			"faces": {
				"north": {"uv": [6.28571, 10.71429, 6.85714, 10.28571], "texture": "#1"},
				"east": {"uv": [9.71429, 6.14286, 10.42857, 5.71429], "texture": "#1"},
				"south": {"uv": [10.28571, 6.71429, 10.85714, 6.28571], "texture": "#1"},
				"west": {"uv": [6.28571, 10.14286, 7, 9.71429], "texture": "#1"},
				"up": {"uv": [9.14286, 9.28571, 8.57143, 8.57143], "texture": "#1"},
				"down": {"uv": [9.14286, 7.42857, 8.57143, 8.14286], "texture": "#1"}
			}
		},
		{
			"from": [8, 0.33474, 3.4926],
			"to": [8, 6.33474, 8.4926],
			"rotation": {"angle": 0, "axis": "x", "origin": [8, 4.45974, 6.0426]},
			"faces": {
				"north": {"uv": [0, 3.42857, 0, 0], "texture": "#1"},
				"east": {"uv": [4, 3.42857, 6.85714, 0], "texture": "#1"},
				"south": {"uv": [0, 3.42857, 0, 0], "texture": "#1"},
				"west": {"uv": [4, 6.85714, 6.85714, 3.42857], "texture": "#1"},
				"up": {"uv": [0, 2.85714, 0, 0], "texture": "#1"},
				"down": {"uv": [0, 0, 0, 2.85714], "texture": "#1"}
			}
		},
		{
			"from": [8, -1.7, 7.3],
			"to": [8, 1.3, 13.3],
			"rotation": {"angle": 45, "axis": "x", "origin": [8, 1.3, 7.3]},
			"faces": {
				"north": {"uv": [0, 1.71429, 0, 0], "texture": "#1"},
				"east": {"uv": [10.28571, 2.85714, 6.85714, 1.14286], "texture": "#1"},
				"south": {"uv": [0, 1.71429, 0, 0], "texture": "#1"},
				"west": {"uv": [6.85714, 2.85714, 10.28571, 1.14286], "texture": "#1"},
				"up": {"uv": [0, 3.42857, 0, 0], "texture": "#1"},
				"down": {"uv": [0, 0, 0, 3.42857], "texture": "#1"}
			}
		},
		{
			"from": [8, -2.1, 11.6],
			"to": [8, -0.1, 15.6],
			"rotation": {"angle": 22.5, "axis": "x", "origin": [8, -0.1, 11.6]},
			"faces": {
				"north": {"uv": [0, 1.14286, 0, 0], "texture": "#1"},
				"east": {"uv": [9.14286, 4, 6.85714, 2.85714], "texture": "#1"},
				"south": {"uv": [0, 1.14286, 0, 0], "texture": "#1"},
				"west": {"uv": [6.85714, 4, 9.14286, 2.85714], "texture": "#1"},
				"up": {"uv": [0, 2.28571, 0, 0], "texture": "#1"},
				"down": {"uv": [0, 0, 0, 2.28571], "texture": "#1"}
			}
		},
		{
			"from": [8, -0.2, 11.5],
			"to": [8, 16.2, 18.5],
			"rotation": {"angle": 0, "axis": "y", "origin": [8, 0.1, 11.5]},
			"faces": {
				"north": {"uv": [0, 0, 0, 9.42857], "texture": "#1"},
				"east": {"uv": [4, 0, 0, 9.42857], "texture": "#1"},
				"south": {"uv": [0, 0, 0, 9.42857], "texture": "#1"},
				"west": {"uv": [0, 0, 4, 9.42857], "texture": "#1"},
				"up": {"uv": [0, 4, 0, 0], "texture": "#1"},
				"down": {"uv": [0, 0, 0, 4], "texture": "#1"}
			}
		},
		{
			"from": [8, 7, 4.45],
			"to": [8, 9, 18.45],
			"rotation": {"angle": 45, "axis": "z", "origin": [8, 8, 11.45]},
			"faces": {
				"north": {"uv": [0, 0, 0, 1.14286], "texture": "#1"},
				"east": {"uv": [14.85714, 0, 6.85714, 1.14286], "texture": "#1"},
				"south": {"uv": [0, 0, 0, 1.14286], "texture": "#1"},
				"west": {"uv": [6.85714, 0, 14.85714, 1.14286], "texture": "#1"},
				"up": {"uv": [0, 8, 0, 0], "texture": "#1"},
				"down": {"uv": [0, 0, 0, 8], "texture": "#1"}
			}
		},
		{
			"from": [8, 7, 4.45],
			"to": [8, 9, 18.45],
			"rotation": {"angle": -45, "axis": "z", "origin": [8, 8, 11.45]},
			"faces": {
				"north": {"uv": [0, 0, 0, 1.14286], "texture": "#1"},
				"east": {"uv": [14.85714, 0, 6.85714, 1.14286], "texture": "#1"},
				"south": {"uv": [0, 0, 0, 1.14286], "texture": "#1"},
				"west": {"uv": [6.85714, 0, 14.85714, 1.14286], "texture": "#1"},
				"up": {"uv": [0, 8, 0, 0], "texture": "#1"},
				"down": {"uv": [0, 0, 0, 8], "texture": "#1"}
			}
		},
		{
			"from": [4.5, 4.6, 2],
			"to": [11.5, 11.6, 2],
			"rotation": {"angle": 0, "axis": "y", "origin": [8, 8, 8]},
			"faces": {
				"north": {"uv": [0, 0, 16, 16], "texture": "#2"},
				"east": {"uv": [0, 0, 0, 4], "texture": "#2"},
				"south": {"uv": [16, 0, 0, 16], "texture": "#2"},
				"west": {"uv": [0, 0, 0, 4], "texture": "#2"},
				"up": {"uv": [0, 0, 0, 4], "rotation": 90, "texture": "#2"},
				"down": {"uv": [0, 0, 0, 4], "rotation": 270, "texture": "#2"}
			}
		}
	],
	"gui_light": "front",
	"display": {
		"thirdperson_righthand": {
			"translation": [0, -2, 1]
		},
		"thirdperson_lefthand": {
			"translation": [0, -2, 1]
		},
		"firstperson_righthand": {
			"rotation": [17.88, 24.25, 0.07],
			"translation": [0.5, 3.75, 0],
			"scale": [0.84766, 0.84766, 0.84766]
		},
		"firstperson_lefthand": {
			"rotation": [17.88, 24.25, 0.07],
			"translation": [0.5, 3.75, 0],
			"scale": [0.84766, 0.84766, 0.84766]
		},
		"ground": {
			"rotation": [40, 0, 0],
			"translation": [0, 4, 0],
			"scale": [0.5, 0.5, 0.5]
		},
		"gui": {
			"rotation": [90, -45, 90],
			"translation": [1.25, 1.25, 0],
			"scale": [0.7, 0.7, 0.7]
		},
		"head": {
			"scale": [0, 0, 0]
		},
		"fixed": {
			"rotation": [-90, 90, 90],
			"translation": [0, -0.25, -1.5],
			"scale": [1.5, 1.5, 1.5]
		}
	}
}