{"credit":"MadewithBlockbench","texture_size":[32,32],"textures":{"0":"ruby_vol_1_pack:ruby_vol_1_pack/bow_ruby_vol_1","particle":"ruby_vol_1_pack:ruby_vol_1_pack/bow_ruby_vol_1"},"elements":[{"from":[4.39912,12.84776,2.31449],"to":[6.89912,13.84776,4.81449],"rotation":{"angle":0,"axis":"y","origin":[5.64912,9.84776,8]},"faces":{"north":{"uv":[7,13,8.5,13.5],"texture":"#0"},"east":{"uv":[13,7,14.5,7.5],"texture":"#0"},"south":{"uv":[13,7.5,14.5,8],"texture":"#0"},"west":{"uv":[12.5,11,14,11.5],"texture":"#0"},"up":{"uv":[3.5,10.5,2,9],"rotation":270,"texture":"#0"},"down":{"uv":[5,9,3.5,10.5],"rotation":90,"texture":"#0"}}},{"from":[4.39912,13.83844,6.20503],"to":[6.89912,14.83844,7.20503],"rotation":{"angle":-22.5,"axis":"x","origin":[5.64912,9.84776,8]},"faces":{"north":{"uv":[13.5,8.5,15,9],"texture":"#0"},"east":{"uv":[0,15.5,0.5,16],"texture":"#0"},"south":{"uv":[13.5,9,15,9.5],"texture":"#0"},"west":{"uv":[15,15,15.5,15.5],"texture":"#0"},"up":{"uv":[1,15.5,0.5,14],"rotation":270,"texture":"#0"},"down":{"uv":[1.5,14,1,15.5],"rotation":90,"texture":"#0"}}},{"from":[4.89912,7.94882,0.85842],"to":[6.39912,8.94882,1.85842],"rotation":{"angle":45,"axis":"x","origin":[5.64912,9.84776,8]},"faces":{"north":{"uv":[14.5,9.5,15.5,10],"texture":"#0"},"east":{"uv":[1.5,15.5,2,16],"texture":"#0"},"south":{"uv":[13,14.5,14,15],"texture":"#0"},"west":{"uv":[15.5,1,16,1.5],"texture":"#0"},"up":{"uv":[9,15.5,8.5,14.5],"rotation":270,"texture":"#0"},"down":{"uv":[15,13.5,14.5,14.5],"rotation":90,"texture":"#0"}}},{"from":[4.39912,4.85708,6.20502],"to":[6.89912,5.85708,7.20502],"rotation":{"angle":22.5,"axis":"x","origin":[5.64912,9.84776,8]},"faces":{"north":{"uv":[13.5,10,15,10.5],"texture":"#0"},"east":{"uv":[0.5,15.5,1,16],"texture":"#0"},"south":{"uv":[13.5,10.5,15,11],"texture":"#0"},"west":{"uv":[15.5,0,16,0.5],"texture":"#0"},"up":{"uv":[2,15.5,1.5,14],"rotation":270,"texture":"#0"},"down":{"uv":[14.5,1.5,14,3],"rotation":90,"texture":"#0"}}},{"from":[4.89912,10.7467,0.85842],"to":[6.39912,11.7467,1.85842],"rotation":{"angle":-45,"axis":"x","origin":[5.64912,9.84776,8]},"faces":{"north":{"uv":[14.5,3.5,15.5,4],"texture":"#0"},"east":{"uv":[1,15.5,1.5,16],"texture":"#0"},"south":{"uv":[14.5,4,15.5,4.5],"texture":"#0"},"west":{"uv":[15.5,0.5,16,1],"texture":"#0"},"up":{"uv":[15,6.5,14.5,5.5],"rotation":270,"texture":"#0"},"down":{"uv":[15,7,14.5,8],"rotation":90,"texture":"#0"}}},{"from":[4.39912,11.40036,2.90893],"to":[6.89912,17.40036,3.90893],"rotation":{"angle":22.5,"axis":"x","origin":[5.64912,9.84776,8]},"faces":{"north":{"uv":[0,0,1.5,3],"texture":"#0"},"east":{"uv":[2.5,10.5,3,13.5],"texture":"#0"},"south":{"uv":[1.5,0,3,3],"texture":"#0"},"west":{"uv":[2,10.5,2.5,13.5],"texture":"#0"},"up":{"uv":[13.5,9.5,13,8],"rotation":270,"texture":"#0"},"down":{"uv":[9,13,8.5,14.5],"rotation":90,"texture":"#0"}}},{"from":[4.39912,2.29516,2.90892],"to":[6.89912,8.29516,3.90892],"rotation":{"angle":-22.5,"axis":"x","origin":[5.64912,9.84776,8]},"faces":{"north":{"uv":[0,3,1.5,6],"texture":"#0"},"east":{"uv":[3.5,10.5,4,13.5],"texture":"#0"},"south":{"uv":[3,0,4.5,3],"texture":"#0"},"west":{"uv":[3,10.5,3.5,13.5],"texture":"#0"},"up":{"uv":[13.5,13,13,11.5],"rotation":270,"texture":"#0"},"down":{"uv":[13.5,13,13,14.5],"rotation":90,"texture":"#0"}}},{"from":[4.64912,14.87718,0.40621],"to":[6.64912,19.37718,1.40621],"rotation":{"angle":45,"axis":"x","origin":[5.64912,9.84776,8]},"faces":{"north":{"uv":[5,6,6,8.5],"texture":"#0"},"east":{"uv":[5,11,5.5,13.5],"texture":"#0"},"south":{"uv":[6,6,7,8.5],"texture":"#0"},"west":{"uv":[11,0,11.5,2.5],"texture":"#0"},"up":{"uv":[7,6,6.5,5],"rotation":270,"texture":"#0"},"down":{"uv":[2.5,14,2,15],"rotation":90,"texture":"#0"}}},{"from":[4.64912,0.31834,0.40619],"to":[6.64912,4.81834,1.40619],"rotation":{"angle":-45,"axis":"x","origin":[5.64912,9.84776,8]},"faces":{"north":{"uv":[6.5,0,7.5,2.5],"texture":"#0"},"east":{"uv":[6,11,6.5,13.5],"texture":"#0"},"south":{"uv":[6.5,2.5,7.5,5],"texture":"#0"},"west":{"uv":[5.5,11,6,13.5],"texture":"#0"},"up":{"uv":[3,15,2.5,14],"rotation":270,"texture":"#0"},"down":{"uv":[3.5,14,3,15],"rotation":90,"texture":"#0"}}},{"from":[4.89912,21.17513,4.55488],"to":[6.39912,25.67513,5.55488],"rotation":{"angle":22.5,"axis":"x","origin":[5.64912,9.84776,8]},"faces":{"north":{"uv":[7,5,8,7.5],"texture":"#0"},"east":{"uv":[11,9,11.5,11.5],"texture":"#0"},"south":{"uv":[7.5,0,8.5,2.5],"texture":"#0"},"west":{"uv":[6.5,11,7,13.5],"texture":"#0"},"up":{"uv":[14.5,4.5,14,3.5],"rotation":270,"texture":"#0"},"down":{"uv":[5.5,14,5,15],"rotation":90,"texture":"#0"}}},{"from":[4.89912,-5.97961,4.55487],"to":[6.39912,-1.47961,5.55487],"rotation":{"angle":-22.5,"axis":"x","origin":[5.64912,9.84776,8]},"faces":{"north":{"uv":[7.5,2.5,8.5,5],"texture":"#0"},"east":{"uv":[11.5,0,12,2.5],"texture":"#0"},"south":{"uv":[7,7.5,8,10],"texture":"#0"},"west":{"uv":[0,11.5,0.5,14],"texture":"#0"},"up":{"uv":[6,15,5.5,14],"rotation":270,"texture":"#0"},"down":{"uv":[14.5,5.5,14,6.5],"rotation":90,"texture":"#0"}}},{"from":[5.14912,22.76837,16.46268],"to":[6.14912,26.26837,17.46268],"rotation":{"angle":-22.5,"axis":"x","origin":[5.64912,9.84776,8]},"faces":{"north":{"uv":[0.5,11.5,1,13.5],"texture":"#0"},"east":{"uv":[1,11.5,1.5,13.5],"texture":"#0"},"south":{"uv":[1.5,11.5,2,13.5],"texture":"#0"},"west":{"uv":[11,2.5,11.5,4.5],"texture":"#0"},"up":{"uv":[11,9.5,10.5,9],"rotation":270,"texture":"#0"},"down":{"uv":[12.5,10,12,10.5],"rotation":90,"texture":"#0"}}},{"from":[5.14912,-6.57284,16.46269],"to":[6.14912,-3.07284,17.46269],"rotation":{"angle":22.5,"axis":"x","origin":[5.64912,9.84776,8]},"faces":{"north":{"uv":[11.5,4.5,12,6.5],"texture":"#0"},"east":{"uv":[11.5,6.5,12,8.5],"texture":"#0"},"south":{"uv":[11.5,8.5,12,10.5],"texture":"#0"},"west":{"uv":[11.5,2.5,12,4.5],"texture":"#0"},"up":{"uv":[14.5,15,14,14.5],"rotation":270,"texture":"#0"},"down":{"uv":[15,14.5,14.5,15],"rotation":90,"texture":"#0"}}},{"from":[4.39912,5.84776,2.31449],"to":[6.89912,6.84776,4.81449],"rotation":{"angle":0,"axis":"y","origin":[5.64912,9.84776,8]},"faces":{"north":{"uv":[0.5,13.5,2,14],"texture":"#0"},"east":{"uv":[2,13.5,3.5,14],"texture":"#0"},"south":{"uv":[13.5,3,15,3.5],"texture":"#0"},"west":{"uv":[13,9.5,14.5,10],"texture":"#0"},"up":{"uv":[10.5,6.5,9,5],"rotation":270,"texture":"#0"},"down":{"uv":[10.5,6.5,9,8],"rotation":90,"texture":"#0"}}},{"from":[4.89912,6.84776,2.81449],"to":[6.39912,12.84776,4.31449],"rotation":{"angle":0,"axis":"y","origin":[5.64912,9.84776,8]},"faces":{"north":{"uv":[2.5,3,3.5,6],"texture":"#0"},"east":{"uv":[3.5,3,4.5,6],"texture":"#0"},"south":{"uv":[4.5,0,5.5,3],"texture":"#0"},"west":{"uv":[1.5,3,2.5,6],"texture":"#0"},"up":{"uv":[10,12.5,9,11.5],"rotation":270,"texture":"#0"},"down":{"uv":[11,11.5,10,12.5],"rotation":90,"texture":"#0"}}},{"from":[4.67412,11.4632,1.44752],"to":[6.62412,17.4632,3.44752],"rotation":{"angle":22.5,"axis":"x","origin":[5.64912,9.84776,8]},"faces":{"north":{"uv":[5.5,0,6.5,3],"texture":"#0"},"east":{"uv":[5.5,3,6.5,6],"texture":"#0"},"south":{"uv":[0,6,1,9],"texture":"#0"},"west":{"uv":[4.5,3,5.5,6],"texture":"#0"},"up":{"uv":[12.5,11.5,11.5,10.5],"rotation":270,"texture":"#0"},"down":{"uv":[12,11.5,11,12.5],"rotation":90,"texture":"#0"}}},{"from":[4.89912,8.83271,0.07809],"to":[6.39912,12.08271,1.32809],"rotation":{"angle":45,"axis":"x","origin":[5.64912,9.84776,8]},"faces":{"north":{"uv":[4,10.5,5,12],"texture":"#0"},"east":{"uv":[13.5,13,14,14.5],"texture":"#0"},"south":{"uv":[10.5,4.5,11.5,6],"texture":"#0"},"west":{"uv":[12.5,13.5,13,15],"texture":"#0"},"up":{"uv":[14.5,14.5,14,13.5],"rotation":270,"texture":"#0"},"down":{"uv":[15,0,14.5,1],"rotation":90,"texture":"#0"}}},{"from":[4.89912,7.61282,0.07808],"to":[6.39912,10.86282,1.32808],"rotation":{"angle":-45,"axis":"x","origin":[5.64912,9.84776,8]},"faces":{"north":{"uv":[10.5,6,11.5,7.5],"texture":"#0"},"east":{"uv":[14,0,14.5,1.5],"texture":"#0"},"south":{"uv":[10.5,7.5,11.5,9],"texture":"#0"},"west":{"uv":[0,14,0.5,15.5],"texture":"#0"},"up":{"uv":[15,2,14.5,1],"rotation":270,"texture":"#0"},"down":{"uv":[15,2,14.5,3],"rotation":90,"texture":"#0"}}},{"from":[4.67412,2.23232,1.44751],"to":[6.62412,8.23232,3.44751],"rotation":{"angle":-22.5,"axis":"x","origin":[5.64912,9.84776,8]},"faces":{"north":{"uv":[2,6,3,9],"texture":"#0"},"east":{"uv":[3,6,4,9],"texture":"#0"},"south":{"uv":[4,6,5,9],"texture":"#0"},"west":{"uv":[1,6,2,9],"texture":"#0"},"up":{"uv":[13,1,12,0],"rotation":270,"texture":"#0"},"down":{"uv":[13,1,12,2],"rotation":90,"texture":"#0"}}},{"from":[4.89912,14.37599,-0.71802],"to":[6.39912,19.37599,1.03198],"rotation":{"angle":45,"axis":"x","origin":[5.64912,9.84776,8]},"faces":{"north":{"uv":[8,7.5,9,10],"texture":"#0"},"east":{"uv":[8.5,0,9.5,2.5],"texture":"#0"},"south":{"uv":[8.5,2.5,9.5,5],"texture":"#0"},"west":{"uv":[8,5,9,7.5],"texture":"#0"},"up":{"uv":[13,3,12,2],"rotation":270,"texture":"#0"},"down":{"uv":[13,3,12,4],"rotation":90,"texture":"#0"}}},{"from":[4.89912,0.31954,-0.71802],"to":[6.39912,5.31954,1.03198],"rotation":{"angle":-45,"axis":"x","origin":[5.64912,9.84776,8]},"faces":{"north":{"uv":[6,8.5,7,11],"texture":"#0"},"east":{"uv":[0,9,1,11.5],"texture":"#0"},"south":{"uv":[1,9,2,11.5],"texture":"#0"},"west":{"uv":[5,8.5,6,11],"texture":"#0"},"up":{"uv":[5,13,4,12],"rotation":270,"texture":"#0"},"down":{"uv":[13,4,12,5],"rotation":90,"texture":"#0"}}},{"from":[5.14912,17.37599,3.03198],"to":[6.14912,20.37599,6.03198],"rotation":{"angle":45,"axis":"x","origin":[5.64912,9.84776,8]},"faces":{"north":{"uv":[3.5,13.5,4,15],"texture":"#0"},"east":{"uv":[9.5,0,11,1.5],"texture":"#0"},"south":{"uv":[13.5,3.5,14,5],"texture":"#0"},"west":{"uv":[9,8,10.5,9.5],"texture":"#0"},"up":{"uv":[6.5,14,5,13.5],"rotation":270,"texture":"#0"},"down":{"uv":[15,5,13.5,5.5],"rotation":90,"texture":"#0"}}},{"from":[5.14912,16.37599,7.28198],"to":[5.89912,18.12599,9.03198],"rotation":{"angle":45,"axis":"x","origin":[5.64912,9.84776,8]},"faces":{"north":{"uv":[6,14,6.5,15],"texture":"#0"},"east":{"uv":[12,6,13,7],"texture":"#0"},"south":{"uv":[7,14,7.5,15],"texture":"#0"},"west":{"uv":[12,5,13,6],"texture":"#0"},"up":{"uv":[10.5,5,9.5,4.5],"rotation":270,"texture":"#0"},"down":{"uv":[15,4.5,14,5],"rotation":90,"texture":"#0"}}},{"from":[5.39912,6.88178,13.0065],"to":[6.14912,8.63178,14.7565],"rotation":{"angle":45,"axis":"x","origin":[5.64912,9.84776,8]},"faces":{"north":{"uv":[7.5,14,8,15],"texture":"#0"},"east":{"uv":[12,7,13,8],"texture":"#0"},"south":{"uv":[8,14,8.5,15],"texture":"#0"},"west":{"uv":[7,12,8,13],"texture":"#0"},"up":{"uv":[15,7,14,6.5],"rotation":270,"texture":"#0"},"down":{"uv":[15,11,14,11.5],"rotation":90,"texture":"#0"}}},{"from":[5.64912,13.37599,7.78198],"to":[6.14912,14.62599,9.03198],"rotation":{"angle":45,"axis":"x","origin":[5.64912,9.84776,8]},"faces":{"north":{"uv":[15,0.5,15.5,1],"texture":"#0"},"east":{"uv":[15,1,15.5,1.5],"texture":"#0"},"south":{"uv":[15,1.5,15.5,2],"texture":"#0"},"west":{"uv":[15,0,15.5,0.5],"texture":"#0"},"up":{"uv":[2.5,15.5,2,15],"rotation":270,"texture":"#0"},"down":{"uv":[15.5,2,15,2.5],"rotation":90,"texture":"#0"}}},{"from":[5.39912,8.63178,16.0065],"to":[5.89912,9.88178,17.2565],"rotation":{"angle":45,"axis":"x","origin":[5.64912,9.84776,8]},"faces":{"north":{"uv":[15,2.5,15.5,3],"texture":"#0"},"east":{"uv":[3,15,3.5,15.5],"texture":"#0"},"south":{"uv":[15,3,15.5,3.5],"texture":"#0"},"west":{"uv":[2.5,15,3,15.5],"texture":"#0"},"up":{"uv":[4,15.5,3.5,15],"rotation":270,"texture":"#0"},"down":{"uv":[4.5,15,4,15.5],"rotation":90,"texture":"#0"}}},{"from":[5.14912,9.63178,12.2565],"to":[5.64912,10.88178,13.5065],"rotation":{"angle":45,"axis":"x","origin":[5.64912,9.84776,8]},"faces":{"north":{"uv":[15,4.5,15.5,5],"texture":"#0"},"east":{"uv":[5,15,5.5,15.5],"texture":"#0"},"south":{"uv":[15,5,15.5,5.5],"texture":"#0"},"west":{"uv":[4.5,15,5,15.5],"texture":"#0"},"up":{"uv":[6,15.5,5.5,15],"rotation":270,"texture":"#0"},"down":{"uv":[15.5,5.5,15,6],"rotation":90,"texture":"#0"}}},{"from":[5.14912,-0.68046,3.03198],"to":[6.14912,2.31954,6.03198],"rotation":{"angle":-45,"axis":"x","origin":[5.64912,9.84776,8]},"faces":{"north":{"uv":[13.5,5.5,14,7],"texture":"#0"},"east":{"uv":[9.5,3,11,4.5],"texture":"#0"},"south":{"uv":[6.5,13.5,7,15],"texture":"#0"},"west":{"uv":[9.5,1.5,11,3],"texture":"#0"},"up":{"uv":[8.5,14,7,13.5],"rotation":270,"texture":"#0"},"down":{"uv":[15,8,13.5,8.5],"rotation":90,"texture":"#0"}}},{"from":[4.89912,17.87599,3.53198],"to":[6.39912,19.87599,5.53198],"rotation":{"angle":45,"axis":"x","origin":[5.64912,9.84776,8]},"faces":{"north":{"uv":[12,8,13,9],"texture":"#0"},"east":{"uv":[12,9,13,10],"texture":"#0"},"south":{"uv":[12,11.5,13,12.5],"texture":"#0"},"west":{"uv":[8,12,9,13],"texture":"#0"},"up":{"uv":[10,13.5,9,12.5],"rotation":270,"texture":"#0"},"down":{"uv":[11,12.5,10,13.5],"rotation":90,"texture":"#0"}}},{"from":[4.89912,16.62599,7.53198],"to":[6.14912,17.87599,8.78198],"rotation":{"angle":45,"axis":"x","origin":[5.64912,9.84776,8]},"faces":{"north":{"uv":[15,6,15.5,6.5],"texture":"#0"},"east":{"uv":[6.5,15,7,15.5],"texture":"#0"},"south":{"uv":[15,6.5,15.5,7],"texture":"#0"},"west":{"uv":[6,15,6.5,15.5],"texture":"#0"},"up":{"uv":[7.5,15.5,7,15],"rotation":270,"texture":"#0"},"down":{"uv":[15.5,7,15,7.5],"rotation":90,"texture":"#0"}}},{"from":[5.14912,7.13178,13.2565],"to":[6.39912,8.38178,14.5065],"rotation":{"angle":45,"axis":"x","origin":[5.64912,9.84776,8]},"faces":{"north":{"uv":[15,7.5,15.5,8],"texture":"#0"},"east":{"uv":[8,15,8.5,15.5],"texture":"#0"},"south":{"uv":[15,8,15.5,8.5],"texture":"#0"},"west":{"uv":[7.5,15,8,15.5],"texture":"#0"},"up":{"uv":[15.5,9,15,8.5],"rotation":270,"texture":"#0"},"down":{"uv":[9.5,15,9,15.5],"rotation":90,"texture":"#0"}}},{"from":[5.39912,13.62599,8.03198],"to":[6.39912,14.37599,8.78198],"rotation":{"angle":45,"axis":"x","origin":[5.64912,9.84776,8]},"faces":{"north":{"uv":[9.5,15,10,15.5],"texture":"#0"},"east":{"uv":[10,15,10.5,15.5],"texture":"#0"},"south":{"uv":[15,10,15.5,10.5],"texture":"#0"},"west":{"uv":[15,9,15.5,9.5],"texture":"#0"},"up":{"uv":[11,15.5,10.5,15],"rotation":270,"texture":"#0"},"down":{"uv":[15.5,10.5,15,11],"rotation":90,"texture":"#0"}}},{"from":[5.14912,8.88178,16.2565],"to":[6.14912,9.63178,17.0065],"rotation":{"angle":45,"axis":"x","origin":[5.64912,9.84776,8]},"faces":{"north":{"uv":[15,11,15.5,11.5],"texture":"#0"},"east":{"uv":[11.5,15,12,15.5],"texture":"#0"},"south":{"uv":[15,11.5,15.5,12],"texture":"#0"},"west":{"uv":[11,15,11.5,15.5],"texture":"#0"},"up":{"uv":[12.5,15.5,12,15],"rotation":270,"texture":"#0"},"down":{"uv":[15.5,12,15,12.5],"rotation":90,"texture":"#0"}}},{"from":[4.89912,9.88178,12.5065],"to":[5.89912,10.63178,13.2565],"rotation":{"angle":45,"axis":"x","origin":[5.64912,9.84776,8]},"faces":{"north":{"uv":[15,12.5,15.5,13],"texture":"#0"},"east":{"uv":[13,15,13.5,15.5],"texture":"#0"},"south":{"uv":[15,13,15.5,13.5],"texture":"#0"},"west":{"uv":[12.5,15,13,15.5],"texture":"#0"},"up":{"uv":[14,15.5,13.5,15],"rotation":270,"texture":"#0"},"down":{"uv":[15.5,13.5,15,14],"rotation":90,"texture":"#0"}}},{"from":[4.89912,-0.18046,3.53198],"to":[6.39912,1.81954,5.53198],"rotation":{"angle":-45,"axis":"x","origin":[5.64912,9.84776,8]},"faces":{"north":{"uv":[11,12.5,12,13.5],"texture":"#0"},"east":{"uv":[12,12.5,13,13.5],"texture":"#0"},"south":{"uv":[13,0,14,1],"texture":"#0"},"west":{"uv":[12.5,10,13.5,11],"texture":"#0"},"up":{"uv":[14,2,13,1],"rotation":270,"texture":"#0"},"down":{"uv":[14,2,13,3],"rotation":90,"texture":"#0"}}},{"from":[5.14912,21.31723,3.70869],"to":[6.14912,25.31723,5.20869],"rotation":{"angle":22.5,"axis":"x","origin":[5.64912,9.84776,8]},"faces":{"north":{"uv":[13,3,13.5,5],"texture":"#0"},"east":{"uv":[7,10,8,12],"texture":"#0"},"south":{"uv":[4,13,4.5,15],"texture":"#0"},"west":{"uv":[9,9.5,10,11.5],"texture":"#0"},"up":{"uv":[15,12,14,11.5],"rotation":270,"texture":"#0"},"down":{"uv":[15,12,14,12.5],"rotation":90,"texture":"#0"}}},{"from":[5.14912,-5.62171,3.70868],"to":[6.14912,-1.62171,5.20868],"rotation":{"angle":-22.5,"axis":"x","origin":[5.64912,9.84776,8]},"faces":{"north":{"uv":[4.5,13,5,15],"texture":"#0"},"east":{"uv":[10,9.5,11,11.5],"texture":"#0"},"south":{"uv":[13,5,13.5,7],"texture":"#0"},"west":{"uv":[8,10,9,12],"texture":"#0"},"up":{"uv":[15,13,14,12.5],"rotation":270,"texture":"#0"},"down":{"uv":[15,13,14,13.5],"rotation":90,"texture":"#0"}}},{"from":[5.39912,22.76008,15.71481],"to":[5.89912,25.76008,16.96481],"rotation":{"angle":-22.5,"axis":"x","origin":[5.64912,9.84776,8]},"faces":{"north":{"uv":[9.5,13.5,10,15],"texture":"#0"},"east":{"uv":[10,13.5,10.5,15],"texture":"#0"},"south":{"uv":[10.5,13.5,11,15],"texture":"#0"},"west":{"uv":[9,13.5,9.5,15],"texture":"#0"},"up":{"uv":[14.5,15.5,14,15],"rotation":270,"texture":"#0"},"down":{"uv":[15.5,14,15,14.5],"rotation":90,"texture":"#0"}}},{"from":[5.39912,-6.06456,15.71482],"to":[5.89912,-3.06456,16.96482],"rotation":{"angle":22.5,"axis":"x","origin":[5.64912,9.84776,8]},"faces":{"north":{"uv":[11.5,13.5,12,15],"texture":"#0"},"east":{"uv":[13.5,11.5,14,13],"texture":"#0"},"south":{"uv":[12,13.5,12.5,15],"texture":"#0"},"west":{"uv":[11,13.5,11.5,15],"texture":"#0"},"up":{"uv":[15,15.5,14.5,15],"rotation":270,"texture":"#0"},"down":{"uv":[15.5,14.5,15,15],"rotation":90,"texture":"#0"}}}],"gui_light":"front","display":{"thirdperson_righthand":{"translation":[0,-3.25,2.75],"scale":[0.67383,0.67383,0.67383]},"thirdperson_lefthand":{"translation":[0,-3.25,2.75],"scale":[0.67383,0.67383,0.67383]},"firstperson_righthand":{"rotation":[7.66,6.78,-11.38],"translation":[2,3,0],"scale":[0.5332,0.5332,0.5332]},"firstperson_lefthand":{"rotation":[7.66,6.78,-11.38],"translation":[2,3,0],"scale":[0.5332,0.5332,0.5332]},"ground":{"rotation":[0,0,70],"translation":[0,0,0.75],"scale":[0.58594,0.58594,0.58594]},"gui":{"rotation":[90,45,-90],"translation":[-1.5,0,0],"scale":[0.52461,0.52461,0.52461]},"head":{"rotation":[-90,59.25,90],"translation":[0,18.25,0],"scale":[0.75781,0.75781,0.75781]},"fixed":{"rotation":[0,90,0],"translation":[0,-3,-5.75],"scale":[1.52344,1.52344,1.52344]}}}