{"credit":"Made with Blockbench","texture_size":[32,32],"textures":{"0":"halloween_pack_fur:items/toile_1","particle":"halloween_pack_fur:items/toile_1"},"elements":[{"from":[0,0,0],"to":[0,16,16],"rotation":{"angle":-22.5,"axis":"y","origin":[0,0,16]},"faces":{"north":{"uv":[0,0,0,8],"texture":"#0"},"east":{"uv":[0,0,8,8],"texture":"#0"},"south":{"uv":[0,0,0,8],"texture":"#0"},"west":{"uv":[0,0,8,8],"rotation":90,"texture":"#0"},"up":{"uv":[0,8,0,0],"texture":"#0"},"down":{"uv":[0,0,0,8],"texture":"#0"}}},{"from":[0,0,16],"to":[16,16,16],"rotation":{"angle":22.5,"axis":"y","origin":[0,0,16]},"faces":{"north":{"uv":[0,0,8,8],"rotation":90,"texture":"#0"},"east":{"uv":[0,0,0,8],"texture":"#0"},"south":{"uv":[0,0,8,8],"texture":"#0"},"west":{"uv":[0,0,0,8],"texture":"#0"},"up":{"uv":[0,8,0,0],"rotation":90,"texture":"#0"},"down":{"uv":[0,0,0,8],"rotation":270,"texture":"#0"}}}],"display":{"thirdperson_righthand":{"translation":[2,-1.5,-1.75],"scale":[0.5,0.5,0.5]},"thirdperson_lefthand":{"translation":[-1.25,-1.5,-2.75],"scale":[0.5,0.5,0.5]},"ground":{"scale":[0.5,0.5,0.5]},"gui":{"translation":[1.5,-1.5,0]},"head":{"translation":[0,-37.25,0]},"fixed":{"translation":[0,0,-4.25]}}}