{"textures​":{"1":"\u0067\u0061\u0072\u006e\u0065\u0074_\u0070\u0061\u0063\u006b:\u0067\u0061\u0072\u006e\u0065\u0074_\u0070\u0061\u0063\u006b/\u0062\u006f\u0077_\u0067\u0061\u0072\u006e\u0065\u0074_\u0066\u0078","3":"\u0067\u0061\u0072\u006e\u0065\u0074_\u0070\u0061\u0063\u006b:\u0067\u0061\u0072\u006e\u0065\u0074_\u0070\u0061\u0063\u006b/\u0062\u006f\u0077_\u0067\u0061\u0072\u006e\u0065\u0074","\u0070\u0061\u0072\u0074\u0069\u0063\u006c\u0065":"\u0067\u0061\u0072\u006e\u0065\u0074_\u0070\u0061\u0063\u006b:\u0067\u0061\u0072\u006e\u0065\u0074_\u0070\u0061\u0063\u006b/\u0062\u006f\u0077_\u0067\u0061\u0072\u006e\u0065\u0074_\u0066\u0078"},"credit":"MadewithBlockbench","\u0074\u0065\u0078\u0074\u0075\u0072\u0065\u0073":{"1":"\u0067\u0061\u0072\u006e\u0065\u0074_\u0070\u0061\u0063\u006b:\u0067\u0061\u0072\u006e\u0065\u0074_\u0070\u0061\u0063\u006b/\u0062\u006f\u0077_\u0067\u0061\u0072\u006e\u0065\u0074_\u0066\u0078","3":"\u0067\u0061\u0072\u006e\u0065\u0074_\u0070\u0061\u0063\u006b:\u0067\u0061\u0072\u006e\u0065\u0074_\u0070\u0061\u0063\u006b/\u0062\u006f\u0077_\u0067\u0061\u0072\u006e\u0065\u0074","\u0070\u0061\u0072\u0074\u0069\u0063\u006c\u0065":"\u0067\u0061\u0072\u006e\u0065\u0074_\u0070\u0061\u0063\u006b:\u0067\u0061\u0072\u006e\u0065\u0074_\u0070\u0061\u0063\u006b/\u0062\u006f\u0077_\u0067\u0061\u0072\u006e\u0065\u0074_\u0066\u0078"},"elements":[{"from":[7.75,-9.15,11.35361],"to":[8.25,24.35,11.85361],"rotation":{"angle":0,"axis":"y","origin":[8,8,8]},"faces":{"north":{"uv":[0.75,2.25,0.875,10.625],"texture":"#3"},"east":{"uv":[1,2.25,1.125,10.625],"texture":"#3"},"south":{"uv":[1.25,2.25,1.375,10.625],"texture":"#3"},"west":{"uv":[2.25,0,2.375,8.375],"texture":"#3"},"up":{"uv":[8.125,5.375,8,5.25],"rotation":270,"texture":"#3"},"down":{"uv":[5.625,8,5.5,8.125],"rotation":90,"texture":"#3"}}},{"from":[7.525,6.5,7.60361],"to":[8.475,9.5,8.60361],"rotation":{"angle":0,"axis":"y","origin":[8,8,8]},"faces":{"north":{"uv":[3.75,5.75,4,6.5],"texture":"#3"},"east":{"uv":[5.75,3.75,6,4.5],"texture":"#3"},"south":{"uv":[4,5.75,4.25,6.5],"texture":"#3"},"west":{"uv":[5.75,3,6,3.75],"texture":"#3"},"up":{"uv":[3.75,1.5,3.5,1.25],"rotation":270,"texture":"#3"},"down":{"uv":[5,2.75,4.75,3],"rotation":90,"texture":"#3"}}},{"from":[7.5,8.78037,6.65905],"to":[8.5,11.28037,7.65905],"rotation":{"angle":45,"axis":"x","origin":[8,8,8]},"faces":{"north":{"uv":[3.5,6.5,3.75,7.125],"texture":"#3"},"east":{"uv":[3.75,6.5,4,7.125],"texture":"#3"},"south":{"uv":[4,6.5,4.25,7.125],"texture":"#3"},"west":{"uv":[3.25,6.5,3.5,7.125],"texture":"#3"},"up":{"uv":[8,4.75,7.75,4.5],"rotation":270,"texture":"#3"},"down":{"uv":[5,7.75,4.75,8],"rotation":90,"texture":"#3"}}},{"from":[7.501,9.57034,9.90019],"to":[8.499,12.07034,10.90019],"rotation":{"angle":-22.5,"axis":"x","origin":[8,8,8]},"faces":{"north":{"uv":[4.5,6.5,4.75,7.125],"texture":"#3"},"east":{"uv":[4.75,6.5,5,7.125],"texture":"#3"},"south":{"uv":[5.75,6.5,6,7.125],"texture":"#3"},"west":{"uv":[4.25,6.5,4.5,7.125],"texture":"#3"},"up":{"uv":[8,5,7.75,4.75],"rotation":270,"texture":"#3"},"down":{"uv":[8,5,7.75,5.25],"rotation":90,"texture":"#3"}}},{"from":[7.501,11.23708,3.34935],"to":[8.499,12.23708,5.34935],"rotation":{"angle":45,"axis":"x","origin":[8,8,8]},"faces":{"north":{"uv":[7.75,5.25,8,5.5],"texture":"#3"},"east":{"uv":[7,0.5,7.5,0.75],"texture":"#3"},"south":{"uv":[7.75,5.5,8,5.75],"texture":"#3"},"west":{"uv":[6.75,4.5,7.25,4.75],"texture":"#3"},"up":{"uv":[7.5,1,7,0.75],"rotation":270,"texture":"#3"},"down":{"uv":[7.5,1,7,1.25],"rotation":90,"texture":"#3"}}},{"from":[7.5,4.71963,6.65905],"to":[8.5,7.21963,7.65905],"rotation":{"angle":-45,"axis":"x","origin":[8,8,8]},"faces":{"north":{"uv":[1.5,6.75,1.75,7.375],"texture":"#3"},"east":{"uv":[6.75,1.5,7,2.125],"texture":"#3"},"south":{"uv":[1.75,6.75,2,7.375],"texture":"#3"},"west":{"uv":[6.75,0.75,7,1.375],"texture":"#3"},"up":{"uv":[8.25,0.5,8,0.25],"rotation":270,"texture":"#3"},"down":{"uv":[0.75,8,0.5,8.25],"rotation":90,"texture":"#3"}}},{"from":[7.501,3.92966,9.90019],"to":[8.499,6.42966,10.90019],"rotation":{"angle":22.5,"axis":"x","origin":[8,8,8]},"faces":{"north":{"uv":[6.75,0,7,0.625],"texture":"#3"},"east":{"uv":[0.25,6.75,0.5,7.375],"texture":"#3"},"south":{"uv":[0.5,6.75,0.75,7.375],"texture":"#3"},"west":{"uv":[0,6.75,0.25,7.375],"texture":"#3"},"up":{"uv":[8.25,0.25,8,0],"rotation":270,"texture":"#3"},"down":{"uv":[0.5,8,0.25,8.25],"rotation":90,"texture":"#3"}}},{"from":[7.501,3.76292,3.34935],"to":[8.499,4.76292,5.34935],"rotation":{"angle":-45,"axis":"x","origin":[8,8,8]},"faces":{"north":{"uv":[7.75,7.75,8,8],"texture":"#3"},"east":{"uv":[6,7,6.5,7.25],"texture":"#3"},"south":{"uv":[0,8,0.25,8.25],"texture":"#3"},"west":{"uv":[7,2.75,7.5,3],"texture":"#3"},"up":{"uv":[7.75,0.25,7.25,0],"rotation":270,"texture":"#3"},"down":{"uv":[7.75,0.25,7.25,0.5],"rotation":90,"texture":"#3"}}},{"from":[7.25,11.14858,4.74581],"to":[8.75,14.64858,5.74581],"rotation":{"angle":22.5,"axis":"x","origin":[8,8,8]},"faces":{"north":{"uv":[4.5,3,4.875,3.875],"texture":"#3"},"east":{"uv":[5.5,2.25,5.75,3.125],"texture":"#3"},"south":{"uv":[4.5,4,4.875,4.875],"texture":"#3"},"west":{"uv":[3,5.25,3.25,6.125],"texture":"#3"},"up":{"uv":[4.25,7.625,4,7.25],"rotation":270,"texture":"#3"},"down":{"uv":[7.5,4,7.25,4.375],"rotation":90,"texture":"#3"}}},{"from":[7.25,12.89716,2.44921],"to":[8.75,14.89716,3.44921],"rotation":{"angle":45,"axis":"x","origin":[8,8,8]},"faces":{"north":{"uv":[5,5.75,5.375,6.25],"texture":"#3"},"east":{"uv":[7,0,7.25,0.5],"texture":"#3"},"south":{"uv":[5.75,5.25,6.125,5.75],"texture":"#3"},"west":{"uv":[5.25,2.25,5.5,2.75],"texture":"#3"},"up":{"uv":[7.5,6.375,7.25,6],"rotation":270,"texture":"#3"},"down":{"uv":[6.5,7.25,6.25,7.625],"rotation":90,"texture":"#3"}}},{"from":[7.275,16.09492,8.65914],"to":[8.725,18.59492,9.65914],"rotation":{"angle":0,"axis":"z","origin":[8,8,8]},"faces":{"north":{"uv":[5.25,0,5.625,0.625],"texture":"#3"},"east":{"uv":[6.5,6.5,6.75,7.125],"texture":"#3"},"south":{"uv":[5.25,0.75,5.625,1.375],"texture":"#3"},"west":{"uv":[6.5,5.75,6.75,6.375],"texture":"#3"},"up":{"uv":[6.75,7.625,6.5,7.25],"rotation":270,"texture":"#3"},"down":{"uv":[7.5,6.5,7.25,6.875],"rotation":90,"texture":"#3"}}},{"from":[7.275,11.82034,7.63243],"to":[8.725,13.32034,8.63243],"rotation":{"angle":-22.5,"axis":"x","origin":[8,8,8]},"faces":{"north":{"uv":[6.5,4.75,6.875,5.125],"texture":"#3"},"east":{"uv":[4.5,7.25,4.75,7.625],"texture":"#3"},"south":{"uv":[6.75,3,7.125,3.375],"texture":"#3"},"west":{"uv":[4.25,7.25,4.5,7.625],"texture":"#3"},"up":{"uv":[7.5,4.875,7.25,4.5],"rotation":270,"texture":"#3"},"down":{"uv":[5,7.25,4.75,7.625],"rotation":90,"texture":"#3"}}},{"from":[7.5,9.56248,3.11555],"to":[8.5,11.06248,4.11555],"rotation":{"angle":22.5,"axis":"x","origin":[8,8,8]},"faces":{"north":{"uv":[0,7.5,0.25,7.875],"texture":"#3"},"east":{"uv":[0.25,7.5,0.5,7.875],"texture":"#3"},"south":{"uv":[0.5,7.5,0.75,7.875],"texture":"#3"},"west":{"uv":[7.25,7,7.5,7.375],"texture":"#3"},"up":{"uv":[7.25,8,7,7.75],"rotation":270,"texture":"#3"},"down":{"uv":[8,7,7.75,7.25],"rotation":90,"texture":"#3"}}},{"from":[7.5,8.96018,2.3154],"to":[8.5,10.46018,3.3154],"rotation":{"angle":45,"axis":"x","origin":[8,8,8]},"faces":{"north":{"uv":[7.5,1,7.75,1.375],"texture":"#3"},"east":{"uv":[1.5,7.5,1.75,7.875],"texture":"#3"},"south":{"uv":[7.5,1.5,7.75,1.875],"texture":"#3"},"west":{"uv":[7.5,0.5,7.75,0.875],"texture":"#3"},"up":{"uv":[8,7.5,7.75,7.25],"rotation":270,"texture":"#3"},"down":{"uv":[8,7.5,7.75,7.75],"rotation":90,"texture":"#3"}}},{"from":[7.525,10.93006,4.00918],"to":[8.475,16.43006,5.00918],"rotation":{"angle":0,"axis":"z","origin":[8,8,8]},"faces":{"north":{"uv":[4.25,4.25,4.5,5.625],"texture":"#3"},"east":{"uv":[0,4.5,0.25,5.875],"texture":"#3"},"south":{"uv":[4.5,0,4.75,1.375],"texture":"#3"},"west":{"uv":[4.25,2.75,4.5,4.125],"texture":"#3"},"up":{"uv":[6,8,5.75,7.75],"rotation":270,"texture":"#3"},"down":{"uv":[8,5.75,7.75,6],"rotation":90,"texture":"#3"}}},{"from":[7.5,14.26114,1.08691],"to":[8.5,17.26114,2.08691],"rotation":{"angle":22.5,"axis":"x","origin":[8,8,8]},"faces":{"north":{"uv":[0,6,0.25,6.75],"texture":"#3"},"east":{"uv":[6,0,6.25,0.75],"texture":"#3"},"south":{"uv":[0.25,6,0.5,6.75],"texture":"#3"},"west":{"uv":[5.75,5.75,6,6.5],"texture":"#3"},"up":{"uv":[6.25,8,6,7.75],"rotation":270,"texture":"#3"},"down":{"uv":[8,6,7.75,6.25],"rotation":90,"texture":"#3"}}},{"from":[7.525,13.91066,-1.93094],"to":[8.475,17.41066,-0.93094],"rotation":{"angle":45,"axis":"x","origin":[8,8,8]},"faces":{"north":{"uv":[5.5,3.25,5.75,4.125],"texture":"#3"},"east":{"uv":[3.5,5.5,3.75,6.375],"texture":"#3"},"south":{"uv":[5.5,4.25,5.75,5.125],"texture":"#3"},"west":{"uv":[3.25,5.5,3.5,6.375],"texture":"#3"},"up":{"uv":[6.5,8,6.25,7.75],"rotation":270,"texture":"#3"},"down":{"uv":[8,6.25,7.75,6.5],"rotation":90,"texture":"#3"}}},{"from":[7.5,17.49471,2.4263],"to":[8.5,20.49471,3.4263],"rotation":{"angle":22.5,"axis":"x","origin":[8,8,8]},"faces":{"north":{"uv":[6,0.75,6.25,1.5],"texture":"#3"},"east":{"uv":[6,1.5,6.25,2.25],"texture":"#3"},"south":{"uv":[2,6,2.25,6.75],"texture":"#3"},"west":{"uv":[0.5,6,0.75,6.75],"texture":"#3"},"up":{"uv":[6.75,8,6.5,7.75],"rotation":270,"texture":"#3"},"down":{"uv":[8,6.5,7.75,6.75],"rotation":90,"texture":"#3"}}},{"from":[7.525,16.65498,10.77258],"to":[8.475,18.65498,11.77258],"rotation":{"angle":-22.5,"axis":"x","origin":[8,8,8]},"faces":{"north":{"uv":[7,1.75,7.25,2.25],"texture":"#3"},"east":{"uv":[7,2.25,7.25,2.75],"texture":"#3"},"south":{"uv":[3,7,3.25,7.5],"texture":"#3"},"west":{"uv":[7,1.25,7.25,1.75],"texture":"#3"},"up":{"uv":[7,8,6.75,7.75],"rotation":270,"texture":"#3"},"down":{"uv":[8,6.75,7.75,7],"rotation":90,"texture":"#3"}}},{"from":[7.25,12.77469,5.6244],"to":[8.75,15.77469,6.6244],"rotation":{"angle":0,"axis":"z","origin":[8,8,8]},"faces":{"north":{"uv":[4.75,2,5.125,2.75],"texture":"#3"},"east":{"uv":[4.5,5.75,4.75,6.5],"texture":"#3"},"south":{"uv":[1.5,5,1.875,5.75],"texture":"#3"},"west":{"uv":[4.25,5.75,4.5,6.5],"texture":"#3"},"up":{"uv":[7.5,5.375,7.25,5],"rotation":270,"texture":"#3"},"down":{"uv":[7.5,5.5,7.25,5.875],"rotation":90,"texture":"#3"}}},{"from":[7.225,11.81773,0.82266],"to":[8.775,17.81773,1.82266],"rotation":{"angle":45,"axis":"x","origin":[8,8,8]},"faces":{"north":{"uv":[1.5,2.25,1.875,3.75],"texture":"#3"},"east":{"uv":[3.25,4,3.5,5.5],"texture":"#3"},"south":{"uv":[2.5,0,2.875,1.5],"texture":"#3"},"west":{"uv":[3,3.75,3.25,5.25],"texture":"#3"},"up":{"uv":[7,7.625,6.75,7.25],"rotation":270,"texture":"#3"},"down":{"uv":[7.25,7.25,7,7.625],"rotation":90,"texture":"#3"}}},{"from":[7.25,19.43437,5.04997],"to":[8.75,22.68437,6.04997],"rotation":{"angle":22.5,"axis":"x","origin":[8,8,8]},"faces":{"north":{"uv":[5,2.75,5.375,3.5],"texture":"#3"},"east":{"uv":[4.75,5.75,5,6.5],"texture":"#3"},"south":{"uv":[5,3.5,5.375,4.25],"texture":"#3"},"west":{"uv":[5.75,4.5,6,5.25],"texture":"#3"},"up":{"uv":[6,7.625,5.75,7.25],"rotation":270,"texture":"#3"},"down":{"uv":[6.25,7.25,6,7.625],"rotation":90,"texture":"#3"}}},{"from":[7.275,19.7623,16.00454],"to":[8.725,21.7623,17.00454],"rotation":{"angle":-22.5,"axis":"x","origin":[8,8,8]},"faces":{"north":{"uv":[6,2.25,6.375,2.75],"texture":"#3"},"east":{"uv":[5,7,5.25,7.5],"texture":"#3"},"south":{"uv":[2.5,6,2.875,6.5],"texture":"#3"},"west":{"uv":[7,4.75,7.25,5.25],"texture":"#3"},"up":{"uv":[2,7.875,1.75,7.5],"rotation":270,"texture":"#3"},"down":{"uv":[2.25,7.5,2,7.875],"rotation":90,"texture":"#3"}}},{"from":[7.25,20.66182,-1.65151],"to":[8.75,22.66182,-0.65151],"rotation":{"angle":45,"axis":"x","origin":[8,8,8]},"faces":{"north":{"uv":[6,2.75,6.375,3.25],"texture":"#3"},"east":{"uv":[5.5,7,5.75,7.5],"texture":"#3"},"south":{"uv":[6,3.25,6.375,3.75],"texture":"#3"},"west":{"uv":[5.25,7,5.5,7.5],"texture":"#3"},"up":{"uv":[7.75,2.375,7.5,2],"rotation":270,"texture":"#3"},"down":{"uv":[7.75,2.5,7.5,2.875],"rotation":90,"texture":"#3"}}},{"from":[7.275,21.60379,17.8523],"to":[8.725,22.52767,18.23498],"rotation":{"angle":-22.5,"axis":"x","origin":[8,8,8]},"faces":{"north":{"uv":[7.5,3,7.875,3.25],"texture":"#3"},"east":{"uv":[5,8,5.125,8.25],"texture":"#3"},"south":{"uv":[7.5,3.25,7.875,3.5],"texture":"#3"},"west":{"uv":[4.75,8,4.875,8.25],"texture":"#3"},"up":{"uv":[8.125,3.375,8,3],"rotation":270,"texture":"#3"},"down":{"uv":[8.125,3.5,8,3.875],"rotation":90,"texture":"#3"}}},{"from":[7.575,11.93006,5.00918],"to":[8.425,20.43006,8.00918],"rotation":{"angle":0,"axis":"z","origin":[8,8,8]},"faces":{"north":{"uv":[2,2.25,2.25,4.375],"texture":"#3"},"east":{"uv":[0.75,0,1.5,2.125],"texture":"#3"},"south":{"uv":[3,1.5,3.25,3.625],"texture":"#3"},"west":{"uv":[0,0,0.75,2.125],"texture":"#3"},"up":{"uv":[6.75,4,6,3.75],"rotation":270,"texture":"#3"},"down":{"uv":[6.75,4,6,4.25],"rotation":90,"texture":"#3"}}},{"from":[7.3,10.31773,1.82266],"to":[8.7,15.31773,3.32266],"rotation":{"angle":45,"axis":"x","origin":[8,8,8]},"faces":{"north":{"uv":[3.25,2.75,3.625,4],"texture":"#3"},"east":{"uv":[3.5,0,3.875,1.25],"texture":"#3"},"south":{"uv":[3.75,1.25,4.125,2.5],"texture":"#3"},"west":{"uv":[3.25,1.5,3.625,2.75],"texture":"#3"},"up":{"uv":[7.125,3.875,6.75,3.5],"rotation":270,"texture":"#3"},"down":{"uv":[7.125,4,6.75,4.375],"rotation":90,"texture":"#3"}}},{"from":[7.25,1.35142,4.74581],"to":[8.75,4.85142,5.74581],"rotation":{"angle":-22.5,"axis":"x","origin":[8,8,8]},"faces":{"north":{"uv":[4.75,0,5.125,0.875],"texture":"#3"},"east":{"uv":[5.75,2,6,2.875],"texture":"#3"},"south":{"uv":[4.75,1,5.125,1.875],"texture":"#3"},"west":{"uv":[1.75,5.75,2,6.625],"texture":"#3"},"up":{"uv":[4.5,8.125,4.25,7.75],"rotation":270,"texture":"#3"},"down":{"uv":[4.75,7.75,4.5,8.125],"rotation":90,"texture":"#3"}}},{"from":[7.275,2.67966,7.63243],"to":[8.725,4.17966,8.63243],"rotation":{"angle":22.5,"axis":"x","origin":[8,8,8]},"faces":{"north":{"uv":[6.75,6.25,7.125,6.625],"texture":"#3"},"east":{"uv":[3.75,7.75,4,8.125],"texture":"#3"},"south":{"uv":[6.75,6.75,7.125,7.125],"texture":"#3"},"west":{"uv":[3.5,7.75,3.75,8.125],"texture":"#3"},"up":{"uv":[4.25,8.125,4,7.75],"rotation":270,"texture":"#3"},"down":{"uv":[8,4,7.75,4.375],"rotation":90,"texture":"#3"}}},{"from":[7.25,0.22531,5.6244],"to":[8.75,3.22531,6.6244],"rotation":{"angle":0,"axis":"z","origin":[8,8,8]},"faces":{"north":{"uv":[4.5,5,4.875,5.75],"texture":"#3"},"east":{"uv":[6.5,3,6.75,3.75],"texture":"#3"},"south":{"uv":[5,5,5.375,5.75],"texture":"#3"},"west":{"uv":[2.75,6.5,3,7.25],"texture":"#3"},"up":{"uv":[3,8.125,2.75,7.75],"rotation":270,"texture":"#3"},"down":{"uv":[3.5,7.75,3.25,8.125],"rotation":90,"texture":"#3"}}},{"from":[7.25,-6.68437,5.04997],"to":[8.75,-3.43437,6.04997],"rotation":{"angle":-22.5,"axis":"x","origin":[8,8,8]},"faces":{"north":{"uv":[3.75,5,4.125,5.75],"texture":"#3"},"east":{"uv":[2.5,6.5,2.75,7.25],"texture":"#3"},"south":{"uv":[5,4.25,5.375,5],"texture":"#3"},"west":{"uv":[6.5,2.25,6.75,3],"texture":"#3"},"up":{"uv":[2.75,8.125,2.5,7.75],"rotation":270,"texture":"#3"},"down":{"uv":[8,2.5,7.75,2.875],"rotation":90,"texture":"#3"}}},{"from":[7.25,1.10284,2.44921],"to":[8.75,3.10284,3.44921],"rotation":{"angle":-45,"axis":"x","origin":[8,8,8]},"faces":{"north":{"uv":[6.25,1.75,6.625,2.25],"texture":"#3"},"east":{"uv":[3.75,7.25,4,7.75],"texture":"#3"},"south":{"uv":[6.25,5.25,6.625,5.75],"texture":"#3"},"west":{"uv":[7.25,3.5,7.5,4],"texture":"#3"},"up":{"uv":[8,1.875,7.75,1.5],"rotation":270,"texture":"#3"},"down":{"uv":[8,2,7.75,2.375],"rotation":90,"texture":"#3"}}},{"from":[7.275,-2.59492,8.65914],"to":[8.725,-0.09492,9.65914],"rotation":{"angle":0,"axis":"z","origin":[8,8,8]},"faces":{"north":{"uv":[5.25,1.5,5.625,2.125],"texture":"#3"},"east":{"uv":[6.75,2.25,7,2.875],"texture":"#3"},"south":{"uv":[2.5,5.25,2.875,5.875],"texture":"#3"},"west":{"uv":[2,6.75,2.25,7.375],"texture":"#3"},"up":{"uv":[8,0.875,7.75,0.5],"rotation":270,"texture":"#3"},"down":{"uv":[8,1,7.75,1.375],"rotation":90,"texture":"#3"}}},{"from":[7.225,-1.81773,0.82266],"to":[8.775,4.18227,1.82266],"rotation":{"angle":-45,"axis":"x","origin":[8,8,8]},"faces":{"north":{"uv":[2.5,1.5,2.875,3],"texture":"#3"},"east":{"uv":[4.25,1.25,4.5,2.75],"texture":"#3"},"south":{"uv":[3,0,3.375,1.5],"texture":"#3"},"west":{"uv":[3.5,4,3.75,5.5],"texture":"#3"},"up":{"uv":[7.75,7.875,7.5,7.5],"rotation":270,"texture":"#3"},"down":{"uv":[8,0,7.75,0.375],"rotation":90,"texture":"#3"}}},{"from":[7.3,0.68227,1.82266],"to":[8.7,5.68227,3.32266],"rotation":{"angle":-45,"axis":"x","origin":[8,8,8]},"faces":{"north":{"uv":[3.75,2.5,4.125,3.75],"texture":"#3"},"east":{"uv":[3.75,3.75,4.125,5],"texture":"#3"},"south":{"uv":[4,0,4.375,1.25],"texture":"#3"},"west":{"uv":[1.5,3.75,1.875,5],"texture":"#3"},"up":{"uv":[7.125,5.625,6.75,5.25],"rotation":270,"texture":"#3"},"down":{"uv":[7.125,5.75,6.75,6.125],"rotation":90,"texture":"#3"}}},{"from":[7.525,-0.43006,4.00918],"to":[8.475,5.06994,5.00918],"rotation":{"angle":0,"axis":"z","origin":[8,8,8]},"faces":{"north":{"uv":[0.5,4.5,0.75,5.875],"texture":"#3"},"east":{"uv":[4.5,1.5,4.75,2.875],"texture":"#3"},"south":{"uv":[2,4.5,2.25,5.875],"texture":"#3"},"west":{"uv":[0.25,4.5,0.5,5.875],"texture":"#3"},"up":{"uv":[8.25,3,8,2.75],"rotation":270,"texture":"#3"},"down":{"uv":[3.25,8,3,8.25],"rotation":90,"texture":"#3"}}},{"from":[7.5,-1.26114,1.08691],"to":[8.5,1.73886,2.08691],"rotation":{"angle":-22.5,"axis":"x","origin":[8,8,8]},"faces":{"north":{"uv":[6,6.25,6.25,7],"texture":"#3"},"east":{"uv":[6.25,6.25,6.5,7],"texture":"#3"},"south":{"uv":[6.5,1,6.75,1.75],"texture":"#3"},"west":{"uv":[5.5,6.25,5.75,7],"texture":"#3"},"up":{"uv":[8.25,2.5,8,2.25],"rotation":270,"texture":"#3"},"down":{"uv":[8.25,2.5,8,2.75],"rotation":90,"texture":"#3"}}},{"from":[7.525,-1.41066,-1.93094],"to":[8.475,2.08934,-0.93094],"rotation":{"angle":-45,"axis":"x","origin":[8,8,8]},"faces":{"north":{"uv":[5.75,0,6,0.875],"texture":"#3"},"east":{"uv":[5.75,1,6,1.875],"texture":"#3"},"south":{"uv":[1.5,5.75,1.75,6.625],"texture":"#3"},"west":{"uv":[5.5,5.25,5.75,6.125],"texture":"#3"},"up":{"uv":[2.25,8.25,2,8],"rotation":270,"texture":"#3"},"down":{"uv":[8.25,2,8,2.25],"rotation":90,"texture":"#3"}}},{"from":[7.5,-4.49471,2.4263],"to":[8.5,-1.49471,3.4263],"rotation":{"angle":-22.5,"axis":"x","origin":[8,8,8]},"faces":{"north":{"uv":[3,6.25,3.25,7],"texture":"#3"},"east":{"uv":[5,6.25,5.25,7],"texture":"#3"},"south":{"uv":[5.25,6.25,5.5,7],"texture":"#3"},"west":{"uv":[6.25,1,6.5,1.75],"texture":"#3"},"up":{"uv":[2,8.25,1.75,8],"rotation":270,"texture":"#3"},"down":{"uv":[8.25,1.75,8,2],"rotation":90,"texture":"#3"}}},{"from":[7.525,-2.65498,10.77258],"to":[8.475,-0.65498,11.77258],"rotation":{"angle":22.5,"axis":"x","origin":[8,8,8]},"faces":{"north":{"uv":[7.25,3,7.5,3.5],"texture":"#3"},"east":{"uv":[3.25,7.25,3.5,7.75],"texture":"#3"},"south":{"uv":[3.5,7.25,3.75,7.75],"texture":"#3"},"west":{"uv":[2.75,7.25,3,7.75],"texture":"#3"},"up":{"uv":[1.75,8.25,1.5,8],"rotation":270,"texture":"#3"},"down":{"uv":[8.25,1.5,8,1.75],"rotation":90,"texture":"#3"}}},{"from":[7.5,4.93752,3.11555],"to":[8.5,6.43752,4.11555],"rotation":{"angle":-22.5,"axis":"x","origin":[8,8,8]},"faces":{"north":{"uv":[7.5,6.5,7.75,6.875],"texture":"#3"},"east":{"uv":[7.5,7,7.75,7.375],"texture":"#3"},"south":{"uv":[7.25,7.5,7.5,7.875],"texture":"#3"},"west":{"uv":[7.5,6,7.75,6.375],"texture":"#3"},"up":{"uv":[8.25,1.25,8,1],"rotation":270,"texture":"#3"},"down":{"uv":[8.25,1.25,8,1.5],"rotation":90,"texture":"#3"}}},{"from":[7.5,5.53982,2.3154],"to":[8.5,7.03982,3.3154],"rotation":{"angle":-45,"axis":"x","origin":[8,8,8]},"faces":{"north":{"uv":[5.25,7.5,5.5,7.875],"texture":"#3"},"east":{"uv":[5.5,7.5,5.75,7.875],"texture":"#3"},"south":{"uv":[7.5,5.5,7.75,5.875],"texture":"#3"},"west":{"uv":[7.5,5,7.75,5.375],"texture":"#3"},"up":{"uv":[8.25,0.75,8,0.5],"rotation":270,"texture":"#3"},"down":{"uv":[8.25,0.75,8,1],"rotation":90,"texture":"#3"}}},{"from":[7.275,-5.7623,16.00454],"to":[8.725,-3.7623,17.00454],"rotation":{"angle":22.5,"axis":"x","origin":[8,8,8]},"faces":{"north":{"uv":[6.25,0,6.625,0.5],"texture":"#3"},"east":{"uv":[2.5,7.25,2.75,7.75],"texture":"#3"},"south":{"uv":[6.25,0.5,6.625,1],"texture":"#3"},"west":{"uv":[7.25,2.25,7.5,2.75],"texture":"#3"},"up":{"uv":[7.75,4.875,7.5,4.5],"rotation":270,"texture":"#3"},"down":{"uv":[5.25,7.5,5,7.875],"rotation":90,"texture":"#3"}}},{"from":[7.25,-6.66182,-1.65151],"to":[8.75,-4.66182,-0.65151],"rotation":{"angle":-45,"axis":"x","origin":[8,8,8]},"faces":{"north":{"uv":[6,4.75,6.375,5.25],"texture":"#3"},"east":{"uv":[7.25,1.75,7.5,2.25],"texture":"#3"},"south":{"uv":[6,5.75,6.375,6.25],"texture":"#3"},"west":{"uv":[7.25,1.25,7.5,1.75],"texture":"#3"},"up":{"uv":[3.25,7.875,3,7.5],"rotation":270,"texture":"#3"},"down":{"uv":[7.75,4,7.5,4.375],"rotation":90,"texture":"#3"}}},{"from":[7.275,-6.52767,17.8523],"to":[8.725,-5.60379,18.23498],"rotation":{"angle":22.5,"axis":"x","origin":[8,8,8]},"faces":{"north":{"uv":[7.5,3.5,7.875,3.75],"texture":"#3"},"east":{"uv":[5.25,8,5.375,8.25],"texture":"#3"},"south":{"uv":[7.5,3.75,7.875,4],"texture":"#3"},"west":{"uv":[8,5,8.125,5.25],"texture":"#3"},"up":{"uv":[8.125,4.375,8,4],"rotation":270,"texture":"#3"},"down":{"uv":[8.125,4.5,8,4.875],"rotation":90,"texture":"#3"}}},{"from":[7.575,-4.43006,5.00918],"to":[8.425,4.06994,8.00918],"rotation":{"angle":0,"axis":"z","origin":[8,8,8]},"faces":{"north":{"uv":[2.5,3,2.75,5.125],"texture":"#3"},"east":{"uv":[0,2.25,0.75,4.375],"texture":"#3"},"south":{"uv":[2.75,3,3,5.125],"texture":"#3"},"west":{"uv":[1.5,0,2.25,2.125],"texture":"#3"},"up":{"uv":[6.75,4.5,6,4.25],"rotation":270,"texture":"#3"},"down":{"uv":[6.75,4.5,6,4.75],"rotation":90,"texture":"#3"}}},{"from":[8.1,5.5,1.60361],"to":[8.1,10.5,6.60361],"rotation":{"angle":0,"axis":"y","origin":[8.1,8,8]},"faces":{"north":{"uv":[0,0,0,5],"texture":"#1"},"east":{"uv":[2.5,0,0,2.5],"texture":"#1"},"south":{"uv":[0,0,0,5],"texture":"#1"},"west":{"uv":[13.5,13.5,16,16],"texture":"#1"},"up":{"uv":[5,0,0,0],"rotation":270,"texture":"#1"},"down":{"uv":[5,0,0,0],"rotation":90,"texture":"#1"}}},{"from":[8.1,6.99108,1.90021],"to":[8.1,11.99108,6.90021],"rotation":{"angle":-22.5,"axis":"x","origin":[8.1,8,8]},"faces":{"north":{"uv":[0,0,0,5],"texture":"#1"},"east":{"uv":[2.5,2.75,0,5.25],"texture":"#1"},"south":{"uv":[0,0,0,5],"texture":"#1"},"west":{"uv":[13.5,13.5,16,16],"texture":"#1"},"up":{"uv":[5,0,0,0],"rotation":270,"texture":"#1"},"down":{"uv":[5,0,0,0],"rotation":90,"texture":"#1"}}},{"from":[8.1,2.74484,2.74484],"to":[8.1,7.74484,7.74484],"rotation":{"angle":45,"axis":"x","origin":[8.1,8,8]},"faces":{"north":{"uv":[5,0,0,0],"rotation":90,"texture":"#1"},"east":{"uv":[5.25,0,2.75,2.5],"rotation":90,"texture":"#1"},"south":{"uv":[5,0,0,0],"rotation":90,"texture":"#1"},"west":{"uv":[13.5,13.5,16,16],"rotation":270,"texture":"#1"},"up":{"uv":[0,0,0,5],"texture":"#1"},"down":{"uv":[0,0,0,5],"rotation":180,"texture":"#1"}}},{"from":[8.1,4.00892,1.90021],"to":[8.1,9.00892,6.90021],"rotation":{"angle":22.5,"axis":"x","origin":[8.1,8,8]},"faces":{"north":{"uv":[5,0,0,0],"rotation":90,"texture":"#1"},"east":{"uv":[5.25,2.75,2.75,5.25],"rotation":90,"texture":"#1"},"south":{"uv":[5,0,0,0],"rotation":90,"texture":"#1"},"west":{"uv":[13.5,13.5,16,16],"rotation":270,"texture":"#1"},"up":{"uv":[0,0,0,5],"texture":"#1"},"down":{"uv":[0,0,0,5],"rotation":180,"texture":"#1"}}},{"from":[7.9,5.5,1.60361],"to":[7.9,10.5,6.60361],"rotation":{"angle":0,"axis":"y","origin":[7.9,8,8]},"faces":{"north":{"uv":[0,0,0,5],"texture":"#1"},"east":{"uv":[16,13.5,13.5,16],"texture":"#1"},"south":{"uv":[0,0,0,5],"texture":"#1"},"west":{"uv":[0,0,2.5,2.5],"texture":"#1"},"up":{"uv":[5,0,0,0],"rotation":270,"texture":"#1"},"down":{"uv":[5,0,0,0],"rotation":90,"texture":"#1"}}},{"from":[7.9,4.00892,1.90021],"to":[7.9,9.00892,6.90021],"rotation":{"angle":22.5,"axis":"x","origin":[7.9,8,8]},"faces":{"north":{"uv":[5,0,0,0],"rotation":90,"texture":"#1"},"east":{"uv":[13.5,16,16,13.5],"rotation":270,"texture":"#1"},"south":{"uv":[5,0,0,0],"rotation":90,"texture":"#1"},"west":{"uv":[5.25,5.25,2.75,2.75],"rotation":90,"texture":"#1"},"up":{"uv":[0,0,0,5],"texture":"#1"},"down":{"uv":[0,0,0,5],"rotation":180,"texture":"#1"}}},{"from":[7.9,6.99108,1.90021],"to":[7.9,11.99108,6.90021],"rotation":{"angle":-22.5,"axis":"x","origin":[7.9,8,8]},"faces":{"north":{"uv":[0,0,0,5],"texture":"#1"},"east":{"uv":[16,13.5,13.5,16],"texture":"#1"},"south":{"uv":[0,0,0,5],"texture":"#1"},"west":{"uv":[0,2.75,2.5,5.25],"texture":"#1"},"up":{"uv":[5,0,0,0],"rotation":270,"texture":"#1"},"down":{"uv":[5,0,0,0],"rotation":90,"texture":"#1"}}},{"from":[7.9,2.74484,2.74484],"to":[7.9,7.74484,7.74484],"rotation":{"angle":45,"axis":"x","origin":[7.9,8,8]},"faces":{"north":{"uv":[5,0,0,0],"rotation":90,"texture":"#1"},"east":{"uv":[13.5,16,16,13.5],"rotation":270,"texture":"#1"},"south":{"uv":[5,0,0,0],"rotation":90,"texture":"#1"},"west":{"uv":[5.25,2.5,2.75,0],"rotation":90,"texture":"#1"},"up":{"uv":[0,0,0,5],"texture":"#1"},"down":{"uv":[0,0,0,5],"rotation":180,"texture":"#1"}}}],"gui_light":"front","display":{"thirdperson_righthand":{"rotation":[9,0,0],"translation":[0,-2,0.25],"scale":[0.74219,0.74219,0.74219]},"thirdperson_lefthand":{"rotation":[9,0,0],"translation":[0,-2,0.25],"scale":[0.74219,0.74219,0.74219]},"firstperson_righthand":{"rotation":[16.89,3.12,-3.52],"translation":[4.75,2.5,-4.25],"scale":[0.86523,0.86523,0.86523]},"firstperson_lefthand":{"rotation":[16.89,3.12,-3.52],"translation":[4.75,2.5,-4.25],"scale":[0.86523,0.86523,0.86523]},"ground":{"rotation":[0,0,-80],"translation":[-0.25,-1,-1],"scale":[0.62891,0.62891,0.62891]},"gui":{"rotation":[90,50.25,-90],"translation":[-1.25,1.25,0],"scale":[0.51758,0.51758,0.51758]},"head":{"rotation":[-90,57.5,90],"translation":[-2.75,17.5,0],"scale":[0.74805,0.74805,0.74805]},"fixed":{"rotation":[0,90,0],"translation":[1.5,0.75,-2],"scale":[1.63477,1.63477,1.63477]}}}