{"credit":"MadebyPolygonMC","texture_size":[8,8],"textures":{"0":"lunarset:animations_2","1":"lunarset:sword","3":"lunarset:animations_1","particle":"lunarset:animations_2"},"elements":[{"from":[7.25,1,7.25],"to":[8.75,1.5,8.75],"rotation":{"angle":0,"axis":"y","origin":[7.5,0,7.5]},"faces":{"north":{"uv":[6.66667,12.66667,7.66667,13],"texture":"#1"},"east":{"uv":[12.66667,6.66667,13.66667,7],"texture":"#1"},"south":{"uv":[12.66667,7.33333,13.66667,7.66667],"texture":"#1"},"west":{"uv":[8,12.66667,9,13],"texture":"#1"},"up":{"uv":[11.66667,1,10.66667,0],"texture":"#1"},"down":{"uv":[11.66667,1.33333,10.66667,2.33333],"texture":"#1"}}},{"from":[7.25,5.5,7.25],"to":[8.75,6,8.75],"rotation":{"angle":0,"axis":"y","origin":[7.5,0,7.5]},"faces":{"north":{"uv":[12.66667,8,13.66667,8.33333],"texture":"#1"},"east":{"uv":[12.66667,8.66667,13.66667,9],"texture":"#1"},"south":{"uv":[9.33333,12.66667,10.33333,13],"texture":"#1"},"west":{"uv":[12.66667,9.33333,13.66667,9.66667],"texture":"#1"},"up":{"uv":[11.66667,3.66667,10.66667,2.66667],"texture":"#1"},"down":{"uv":[11.66667,4,10.66667,5],"texture":"#1"}}},{"from":[7.5,1.5,7.5],"to":[8.5,2.5,8.5],"rotation":{"angle":0,"axis":"y","origin":[7.5,0,7.5]},"faces":{"north":{"uv":[9.33333,5.33333,10,6],"texture":"#1"},"east":{"uv":[10,2,10.66667,2.66667],"texture":"#1"},"south":{"uv":[5.33333,12,6,12.66667],"texture":"#1"},"west":{"uv":[6,12,6.66667,12.66667],"texture":"#1"},"up":{"uv":[7.33333,12.66667,6.66667,12],"texture":"#1"}}},{"from":[7.5,4.5,7.5],"to":[8.5,5.5,8.5],"rotation":{"angle":0,"axis":"y","origin":[7.5,0.5,7.5]},"faces":{"north":{"uv":[7.33333,12,8,12.66667],"texture":"#1"},"east":{"uv":[8,12,8.66667,12.66667],"texture":"#1"},"south":{"uv":[12,9.33333,12.66667,10],"texture":"#1"},"west":{"uv":[12,10,12.66667,10.66667],"texture":"#1"},"up":{"uv":[12.66667,11.33333,12,10.66667],"texture":"#1"},"down":{"uv":[12,12,11.33333,12.66667],"texture":"#1"}}},{"from":[7.6,2.5,7.6],"to":[8.4,4.5,8.4],"rotation":{"angle":0,"axis":"y","origin":[7.5,0,7.5]},"faces":{"north":{"uv":[10.66667,11.33333,11.16667,12.66667],"texture":"#1"},"east":{"uv":[11.33333,10.66667,11.83333,12],"texture":"#1"},"south":{"uv":[12,0,12.5,1.33333],"texture":"#1"},"west":{"uv":[12,1.33333,12.5,2.66667],"texture":"#1"}}},{"from":[7.75,-0.75,7],"to":[8.25,1.25,7.75],"rotation":{"angle":-45,"axis":"x","origin":[8,0.25,8]},"faces":{"north":{"uv":[12,11.33333,12.33333,12.66667],"texture":"#1"},"east":{"uv":[12,2.66667,12.5,4],"texture":"#1"},"south":{"uv":[12.66667,0,13,1.33333],"texture":"#1"},"west":{"uv":[13.16667,12.16667,13.66667,13.5],"texture":"#1"},"up":{"uv":[12.33333,13.16667,12,12.66667],"texture":"#1"},"down":{"uv":[13,12.66667,12.66667,13.16667],"texture":"#1"}}},{"from":[7.75,-0.75,8.25],"to":[8.25,1.25,9],"rotation":{"angle":-45,"axis":"x","origin":[8,0.25,8]},"faces":{"north":{"uv":[12.66667,1.33333,13,2.66667],"texture":"#1"},"east":{"uv":[12,4,12.5,5.33333],"texture":"#1"},"south":{"uv":[12.66667,2.66667,13,4],"texture":"#1"},"west":{"uv":[4.66667,12,5.16667,13.33333],"texture":"#1"},"up":{"uv":[0.33333,13.83333,0,13.33333],"texture":"#1"},"down":{"uv":[13.66667,0,13.33333,0.5],"texture":"#1"}}},{"from":[7.75,0.5,7.75],"to":[8.25,1.25,8.25],"rotation":{"angle":-45,"axis":"x","origin":[8,0.25,8]},"faces":{"east":{"uv":[4.66667,13.5,5,14],"texture":"#1"},"west":{"uv":[13.33333,0.66667,13.66667,1.16667],"texture":"#1"},"up":{"uv":[6.33333,13.83333,6,13.5],"texture":"#1"},"down":{"uv":[13.66667,2,13.33333,2.33333],"texture":"#1"}}},{"from":[7.75,-0.75,7.75],"to":[8.25,0,8.25],"rotation":{"angle":-45,"axis":"x","origin":[8,0.25,8]},"faces":{"east":{"uv":[6.5,13.5,6.83333,14],"texture":"#1"},"west":{"uv":[13.33333,1.33333,13.66667,1.83333],"texture":"#1"},"up":{"uv":[7.33333,13.83333,7,13.5],"texture":"#1"},"down":{"uv":[13.66667,2.66667,13.33333,3],"texture":"#1"}}},{"from":[7.4,6.05,6.9],"to":[8.6,8.25,9.1],"rotation":{"angle":-45,"axis":"x","origin":[8,7.15,8]},"faces":{"north":{"uv":[4.66667,10,5.5,11.5],"texture":"#1"},"east":{"uv":[8,6,9.5,7.5],"texture":"#1"},"south":{"uv":[10,5.33333,10.83333,6.83333],"texture":"#1"},"west":{"uv":[8,8,9.5,9.5],"texture":"#1"},"up":{"uv":[6.83333,11.5,6,10],"texture":"#1"},"down":{"uv":[8.16667,10,7.33333,11.5],"texture":"#1"}}},{"from":[7.1,6.35,7.2],"to":[8.9,7.95,8.8],"rotation":{"angle":-45,"axis":"x","origin":[8,7.15,8]},"faces":{"north":{"uv":[10,7.33333,11.16667,8.33333],"texture":"#1"},"east":{"uv":[11.33333,5.33333,12.33333,6.33333],"texture":"#1"},"south":{"uv":[8.66667,10,9.83333,11],"texture":"#1"},"west":{"uv":[11.33333,6.66667,12.33333,7.66667],"texture":"#1"},"up":{"uv":[11.16667,9.66667,10,8.66667],"texture":"#1"},"down":{"uv":[11.16667,10,10,11],"texture":"#1"}}},{"from":[7.5,6,5],"to":[8.5,8,8],"rotation":{"angle":-22.5,"axis":"x","origin":[8,7,6.5]},"faces":{"north":{"uv":[11.33333,9.33333,12,10.66667],"texture":"#1"},"east":{"uv":[8,0,10,1.33333],"texture":"#1"},"south":{"uv":[10,11.33333,10.66667,12.66667],"texture":"#1"},"west":{"uv":[8,1.33333,10,2.66667],"texture":"#1"},"up":{"uv":[10.66667,2,10,0],"texture":"#1"},"down":{"uv":[13.83333,10,13.16667,12],"texture":"#1"}}},{"from":[7.75,8,7],"to":[8.25,10,9],"rotation":{"angle":-45,"axis":"x","origin":[8,9,8]},"faces":{"north":{"uv":[12.66667,4,13,5.33333],"texture":"#1"},"east":{"uv":[9.33333,2.66667,10.66667,4],"texture":"#1"},"south":{"uv":[5.33333,12.66667,5.66667,14],"texture":"#1"},"west":{"uv":[9.33333,4,10.66667,5.33333],"texture":"#1"},"up":{"uv":[13,6.66667,12.66667,5.33333],"texture":"#1"},"down":{"uv":[6.33333,12.66667,6,14],"texture":"#1"}}},{"from":[7.75,23.81295,7],"to":[8.25,25.22895,8.416],"rotation":{"angle":-45,"axis":"x","origin":[8,24.81295,8]},"faces":{"north":{"uv":[12.66667,10,13,11],"texture":"#1"},"east":{"uv":[11.33333,8,12.33333,9],"texture":"#1"},"south":{"uv":[10.66667,12.66667,11,13.66667],"texture":"#1"},"west":{"uv":[8.66667,11.33333,9.66667,12.33333],"texture":"#1"},"up":{"uv":[11.66667,13.66667,11.33333,12.66667],"texture":"#1"},"down":{"uv":[13,11.33333,12.66667,12.33333],"texture":"#1"}}},{"from":[7.755,9.4,7],"to":[8.245,24.4,9],"rotation":{"angle":0,"axis":"y","origin":[8.005,10.4,8]},"faces":{"north":{"uv":[6.66667,0,7,10],"texture":"#1"},"east":{"uv":[6.66667,0,5.33333,10],"texture":"#1"},"south":{"uv":[7.33333,0,7.66667,10],"texture":"#1"},"west":{"uv":[5.33333,0,6.66667,10],"texture":"#1"}}},{"from":[7.975,8,5],"to":[8.025,28,11],"rotation":{"angle":0,"axis":"y","origin":[7.975,8,5.75]},"faces":{"east":{"uv":[4,0,0,13.33333],"texture":"#1"},"west":{"uv":[0,0,4,13.33333],"texture":"#1"}}},{"from":[7.5,6,8],"to":[8.5,8,11],"rotation":{"angle":22.5,"axis":"x","origin":[8,7,9.5]},"faces":{"north":{"uv":[10.66667,11.33333,10,12.66667],"texture":"#1"},"east":{"uv":[10,0,8,1.33333],"texture":"#1"},"south":{"uv":[12,9.33333,11.33333,10.66667],"texture":"#1"},"west":{"uv":[10,1.33333,8,2.66667],"texture":"#1"},"up":{"uv":[10.66667,0,10,2],"texture":"#1"},"down":{"uv":[13.83333,12,13.16667,10],"texture":"#1"}}},{"from":[4,3.15,7.975],"to":[12,11.15,8.025],"rotation":{"angle":45,"axis":"x","origin":[8,7.15,8]},"faces":{"north":{"uv":[0,16,16,0],"rotation":90,"texture":"#3"},"south":{"uv":[0,0,16,16],"rotation":90,"texture":"#3"}}},{"from":[4,7.125,4],"to":[12,7.175,12],"rotation":{"angle":45,"axis":"x","origin":[8,7.15,8]},"faces":{"up":{"uv":[16,16,0,0],"rotation":90,"texture":"#3"},"down":{"uv":[16,0,0,16],"rotation":270,"texture":"#3"}}},{"from":[7.975,2.48986,4.225],"to":[8.025,6.68986,6.025],"rotation":{"angle":22.5,"axis":"y","origin":[8,4.58986,5.125]},"faces":{"east":{"uv":[3.5,0,0,8.5],"texture":"#0"},"west":{"uv":[0,0,3.5,8.5],"texture":"#0"}}},{"from":[7.975,2.48986,9.975],"to":[8.025,6.68986,11.775],"rotation":{"angle":22.5,"axis":"y","origin":[8,4.58986,10.875]},"faces":{"east":{"uv":[0,0,3.5,8.5],"texture":"#0"},"west":{"uv":[3.5,0,0,8.5],"texture":"#0"}}}],"gui_light":"front","display":{"thirdperson_righthand":{"translation":[0,2.5,1.25]},"thirdperson_lefthand":{"translation":[0,2.5,1.25]},"firstperson_righthand":{"rotation":[-10,0,0],"translation":[0,2.75,0]},"firstperson_lefthand":{"rotation":[-10,0,0],"translation":[0,2.75,0]},"ground":{"translation":[0,10,0]},"gui":{"rotation":[-90,45,90],"translation":[3.25,-3.25,0],"scale":[0.82617,0.82617,0.82617]},"head":{"scale":[0,0,0]},"fixed":{"rotation":[0,90,0],"translation":[0,-14.5,-0.5],"scale":[2.5,2.5,2.5]}}}