{"credit":"MadewithBlockbenchbyyungwilder","texture_size":[32,32],"textures":{"2":"hat_pack_2:roman_helmet","particle":"hat_pack_2:roman_helmet"},"elements":[{"from":[7,8,5],"to":[9,9,12],"faces":{"north":{"uv":[3,12,4,12.5],"texture":"#2"},"east":{"uv":[11.5,6.5,15,7],"texture":"#2"},"south":{"uv":[12,8.5,13,9],"texture":"#2"},"west":{"uv":[11.5,7,15,7.5],"texture":"#2"},"up":{"uv":[11,12.5,10,9],"texture":"#2"},"down":{"uv":[9.5,10.5,8.5,14],"texture":"#2"}}},{"from":[7,10,5],"to":[9,14,14],"faces":{"north":{"uv":[11.5,4.5,12.5,6.5],"texture":"#2"},"east":{"uv":[4,8,8.5,10],"texture":"#2"},"west":{"uv":[8.5,8,4,10],"texture":"#2"},"up":{"uv":[7.5,14.5,6.5,10],"texture":"#2"},"down":{"uv":[8.5,10,7.5,14.5],"texture":"#2"}}},{"from":[7,2,14],"to":[9,14,17],"faces":{"east":{"uv":[8,0,9.5,6],"texture":"#2"},"south":{"uv":[5.5,10,6.5,16],"texture":"#2"},"west":{"uv":[9.5,0,8,6],"texture":"#2"},"up":{"uv":[1,13.5,0,12],"texture":"#2"},"down":{"uv":[13,0,12,1.5],"texture":"#2"}}},{"from":[7,2,17],"to":[9,4,18],"faces":{"north":{"uv":[12,1.5,13,2.5],"texture":"#2"},"east":{"uv":[12,9,12.5,10],"texture":"#2"},"south":{"uv":[2,12,3,13],"texture":"#2"},"west":{"uv":[12,10,12.5,11],"texture":"#2"},"up":{"uv":[13,11.5,12,11],"texture":"#2"},"down":{"uv":[13,11.5,12,12],"texture":"#2"}}},{"from":[7,11,4],"to":[9,14,5],"faces":{"north":{"uv":[1,12,2,13.5],"texture":"#2"},"east":{"uv":[8,6,8.5,7.5],"texture":"#2"},"west":{"uv":[9.5,4.5,10,6],"texture":"#2"},"up":{"uv":[13,12.5,12,12],"texture":"#2"},"down":{"uv":[4,12.5,3,13],"texture":"#2"}}},{"from":[6.5,9,4],"to":[9.5,10,13],"faces":{"north":{"uv":[12,2.5,13.5,3],"texture":"#2"},"east":{"uv":[11,3.5,15.5,4],"texture":"#2"},"south":{"uv":[12,3,13.5,3.5],"texture":"#2"},"west":{"uv":[11,4,15.5,4.5],"texture":"#2"},"up":{"uv":[10,10.5,8.5,6],"texture":"#2"},"down":{"uv":[11,0,9.5,4.5],"texture":"#2"}}},{"from":[7,2,12],"to":[9,9,13],"faces":{"east":{"uv":[11.5,7.5,12,11],"texture":"#2"},"south":{"uv":[11,0,12,3.5],"texture":"#2"},"west":{"uv":[11.5,11,12,14.5],"texture":"#2"},"up":{"uv":[13.5,5,12.5,4.5],"texture":"#2"},"down":{"uv":[13.5,5,12.5,5.5],"texture":"#2"}}},{"from":[6.5,1,13],"to":[9.5,10,14],"faces":{"north":{"uv":[4,10,5.5,14.5],"texture":"#2"},"east":{"uv":[9.5,10.5,10,15],"texture":"#2"},"south":{"uv":[10,4.5,11.5,9],"texture":"#2"},"west":{"uv":[11,9,11.5,13.5],"texture":"#2"},"up":{"uv":[13.5,8,12,7.5],"texture":"#2"},"down":{"uv":[13.5,8,12,8.5],"texture":"#2"}}},{"from":[4,0,4],"to":[12,8,12],"faces":{"north":{"uv":[0,0,4,4],"texture":"#2"},"east":{"uv":[0,4,4,8],"texture":"#2"},"south":{"uv":[4,0,8,4],"texture":"#2"},"west":{"uv":[4,4,0,8],"texture":"#2"},"up":{"uv":[8,8,4,4],"texture":"#2"}}},{"from":[11.975,0.025,4.025],"to":[4.025,7.975,11.975],"rotation":{"angle":0,"axis":"y","origin":[16,0,0]},"faces":{"north":{"uv":[4,0,0,4],"texture":"#2"},"east":{"uv":[0,4,4,8],"texture":"#2"},"south":{"uv":[8,0,4,4],"texture":"#2"},"west":{"uv":[4,4,0,8],"texture":"#2"},"up":{"uv":[4,8,8,4],"texture":"#2"}}}],"gui_light":"front","display":{"thirdperson_righthand":{"rotation":[100,0,0],"translation":[0,4,0],"scale":[0.5,0.5,0.5]},"thirdperson_lefthand":{"rotation":[100,0,0],"translation":[0,4,0],"scale":[0.5,0.5,0.5]},"firstperson_righthand":{"rotation":[0,125,0],"translation":[0,5.5,0],"scale":[0.5,0.5,0.5]},"firstperson_lefthand":{"rotation":[0,125,0],"translation":[0,5.5,0],"scale":[0.5,0.5,0.5]},"ground":{"rotation":[15,0,0],"translation":[0,2,0],"scale":[0.5,0.5,0.5]},"gui":{"rotation":[15,-135,0],"translation":[1,1,0],"scale":[0.9,0.9,0.9]},"head":{"translation":[0,7.25,0],"scale":[1.91,1.91,1.91]},"fixed":{"translation":[0,1,-7],"scale":[1.5,1.5,1.5]}}}