{"textures​":{"layer0":"minecraft:item/lever"},"credit":"Made by PolygonMC","texture_size":[24,24],"\u0074\u0065\u0078\u0074\u0075\u0072\u0065\u0073":{"1":"\u0070\u0072\u006f\u0074\u006f\u0063\u0061\u006c\u0073\u0065\u0074:\u0061\u006e\u0069\u006d\u0061\u0074\u0069\u006f\u006e\u0073/\u0061\u006e\u0069\u006d\u0061\u0074\u0069\u006f\u006e\u0073_2","2":"\u0070\u0072\u006f\u0074\u006f\u0063\u0061\u006c\u0073\u0065\u0074:\u0074\u0072\u0069\u0064\u0065\u006e\u0074","\u0070\u0061\u0072\u0074\u0069\u0063\u006c\u0065":"\u0070\u0072\u006f\u0074\u006f\u0063\u0061\u006c\u0073\u0065\u0074:\u0074\u0072\u0069\u0064\u0065\u006e\u0074"},"elements":[{"from":[7.75,0,7.5],"to":[8.25,0.5,8.5],"rotation":{"angle":-45,"axis":"x","origin":[8,1,8]},"faces":{"east":{"uv":[14,1.33333,14.66667,1.66667],"texture":"#2"},"west":{"uv":[14,2,14.66667,2.33333],"texture":"#2"},"up":{"uv":[14.33333,3.33333,14,2.66667],"texture":"#2"},"down":{"uv":[14.33333,3.33333,14,4],"texture":"#2"}}},{"from":[7.75,1.5,7.5],"to":[8.25,2,8.5],"rotation":{"angle":-45,"axis":"x","origin":[8,1,8]},"faces":{"east":{"uv":[4,14,4.66667,14.33333],"texture":"#2"},"west":{"uv":[14,4,14.66667,4.33333],"texture":"#2"},"up":{"uv":[5,14.66667,4.66667,14],"texture":"#2"},"down":{"uv":[14.33333,4.66667,14,5.33333],"texture":"#2"}}},{"from":[7.75,0,7],"to":[8.25,2,7.5],"rotation":{"angle":-45,"axis":"x","origin":[8,1,8]},"faces":{"north":{"uv":[7.33333,12.66667,7.66667,14],"texture":"#2"},"east":{"uv":[12.66667,7.33333,13,8.66667],"texture":"#2"},"south":{"uv":[8,12.66667,8.33333,14],"texture":"#2"},"west":{"uv":[8.66667,12.66667,9,14],"texture":"#2"},"up":{"uv":[5.66667,14.33333,5.33333,14],"texture":"#2"},"down":{"uv":[14.33333,5.33333,14,5.66667],"texture":"#2"}}},{"from":[7.75,0,8.5],"to":[8.25,2,9],"rotation":{"angle":-45,"axis":"x","origin":[8,1,8]},"faces":{"north":{"uv":[12.66667,9.33333,13,10.66667],"texture":"#2"},"east":{"uv":[10.66667,12.66667,11,14],"texture":"#2"},"south":{"uv":[12.66667,10.66667,13,12],"texture":"#2"},"west":{"uv":[11.33333,12.66667,11.66667,14],"texture":"#2"},"up":{"uv":[6.33333,14.33333,6,14],"texture":"#2"},"down":{"uv":[14.33333,6,14,6.33333],"texture":"#2"}}},{"from":[7.25,1.5,7.25],"to":[8.75,3,8.75],"rotation":{"angle":45,"axis":"x","origin":[8,2.25,8]},"faces":{"north":{"uv":[9.33333,8,10.33333,9],"texture":"#2"},"east":{"uv":[9.33333,9.33333,10.33333,10.33333],"texture":"#2"},"south":{"uv":[0,10,1,11],"texture":"#2"},"west":{"uv":[10,0,11,1],"texture":"#2"},"up":{"uv":[2.33333,11,1.33333,10],"texture":"#2"},"down":{"uv":[11,1.33333,10,2.33333],"texture":"#2"}}},{"from":[7.5,1.5,6.75],"to":[8.5,3,7.75],"rotation":{"angle":-22.5,"axis":"x","origin":[8,2.25,7.25]},"faces":{"north":{"uv":[12,2.66667,12.66667,3.66667],"texture":"#2"},"east":{"uv":[12,7.33333,12.66667,8.33333],"texture":"#2"},"west":{"uv":[9.33333,12,10,13],"texture":"#2"},"up":{"uv":[10,6.66667,9.33333,6],"texture":"#2"},"down":{"uv":[8.66667,9.33333,8,10],"texture":"#2"}}},{"from":[7.5,1.5,8.25],"to":[8.5,3,9.25],"rotation":{"angle":22.5,"axis":"x","origin":[8,2.25,8.75]},"faces":{"east":{"uv":[10,12,10.66667,13],"texture":"#2"},"south":{"uv":[12,10.66667,12.66667,11.66667],"texture":"#2"},"west":{"uv":[12,12,12.66667,13],"texture":"#2"},"up":{"uv":[12,8,11.33333,7.33333],"texture":"#2"},"down":{"uv":[12,10.66667,11.33333,11.33333],"texture":"#2"}}},{"from":[7.4,2.25,7.4],"to":[8.6,3.75,8.6],"rotation":{"angle":0,"axis":"y","origin":[7.5,2.25,7.5]},"faces":{"north":{"uv":[11.33333,4.66667,12.16667,5.66667],"texture":"#2"},"east":{"uv":[5.33333,11.33333,6.16667,12.33333],"texture":"#2"},"south":{"uv":[11.33333,6,12.16667,7],"texture":"#2"},"west":{"uv":[6.66667,11.33333,7.5,12.33333],"texture":"#2"}}},{"from":[7.5,4.25,7.5],"to":[8.5,6.25,8.5],"rotation":{"angle":0,"axis":"y","origin":[7.5,4.25,7.5]},"faces":{"north":{"uv":[1.33333,11.33333,2,12.66667],"texture":"#2"},"east":{"uv":[2,11.33333,2.66667,12.66667],"texture":"#2"},"south":{"uv":[11.33333,2,12,3.33333],"texture":"#2"},"west":{"uv":[2.66667,11.33333,3.33333,12.66667],"texture":"#2"}}},{"from":[7.3,3.75,7.3],"to":[8.7,4.25,8.7],"rotation":{"angle":0,"axis":"y","origin":[7.5,3.75,7.5]},"faces":{"north":{"uv":[13.33333,6.66667,14.33333,7],"texture":"#2"},"east":{"uv":[13.33333,7.33333,14.33333,7.66667],"texture":"#2"},"south":{"uv":[13.33333,8,14.33333,8.33333],"texture":"#2"},"west":{"uv":[13.33333,8.66667,14.33333,9],"texture":"#2"},"up":{"uv":[3.66667,11,2.66667,10],"texture":"#2"},"down":{"uv":[11,2.66667,10,3.66667],"texture":"#2"}}},{"from":[7.4,6.75,7.4],"to":[8.6,8.25,8.6],"rotation":{"angle":0,"axis":"y","origin":[7.5,8.25,7.5]},"faces":{"north":{"uv":[8,11.33333,8.83333,12.33333],"texture":"#2"},"east":{"uv":[11.33333,9.33333,12.16667,10.33333],"texture":"#2"},"south":{"uv":[10.66667,11.33333,11.5,12.33333],"texture":"#2"},"west":{"uv":[12,0,12.83333,1],"texture":"#2"}}},{"from":[7.3,6.25,7.3],"to":[8.7,6.75,8.7],"rotation":{"angle":0,"axis":"x","origin":[8,6.5,8]},"faces":{"north":{"uv":[9.33333,13.33333,10.33333,13.66667],"texture":"#2"},"east":{"uv":[13.33333,9.33333,14.33333,9.66667],"texture":"#2"},"south":{"uv":[13.33333,10,14.33333,10.33333],"texture":"#2"},"west":{"uv":[13.33333,10.66667,14.33333,11],"texture":"#2"},"up":{"uv":[11,5,10,4],"texture":"#2"},"down":{"uv":[11,5.33333,10,6.33333],"texture":"#2"}}},{"from":[7.5,8.75,7.5],"to":[8.5,10.75,8.5],"rotation":{"angle":0,"axis":"y","origin":[7.5,8.75,7.5]},"faces":{"north":{"uv":[3.33333,11.33333,4,12.66667],"texture":"#2"},"east":{"uv":[11.33333,3.33333,12,4.66667],"texture":"#2"},"south":{"uv":[4,11.33333,4.66667,12.66667],"texture":"#2"},"west":{"uv":[4.66667,11.33333,5.33333,12.66667],"texture":"#2"}}},{"from":[7.3,8.25,7.3],"to":[8.7,8.75,8.7],"rotation":{"angle":0,"axis":"y","origin":[7.5,8.25,7.5]},"faces":{"north":{"uv":[13.33333,11.33333,14.33333,11.66667],"texture":"#2"},"east":{"uv":[12,13.33333,13,13.66667],"texture":"#2"},"south":{"uv":[13.33333,12,14.33333,12.33333],"texture":"#2"},"west":{"uv":[13.33333,12.66667,14.33333,13],"texture":"#2"},"up":{"uv":[7,11,6,10],"texture":"#2"},"down":{"uv":[11,6.66667,10,7.66667],"texture":"#2"}}},{"from":[7.5,11.25,7.5],"to":[8.5,15.25,8.5],"rotation":{"angle":0,"axis":"y","origin":[7.5,12.75,7.5]},"faces":{"north":{"uv":[4,6.66667,4.66667,9.33333],"texture":"#2"},"east":{"uv":[4.66667,6.66667,5.33333,9.33333],"texture":"#2"},"south":{"uv":[5.33333,6.66667,6,9.33333],"texture":"#2"},"west":{"uv":[7.33333,4,8,6.66667],"texture":"#2"}}},{"from":[7.3,10.75,7.3],"to":[8.7,11.25,8.7],"rotation":{"angle":0,"axis":"x","origin":[8,11,8]},"faces":{"north":{"uv":[13.33333,13.33333,14.33333,13.66667],"texture":"#2"},"east":{"uv":[0,14,1,14.33333],"texture":"#2"},"south":{"uv":[14,0,15,0.33333],"texture":"#2"},"west":{"uv":[14,0.66667,15,1],"texture":"#2"},"up":{"uv":[9,11,8,10],"texture":"#2"},"down":{"uv":[11.66667,8,10.66667,9],"texture":"#2"}}},{"from":[7.25,20.25,7.25],"to":[8.75,21.25,8.75],"rotation":{"angle":0,"axis":"y","origin":[7.25,20.25,7.25]},"faces":{"north":{"uv":[12,4,13,4.66667],"texture":"#2"},"east":{"uv":[12,8.66667,13,9.33333],"texture":"#2"},"south":{"uv":[1.33333,12.66667,2.33333,13.33333],"texture":"#2"},"west":{"uv":[2.66667,12.66667,3.66667,13.33333],"texture":"#2"},"down":{"uv":[10.33333,10.66667,9.33333,11.66667],"texture":"#2"}}},{"from":[7.5,19.75,7],"to":[8.5,22.75,8],"rotation":{"angle":-22.5,"axis":"x","origin":[7.5,19.75,6]},"faces":{"north":{"uv":[8.66667,8,9.33333,10],"texture":"#2"},"east":{"uv":[9.33333,0,10,2],"texture":"#2"},"south":{"uv":[9.33333,2,10,4],"texture":"#2"},"west":{"uv":[4,9.33333,4.66667,11.33333],"texture":"#2"},"down":{"uv":[13.33333,12,12.66667,12.66667],"texture":"#2"}}},{"from":[7.495,22.11143,6.69004],"to":[8.505,23.61143,7.69004],"rotation":{"angle":45,"axis":"x","origin":[7.995,23.61143,7.19004]},"faces":{"north":{"uv":[12.66667,2.66667,13.33333,3.66667],"texture":"#2"},"east":{"uv":[4,12.66667,4.66667,13.66667],"texture":"#2"},"south":{"uv":[4.66667,12.66667,5.33333,13.66667],"texture":"#2"},"west":{"uv":[12.66667,4.66667,13.33333,5.66667],"texture":"#2"},"up":{"uv":[13.33333,13.33333,12.66667,12.66667],"texture":"#2"},"down":{"uv":[0.66667,13.33333,0,14],"texture":"#2"}}},{"from":[7.495,22.11143,8.30996],"to":[8.505,23.61143,9.30996],"rotation":{"angle":-45,"axis":"x","origin":[7.995,23.61143,8.80996]},"faces":{"north":{"uv":[5.33333,12.66667,6,13.66667],"texture":"#2"},"east":{"uv":[6,12.66667,6.66667,13.66667],"texture":"#2"},"south":{"uv":[12.66667,6,13.33333,7],"texture":"#2"},"west":{"uv":[6.66667,12.66667,7.33333,13.66667],"texture":"#2"},"up":{"uv":[14,0.66667,13.33333,0],"texture":"#2"},"down":{"uv":[1.33333,13.33333,0.66667,14],"texture":"#2"}}},{"from":[7.5,19.75,8],"to":[8.5,22.75,9],"rotation":{"angle":22.5,"axis":"x","origin":[7.5,19.75,10]},"faces":{"north":{"uv":[9.33333,4,10,6],"texture":"#2"},"east":{"uv":[4.66667,9.33333,5.33333,11.33333],"texture":"#2"},"south":{"uv":[5.33333,9.33333,6,11.33333],"texture":"#2"},"west":{"uv":[7.33333,9.33333,8,11.33333],"texture":"#2"},"down":{"uv":[14,0.66667,13.33333,1.33333],"texture":"#2"}}},{"from":[7,20.5,8],"to":[9,22.5,10],"rotation":{"angle":-45,"axis":"x","origin":[7,20.5,8]},"faces":{"north":{"uv":[6,7.33333,7.33333,8.66667],"texture":"#2"},"east":{"uv":[7.33333,6.66667,8.66667,8],"texture":"#2"},"south":{"uv":[8,0,9.33333,1.33333],"texture":"#2"},"west":{"uv":[8,1.33333,9.33333,2.66667],"texture":"#2"},"up":{"uv":[9.33333,4,8,2.66667],"texture":"#2"},"down":{"uv":[9.33333,4,8,5.33333],"texture":"#2"}}},{"from":[7.6,21.85,7],"to":[8.4,24.85,10],"rotation":{"angle":-45,"axis":"x","origin":[8,22.85,8]},"faces":{"north":{"uv":[10.66667,9.33333,11.16667,11.33333],"texture":"#2"},"east":{"uv":[6,0,8,2],"texture":"#2"},"south":{"uv":[0,11.33333,0.5,13.33333],"texture":"#2"},"west":{"uv":[6,2,8,4],"texture":"#2"},"up":{"uv":[11.83333,2,11.33333,0],"texture":"#2"},"down":{"uv":[1.16667,11.33333,0.66667,13.33333],"texture":"#2"}}},{"from":[7.7,20.78934,4.52513],"to":[8.3,22.78934,6.52513],"rotation":{"angle":-45,"axis":"x","origin":[8,21.78934,5.52513]},"faces":{"north":{"uv":[1.33333,13.33333,1.66667,14.66667],"texture":"#2"},"east":{"uv":[8,5.33333,9.33333,6.66667],"texture":"#2"},"south":{"uv":[13.33333,1.33333,13.66667,2.66667],"texture":"#2"},"west":{"uv":[7.33333,8,8.66667,9.33333],"texture":"#2"},"up":{"uv":[2.33333,14.66667,2,13.33333],"texture":"#2"},"down":{"uv":[3,13.33333,2.66667,14.66667],"texture":"#2"}}},{"from":[7.375,15.25,7.375],"to":[8.625,20.25,8.625],"rotation":{"angle":0,"axis":"y","origin":[7.375,15.25,6.625]},"faces":{"north":{"uv":[6,4,6.83333,7.33333],"texture":"#2"},"east":{"uv":[0,6.66667,0.83333,10],"texture":"#2"},"south":{"uv":[1.33333,6.66667,2.16667,10],"texture":"#2"},"west":{"uv":[2.66667,6.66667,3.5,10],"texture":"#2"},"down":{"uv":[12.83333,1.33333,12,2.16667],"texture":"#2"}}},{"from":[7.7,20.78934,9.47487],"to":[8.3,22.78934,11.47487],"rotation":{"angle":45,"axis":"x","origin":[8,21.78934,10.47487]},"faces":{"north":{"uv":[13.33333,2.66667,13.66667,4],"texture":"#2"},"east":{"uv":[6,8.66667,7.33333,10],"texture":"#2"},"south":{"uv":[3.33333,13.33333,3.66667,14.66667],"texture":"#2"},"west":{"uv":[8.66667,6.66667,10,8],"texture":"#2"},"up":{"uv":[13.66667,5.33333,13.33333,4],"texture":"#2"},"down":{"uv":[13.66667,5.33333,13.33333,6.66667],"texture":"#2"}}},{"from":[7.1,20.95,-2],"to":[7.1,22.95,8],"rotation":{"angle":0,"axis":"x","origin":[7.1,21.95,3]},"faces":{"west":{"uv":[0,0,2.66667,13.33333],"rotation":270,"texture":"#1"}}},{"from":[7.1,20.95,8],"to":[7.1,22.95,18],"rotation":{"angle":0,"axis":"x","origin":[7.1,21.95,13]},"faces":{"west":{"uv":[0,13.33333,2.66667,0],"rotation":270,"texture":"#1"}}},{"from":[8.9,20.95,8],"to":[8.9,22.95,18],"rotation":{"angle":0,"axis":"x","origin":[8.9,21.95,13]},"faces":{"east":{"uv":[0,0,2.66667,13.33333],"rotation":270,"texture":"#1"}}},{"from":[8.9,20.95,-2],"to":[8.9,22.95,8],"rotation":{"angle":0,"axis":"x","origin":[8.9,21.95,3]},"faces":{"east":{"uv":[0,13.33333,2.66667,0],"rotation":270,"texture":"#1"}}},{"from":[8,22.5,3.65],"to":[8.05,32,12.35],"rotation":{"angle":0,"axis":"y","origin":[8,22.5,5.4]},"faces":{"east":{"uv":[5.83333,0,0,6.33333],"texture":"#2"},"west":{"uv":[0,0,5.83333,6.33333],"texture":"#2"}}}],"gui_light":"front","display":{"thirdperson_righthand":{"translation":[0,-5.25,1]},"thirdperson_lefthand":{"translation":[0,-5.25,1]},"firstperson_righthand":{"rotation":[-10,0,0],"translation":[0,-4,0]},"firstperson_lefthand":{"rotation":[-10,0,0],"translation":[0,-4,0]},"ground":{"rotation":[45,0,0],"translation":[0,7,0]},"gui":{"rotation":[90,-45,90],"translation":[4,-4,0],"scale":[0.71875,0.71875,0.71875]},"head":{"rotation":[0,90,0],"scale":[1.5,1.5,1.5]},"fixed":{"rotation":[0,90,0],"translation":[0,-11.5,-1.25],"scale":[1.7,1.7,1.7]}}}