{"credit":"MadebyPolygonMC","textures":{"1":"unicornfantasyset:animation_2","particle":"unicornfantasyset:shovel"},"elements":[{"from":[7.4,-0.1,7.4],"to":[8.6,1.1,8.6],"rotation":{"angle":-45,"axis":"x","origin":[8,0.5,8]},"faces":{"north":{"uv":[2,7,3.25,8.25],"texture":"#particle"},"east":{"uv":[7,4,8.25,5.25],"texture":"#particle"},"south":{"uv":[7,6,8.25,7.25],"texture":"#particle"},"west":{"uv":[8,0,9.25,1.25],"texture":"#particle"},"up":{"uv":[9.25,3.25,8,2],"texture":"#particle"},"down":{"uv":[5.25,8,4,9.25],"texture":"#particle"}}},{"from":[7.5,8.65,7.15],"to":[8.5,10.35,8.85],"rotation":{"angle":-45,"axis":"x","origin":[8,9.5,8]},"faces":{"north":{"uv":[3,5,4,6.75],"texture":"#particle"},"east":{"uv":[4,0,5.75,1.75],"texture":"#particle"},"south":{"uv":[5,6,6,7.75],"texture":"#particle"},"west":{"uv":[4,2,5.75,3.75],"texture":"#particle"},"up":{"uv":[7,7.75,6,6],"texture":"#particle"},"down":{"uv":[2,7,1,8.75],"texture":"#particle"}}},{"from":[7.3,8.85,7.35],"to":[8.7,10.15,8.65],"rotation":{"angle":-45,"axis":"x","origin":[8,9.5,8]},"faces":{"north":{"uv":[1,5,2.5,6.25],"texture":"#particle"},"east":{"uv":[6,8,7.25,9.25],"texture":"#particle"},"south":{"uv":[5,4,6.5,5.25],"texture":"#particle"},"west":{"uv":[8,8,9.25,9.25],"texture":"#particle"},"up":{"uv":[7.5,1.25,6,0],"texture":"#particle"},"down":{"uv":[7.5,2,6,3.25],"texture":"#particle"}}},{"from":[7.5,0.8,7.5],"to":[8.5,1.8,8.5],"rotation":{"angle":0,"axis":"y","origin":[8,1.3,8]},"faces":{"north":{"uv":[4,7,5,8],"texture":"#particle"},"east":{"uv":[6,10,7,11],"texture":"#particle"},"south":{"uv":[10,6,11,7],"texture":"#particle"},"west":{"uv":[7,10,8,11],"texture":"#particle"},"up":{"uv":[11,8,10,7],"texture":"#particle"},"down":{"uv":[9,10,8,11],"texture":"#particle"}}},{"from":[7.5,3.8,7.5],"to":[8.5,4.8,8.5],"rotation":{"angle":0,"axis":"y","origin":[8,4.3,8]},"faces":{"north":{"uv":[10,8,11,9],"texture":"#particle"},"east":{"uv":[9,10,10,11],"texture":"#particle"},"south":{"uv":[10,9,11,10],"texture":"#particle"},"west":{"uv":[10,10,11,11],"texture":"#particle"},"up":{"uv":[12,1,11,0],"texture":"#particle"},"down":{"uv":[2,11,1,12],"texture":"#particle"}}},{"from":[7.6,1.8,7.6],"to":[8.4,3.8,8.4],"rotation":{"angle":0,"axis":"y","origin":[8,2.3,8]},"faces":{"north":{"uv":[0,8,0.75,10],"texture":"#particle"},"east":{"uv":[1,9,1.75,11],"texture":"#particle"},"south":{"uv":[2,9,2.75,11],"texture":"#particle"},"west":{"uv":[3,9,3.75,11],"texture":"#particle"},"up":{"uv":[0,0,0,0],"texture":"#particle"},"down":{"uv":[0,0,0,0],"texture":"#particle"}}},{"from":[7.8,10.18995,5.37365],"to":[8.2,10.98995,7.37365],"rotation":{"angle":45,"axis":"x","origin":[8,10.48995,6.37365]},"faces":{"north":{"uv":[12,0,12.5,0.75],"texture":"#particle"},"east":{"uv":[9,4,11,4.75],"texture":"#particle"},"south":{"uv":[1,12,1.5,12.75],"texture":"#particle"},"west":{"uv":[9,5,11,5.75],"texture":"#particle"},"up":{"uv":[11.5,3,11,1],"texture":"#particle"},"down":{"uv":[2.5,11,2,13],"texture":"#particle"}}},{"from":[7.8,13.7435,6.08431],"to":[8.2,14.5435,7.08431],"rotation":{"angle":-45,"axis":"x","origin":[8,14.0435,7.08431]},"faces":{"north":{"uv":[11,11,11.5,11.75],"texture":"#particle"},"east":{"uv":[7,11,8,11.75],"texture":"#particle"},"south":{"uv":[0,12,0.5,12.75],"texture":"#particle"},"west":{"uv":[11,7,12,7.75],"texture":"#particle"},"up":{"uv":[10.5,12,10,11],"texture":"#particle"},"down":{"uv":[11.5,10,11,11],"texture":"#particle"}}},{"from":[7.8025,10.68995,6.02365],"to":[8.1975,13.68995,6.82365],"rotation":{"angle":0,"axis":"x","origin":[8.0025,11.68995,6.34865]},"faces":{"north":{"uv":[4,10,4.5,13],"texture":"#particle"},"east":{"uv":[4,4,4.75,7],"texture":"#particle"},"south":{"uv":[5,10,5.5,13],"texture":"#particle"},"west":{"uv":[0,5,0.75,8],"texture":"#particle"},"up":{"uv":[12.5,1.75,12,1],"texture":"#particle"},"down":{"uv":[12.5,2,12,2.75],"texture":"#particle"}}},{"from":[7.8025,10.68995,9.17635],"to":[8.1975,13.68995,9.97635],"rotation":{"angle":0,"axis":"x","origin":[8.0025,11.68995,9.65135]},"faces":{"north":{"uv":[5.5,10,5,13],"texture":"#particle"},"east":{"uv":[4.75,4,4,7],"texture":"#particle"},"south":{"uv":[4.5,10,4,13],"texture":"#particle"},"west":{"uv":[0.75,5,0,8],"texture":"#particle"},"up":{"uv":[12.5,1,12,1.75],"texture":"#particle"},"down":{"uv":[12.5,2.75,12,2],"texture":"#particle"}}},{"from":[7.8,13.7435,8.91569],"to":[8.2,14.5435,9.91569],"rotation":{"angle":45,"axis":"x","origin":[8,14.0435,8.91569]},"faces":{"north":{"uv":[0.5,12,0,12.75],"texture":"#particle"},"east":{"uv":[8,11,7,11.75],"texture":"#particle"},"south":{"uv":[11.5,11,11,11.75],"texture":"#particle"},"west":{"uv":[12,7,11,7.75],"texture":"#particle"},"up":{"uv":[10.5,11,10,12],"texture":"#particle"},"down":{"uv":[11.5,11,11,10],"texture":"#particle"}}},{"from":[7.8,10.18995,8.62635],"to":[8.2,10.98995,10.62635],"rotation":{"angle":-45,"axis":"x","origin":[8,10.48995,9.62635]},"faces":{"north":{"uv":[1.5,12,1,12.75],"texture":"#particle"},"east":{"uv":[11,4,9,4.75],"texture":"#particle"},"south":{"uv":[12.5,0,12,0.75],"texture":"#particle"},"west":{"uv":[11,5,9,5.75],"texture":"#particle"},"up":{"uv":[11.5,1,11,3],"texture":"#particle"},"down":{"uv":[2.5,13,2,11],"texture":"#particle"}}},{"from":[8,9.68995,6.1],"to":[8,14.68995,9.9],"rotation":{"angle":0,"axis":"x","origin":[7.805,10.68995,6.5]},"faces":{"north":{"uv":[0,0,0,5],"texture":"#particle"},"east":{"uv":[3.75,5,0,0],"rotation":180,"texture":"#particle"},"south":{"uv":[0,0,0,5],"texture":"#particle"},"west":{"uv":[0,0,3.75,5],"texture":"#particle"},"up":{"uv":[0,3.75,0,0],"texture":"#particle"},"down":{"uv":[0,0,0,3.75],"texture":"#particle"}}},{"from":[7.6,4.8,7.6],"to":[8.4,5.8,8.4],"rotation":{"angle":0,"axis":"y","origin":[8,5.3,8]},"faces":{"north":{"uv":[8,11,8.75,12],"texture":"#particle"},"east":{"uv":[11,8,11.75,9],"texture":"#particle"},"south":{"uv":[9,11,9.75,12],"texture":"#particle"},"west":{"uv":[11,9,11.75,10],"texture":"#particle"},"up":{"uv":[0,0,0,0],"texture":"#particle"},"down":{"uv":[0,0,0,0],"texture":"#particle"}}},{"from":[7.6,6.8,7.6],"to":[8.4,8.8,8.4],"rotation":{"angle":0,"axis":"y","origin":[8,5.3,8]},"faces":{"north":{"uv":[9,6,9.75,8],"texture":"#particle"},"east":{"uv":[0,10,0.75,12],"texture":"#particle"},"south":{"uv":[9,6,9.75,8],"texture":"#particle"},"west":{"uv":[10,2,10.75,4],"texture":"#particle"},"up":{"uv":[0,0,0,0],"texture":"#particle"},"down":{"uv":[0,0,0,0],"texture":"#particle"}}},{"from":[7.5,5.8,7.5],"to":[8.5,6.8,8.5],"rotation":{"angle":0,"axis":"y","origin":[7.1,3.6,7.1]},"faces":{"north":{"uv":[3,11,4,12],"texture":"#particle"},"east":{"uv":[11,3,12,4],"texture":"#particle"},"south":{"uv":[11,4,12,5],"texture":"#particle"},"west":{"uv":[11,5,12,6],"texture":"#particle"},"up":{"uv":[7,12,6,11],"texture":"#particle"},"down":{"uv":[12,6,11,7],"texture":"#particle"}}},{"from":[8,12.5,9.5],"to":[8,15.7,12.7],"rotation":{"angle":22.5,"axis":"x","origin":[8,14.1,11.1]},"faces":{"north":{"uv":[0,0,0,4.33333],"texture":"#1"},"east":{"uv":[16,0,9.5,6.5],"texture":"#1"},"south":{"uv":[0,0,0,4.33333],"texture":"#1"},"west":{"uv":[9.5,0,16,6.50833],"texture":"#1"},"up":{"uv":[0,4.33333,0,0],"texture":"#1"},"down":{"uv":[0,0,0,4.33333],"texture":"#1"}}},{"from":[8,10.8,4],"to":[8,13,6.2],"rotation":{"angle":-22.5,"axis":"x","origin":[8,11.9,5.1]},"faces":{"north":{"uv":[0,0,0,3],"texture":"#1"},"east":{"uv":[4.5,9,0,13.5],"texture":"#1"},"south":{"uv":[0,0,0,3],"texture":"#1"},"west":{"uv":[0,9,4.5,13.5],"texture":"#1"},"up":{"uv":[0,3,0,0],"texture":"#1"},"down":{"uv":[0,0,0,3],"texture":"#1"}}}],"gui_light":"front","display":{"thirdperson_righthand":{"translation":[0,2.25,2]},"thirdperson_lefthand":{"translation":[0,2.25,2]},"firstperson_righthand":{"rotation":[-10,0,0],"translation":[-4,5.75,5]},"firstperson_lefthand":{"rotation":[-10,0,0],"translation":[-4,5.75,5]},"ground":{"rotation":[180,0,90],"translation":[-0.5,0.75,0]},"gui":{"rotation":[90,-135,90],"translation":[-0.25,-0.75,0]},"head":{"scale":[0,0,0]},"fixed":{"rotation":[0,-90,0],"translation":[0,3.25,-2],"scale":[2.43945,2.43945,2.43945]}}}