{"credit":"Made with Blockbench","texture_size":[64,64],"textures":{"2":"reaper_pack:reaper_pack/spear_reaper","particle":"reaper_pack:reaper_pack/spear_reaper"},"elements":[{"from":[7.25,23.41777,6.18508],"to":[8.75,24.41777,10.18508],"rotation":{"angle":22.5,"axis":"x","origin":[8,8,8]},"faces":{"north":{"uv":[9.5,8.5,9.875,8.75],"texture":"#2"},"east":{"uv":[8.25,8.5,9.25,8.75],"texture":"#2"},"south":{"uv":[9.5,8.75,9.875,9],"texture":"#2"},"west":{"uv":[8.25,6,9.25,6.25],"texture":"#2"},"up":{"uv":[1.5,8.375,0.5,8],"rotation":270,"texture":"#2"},"down":{"uv":[2.5,8,1.5,8.375],"rotation":90,"texture":"#2"}}},{"from":[7.225,14.06403,20.1542],"to":[8.775,18.06403,21.1542],"rotation":{"angle":-22.5,"axis":"x","origin":[8,8,8]},"faces":{"north":{"uv":[4.25,8,4.625,9],"texture":"#2"},"east":{"uv":[2.25,8.5,2.5,9.5],"texture":"#2"},"south":{"uv":[4.75,8,5.125,9],"texture":"#2"},"west":{"uv":[2,8.5,2.25,9.5],"texture":"#2"},"up":{"uv":[9,9.875,8.75,9.5],"rotation":270,"texture":"#2"},"down":{"uv":[9.75,9.25,9.5,9.625],"rotation":90,"texture":"#2"}}},{"from":[7.25,20.4735,6.43146],"to":[8.75,22.4735,7.43146],"rotation":{"angle":45,"axis":"x","origin":[8,8,8]},"faces":{"north":{"uv":[5.25,9,5.625,9.5],"texture":"#2"},"east":{"uv":[2,9.5,2.25,10],"texture":"#2"},"south":{"uv":[6,9,6.375,9.5],"texture":"#2"},"west":{"uv":[4.25,7,4.5,7.5],"texture":"#2"},"up":{"uv":[10,0.625,9.75,0.25],"rotation":270,"texture":"#2"},"down":{"uv":[10,0.75,9.75,1.125],"rotation":90,"texture":"#2"}}},{"from":[7.225,15.15758,14.56292],"to":[8.775,19.15758,15.56292],"rotation":{"angle":0,"axis":"y","origin":[8,8,8]},"faces":{"north":{"uv":[5.25,8,5.625,9],"texture":"#2"},"east":{"uv":[2.5,8.75,2.75,9.75],"texture":"#2"},"south":{"uv":[7,8,7.375,9],"texture":"#2"},"west":{"uv":[6.75,8.5,7,9.5],"texture":"#2"},"up":{"uv":[1.5,10.125,1.25,9.75],"rotation":270,"texture":"#2"},"down":{"uv":[1.75,9.75,1.5,10.125],"rotation":90,"texture":"#2"}}},{"from":[7.25,17.12425,11.32426],"to":[8.75,20.12425,12.32426],"rotation":{"angle":22.5,"axis":"x","origin":[8,8,8]},"faces":{"north":{"uv":[3.75,8.25,4.125,9],"texture":"#2"},"east":{"uv":[6.5,9,6.75,9.75],"texture":"#2"},"south":{"uv":[8.25,4.25,8.625,5],"texture":"#2"},"west":{"uv":[1.75,9,2,9.75],"texture":"#2"},"up":{"uv":[2,10.125,1.75,9.75],"rotation":270,"texture":"#2"},"down":{"uv":[10,2.25,9.75,2.625],"rotation":90,"texture":"#2"}}},{"from":[7.25,20.23739,3.45819],"to":[8.75,21.23739,5.45819],"rotation":{"angle":45,"axis":"x","origin":[8,8,8]},"faces":{"north":{"uv":[9.75,2.75,10.125,3],"texture":"#2"},"east":{"uv":[9.5,2,10,2.25],"texture":"#2"},"south":{"uv":[9.75,3,10.125,3.25],"texture":"#2"},"west":{"uv":[9.25,9,9.75,9.25],"texture":"#2"},"up":{"uv":[9.75,0.625,9.25,0.25],"rotation":270,"texture":"#2"},"down":{"uv":[9.75,0.75,9.25,1.125],"rotation":90,"texture":"#2"}}},{"from":[7.25,-9.6123,11.85604],"to":[8.75,20.3877,13.35604],"rotation":{"angle":0,"axis":"y","origin":[8,8,8]},"faces":{"north":{"uv":[5,0,5.375,7.5],"texture":"#2"},"east":{"uv":[0,5.5,0.375,13],"texture":"#2"},"south":{"uv":[5.5,0,5.875,7.5],"texture":"#2"},"west":{"uv":[4.5,0,4.875,7.5],"texture":"#2"},"up":{"uv":[9.375,9.625,9,9.25],"rotation":270,"texture":"#2"},"down":{"uv":[9.875,1.5,9.5,1.875],"rotation":90,"texture":"#2"}}},{"from":[6.75,12.45957,18.97349],"to":[9.25,15.95957,22.47349],"rotation":{"angle":-45,"axis":"x","origin":[8,8,8]},"faces":{"north":{"uv":[2.75,6.5,3.375,7.375],"texture":"#2"},"east":{"uv":[6,6.25,6.875,7.125],"texture":"#2"},"south":{"uv":[7,6.75,7.625,7.625],"texture":"#2"},"west":{"uv":[2.75,5.5,3.625,6.375],"texture":"#2"},"up":{"uv":[1.375,7.875,0.5,7.25],"rotation":270,"texture":"#2"},"down":{"uv":[2.375,7.25,1.5,7.875],"rotation":90,"texture":"#2"}}},{"from":[7,-9.2181,-2.70418],"to":[9,-7.2181,-0.70418],"rotation":{"angle":-45,"axis":"x","origin":[8,8,8]},"faces":{"north":{"uv":[2.75,8.75,3.25,9.25],"texture":"#2"},"east":{"uv":[8.75,4.25,9.25,4.75],"texture":"#2"},"south":{"uv":[8.75,6.25,9.25,6.75],"texture":"#2"},"west":{"uv":[2.25,6.75,2.75,7.25],"texture":"#2"},"up":{"uv":[8.75,9.25,8.25,8.75],"rotation":270,"texture":"#2"},"down":{"uv":[9.25,8.75,8.75,9.25],"rotation":90,"texture":"#2"}}},{"from":[7.75,22.84184,8.48116],"to":[8.25,23.84184,12.98116],"rotation":{"angle":-22.5,"axis":"x","origin":[8,8,8]},"faces":{"north":{"uv":[2.5,7.25,2.75,7.5],"texture":"#2"},"east":{"uv":[8.25,3.5,9.375,3.75],"texture":"#2"},"south":{"uv":[7.5,9.75,7.75,10],"texture":"#2"},"west":{"uv":[8.25,3.25,9.375,3.5],"texture":"#2"},"up":{"uv":[9.375,5.25,8.25,5],"rotation":270,"texture":"#2"},"down":{"uv":[9.375,5.25,8.25,5.5],"rotation":90,"texture":"#2"}}},{"from":[7.75,22.84184,16.35965],"to":[8.25,23.84184,21.35965],"rotation":{"angle":-22.5,"axis":"x","origin":[8,8,8]},"faces":{"north":{"uv":[8.5,9.75,8.75,10],"texture":"#2"},"east":{"uv":[8.25,1.5,9.5,1.75],"texture":"#2"},"south":{"uv":[9.75,9,10,9.25],"texture":"#2"},"west":{"uv":[7.75,7.5,9,7.75],"texture":"#2"},"up":{"uv":[9.5,2,8.25,1.75],"rotation":270,"texture":"#2"},"down":{"uv":[9.5,2,8.25,2.25],"rotation":90,"texture":"#2"}}},{"from":[7.75,23.83505,9.66091],"to":[8.25,25.83505,10.66091],"rotation":{"angle":0,"axis":"z","origin":[8,8,8]},"faces":{"north":{"uv":[9.5,2.25,9.75,2.75],"texture":"#2"},"east":{"uv":[9.5,2.75,9.75,3.25],"texture":"#2"},"south":{"uv":[9.5,3.25,9.75,3.75],"texture":"#2"},"west":{"uv":[2.25,9.5,2.5,10],"texture":"#2"},"up":{"uv":[10,9.5,9.75,9.25],"rotation":270,"texture":"#2"},"down":{"uv":[9.75,9.75,9.5,10],"rotation":90,"texture":"#2"}}},{"from":[7.775,19.07861,-2.31553],"to":[8.225,21.07861,-1.31553],"rotation":{"angle":45,"axis":"x","origin":[8,8,8]},"faces":{"north":{"uv":[4.5,9.5,4.75,10],"texture":"#2"},"east":{"uv":[4.75,9.5,5,10],"texture":"#2"},"south":{"uv":[5,9.5,5.25,10],"texture":"#2"},"west":{"uv":[3.5,9.5,3.75,10],"texture":"#2"},"up":{"uv":[10,9.75,9.75,9.5],"rotation":270,"texture":"#2"},"down":{"uv":[10,9.75,9.75,10],"rotation":90,"texture":"#2"}}},{"from":[7.75,18.72974,17.6644],"to":[8.25,20.72974,18.6644],"rotation":{"angle":-45,"axis":"x","origin":[8,8,8]},"faces":{"north":{"uv":[5.25,9.5,5.5,10],"texture":"#2"},"east":{"uv":[5.5,9.5,5.75,10],"texture":"#2"},"south":{"uv":[5.75,9.5,6,10],"texture":"#2"},"west":{"uv":[9.5,5,9.75,5.5],"texture":"#2"},"up":{"uv":[10.25,0.5,10,0.25],"rotation":270,"texture":"#2"},"down":{"uv":[0.75,10,0.5,10.25],"rotation":90,"texture":"#2"}}},{"from":[7.75,22.42083,7.24669],"to":[8.25,23.42083,9.24669],"rotation":{"angle":0,"axis":"z","origin":[8,8,8]},"faces":{"north":{"uv":[10,0.5,10.25,0.75],"texture":"#2"},"east":{"uv":[6.75,9.5,7.25,9.75],"texture":"#2"},"south":{"uv":[0.75,10,1,10.25],"texture":"#2"},"west":{"uv":[6,9.5,6.5,9.75],"texture":"#2"},"up":{"uv":[10,7,9.5,6.75],"rotation":270,"texture":"#2"},"down":{"uv":[10,7,9.5,7.25],"rotation":90,"texture":"#2"}}},{"from":[7.725,25.64857,6.24483],"to":[8.275,28.64857,7.24483],"rotation":{"angle":22.5,"axis":"x","origin":[8,8,8]},"faces":{"north":{"uv":[2.75,9.25,3,10],"texture":"#2"},"east":{"uv":[3,9.25,3.25,10],"texture":"#2"},"south":{"uv":[4.25,9.25,4.5,10],"texture":"#2"},"west":{"uv":[8,9,8.25,9.75],"texture":"#2"},"up":{"uv":[10.25,1,10,0.75],"rotation":270,"texture":"#2"},"down":{"uv":[1.25,10,1,10.25],"rotation":90,"texture":"#2"}}},{"from":[7.325,21.02394,17.19923],"to":[8.675,22.02394,23.69923],"rotation":{"angle":-22.5,"axis":"x","origin":[8,8,8]},"faces":{"north":{"uv":[9.75,3.25,10.125,3.5],"texture":"#2"},"east":{"uv":[7.75,7.25,9.375,7.5],"texture":"#2"},"south":{"uv":[9.75,3.5,10.125,3.75],"texture":"#2"},"west":{"uv":[7.75,7,9.375,7.25],"texture":"#2"},"up":{"uv":[2.125,7.125,0.5,6.75],"rotation":270,"texture":"#2"},"down":{"uv":[8.625,6.25,7,6.625],"rotation":90,"texture":"#2"}}},{"from":[7.35,21.92126,4.58841],"to":[8.65,24.42126,5.58841],"rotation":{"angle":22.5,"axis":"x","origin":[8,8,8]},"faces":{"north":{"uv":[1.25,9,1.625,9.625],"texture":"#2"},"east":{"uv":[9.25,8.25,9.5,8.875],"texture":"#2"},"south":{"uv":[3.75,9,4.125,9.625],"texture":"#2"},"west":{"uv":[7.75,9.25,8,9.875],"texture":"#2"},"up":{"uv":[2.75,10.125,2.5,9.75],"rotation":270,"texture":"#2"},"down":{"uv":[3.5,9.75,3.25,10.125],"rotation":90,"texture":"#2"}}},{"from":[7.325,19.54907,13.13857],"to":[8.675,20.54907,16.13857],"rotation":{"angle":-22.5,"axis":"x","origin":[8,8,8]},"faces":{"north":{"uv":[3.75,9.75,4.125,10],"texture":"#2"},"east":{"uv":[9.25,4.25,10,4.5],"texture":"#2"},"south":{"uv":[9.75,4.75,10.125,5],"texture":"#2"},"west":{"uv":[9.25,1.25,10,1.5],"texture":"#2"},"up":{"uv":[9,5.875,8.25,5.5],"rotation":270,"texture":"#2"},"down":{"uv":[1.25,8.5,0.5,8.875],"rotation":90,"texture":"#2"}}},{"from":[7.35,20.63639,8.32779],"to":[8.65,21.63639,11.32779],"rotation":{"angle":0,"axis":"z","origin":[8,8,8]},"faces":{"north":{"uv":[9.75,5,10.125,5.25],"texture":"#2"},"east":{"uv":[9.25,4.5,10,4.75],"texture":"#2"},"south":{"uv":[9.75,5.25,10.125,5.5],"texture":"#2"},"west":{"uv":[4.5,9.25,5.25,9.5],"texture":"#2"},"up":{"uv":[2,8.875,1.25,8.5],"rotation":270,"texture":"#2"},"down":{"uv":[6.75,8.5,6,8.875],"rotation":90,"texture":"#2"}}},{"from":[7.35,28.01746,9.18461],"to":[8.65,29.01746,12.68461],"rotation":{"angle":22.5,"axis":"x","origin":[8,8,8]},"faces":{"north":{"uv":[6,9.75,6.375,10],"texture":"#2"},"east":{"uv":[9,5.5,9.875,5.75],"texture":"#2"},"south":{"uv":[6.5,9.75,6.875,10],"texture":"#2"},"west":{"uv":[4.25,9,5.125,9.25],"texture":"#2"},"up":{"uv":[9.125,0.875,8.25,0.5],"rotation":270,"texture":"#2"},"down":{"uv":[9.125,1,8.25,1.375],"rotation":90,"texture":"#2"}}},{"from":[7.35,24.62488,17.37105],"to":[8.65,25.62488,20.37105],"rotation":{"angle":0,"axis":"z","origin":[8,8,8]},"faces":{"north":{"uv":[7,9.75,7.375,10],"texture":"#2"},"east":{"uv":[9.25,6.25,10,6.5],"texture":"#2"},"south":{"uv":[9.75,7.75,10.125,8],"texture":"#2"},"west":{"uv":[9.25,6,10,6.25],"texture":"#2"},"up":{"uv":[8.25,8.875,7.5,8.5],"rotation":270,"texture":"#2"},"down":{"uv":[9.25,8,8.5,8.375],"rotation":90,"texture":"#2"}}},{"from":[7.35,12.83634,23.089],"to":[8.65,13.83634,27.089],"rotation":{"angle":-45,"axis":"x","origin":[8,8,8]},"faces":{"north":{"uv":[8,9.75,8.375,10],"texture":"#2"},"east":{"uv":[8.75,7.75,9.75,8],"texture":"#2"},"south":{"uv":[9,9.75,9.375,10],"texture":"#2"},"west":{"uv":[8.75,4.75,9.75,5],"texture":"#2"},"up":{"uv":[8.5,8.375,7.5,8],"rotation":270,"texture":"#2"},"down":{"uv":[9.25,0,8.25,0.375],"rotation":90,"texture":"#2"}}},{"from":[7.75,21.45182,7.50694],"to":[8.25,22.45182,14.50694],"rotation":{"angle":-45,"axis":"x","origin":[8,8,8]},"faces":{"north":{"uv":[10,1,10.25,1.25],"texture":"#2"},"east":{"uv":[4.25,7.75,6,8],"texture":"#2"},"south":{"uv":[10,1.25,10.25,1.5],"texture":"#2"},"west":{"uv":[4.25,7.5,6,7.75],"texture":"#2"},"up":{"uv":[9.5,7,7.75,6.75],"rotation":270,"texture":"#2"},"down":{"uv":[8.75,7.75,7,8],"rotation":90,"texture":"#2"}}},{"from":[7.75,9.07494,-5.54042],"to":[8.25,13.07494,-4.54042],"rotation":{"angle":22.5,"axis":"x","origin":[8,8,8]},"faces":{"north":{"uv":[0.5,9,0.75,10],"texture":"#2"},"east":{"uv":[0.75,9,1,10],"texture":"#2"},"south":{"uv":[1,9,1.25,10],"texture":"#2"},"west":{"uv":[3.25,8.75,3.5,9.75],"texture":"#2"},"up":{"uv":[10.25,1.75,10,1.5],"rotation":270,"texture":"#2"},"down":{"uv":[10.25,1.75,10,2],"rotation":90,"texture":"#2"}}},{"from":[7.75,4.19411,-4.9972],"to":[8.25,10.19411,-3.9972],"rotation":{"angle":45,"axis":"x","origin":[8,8,8]},"faces":{"north":{"uv":[3.5,6.5,3.75,8],"texture":"#2"},"east":{"uv":[3.5,8,3.75,9.5],"texture":"#2"},"south":{"uv":[5.75,8,6,9.5],"texture":"#2"},"west":{"uv":[4.25,5.5,4.5,7],"texture":"#2"},"up":{"uv":[2.25,10.25,2,10],"rotation":270,"texture":"#2"},"down":{"uv":[10.25,2,10,2.25],"rotation":90,"texture":"#2"}}},{"from":[7.75,19.8475,5.05327],"to":[8.25,20.8475,10.05327],"rotation":{"angle":-22.5,"axis":"x","origin":[8,8,8]},"faces":{"north":{"uv":[2.25,10,2.5,10.25],"texture":"#2"},"east":{"uv":[8.25,2.5,9.5,2.75],"texture":"#2"},"south":{"uv":[10,2.25,10.25,2.5],"texture":"#2"},"west":{"uv":[8.25,2.25,9.5,2.5],"texture":"#2"},"up":{"uv":[9.5,3,8.25,2.75],"rotation":270,"texture":"#2"},"down":{"uv":[9.5,3,8.25,3.25],"rotation":90,"texture":"#2"}}},{"from":[7.75,19.65529,4.98046],"to":[8.25,20.65529,8.48046],"rotation":{"angle":0,"axis":"z","origin":[8,8,8]},"faces":{"north":{"uv":[10,2.5,10.25,2.75],"texture":"#2"},"east":{"uv":[7,9,7.875,9.25],"texture":"#2"},"south":{"uv":[2.75,10,3,10.25],"texture":"#2"},"west":{"uv":[9,5.75,9.875,6],"texture":"#2"},"up":{"uv":[9.875,7.75,9,7.5],"rotation":270,"texture":"#2"},"down":{"uv":[10.125,0,9.25,0.25],"rotation":90,"texture":"#2"}}},{"from":[7.75,18.87583,3.60091],"to":[8.25,19.87583,6.60091],"rotation":{"angle":22.5,"axis":"x","origin":[8,8,8]},"faces":{"north":{"uv":[3,10,3.25,10.25],"texture":"#2"},"east":{"uv":[7,9.25,7.75,9.5],"texture":"#2"},"south":{"uv":[3.5,10,3.75,10.25],"texture":"#2"},"west":{"uv":[9.25,6.5,10,6.75],"texture":"#2"},"up":{"uv":[10,8.25,9.25,8],"rotation":270,"texture":"#2"},"down":{"uv":[9,9.25,8.25,9.5],"rotation":90,"texture":"#2"}}},{"from":[7.85,19.22255,5.33031],"to":[8.15,20.22255,6.33031],"rotation":{"angle":22.5,"axis":"x","origin":[8,8,8]},"faces":{"north":{"uv":[4,10,4.25,10.25],"texture":"#2"},"east":{"uv":[4.25,10,4.5,10.25],"texture":"#2"},"south":{"uv":[10,4.25,10.25,4.5],"texture":"#2"},"west":{"uv":[3.75,10,4,10.25],"texture":"#2"},"up":{"uv":[4.75,10.25,4.5,10],"rotation":270,"texture":"#2"},"down":{"uv":[10.25,4.5,10,4.75],"rotation":90,"texture":"#2"}}},{"from":[7.85,17.5304,14.75489],"to":[8.15,18.5304,16.75489],"rotation":{"angle":-22.5,"axis":"x","origin":[8,8,8]},"faces":{"north":{"uv":[4.75,10,5,10.25],"texture":"#2"},"east":{"uv":[9.5,7.25,10,7.5],"texture":"#2"},"south":{"uv":[5,10,5.25,10.25],"texture":"#2"},"west":{"uv":[7.25,9.5,7.75,9.75],"texture":"#2"},"up":{"uv":[8.75,9.75,8.25,9.5],"rotation":270,"texture":"#2"},"down":{"uv":[10,8.25,9.5,8.5],"rotation":90,"texture":"#2"}}},{"from":[7.775,16.15529,-3.01954],"to":[8.225,26.65529,14.48046],"rotation":{"angle":0,"axis":"z","origin":[8,8,8]},"faces":{"north":{"uv":[3.75,5.5,4,8.125],"texture":"#2"},"east":{"uv":[0,2.75,4.375,5.375],"texture":"#2"},"south":{"uv":[4,5.5,4.25,8.125],"texture":"#2"},"west":{"uv":[0,0,4.375,2.625],"texture":"#2"},"up":{"uv":[10.375,4,6,3.75],"rotation":270,"texture":"#2"},"down":{"uv":[10.375,4,6,4.25],"rotation":90,"texture":"#2"}}},{"from":[0.25,20.25,13.125],"to":[8.75,25.25,13.125],"rotation":{"angle":45,"axis":"x","origin":[6.5,19.75,11.175]},"faces":{"north":{"uv":[0.5,5.5,2.625,6.75],"texture":"#2"},"east":{"uv":[6,7.25,6.375,8.5],"texture":"#2"},"south":{"uv":[6,0,8.125,1.25],"texture":"#2"},"west":{"uv":[6.5,7.25,6.875,8.5],"texture":"#2"},"up":{"uv":[8.125,4.625,6,4.25],"texture":"#2"},"down":{"uv":[8.125,4.75,6,5.125],"texture":"#2"}}},{"from":[0.25,16.25,13.225],"to":[8.75,21.25,13.225],"rotation":{"angle":45,"axis":"x","origin":[6.5,19.75,11.175]},"faces":{"north":{"uv":[6,1.25,8.125,2.5],"texture":"#2"},"east":{"uv":[2.5,7.5,2.875,8.75],"texture":"#2"},"south":{"uv":[6,2.5,8.125,3.75],"texture":"#2"},"west":{"uv":[3,7.5,3.375,8.75],"texture":"#2"},"up":{"uv":[8.125,5.625,6,5.25],"texture":"#2"},"down":{"uv":[8.125,5.75,6,6.125],"texture":"#2"}}},{"from":[7.25,20.25,13.125],"to":[15.75,25.25,13.125],"rotation":{"angle":45,"axis":"x","origin":[9.5,19.75,11.175]},"faces":{"north":{"uv":[2.625,5.5,0.5,6.75],"texture":"#2"},"east":{"uv":[6.875,7.25,6.5,8.5],"texture":"#2"},"south":{"uv":[8.125,0,6,1.25],"texture":"#2"},"west":{"uv":[6.375,7.25,6,8.5],"texture":"#2"},"up":{"uv":[6,4.625,8.125,4.25],"texture":"#2"},"down":{"uv":[6,4.75,8.125,5.125],"texture":"#2"}}},{"from":[7.25,16.25,13.225],"to":[15.75,21.25,13.225],"rotation":{"angle":45,"axis":"x","origin":[9.5,19.75,11.175]},"faces":{"north":{"uv":[8.125,1.25,6,2.5],"texture":"#2"},"east":{"uv":[3.375,7.5,3,8.75],"texture":"#2"},"south":{"uv":[8.125,2.5,6,3.75],"texture":"#2"},"west":{"uv":[2.875,7.5,2.5,8.75],"texture":"#2"},"up":{"uv":[6,5.625,8.125,5.25],"texture":"#2"},"down":{"uv":[6,5.75,8.125,6.125],"texture":"#2"}}}],"gui_light":"front","display":{"thirdperson_righthand":{"rotation":[13.5,0,0],"translation":[0,1.75,-3.25],"scale":[0.9043,0.9043,0.9043]},"thirdperson_lefthand":{"rotation":[13.5,0,0],"translation":[0,1.75,-3.25],"scale":[0.9043,0.9043,0.9043]},"firstperson_righthand":{"rotation":[-12.8,4.83,1.17],"translation":[1,-0.5,0],"scale":[0.65625,0.65625,0.65625]},"firstperson_lefthand":{"rotation":[-12.8,4.83,1.17],"translation":[1,-0.5,0],"scale":[0.65625,0.65625,0.65625]},"ground":{"rotation":[0,0,-80],"translation":[-0.25,-1,-2.5],"scale":[0.62891,0.62891,0.62891]},"gui":{"rotation":[90,50.25,-90],"translation":[-2.5,0.75,0],"scale":[0.46875,0.46875,0.46875]},"head":{"rotation":[0,90,0],"translation":[-4,25.5,0]},"fixed":{"rotation":[0,90,0],"translation":[-8,5.25,-2],"scale":[1.87305,1.87305,1.87305]}}}