{"textures​":{"layer0":"minecraft:item/shulker_box"},"credit":"MadewithBlockbench","texture_size":[64,64],"\u0074\u0065\u0078\u0074\u0075\u0072\u0065\u0073":{"2":"\u0072\u006f\u0079\u0061\u006c:\u0072\u006f\u0079\u0061\u006c_\u0074\u0061\u0062\u006c\u0065_3","\u0070\u0061\u0072\u0074\u0069\u0063\u006c\u0065":"#2"},"elements":[{"name":"0","from":[1,9,1],"to":[15,9,15],"rotation":{"angle":0,"axis":"y","origin":[7.5,12.75,8]},"faces":{"up":{"uv":[5.5,5.5,2,2],"rotation":180,"texture":"#2"},"down":{"uv":[2,2,5.5,5.5],"texture":"#2"}}},{"name":"0","from":[0,7,0],"to":[1,9,16],"rotation":{"angle":0,"axis":"y","origin":[7.5,12.75,8]},"faces":{"north":{"uv":[13.25,0.75,13,1.25],"texture":"#2"},"east":{"uv":[13,0.75,9,1.25],"texture":"#2"},"south":{"uv":[13,0.75,13.25,1.25],"texture":"#2"},"west":{"uv":[13,0.75,9,1.25],"texture":"#2"},"up":{"uv":[0.25,15,0.5,11],"rotation":180,"texture":"#2"},"down":{"uv":[0.25,11,0.5,15],"rotation":180,"texture":"#2"}}},{"name":"0","from":[15,7,0],"to":[16,9,16],"rotation":{"angle":0,"axis":"y","origin":[8.5,12.75,8]},"faces":{"north":{"uv":[13,0.75,13.25,1.25],"texture":"#2"},"east":{"uv":[9,0.75,13,1.25],"texture":"#2"},"south":{"uv":[13.25,0.75,13,1.25],"texture":"#2"},"west":{"uv":[9,0.75,13,1.25],"texture":"#2"},"up":{"uv":[0.5,15,0.25,11],"rotation":180,"texture":"#2"},"down":{"uv":[0.5,11,0.25,15],"rotation":180,"texture":"#2"}}},{"name":"0","from":[1,7,0],"to":[15,9,1],"rotation":{"angle":0,"axis":"y","origin":[7.5,12.75,8]},"faces":{"north":{"uv":[12.5,1.25,9,1.75],"texture":"#2"},"east":{"uv":[12.75,1.25,12.5,1.75],"texture":"#2"},"south":{"uv":[12.5,1.25,9,1.75],"texture":"#2"},"west":{"uv":[12.75,1.25,12.5,1.75],"texture":"#2"},"up":{"uv":[12.5,1.75,9,2],"texture":"#2"},"down":{"uv":[12.5,1.75,9,2],"texture":"#2"}}},{"name":"0","from":[1,7,15],"to":[15,9,16],"rotation":{"angle":0,"axis":"y","origin":[7.5,12.75,8]},"faces":{"north":{"uv":[9,1.25,12.5,1.75],"texture":"#2"},"east":{"uv":[12.5,1.25,12.75,1.75],"texture":"#2"},"south":{"uv":[9,1.25,12.5,1.75],"texture":"#2"},"west":{"uv":[12.5,1.25,12.75,1.75],"texture":"#2"},"up":{"uv":[12.5,2,9,1.75],"texture":"#2"},"down":{"uv":[12.5,2,9,1.75],"texture":"#2"}}},{"name":"0","from":[1,14,14],"to":[15,16,15],"rotation":{"angle":0,"axis":"y","origin":[7.5,12.75,8]},"faces":{"north":{"uv":[10.75,2.25,14.25,2.75],"texture":"#2"},"east":{"uv":[12.75,1.25,13,1.75],"texture":"#2"},"south":{"uv":[10.75,2.25,14.25,2.75],"texture":"#2"},"west":{"uv":[12.75,1.25,13,1.75],"texture":"#2"},"up":{"uv":[10.75,2,14.25,2.25],"texture":"#2"},"down":{"uv":[10.75,2,14.25,2.25],"texture":"#2"}}},{"name":"0","from":[5,9,14],"to":[11,14,15],"rotation":{"angle":0,"axis":"y","origin":[7.5,12.75,8]},"faces":{"north":{"uv":[9.25,2.25,10.75,3.5],"texture":"#2"},"east":{"uv":[9,2,9.25,3.25],"texture":"#2"},"south":{"uv":[9.25,2.25,10.75,3.5],"texture":"#2"},"west":{"uv":[9,2,9.25,3.25],"texture":"#2"},"up":{"uv":[9.25,2,10.75,2.25],"texture":"#2"},"down":{"uv":[9.25,2,10.75,2.25],"texture":"#2"}}},{"name":"0","from":[0,24,14],"to":[16,26,15],"rotation":{"angle":0,"axis":"y","origin":[7.5,12.75,8]},"faces":{"north":{"uv":[10.75,2.75,14.75,3.25],"texture":"#2"},"east":{"uv":[13.25,0.75,13.5,1.25],"texture":"#2"},"south":{"uv":[10.75,2.75,14.75,3.25],"texture":"#2"},"west":{"uv":[13.25,0.75,13.5,1.25],"texture":"#2"},"up":{"uv":[10.75,3.25,14.75,3.5],"texture":"#2"},"down":{"uv":[10.75,3.25,14.75,3.5],"texture":"#2"}}},{"name":"0","from":[1,16,14],"to":[3,24,15],"rotation":{"angle":0,"axis":"y","origin":[7.5,12.75,8]},"faces":{"north":{"uv":[15.5,0,16,2],"texture":"#2"},"east":{"uv":[15.75,2.25,16,4.25],"texture":"#2"},"south":{"uv":[15.5,0,16,2],"texture":"#2"},"west":{"uv":[15.75,2.25,16,4.25],"texture":"#2"},"up":{"uv":[15.5,2,16,2.25],"texture":"#2"},"down":{"uv":[15.5,2,16,2.25],"texture":"#2"}}},{"name":"0","from":[13,16,14],"to":[15,24,15],"rotation":{"angle":0,"axis":"y","origin":[8.5,12.75,8]},"faces":{"north":{"uv":[16,0,15.5,2],"texture":"#2"},"east":{"uv":[16,2.25,15.75,4.25],"texture":"#2"},"south":{"uv":[16,0,15.5,2],"texture":"#2"},"west":{"uv":[16,2.25,15.75,4.25],"texture":"#2"},"up":{"uv":[16,2,15.5,2.25],"texture":"#2"},"down":{"uv":[16,2,15.5,2.25],"texture":"#2"}}},{"name":"0","from":[3,16,14.5],"to":[13,24,14.5],"rotation":{"angle":0,"axis":"y","origin":[7.5,12.75,8]},"faces":{"north":{"uv":[2.5,7.125,5,5.125],"texture":"#2"},"east":{"uv":[8,3,8.25,3.5],"texture":"#2"},"south":{"uv":[5,7.125,2.5,5.125],"texture":"#2"},"west":{"uv":[8,3,8.25,3.5],"texture":"#2"},"up":{"uv":[15.5,0.75,7.5,0.5],"rotation":180,"texture":"#2"},"down":{"uv":[15.5,0.75,7.5,0.5],"rotation":180,"texture":"#2"}}},{"name":"0","from":[1.25,2,2],"to":[1.25,7,8],"rotation":{"angle":0,"axis":"y","origin":[7.5,12.75,8]},"faces":{"east":{"uv":[7.5,0.75,9,2],"texture":"#2"},"west":{"uv":[9,0.75,7.5,2],"texture":"#2"}}},{"name":"0","from":[1,1,1],"to":[3,7,3],"rotation":{"angle":0,"axis":"y","origin":[7.5,12.75,8]},"faces":{"north":{"uv":[1.25,8,1.75,11],"texture":"#2"},"east":{"uv":[7.5,2.875,8,4.375],"texture":"#2"},"south":{"uv":[1.75,8,1.25,11],"texture":"#2"},"west":{"uv":[8,2.875,7.5,4.375],"texture":"#2"}}},{"name":"0","from":[0,6,0],"to":[4,7,4],"rotation":{"angle":0,"axis":"y","origin":[7.5,12.75,8]},"faces":{"north":{"uv":[7.5,7.25,8.5,7],"texture":"#2"},"east":{"uv":[7.5,7.25,8.5,7],"texture":"#2"},"south":{"uv":[7.5,7.25,8.5,7],"texture":"#2"},"west":{"uv":[7.5,7.25,8.5,7],"texture":"#2"},"up":{"uv":[8.5,7,7.5,6],"rotation":90,"texture":"#2"},"down":{"uv":[8.5,5,7.5,6],"rotation":270,"texture":"#2"}}},{"name":"0","from":[0,0,0],"to":[4,1,4],"rotation":{"angle":0,"axis":"y","origin":[7.5,12.75,8]},"faces":{"north":{"uv":[7.5,7,8.5,7.25],"texture":"#2"},"east":{"uv":[7.5,7,8.5,7.25],"texture":"#2"},"south":{"uv":[7.5,7,8.5,7.25],"texture":"#2"},"west":{"uv":[7.5,7,8.5,7.25],"texture":"#2"},"up":{"uv":[8.5,6,7.5,5],"rotation":90,"texture":"#2"},"down":{"uv":[8.5,6,7.5,7],"rotation":270,"texture":"#2"}}},{"name":"0","from":[-3,21,14.5],"to":[3,26,14.5],"rotation":{"angle":0,"axis":"y","origin":[7.5,12.75,8]},"faces":{"north":{"uv":[9,0.75,7.5,2],"texture":"#2"},"south":{"uv":[7.5,0.75,9,2],"texture":"#2"}}},{"name":"0","from":[13,21,14.5],"to":[19,26,14.5],"rotation":{"angle":0,"axis":"y","origin":[7.5,12.75,8]},"faces":{"north":{"uv":[7.5,0.75,9,2],"texture":"#2"},"south":{"uv":[9,0.75,7.5,2],"texture":"#2"}}},{"name":"0","from":[14.75,2,2],"to":[14.75,7,8],"rotation":{"angle":0,"axis":"y","origin":[7.5,12.75,8]},"faces":{"east":{"uv":[7.5,0.75,9,2],"texture":"#2"},"west":{"uv":[9,0.75,7.5,2],"texture":"#2"}}},{"name":"0","from":[13,1,1],"to":[15,7,3],"rotation":{"angle":0,"axis":"y","origin":[7.5,12.75,8]},"faces":{"north":{"uv":[1.75,8,1.25,11],"texture":"#2"},"east":{"uv":[7.5,2.875,8,4.375],"texture":"#2"},"south":{"uv":[1.25,8,1.75,11],"texture":"#2"},"west":{"uv":[8,2.875,7.5,4.375],"texture":"#2"}}},{"name":"0","from":[12,6,0],"to":[16,7,4],"rotation":{"angle":0,"axis":"y","origin":[7.5,12.75,8]},"faces":{"north":{"uv":[8.5,7.25,7.5,7],"texture":"#2"},"east":{"uv":[8.5,7.25,7.5,7],"texture":"#2"},"south":{"uv":[8.5,7.25,7.5,7],"texture":"#2"},"west":{"uv":[8.5,7.25,7.5,7],"texture":"#2"},"up":{"uv":[8.5,6,7.5,7],"rotation":90,"texture":"#2"},"down":{"uv":[8.5,6,7.5,5],"rotation":270,"texture":"#2"}}},{"name":"0","from":[12,0,0],"to":[16,1,4],"rotation":{"angle":0,"axis":"y","origin":[7.5,12.75,8]},"faces":{"north":{"uv":[8.5,7,7.5,7.25],"texture":"#2"},"east":{"uv":[8.5,7,7.5,7.25],"texture":"#2"},"south":{"uv":[8.5,7,7.5,7.25],"texture":"#2"},"west":{"uv":[8.5,7,7.5,7.25],"texture":"#2"},"up":{"uv":[8.5,5,7.5,6],"rotation":90,"texture":"#2"},"down":{"uv":[8.5,7,7.5,6],"rotation":270,"texture":"#2"}}},{"name":"0","from":[1.25,2,8],"to":[1.25,7,14],"rotation":{"angle":0,"axis":"y","origin":[7.5,12.75,8]},"faces":{"east":{"uv":[9,0.75,7.5,2],"texture":"#2"},"west":{"uv":[7.5,0.75,9,2],"texture":"#2"}}},{"name":"0","from":[1,1,13],"to":[3,7,15],"rotation":{"angle":0,"axis":"y","origin":[7.5,12.75,8]},"faces":{"north":{"uv":[1.25,8,1.75,11],"texture":"#2"},"east":{"uv":[8,2.875,7.5,4.375],"texture":"#2"},"south":{"uv":[1.75,8,1.25,11],"texture":"#2"},"west":{"uv":[7.5,2.875,8,4.375],"texture":"#2"}}},{"name":"0","from":[0,6,12],"to":[4,7,16],"rotation":{"angle":0,"axis":"y","origin":[7.5,12.75,8]},"faces":{"north":{"uv":[8.5,7.25,7.5,7],"texture":"#2"},"east":{"uv":[8.5,7.25,7.5,7],"texture":"#2"},"south":{"uv":[8.5,7.25,7.5,7],"texture":"#2"},"west":{"uv":[8.5,7.25,7.5,7],"texture":"#2"},"up":{"uv":[7.5,7,8.5,6],"rotation":90,"texture":"#2"},"down":{"uv":[7.5,5,8.5,6],"rotation":270,"texture":"#2"}}},{"name":"0","from":[0,0,12],"to":[4,1,16],"rotation":{"angle":0,"axis":"y","origin":[7.5,12.75,8]},"faces":{"north":{"uv":[8.5,7,7.5,7.25],"texture":"#2"},"east":{"uv":[8.5,7,7.5,7.25],"texture":"#2"},"south":{"uv":[8.5,7,7.5,7.25],"texture":"#2"},"west":{"uv":[8.5,7,7.5,7.25],"texture":"#2"},"up":{"uv":[7.5,6,8.5,5],"rotation":90,"texture":"#2"},"down":{"uv":[7.5,6,8.5,7],"rotation":270,"texture":"#2"}}},{"name":"0","from":[14.75,2,8],"to":[14.75,7,14],"rotation":{"angle":0,"axis":"y","origin":[7.5,12.75,8]},"faces":{"east":{"uv":[9,0.75,7.5,2],"texture":"#2"},"west":{"uv":[7.5,0.75,9,2],"texture":"#2"}}},{"name":"0","from":[13,1,13],"to":[15,7,15],"rotation":{"angle":0,"axis":"y","origin":[7.5,12.75,8]},"faces":{"north":{"uv":[1.75,8,1.25,11],"texture":"#2"},"east":{"uv":[8,2.875,7.5,4.375],"texture":"#2"},"south":{"uv":[1.25,8,1.75,11],"texture":"#2"},"west":{"uv":[7.5,2.875,8,4.375],"texture":"#2"}}},{"name":"0","from":[12,6,12],"to":[16,7,16],"rotation":{"angle":0,"axis":"y","origin":[7.5,12.75,8]},"faces":{"north":{"uv":[7.5,7.25,8.5,7],"texture":"#2"},"east":{"uv":[7.5,7.25,8.5,7],"texture":"#2"},"south":{"uv":[7.5,7.25,8.5,7],"texture":"#2"},"west":{"uv":[7.5,7.25,8.5,7],"texture":"#2"},"up":{"uv":[7.5,6,8.5,7],"rotation":90,"texture":"#2"},"down":{"uv":[7.5,6,8.5,5],"rotation":270,"texture":"#2"}}},{"name":"0","from":[12,0,12],"to":[16,1,16],"rotation":{"angle":0,"axis":"y","origin":[7.5,12.75,8]},"faces":{"north":{"uv":[7.5,7,8.5,7.25],"texture":"#2"},"east":{"uv":[7.5,7,8.5,7.25],"texture":"#2"},"south":{"uv":[7.5,7,8.5,7.25],"texture":"#2"},"west":{"uv":[7.5,7,8.5,7.25],"texture":"#2"},"up":{"uv":[7.5,5,8.5,6],"rotation":90,"texture":"#2"},"down":{"uv":[7.5,7,8.5,6],"rotation":270,"texture":"#2"}}}],"display":{"thirdperson_righthand":{"rotation":[45,0,0],"translation":[0,0.5,-1.25],"scale":[0.25,0.25,0.25]},"thirdperson_lefthand":{"rotation":[45,0,0],"translation":[0,0.5,-1.25],"scale":[0.25,0.25,0.25]},"firstperson_righthand":{"rotation":[0,133,0],"translation":[14,-3.75,-11.5],"scale":[0.45,0.45,0.45]},"firstperson_lefthand":{"rotation":[0,133,0],"translation":[14,-3.75,-11.5],"scale":[0.45,0.45,0.45]},"ground":{"translation":[0,0.25,0],"scale":[0.4,0.4,0.4]},"gui":{"rotation":[15,-145,0],"translation":[0.25,-2.5,0],"scale":[0.5,0.5,0.5]},"head":{"translation":[0,-27.25,0],"scale":[2,2,2]},"fixed":{"rotation":[-90,0,0],"translation":[0,0,-16],"scale":[2,2,2]}}}