{"textures​":{"1":"\u0072\u006f\u0079\u0061\u006c:\u0072\u006f\u0079\u0061\u006c_\u0063\u0068\u0061\u0069\u0072","\u0070\u0061\u0072\u0074\u0069\u0063\u006c\u0065":"\u0072\u006f\u0079\u0061\u006c:\u0072\u006f\u0079\u0061\u006c_\u0063\u0068\u0061\u0069\u0072"},"credit":"MadewithBlockbench","texture_size":[64,64],"\u0074\u0065\u0078\u0074\u0075\u0072\u0065\u0073":{"1":"\u0072\u006f\u0079\u0061\u006c:\u0072\u006f\u0079\u0061\u006c_\u0063\u0068\u0061\u0069\u0072","\u0070\u0061\u0072\u0074\u0069\u0063\u006c\u0065":"\u0072\u006f\u0079\u0061\u006c:\u0072\u006f\u0079\u0061\u006c_\u0063\u0068\u0061\u0069\u0072"},"elements":[{"name":"0","from":[-4,24,3],"to":[20,26,5],"rotation":{"angle":0,"axis":"y","origin":[-6,16,6]},"faces":{"north":{"uv":[8.5,8.5,2.5,8],"texture":"#1"},"south":{"uv":[8.5,8,2.5,8.5],"texture":"#1"},"up":{"uv":[2.5,8.5,8.5,8],"texture":"#1"},"down":{"uv":[2.5,8.5,8.5,8],"texture":"#1"}}},{"name":"0","from":[-4,26,4],"to":[20,30,4],"rotation":{"angle":0,"axis":"y","origin":[-6,16,6]},"faces":{"north":{"uv":[6.75,10.5,0.75,11.5],"texture":"#1"},"south":{"uv":[0.75,10.5,6.75,11.5],"texture":"#1"}}},{"name":"0","from":[-5,-16,4],"to":[8,24,4],"rotation":{"angle":0,"axis":"y","origin":[1,13.5,-2]},"faces":{"north":{"uv":[16,0,12.75,10],"texture":"#1"},"south":{"uv":[12.75,0,16,10],"texture":"#1"}}},{"name":"0","from":[-9,-15,1],"to":[-3,-13,6],"rotation":{"angle":0,"axis":"y","origin":[-6,16,6]},"faces":{"north":{"uv":[9,2.75,10.5,3.25],"texture":"#1"},"east":{"uv":[10.5,3.25,9.25,3.75],"texture":"#1"},"south":{"uv":[9,3.75,10.5,4.25],"texture":"#1"},"west":{"uv":[9.25,3.25,10.5,3.75],"texture":"#1"},"up":{"uv":[10.5,2.75,9,1.5],"texture":"#1"},"down":{"uv":[10.5,1.5,9,2.75],"texture":"#1"}}},{"name":"0","from":[-9,18,1],"to":[-3,20,6],"rotation":{"angle":0,"axis":"y","origin":[-6,16,6]},"faces":{"north":{"uv":[9,2.75,10.5,3.25],"texture":"#1"},"east":{"uv":[10.5,3.25,9.25,3.75],"texture":"#1"},"south":{"uv":[9,3.75,10.5,4.25],"texture":"#1"},"west":{"uv":[9.25,3.25,10.5,3.75],"texture":"#1"},"up":{"uv":[10.5,2.75,9,1.5],"texture":"#1"},"down":{"uv":[10.5,1.5,9,2.75],"texture":"#1"}}},{"name":"0","from":[22,20,-2.75],"to":[22,28,1.25],"rotation":{"angle":-45,"axis":"y","origin":[22,24,4]},"faces":{"east":{"uv":[11.75,8,12.75,10],"texture":"#1"},"west":{"uv":[12.75,8,11.75,10],"texture":"#1"}}},{"name":"0","from":[22,20,-2.75],"to":[22,28,2.25],"rotation":{"angle":0,"axis":"y","origin":[22,24,4]},"faces":{"east":{"uv":[11.5,8,12.75,10],"texture":"#1"},"west":{"uv":[12.75,8,11.5,10],"texture":"#1"}}},{"name":"0","from":[22,20,-2.75],"to":[22,28,1.25],"rotation":{"angle":45,"axis":"y","origin":[22,24,4]},"faces":{"east":{"uv":[11.75,8,12.75,10],"texture":"#1"},"west":{"uv":[12.75,8,11.75,10],"texture":"#1"}}},{"name":"0","from":[-6,20,-2.75],"to":[-6,28,2.25],"rotation":{"angle":0,"axis":"y","origin":[-6,24,4]},"faces":{"east":{"uv":[11.5,8,12.75,10],"texture":"#1"},"west":{"uv":[12.75,8,11.5,10],"texture":"#1"}}},{"name":"0","from":[-6,20,-2.75],"to":[-6,28,1.25],"rotation":{"angle":45,"axis":"y","origin":[-6,24,4]},"faces":{"east":{"uv":[11.75,8,12.75,10],"texture":"#1"},"west":{"uv":[12.75,8,11.75,10],"texture":"#1"}}},{"name":"0","from":[-6,20,-2.75],"to":[-6,28,1.25],"rotation":{"angle":-45,"axis":"y","origin":[-6,24,4]},"faces":{"east":{"uv":[11.75,8,12.75,10],"texture":"#1"},"west":{"uv":[12.75,8,11.75,10],"texture":"#1"}}},{"name":"0","from":[-8,16,2],"to":[-4,32,6],"rotation":{"angle":0,"axis":"y","origin":[-6,16,6]},"faces":{"north":{"uv":[10.5,2.5,11.5,6.5],"texture":"#1"},"east":{"uv":[10.5,2.5,11.5,6.5],"texture":"#1"},"south":{"uv":[10.5,2.5,11.5,6.5],"texture":"#1"},"west":{"uv":[10.5,2.5,11.5,6.5],"texture":"#1"},"up":{"uv":[11.5,2.5,10.5,1.5],"texture":"#1"},"down":{"uv":[11.5,2.5,10.5,1.5],"texture":"#1"}}},{"name":"0","from":[-8,-16,2],"to":[-4,-10,6],"rotation":{"angle":0,"axis":"y","origin":[-6,0,6]},"faces":{"north":{"uv":[9.25,11,8.25,12.5],"texture":"#1"},"east":{"uv":[9.25,11,8.25,12.5],"texture":"#1"},"south":{"uv":[9.25,11,8.25,12.5],"texture":"#1"},"west":{"uv":[9.25,11,8.25,12.5],"texture":"#1"},"up":{"uv":[8.25,11,9.25,10],"texture":"#1"},"down":{"uv":[8.25,11,9.25,10],"texture":"#1"}}},{"name":"0","from":[-7,-10,3],"to":[-5,16,6],"rotation":{"angle":0,"axis":"y","origin":[-6,0,6]},"faces":{"north":{"uv":[12,8,11.5,1.5],"texture":"#1"},"east":{"uv":[12.75,6.5,12,0],"texture":"#1"},"south":{"uv":[12,8,11.5,1.5],"texture":"#1"},"west":{"uv":[12.75,6.5,12,0],"texture":"#1"}}},{"name":"0","from":[8,-16,4],"to":[21,24,4],"rotation":{"angle":0,"axis":"y","origin":[1,13.5,-2]},"faces":{"north":{"uv":[12.75,0,16,10],"texture":"#1"},"south":{"uv":[16,0,12.75,10],"texture":"#1"}}},{"name":"0","from":[19,-15,1],"to":[25,-13,6],"rotation":{"angle":0,"axis":"y","origin":[8,16,6]},"faces":{"north":{"uv":[10.5,2.75,9,3.25],"texture":"#1"},"east":{"uv":[10.5,3.25,9.25,3.75],"texture":"#1"},"south":{"uv":[10.5,3.75,9,4.25],"texture":"#1"},"west":{"uv":[9.25,3.25,10.5,3.75],"texture":"#1"},"up":{"uv":[9,2.75,10.5,1.5],"texture":"#1"},"down":{"uv":[9,1.5,10.5,2.75],"texture":"#1"}}},{"name":"0","from":[19,18,1],"to":[25,20,6],"rotation":{"angle":0,"axis":"y","origin":[8,16,6]},"faces":{"north":{"uv":[10.5,2.75,9,3.25],"texture":"#1"},"east":{"uv":[10.5,3.25,9.25,3.75],"texture":"#1"},"south":{"uv":[10.5,3.75,9,4.25],"texture":"#1"},"west":{"uv":[9.25,3.25,10.5,3.75],"texture":"#1"},"up":{"uv":[9,2.75,10.5,1.5],"texture":"#1"},"down":{"uv":[9,1.5,10.5,2.75],"texture":"#1"}}},{"name":"0","from":[20,16,2],"to":[24,32,6],"rotation":{"angle":0,"axis":"y","origin":[8,16,6]},"faces":{"north":{"uv":[11.5,2.5,10.5,6.5],"texture":"#1"},"east":{"uv":[11.5,2.5,10.5,6.5],"texture":"#1"},"south":{"uv":[11.5,2.5,10.5,6.5],"texture":"#1"},"west":{"uv":[11.5,2.5,10.5,6.5],"texture":"#1"},"up":{"uv":[10.5,2.5,11.5,1.5],"texture":"#1"},"down":{"uv":[10.5,2.5,11.5,1.5],"texture":"#1"}}},{"name":"0","from":[20,-16,2],"to":[24,-10,6],"rotation":{"angle":0,"axis":"y","origin":[8,0,6]},"faces":{"north":{"uv":[8.25,11,9.25,12.5],"texture":"#1"},"east":{"uv":[8.25,11,9.25,12.5],"texture":"#1"},"south":{"uv":[8.25,11,9.25,12.5],"texture":"#1"},"west":{"uv":[8.25,11,9.25,12.5],"texture":"#1"},"up":{"uv":[9.25,11,8.25,10],"texture":"#1"},"down":{"uv":[9.25,11,8.25,10],"texture":"#1"}}},{"name":"0","from":[21,-10,3],"to":[23,16,6],"rotation":{"angle":0,"axis":"y","origin":[8,0,6]},"faces":{"north":{"uv":[11.5,8,12,1.5],"texture":"#1"},"east":{"uv":[12,6.5,12.75,0],"texture":"#1"},"south":{"uv":[11.5,8,12,1.5],"texture":"#1"},"west":{"uv":[12,6.5,12.75,0],"texture":"#1"}}}],"display":{"thirdperson_righthand":{"rotation":[45,0,0],"translation":[0,0,2.25],"scale":[0.25,0.25,0.25]},"thirdperson_lefthand":{"rotation":[45,0,0],"translation":[0,0,2.25],"scale":[0.25,0.25,0.25]},"firstperson_righthand":{"rotation":[0,133,0],"translation":[19.25,-3.75,-17.75],"scale":[0.3,0.3,0.3]},"firstperson_lefthand":{"rotation":[0,133,0],"translation":[19.25,-3.75,-17.75],"scale":[0.3,0.3,0.3]},"ground":{"translation":[0,3.5,0],"scale":[0.25,0.25,0.25]},"gui":{"rotation":[15,-145,0],"translation":[-1,0.25,0],"scale":[0.3,0.3,0.3]},"head":{"translation":[0,4.75,8.25],"scale":[2,2,2]},"fixed":{"rotation":[-90,0,0],"translation":[-16,9,-48],"scale":[2,2,2]}}}