{"credit":"Made with Blockbench","texture_size":[32,32],"textures":{"1":"mickeysr:party_weapon_set/animation_01","2":"mickeysr:party_weapon_set/animation_03","3":"mickeysr:party_weapon_set/animation_02","6":"mickeysr:party_weapon_set/shovel","particle":"mickeysr:party_weapon_set/animation_01"},"elements":[{"from":[7.5,-3.4,7.5],"to":[8.5,1.4,8.5],"rotation":{"angle":0,"axis":"y","origin":[7.5,-3.4,7.5]},"faces":{"north":{"uv":[4,2,5,6.75],"texture":"#6"},"east":{"uv":[0,5,1,9.75],"texture":"#6"},"south":{"uv":[1,5,2,9.75],"texture":"#6"},"west":{"uv":[2,5,3,9.75],"texture":"#6"},"up":{"uv":[11,10,10,9],"texture":"#6"},"down":{"uv":[5,12,4,13],"texture":"#6"}}},{"from":[7.5,1.9,7.5],"to":[8.5,4.2,8.5],"rotation":{"angle":0,"axis":"y","origin":[7.5,1.9,7.5]},"faces":{"north":{"uv":[9,2,10,4.25],"texture":"#6"},"east":{"uv":[3,9,4,11.25],"texture":"#6"},"south":{"uv":[4,9,5,11.25],"texture":"#6"},"west":{"uv":[9,5,10,7.25],"texture":"#6"},"up":{"uv":[11,10,10,9],"texture":"#6"},"down":{"uv":[5,12,4,13],"texture":"#6"}}},{"from":[7.4,-3.8,7.4],"to":[8.6,-3.225,8.6],"rotation":{"angle":0,"axis":"y","origin":[7.5,-8.2,7.5]},"faces":{"north":{"uv":[12,4,13.25,4.5],"texture":"#6"},"east":{"uv":[5,12,6.25,12.5],"texture":"#6"},"south":{"uv":[12,5,13.25,5.5],"texture":"#6"},"west":{"uv":[12,6,13.25,6.5],"texture":"#6"},"up":{"uv":[6.25,11.25,5,10],"texture":"#6"},"down":{"uv":[11.25,5,10,6.25],"texture":"#6"}}},{"from":[7.4,1.4,7.4],"to":[8.6,1.975,8.6],"rotation":{"angle":0,"axis":"y","origin":[7.5,-3,7.5]},"faces":{"north":{"uv":[12,4,13.25,4.5],"texture":"#6"},"east":{"uv":[5,12,6.25,12.5],"texture":"#6"},"south":{"uv":[12,5,13.25,5.5],"texture":"#6"},"west":{"uv":[12,6,13.25,6.5],"texture":"#6"},"up":{"uv":[6.25,11.25,5,10],"texture":"#6"},"down":{"uv":[11.25,5,10,6.25],"texture":"#6"}}},{"from":[7.51716,-5,7.45],"to":[8.71716,-3.8,8.55],"rotation":{"angle":45,"axis":"z","origin":[7.71716,-4.4,8]},"faces":{"north":{"uv":[7,10,8.25,11.25],"texture":"#6"},"east":{"uv":[11,1,12,2.25],"texture":"#6"},"south":{"uv":[10,7,11.25,8.25],"texture":"#6"},"west":{"uv":[11,9,12,10.25],"texture":"#6"},"up":{"uv":[12.25,12,11,11],"texture":"#6"},"down":{"uv":[13.25,0,12,1],"texture":"#6"}}},{"from":[1.425,3.4,7.975],"to":[4.825,6.8,7.975],"rotation":{"angle":0,"axis":"y","origin":[2.225,0.8,8.075]},"faces":{"north":{"uv":[13.95,1.025,2.5,11.96875],"texture":"#2"},"east":{"uv":[16,14.55625,13.55,16],"texture":"#2"},"south":{"uv":[2.5,1.025,13.95,11.96875],"texture":"#2"},"west":{"uv":[16,13.55625,13.55,16],"texture":"#2"},"up":{"uv":[16,14.05625,13.55,16],"texture":"#2"},"down":{"uv":[16,14.55625,13.55,16],"texture":"#2"}}},{"from":[10.425,7.3,7.975],"to":[13.825,10.7,7.975],"rotation":{"angle":0,"axis":"y","origin":[11.225,4.7,8.075]},"faces":{"north":{"uv":[13.95,1.025,2.5,11.96875],"texture":"#3"},"east":{"uv":[16,14.55625,13.55,16],"texture":"#3"},"south":{"uv":[2.5,1.025,13.95,11.96875],"texture":"#3"},"west":{"uv":[16,13.55625,13.55,16],"texture":"#3"},"up":{"uv":[16,14.05625,13.55,16],"texture":"#3"},"down":{"uv":[16,14.55625,13.55,16],"texture":"#3"}}},{"from":[7.51716,4,7.35],"to":[9.51716,6,8.65],"rotation":{"angle":45,"axis":"z","origin":[7.71716,4.6,8]},"faces":{"north":{"uv":[5,2,7,4],"texture":"#6"},"east":{"uv":[7,6,8.25,8],"texture":"#6"},"south":{"uv":[5,4,7,6],"texture":"#6"},"west":{"uv":[8,0,9.25,2],"texture":"#6"},"up":{"uv":[7,9.25,5,8],"texture":"#6"},"down":{"uv":[9,8,7,9.25],"texture":"#6"}}},{"from":[6.41716,4,7.55],"to":[8.41716,6,8.45],"rotation":{"angle":45,"axis":"z","origin":[6.61716,4.6,8]},"faces":{"north":{"uv":[5,6,7,8],"texture":"#6"},"east":{"uv":[3,5,4,7],"texture":"#6"},"south":{"uv":[7,2,9,4],"texture":"#6"},"west":{"uv":[9,8,10,10],"texture":"#6"},"up":{"uv":[2,11,0,10],"texture":"#6"},"down":{"uv":[12,0,10,1],"texture":"#6"}}},{"from":[7.4,3.8,7.4],"to":[8.6,4.8,8.6],"rotation":{"angle":0,"axis":"y","origin":[7.5,-0.6,7.5]},"faces":{"north":{"uv":[12,1,13.25,2],"texture":"#6"},"east":{"uv":[2,12,3.25,13],"texture":"#6"},"south":{"uv":[12,2,13.25,3],"texture":"#6"},"west":{"uv":[12,3,13.25,4],"texture":"#6"},"up":{"uv":[10.25,11.25,9,10],"texture":"#6"},"down":{"uv":[1.25,11,0,12.25],"texture":"#6"}}},{"from":[4.375,4.6,8.575],"to":[8.275,6.7,8.575],"rotation":{"angle":0,"axis":"z","origin":[6.325,5.65,8.025]},"faces":{"north":{"uv":[4,0,7.95,1.95],"texture":"#6"},"east":{"uv":[7.95,0,4,1.95],"texture":"#6"},"south":{"uv":[7.95,0,4,1.95],"texture":"#6"},"west":{"uv":[7.95,0,4,1.95],"texture":"#6"},"up":{"uv":[7.95,0,4,1.95],"texture":"#6"},"down":{"uv":[7.95,0,4,1.95],"texture":"#6"}}},{"from":[4.375,4.6,7.475],"to":[8.275,6.7,7.475],"rotation":{"angle":0,"axis":"z","origin":[6.325,5.65,8.025]},"faces":{"north":{"uv":[4,0,7.95,1.95],"texture":"#6"},"east":{"uv":[7.95,0,4,1.95],"texture":"#6"},"south":{"uv":[7.95,0,4,1.95],"texture":"#6"},"west":{"uv":[7.95,0,4,1.95],"texture":"#6"},"up":{"uv":[7.95,0,4,1.95],"texture":"#6"},"down":{"uv":[7.95,0,4,1.95],"texture":"#6"}}},{"from":[7.725,4.6,7.475],"to":[11.625,6.7,7.475],"rotation":{"angle":0,"axis":"z","origin":[9.675,5.65,8.025]},"faces":{"north":{"uv":[7.95,0,4,1.95],"texture":"#6"},"east":{"uv":[4,0,7.95,1.95],"texture":"#6"},"south":{"uv":[4,0,7.95,1.95],"texture":"#6"},"west":{"uv":[4,0,7.95,1.95],"texture":"#6"},"up":{"uv":[4,0,7.95,1.95],"texture":"#6"},"down":{"uv":[4,0,7.95,1.95],"texture":"#6"}}},{"from":[7.725,4.6,8.575],"to":[11.625,6.7,8.575],"rotation":{"angle":0,"axis":"z","origin":[9.675,5.65,8.025]},"faces":{"north":{"uv":[7.95,0,4,1.95],"texture":"#6"},"east":{"uv":[4,0,7.95,1.95],"texture":"#6"},"south":{"uv":[4,0,7.95,1.95],"texture":"#6"},"west":{"uv":[4,0,7.95,1.95],"texture":"#6"},"up":{"uv":[4,0,7.95,1.95],"texture":"#6"},"down":{"uv":[4,0,7.95,1.95],"texture":"#6"}}},{"from":[7.58284,4,7.55],"to":[9.58284,6,8.45],"rotation":{"angle":-45,"axis":"z","origin":[9.38284,4.6,8]},"faces":{"north":{"uv":[3,7,5,9],"texture":"#6"},"east":{"uv":[10,1,11,3],"texture":"#6"},"south":{"uv":[7,4,9,6],"texture":"#6"},"west":{"uv":[2,10,3,12],"texture":"#6"},"up":{"uv":[12,4,10,3],"texture":"#6"},"down":{"uv":[12,4,10,5],"texture":"#6"}}},{"from":[6.4,6.3,8],"to":[9.6,10.6,8],"rotation":{"angle":0,"axis":"z","origin":[6.45,7.8,8]},"faces":{"north":{"uv":[0,0,3.25,4.25],"texture":"#6"},"east":{"uv":[0,0,3.25,4.25],"texture":"#6"},"south":{"uv":[0,0,3.25,4.25],"texture":"#6"},"west":{"uv":[0,0,3.25,4.25],"texture":"#6"},"up":{"uv":[3.25,4.25,0,0],"texture":"#6"},"down":{"uv":[3.25,0,0,4.25],"texture":"#6"}}},{"from":[3.775,0.2,7.7],"to":[12.775,8.2,8.4],"rotation":{"angle":0,"axis":"y","origin":[10.875,-2.9,8]},"faces":{"north":{"uv":[0,0,16,16],"texture":"#1"},"east":{"uv":[15,15,16,16],"texture":"#1"},"south":{"uv":[16,0,0,16],"texture":"#1"},"west":{"uv":[14.5,14.5,16,16],"texture":"#1"},"up":{"uv":[14.5,14.5,16,16],"texture":"#1"},"down":{"uv":[14.5,14.5,16,16],"texture":"#1"}}},{"from":[6.475,-5.7,8.025],"to":[7.975,-3.6,8.025],"rotation":{"angle":0,"axis":"y","origin":[6.875,-8.6,7.925]},"faces":{"north":{"uv":[7.25,12.75,9,15.25],"texture":"#6"},"east":{"uv":[7.25,12.75,9,15.25],"texture":"#6"},"south":{"uv":[9,12.75,7.25,15.25],"texture":"#6"},"west":{"uv":[7.25,12.75,9,15.25],"texture":"#6"},"up":{"uv":[7.25,12.75,9,15.25],"texture":"#6"},"down":{"uv":[7.25,12.75,9,15.25],"texture":"#6"}}},{"from":[8.025,-5.7,8.025],"to":[9.525,-3.6,8.025],"rotation":{"angle":0,"axis":"y","origin":[9.125,-8.6,7.925]},"faces":{"north":{"uv":[12,12.75,10.25,15.25],"texture":"#6"},"east":{"uv":[12,12.75,10.25,15.25],"texture":"#6"},"south":{"uv":[10.25,12.75,12,15.25],"texture":"#6"},"west":{"uv":[12,12.75,10.25,15.25],"texture":"#6"},"up":{"uv":[12,12.75,10.25,15.25],"texture":"#6"},"down":{"uv":[12,12.75,10.25,15.25],"texture":"#6"}}},{"from":[5.75,4.2,7.25],"to":[10.25,6.6,7.25],"rotation":{"angle":0,"axis":"y","origin":[8.95,-0.2,7.35]},"faces":{"north":{"uv":[16,9.75,13.5,14.25],"rotation":270,"texture":"#6"},"east":{"uv":[16,9.75,13.5,14.25],"rotation":270,"texture":"#6"},"south":{"uv":[16,9.75,13.5,14.25],"rotation":270,"texture":"#6"},"west":{"uv":[16,9.75,13.5,14.25],"rotation":270,"texture":"#6"},"up":{"uv":[16,9.75,13.5,14.25],"rotation":270,"texture":"#6"},"down":{"uv":[16,9.75,13.5,14.25],"rotation":270,"texture":"#6"}}},{"from":[5.75,4.2,8.75],"to":[10.25,6.6,8.75],"rotation":{"angle":0,"axis":"y","origin":[8.95,-0.2,8.85]},"faces":{"north":{"uv":[16,9.75,13.5,14.25],"rotation":270,"texture":"#6"},"east":{"uv":[16,9.75,13.5,14.25],"rotation":270,"texture":"#6"},"south":{"uv":[16,9.75,13.5,14.25],"rotation":270,"texture":"#6"},"west":{"uv":[16,9.75,13.5,14.25],"rotation":270,"texture":"#6"},"up":{"uv":[16,9.75,13.5,14.25],"rotation":270,"texture":"#6"},"down":{"uv":[16,9.75,13.5,14.25],"rotation":270,"texture":"#6"}}}],"display":{"thirdperson_righthand":{"rotation":[-113.28,87.81,111.19],"translation":[0,9.5,1.25],"scale":[1.3,1.3,1.3]},"thirdperson_lefthand":{"rotation":[-113.28,87.81,111.19],"translation":[0,9.5,1.25],"scale":[1.3,1.3,1.3]},"firstperson_righthand":{"rotation":[0,-80.25,0],"translation":[1,10,-0.25]},"firstperson_lefthand":{"rotation":[-180,77.75,-180],"translation":[1,10.25,-0.25]},"ground":{"translation":[0,10.75,0]},"gui":{"rotation":[179.75,0.07,-135.75],"translation":[4.5,4.5,0]},"fixed":{"translation":[0,18,-1.75],"scale":[3,3,3]}}}