{"credit":"MadewithBlockbench","texture_size":[32,32],"textures":{"0":"elitecreatures:music_festival_cosmetic_set/tex5","1":"elitecreatures:music_festival_cosmetic_set/ani5","particle":"elitecreatures:music_festival_cosmetic_set/tex5"},"elements":[{"from":[5.805,-11.4,2.85],"to":[6.995,-10.35,3.2],"rotation":{"angle":-45,"axis":"z","origin":[7.8,-6.325,3.12353]},"faces":{"north":{"uv":[6.25,1.25,6.625,1.625],"texture":"#0"},"east":{"uv":[6,6.5,6.125,6.875],"texture":"#0"},"south":{"uv":[2.5,6.25,2.875,6.625],"texture":"#0"},"west":{"uv":[6.75,1.25,6.875,1.625],"texture":"#0"},"up":{"uv":[2.875,6.875,2.5,6.75],"texture":"#0"},"down":{"uv":[3.375,6.75,3,6.875],"texture":"#0"}}},{"from":[5.805,-4.05,2.85],"to":[6.995,-3,3.2],"rotation":{"angle":-45,"axis":"z","origin":[7.8,-6.325,3.12353]},"faces":{"north":{"uv":[6.25,3.5,6.625,3.875],"texture":"#0"},"east":{"uv":[4.25,6.75,4.375,7.125],"texture":"#0"},"south":{"uv":[4.25,6.25,4.625,6.625],"texture":"#0"},"west":{"uv":[4.5,6.75,4.625,7.125],"texture":"#0"},"up":{"uv":[7.125,3.875,6.75,3.75],"texture":"#0"},"down":{"uv":[7.125,5.25,6.75,5.375],"texture":"#0"}}},{"from":[6.05,-4.75,3.9],"to":[9.55,-1.25,4.6],"rotation":{"angle":-45,"axis":"z","origin":[7.8,-6.325,3.12353]},"faces":{"north":{"uv":[4.25,0,5.5,1.25],"texture":"#0"},"east":{"uv":[1.75,5.5,2,6.75],"texture":"#0"},"south":{"uv":[0.75,4.25,2,5.5],"texture":"#0"},"west":{"uv":[2,5.5,1.75,6.75],"texture":"#0"},"up":{"uv":[7,5,5.75,4.75],"texture":"#0"},"down":{"uv":[7,5,5.75,5.25],"texture":"#0"}}},{"from":[3.95,-8.775,3.55],"to":[5,-8.075,4.25],"rotation":{"angle":-45,"axis":"z","origin":[7.8,-6.325,3.12353]},"faces":{"north":{"uv":[4,4.5,4.375,4.75],"texture":"#0"},"east":{"uv":[3.5,0,3.75,0.25],"texture":"#0"},"south":{"uv":[4.25,4.25,4.625,4.5],"texture":"#0"},"west":{"uv":[0.75,6.375,1,6.625],"texture":"#0"},"up":{"uv":[6.625,6.5,6.25,6.25],"texture":"#0"},"down":{"uv":[6.625,6.5,6.25,6.25],"texture":"#0"}}},{"from":[5.35,-0.55,3.2],"to":[10.25,-0.2,4.6],"rotation":{"angle":-45,"axis":"z","origin":[7.8,-6.325,3.12353]},"faces":{"north":{"uv":[6,2,7.75,2.125],"texture":"#0"},"east":{"uv":[6.25,1.75,6.75,1.875],"texture":"#0"},"south":{"uv":[6,2.25,7.75,2.375],"texture":"#0"},"west":{"uv":[6.25,4,6.75,4.125],"texture":"#0"},"up":{"uv":[6,1.75,4.25,1.25],"texture":"#0"},"down":{"uv":[6,2,4.25,2.5],"texture":"#0"}}},{"from":[5.35,-12.45,3.2],"to":[10.25,-12.1,4.6],"rotation":{"angle":-45,"axis":"z","origin":[7.8,-6.325,3.12353]},"faces":{"north":{"uv":[6,2.5,7.75,2.625],"texture":"#0"},"east":{"uv":[6.5,0.75,7,0.875],"texture":"#0"},"south":{"uv":[6,2.75,7.75,2.875],"texture":"#0"},"west":{"uv":[6.5,1,7,1.125],"texture":"#0"},"up":{"uv":[6,3.25,4.25,2.75],"texture":"#0"},"down":{"uv":[6,3.5,4.25,4],"texture":"#0"}}},{"from":[10.25,-12.45,3.2],"to":[10.6,-0.2,4.6],"rotation":{"angle":-45,"axis":"z","origin":[7.8,-6.325,3.12353]},"faces":{"north":{"uv":[4.125,4.5,4,8.875],"texture":"#0"},"east":{"uv":[0.5,4.25,0,8.625],"texture":"#0"},"south":{"uv":[4.875,4.25,4.75,8.625],"texture":"#0"},"west":{"uv":[4,0,3.5,4.375],"texture":"#0"},"up":{"uv":[6.25,6.75,6.375,6.25],"texture":"#0"},"down":{"uv":[6.5,0,6.625,0.5],"texture":"#0"}}},{"from":[6.05,-11.4,3.9],"to":[9.55,-7.9,4.6],"rotation":{"angle":-45,"axis":"z","origin":[7.8,-6.325,3.12353]},"faces":{"north":{"uv":[4.25,0,5.5,1.25],"texture":"#0"},"east":{"uv":[1.75,5.5,2,6.75],"texture":"#0"},"south":{"uv":[0.75,4.25,2,5.5],"texture":"#0"},"west":{"uv":[2,5.5,1.75,6.75],"texture":"#0"},"up":{"uv":[7,5,5.75,4.75],"texture":"#0"},"down":{"uv":[7,5,5.75,5.25],"texture":"#0"}}},{"from":[6.4,-7.55,3.9],"to":[7.1,-6.85,4.25],"rotation":{"angle":-45,"axis":"z","origin":[7.8,-6.325,3.12353]},"faces":{"north":{"uv":[0.5,0.5,1.5,1.5],"texture":"#1"},"east":{"uv":[1.5,0.5,2,1.5],"texture":"#1"},"south":{"uv":[0.5,0.5,1.5,1.5],"texture":"#1"},"west":{"uv":[1.5,0.5,2,1.5],"texture":"#1"},"up":{"uv":[0.5,1.5,1.5,2],"texture":"#1"},"down":{"uv":[0.5,1.5,1.5,2],"texture":"#1"}}},{"from":[7.45,-7.55,3.9],"to":[8.15,-6.85,4.25],"rotation":{"angle":-45,"axis":"z","origin":[7.8,-6.325,3.12353]},"faces":{"north":{"uv":[0.5,2,1.5,3],"texture":"#1"},"east":{"uv":[1.5,2,2,3],"texture":"#1"},"south":{"uv":[0.5,2,1.5,3],"texture":"#1"},"west":{"uv":[1.5,2,2,3],"texture":"#1"},"up":{"uv":[0.5,3,1.5,3.5],"texture":"#1"},"down":{"uv":[0.5,3,1.5,3.5],"texture":"#1"}}},{"from":[8.5,-7.55,3.9],"to":[9.2,-6.85,4.25],"rotation":{"angle":-45,"axis":"z","origin":[7.8,-6.325,3.12353]},"faces":{"north":{"uv":[0.5,3.5,1.5,4.5],"texture":"#1"},"east":{"uv":[1.5,3.5,2,4.5],"texture":"#1"},"south":{"uv":[0.5,3.5,1.5,4.5],"texture":"#1"},"west":{"uv":[1.5,3.5,2,4.5],"texture":"#1"},"up":{"uv":[0.5,4.5,1.5,5],"texture":"#1"},"down":{"uv":[0.5,4.5,1.5,5],"texture":"#1"}}},{"from":[10.6,-3.35,3.55],"to":[10.95,-2.65,4.25],"rotation":{"angle":-45,"axis":"z","origin":[7.8,-6.325,3.12353]},"faces":{"north":{"uv":[1.125,5.75,1,6],"texture":"#0"},"east":{"uv":[1.125,6.125,0.875,6.375],"texture":"#0"},"south":{"uv":[1.125,5.75,1,6],"texture":"#0"},"west":{"uv":[1.125,6.125,0.875,6.375],"texture":"#0"},"up":{"uv":[0.875,6.125,0.75,6.375],"texture":"#0"},"down":{"uv":[0.875,6.125,0.75,6.375],"texture":"#0"}}},{"from":[10.6,-2.65,3.55],"to":[11.3,-2.3,4.25],"rotation":{"angle":-45,"axis":"z","origin":[7.8,-6.325,3.12353]},"faces":{"north":{"uv":[1,5.5,0.75,5.625],"texture":"#0"},"east":{"uv":[1,5.75,1.125,5.5],"rotation":90,"texture":"#0"},"south":{"uv":[1,5.5,0.75,5.625],"texture":"#0"},"west":{"uv":[1,5.5,0.75,5.625],"texture":"#0"},"up":{"uv":[1,5.875,0.75,6.125],"texture":"#0"},"down":{"uv":[1,5.625,0.75,5.875],"texture":"#0"}}},{"from":[8.605,-11.4,2.85],"to":[9.795,-10.35,3.2],"rotation":{"angle":-45,"axis":"z","origin":[7.8,-6.325,3.12353]},"faces":{"north":{"uv":[6.625,1.25,6.25,1.625],"texture":"#0"},"east":{"uv":[6.875,1.25,6.75,1.625],"texture":"#0"},"south":{"uv":[2.875,6.25,2.5,6.625],"texture":"#0"},"west":{"uv":[6.125,6.5,6,6.875],"texture":"#0"},"up":{"uv":[2.5,6.875,2.875,6.75],"texture":"#0"},"down":{"uv":[3,6.75,3.375,6.875],"texture":"#0"}}},{"from":[8.605,-4.05,2.85],"to":[9.795,-3,3.2],"rotation":{"angle":-45,"axis":"z","origin":[7.8,-6.325,3.12353]},"faces":{"north":{"uv":[6.625,3.5,6.25,3.875],"texture":"#0"},"east":{"uv":[4.625,6.75,4.5,7.125],"texture":"#0"},"south":{"uv":[4.625,6.25,4.25,6.625],"texture":"#0"},"west":{"uv":[4.375,6.75,4.25,7.125],"texture":"#0"},"up":{"uv":[6.75,3.875,7.125,3.75],"texture":"#0"},"down":{"uv":[6.75,5.25,7.125,5.375],"texture":"#0"}}},{"from":[5,-12.45,3.2],"to":[5.35,-0.2,4.6],"rotation":{"angle":-45,"axis":"z","origin":[7.8,-6.325,3.12353]},"faces":{"north":{"uv":[4,4.5,4.125,8.875],"texture":"#0"},"east":{"uv":[3.5,0,4,4.375],"texture":"#0"},"south":{"uv":[4.75,4.25,4.875,8.625],"texture":"#0"},"west":{"uv":[0,4.25,0.5,8.625],"texture":"#0"},"up":{"uv":[6.375,6.75,6.25,6.25],"texture":"#0"},"down":{"uv":[6.625,0,6.5,0.5],"texture":"#0"}}},{"from":[3.95,-4.575,3.55],"to":[5,-3.875,4.25],"rotation":{"angle":-45,"axis":"z","origin":[7.8,-6.325,3.12353]},"faces":{"north":{"uv":[4,4.5,4.375,4.75],"texture":"#0"},"east":{"uv":[3.5,0,3.75,0.25],"texture":"#0"},"south":{"uv":[4.25,4.25,4.625,4.5],"texture":"#0"},"west":{"uv":[0.75,6.375,1,6.625],"texture":"#0"},"up":{"uv":[6.625,6.5,6.25,6.25],"texture":"#0"},"down":{"uv":[6.625,6.5,6.25,6.25],"texture":"#0"}}},{"from":[11.3,-9.65,3.55],"to":[11.65,-8.95,4.25],"rotation":{"angle":-45,"axis":"z","origin":[7.8,-5.275,3.12353]},"faces":{"north":{"uv":[1.125,6,1,5.75],"texture":"#0"},"east":{"uv":[1.125,6.375,0.875,6.125],"texture":"#0"},"south":{"uv":[1.125,6,1,5.75],"texture":"#0"},"west":{"uv":[1.125,6.375,0.875,6.125],"texture":"#0"},"up":{"uv":[0.875,6.375,0.75,6.125],"texture":"#0"},"down":{"uv":[0.875,6.375,0.75,6.125],"texture":"#0"}}},{"from":[11.3,-10,3.55],"to":[12,-9.65,4.25],"rotation":{"angle":-45,"axis":"z","origin":[7.8,-5.275,3.12353]},"faces":{"north":{"uv":[1,5.625,0.75,5.5],"texture":"#0"},"east":{"uv":[1.125,5.75,1,5.5],"rotation":90,"texture":"#0"},"south":{"uv":[1,5.625,0.75,5.5],"texture":"#0"},"west":{"uv":[1,5.625,0.75,5.5],"texture":"#0"},"up":{"uv":[1,5.875,0.75,5.625],"texture":"#0"},"down":{"uv":[1,6.125,0.75,5.875],"texture":"#0"}}},{"from":[11.3,-12.1,3.2],"to":[12,-6.5,3.2],"rotation":{"angle":0,"axis":"y","origin":[2.2,-11.4,1.8]},"faces":{"north":{"uv":[1,6.875,0.75,8.875],"texture":"#0"},"east":{"uv":[1.25,5.75,1.25,7.75],"texture":"#0"},"south":{"uv":[0.75,6.875,1,8.875],"texture":"#0"},"west":{"uv":[1.25,5.75,1.25,7.75],"texture":"#0"},"up":{"uv":[1.25,5.75,1.5,5.75],"texture":"#0"},"down":{"uv":[1.25,5.75,1.5,5.75],"texture":"#0"}}},{"from":[8.5,-14.2,3.2],"to":[9.2,-8.6,3.2],"rotation":{"angle":0,"axis":"y","origin":[2.2,-11.4,1.8]},"faces":{"north":{"uv":[1,6.875,0.75,8.875],"texture":"#0"},"east":{"uv":[1.25,5.75,1.25,7.75],"texture":"#0"},"south":{"uv":[0.75,6.875,1,8.875],"texture":"#0"},"west":{"uv":[1.25,5.75,1.25,7.75],"texture":"#0"},"up":{"uv":[1.25,5.75,1.5,5.75],"texture":"#0"},"down":{"uv":[1.25,5.75,1.5,5.75],"texture":"#0"}}},{"from":[11.125,-13.5,2.85],"to":[11.825,-12.1,3.55],"rotation":{"angle":0,"axis":"y","origin":[2.2,-11.4,1.8]},"faces":{"north":{"uv":[1.25,7.625,1.5,8.125],"texture":"#0"},"east":{"uv":[1.25,7.125,1.5,7.625],"texture":"#0"},"south":{"uv":[1.25,7.625,1.5,8.125],"texture":"#0"},"west":{"uv":[1.25,7.125,1.5,7.625],"texture":"#0"},"up":{"uv":[1.25,6.875,1.5,7.125],"texture":"#0"},"down":{"uv":[1.25,8.125,1.5,8.375],"texture":"#0"}}},{"from":[8.325,-15.6,2.85],"to":[9.025,-14.2,3.55],"rotation":{"angle":0,"axis":"y","origin":[2.2,-11.4,1.8]},"faces":{"north":{"uv":[1.25,7.625,1.5,8.125],"texture":"#0"},"east":{"uv":[1.25,7.125,1.5,7.625],"texture":"#0"},"south":{"uv":[1.25,7.625,1.5,8.125],"texture":"#0"},"west":{"uv":[1.25,7.125,1.5,7.625],"texture":"#0"},"up":{"uv":[1.25,6.875,1.5,7.125],"texture":"#0"},"down":{"uv":[1.25,8.125,1.5,8.375],"texture":"#0"}}},{"from":[5.35,-12.1,3.2],"to":[10.25,-0.55,3.9],"rotation":{"angle":-45,"axis":"z","origin":[7.8,-6.325,3.12353]},"faces":{"north":{"uv":[0,0,1.75,4.125],"texture":"#0"},"east":{"uv":[2,4.25,2.25,8.375],"texture":"#0"},"south":{"uv":[1.75,0,3.5,4.125],"texture":"#0"},"west":{"uv":[2.25,4.25,2.5,8.375],"texture":"#0"},"up":{"uv":[7.25,4.5,5.5,4.25],"texture":"#0"},"down":{"uv":[7.25,4.5,5.5,4.75],"texture":"#0"}}},{"from":[6.4,-5.8,3.9],"to":[7.1,-5.1,4.25],"rotation":{"angle":-45,"axis":"z","origin":[7.8,-6.325,3.12353]},"faces":{"north":{"uv":[0.5,3.5,1.5,4.5],"texture":"#1"},"east":{"uv":[1.5,3.5,2,4.5],"texture":"#1"},"south":{"uv":[0.5,3.5,1.5,4.5],"texture":"#1"},"west":{"uv":[1.5,3.5,2,4.5],"texture":"#1"},"up":{"uv":[0.5,4.5,1.5,5],"texture":"#1"},"down":{"uv":[0.5,4.5,1.5,5],"texture":"#1"}}},{"from":[7.45,-5.8,3.9],"to":[8.15,-5.1,4.25],"rotation":{"angle":-45,"axis":"z","origin":[7.8,-6.325,3.12353]},"faces":{"north":{"uv":[0.5,2,1.5,3],"texture":"#1"},"east":{"uv":[1.5,2,2,3],"texture":"#1"},"south":{"uv":[0.5,2,1.5,3],"texture":"#1"},"west":{"uv":[1.5,2,2,3],"texture":"#1"},"up":{"uv":[0.5,3,1.5,3.5],"texture":"#1"},"down":{"uv":[0.5,3,1.5,3.5],"texture":"#1"}}},{"from":[8.5,-5.8,3.9],"to":[9.2,-5.1,4.25],"rotation":{"angle":-45,"axis":"z","origin":[7.8,-6.325,3.12353]},"faces":{"north":{"uv":[0.5,0.5,1.5,1.5],"texture":"#1"},"east":{"uv":[1.5,0.5,2,1.5],"texture":"#1"},"south":{"uv":[0.5,0.5,1.5,1.5],"texture":"#1"},"west":{"uv":[1.5,0.5,2,1.5],"texture":"#1"},"up":{"uv":[0.5,1.5,1.5,2],"texture":"#1"},"down":{"uv":[0.5,1.5,1.5,2],"texture":"#1"}}},{"from":[1.57,-11.54,4.6],"to":[7.17,-5.94,4.6],"rotation":{"angle":-45,"axis":"z","origin":[5,-10,6]},"faces":{"north":{"uv":[8,8,16,16],"texture":"#1"},"east":{"uv":[0,0,0,9],"texture":"#1"},"south":{"uv":[8,8,16,16],"texture":"#1"},"west":{"uv":[0,0,0,9],"texture":"#1"},"up":{"uv":[0,0,8,0],"texture":"#1"},"down":{"uv":[0,0,8,0],"texture":"#1"}}},{"from":[1.57,-4.89,4.6],"to":[7.17,0.71,4.6],"rotation":{"angle":-45,"axis":"z","origin":[5,-10,6]},"faces":{"north":{"uv":[8,8,16,16],"texture":"#1"},"east":{"uv":[0,0,0,9],"texture":"#1"},"south":{"uv":[8,8,16,16],"texture":"#1"},"west":{"uv":[0,0,0,9],"texture":"#1"},"up":{"uv":[0,0,8,0],"texture":"#1"},"down":{"uv":[0,0,8,0],"texture":"#1"}}}],"gui_light":"front","display":{"thirdperson_righthand":{"rotation":[67.5,-180,0],"translation":[0,3.5,-0.25],"scale":[0.55664,0.55664,0.55664]},"thirdperson_lefthand":{"rotation":[67.5,0,0],"translation":[-5.75,-10.25,12]},"firstperson_righthand":{"translation":[-23.25,0,0],"scale":[0,0,0]},"firstperson_lefthand":{"rotation":[0,180,0],"translation":[-18.25,4.5,0],"scale":[0.4043,0.4043,0.4043]},"ground":{"translation":[0,6,3.75],"scale":[0.5,0.5,0.5]},"gui":{"rotation":[30,-45,0],"translation":[-3.25,1.25,0],"scale":[0.82711,0.82711,0.82711]},"head":{"translation":[0,-77.25,13.75],"scale":[2.34375,2.34375,2.34375]},"fixed":{"rotation":[0,180,0],"translation":[0,5.75,-21],"scale":[2,2,2]}}}