{"credit":"by w11shes","textures":{"0":"elitecreatures:junk_food_cosmetic/drink","particle":"elitecreatures:junk_food_cosmetic/drink"},"elements":[{"from":[6,0,6],"to":[10,7,10],"faces":{"north":{"uv":[6,0,10,7],"texture":"#0"},"east":{"uv":[6,0,10,7],"texture":"#0"},"south":{"uv":[6,0,10,7],"texture":"#0"},"west":{"uv":[6,0,10,7],"texture":"#0"},"down":{"uv":[10,7,6,11],"texture":"#0"}}},{"from":[6,2,6],"to":[10,5,10],"faces":{"north":{"uv":[0,13,4,16],"texture":"#0","tintindex":0},"east":{"uv":[0,13,4,16],"texture":"#0","tintindex":0},"south":{"uv":[0,13,4,16],"texture":"#0","tintindex":0},"west":{"uv":[0,13,4,16],"texture":"#0","tintindex":0}}},{"from":[6,8,6],"to":[10,9,10],"faces":{"north":{"uv":[10,5,14,6],"texture":"#0"},"east":{"uv":[10,5,14,6],"texture":"#0"},"south":{"uv":[10,5,14,6],"texture":"#0"},"west":{"uv":[10,5,14,6],"texture":"#0"},"up":{"uv":[14,4,10,0],"texture":"#0"}}},{"from":[5,7,5],"to":[11,8,11],"faces":{"north":{"uv":[10,4,16,5],"texture":"#0"},"east":{"uv":[10,4,16,5],"texture":"#0"},"south":{"uv":[10,4,16,5],"texture":"#0"},"west":{"uv":[10,4,16,5],"texture":"#0"},"up":{"uv":[6,6,0,0],"texture":"#0"},"down":{"uv":[6,6,0,12],"texture":"#0"}}},{"from":[7.5,9,7.5],"to":[8.5,13,8.5],"faces":{"north":{"uv":[10,6,11,10],"texture":"#0","tintindex":0},"east":{"uv":[10,10,11,14],"texture":"#0","tintindex":0},"south":{"uv":[6,11,7,15],"texture":"#0","tintindex":0},"west":{"uv":[11,6,12,10],"texture":"#0","tintindex":0},"up":{"uv":[10,12,9,11],"texture":"#0","tintindex":0}}},{"from":[5.5,12,7.5],"to":[7.5,13,8.5],"faces":{"north":{"uv":[7,11,9,12],"texture":"#0","tintindex":0},"south":{"uv":[11,10,13,11],"texture":"#0","tintindex":0},"west":{"uv":[2,12,3,13],"texture":"#0","tintindex":0},"up":{"uv":[13,12,11,11],"texture":"#0","tintindex":0},"down":{"uv":[2,12,0,13],"texture":"#0","tintindex":0}}}],"gui_light":"front","display":{"thirdperson_righthand":{"rotation":[40,40,0],"translation":[-2,2.25,3]},"thirdperson_lefthand":{"rotation":[40,40,0],"translation":[-2,3.25,3]},"firstperson_righthand":{"rotation":[-6.02,24.83,14.05],"translation":[-1.25,5,0],"scale":[0.83086,0.83086,0.83086]},"firstperson_lefthand":{"rotation":[-6.02,24.83,14.05],"translation":[-1.25,5,0],"scale":[0.83086,0.83086,0.83086]},"ground":{"rotation":[2.38,-0.44,-21.36],"translation":[0,3.75,0],"scale":[0.80859,0.80859,0.80859]},"gui":{"rotation":[30,43,0],"translation":[0,1.25,0],"scale":[1.01094,1.01094,1.01094]},"head":{"rotation":[0,-24.75,0],"translation":[0,14.25,0]},"fixed":{"translation":[0,3.5,-5.25],"scale":[1.73828,1.73828,1.73828]}}}