{"credit":"Made by Elo106","textures":{"3":"voxelspawns_daggers:item/vs_dagger2","particle":"voxelspawns_daggers:item/vs_dagger2"},"elements":[{"from":[7.5,3.5,4.5],"to":[8.5,4.5,9.5],"rotation":{"angle":45,"axis":"z","origin":[8,4,7]},"faces":{"north":{"uv":[11,0,12,1],"texture":"#3"},"east":{"uv":[6,0,11,1],"texture":"#3"},"south":{"uv":[11,1,12,2],"texture":"#3"},"west":{"uv":[6,1,11,2],"texture":"#3"},"up":{"uv":[7,7,6,2],"texture":"#3"},"down":{"uv":[8,2,7,7],"texture":"#3"}}},{"from":[7.5,-2,6],"to":[8.5,9,8],"rotation":{"angle":0,"axis":"y","origin":[7.5,6.5,9]},"faces":{"north":{"uv":[4,0,5,11],"texture":"#3"},"east":{"uv":[0,0,2,11],"texture":"#3"},"south":{"uv":[5,0,6,11],"texture":"#3"},"west":{"uv":[2,0,4,11],"texture":"#3"},"up":{"uv":[11,8,10,6],"texture":"#3"},"down":{"uv":[9,10,8,12],"texture":"#3"}}},{"from":[7,9,6],"to":[9,10,8],"rotation":{"angle":45,"axis":"y","origin":[8,9.5,7]},"faces":{"north":{"uv":[10,8,12,9],"texture":"#3"},"east":{"uv":[9,10,11,11],"texture":"#3"},"south":{"uv":[10,9,12,10],"texture":"#3"},"west":{"uv":[0,11,2,12],"texture":"#3"},"up":{"uv":[8,9,6,7],"texture":"#3"},"down":{"uv":[10,2,8,4],"texture":"#3"}}},{"from":[7,3,6],"to":[9,5,8],"rotation":{"angle":45,"axis":"x","origin":[8,4,7]},"faces":{"north":{"uv":[8,4,10,6],"texture":"#3"},"east":{"uv":[8,6,10,8],"texture":"#3"},"south":{"uv":[8,8,10,10],"texture":"#3"},"west":{"uv":[6,9,8,11],"texture":"#3"},"up":{"uv":[12,4,10,2],"texture":"#3"},"down":{"uv":[12,4,10,6],"texture":"#3"}}},{"from":[7.501,-2.40525,6.41521],"to":[8.499,-1.001,7.83509],"rotation":{"angle":-45,"axis":"x","origin":[8,-2,7.41421]},"faces":{"north":{"uv":[2,11,3,12],"texture":"#3"},"east":{"uv":[3,11,4,12],"texture":"#3"},"south":{"uv":[4,11,5,12],"texture":"#3"},"west":{"uv":[5,11,6,12],"texture":"#3"},"up":{"uv":[7,12,6,11],"texture":"#3"},"down":{"uv":[12,6,11,7],"texture":"#3"}}}],"gui_light":"front","display":{"thirdperson_righthand":{"translation":[0,-1,1.25]},"thirdperson_lefthand":{"rotation":[-180,0,0],"translation":[0,-3,-0.75]},"firstperson_righthand":{"rotation":[17.5,-1.5,0],"translation":[5.5,7.25,0.5]},"firstperson_lefthand":{"rotation":[175,-1.5,0],"translation":[5.5,-1,-1.5]},"ground":{"translation":[0,7.25,0]},"gui":{"rotation":[-80,-50,100],"translation":[-2.75,-2.5,0]},"fixed":{"rotation":[-90,45,-90],"translation":[3.5,-3,0.5]}}}