{"credit":"Made by PolygonMC","texture_size":[24,24],"textures":{"1":"winterset:animations/animations_1","2":"winterset:crossbow","particle":"winterset:animations/animations_1"},"elements":[{"from":[8.10805,9.49356,1.6682],"to":[9.60805,9.52356,3.3682],"rotation":{"angle":45,"axis":"x","origin":[8.85805,9.50856,2.5182]},"faces":{"up":{"uv":[10.66667,2,11.83333,3],"rotation":90,"texture":"#2"},"down":{"uv":[11.83333,2,10.66667,3],"rotation":90,"texture":"#2"}}},{"from":[8.10805,8.65856,2.5032],"to":[9.60805,10.35856,2.5332],"rotation":{"angle":45,"axis":"x","origin":[8.85805,9.50856,2.5182]},"faces":{"north":{"uv":[11.83333,2,10.66667,3],"rotation":270,"texture":"#2"},"south":{"uv":[10.66667,2,11.83333,3],"rotation":90,"texture":"#2"}}},{"from":[9.60805,8.90856,1.9182],"to":[10.60805,10.10856,3.1182],"rotation":{"angle":0,"axis":"y","origin":[14.60805,10.00856,2.0182]},"faces":{"north":{"uv":[14,0,14.83333,0.66667],"rotation":270,"texture":"#2"},"south":{"uv":[6,14,6.83333,14.66667],"rotation":90,"texture":"#2"},"west":{"uv":[5.5,13.33333,4.66667,14.16667],"rotation":90,"texture":"#2"},"up":{"uv":[7.33333,14,8.16667,14.66667],"rotation":90,"texture":"#2"},"down":{"uv":[14,0.66667,14.83333,1.33333],"rotation":90,"texture":"#2"}}},{"from":[9.83986,9.45856,-1.11274],"to":[11.03986,9.55856,0.98726],"rotation":{"angle":45,"axis":"y","origin":[10.18986,9.63356,-0.06274]},"faces":{"up":{"uv":[11.33333,11.33333,12.66667,12.16667],"rotation":90,"texture":"#2"},"down":{"uv":[12.66667,11.33333,11.33333,12.16667],"rotation":90,"texture":"#2"}}},{"from":[10.90095,9.49356,-2.77469],"to":[12.90095,9.52356,0.72531],"rotation":{"angle":0,"axis":"y","origin":[8.90095,9.67356,-7.27469]},"faces":{"up":{"uv":[6.66667,3.33333,9,4.66667],"rotation":90,"texture":"#2"},"down":{"uv":[9,3.33333,6.66667,4.66667],"rotation":90,"texture":"#2"}}},{"from":[10.09384,9.00856,-1.89601],"to":[11.09384,10.00856,0.10399],"rotation":{"angle":-45,"axis":"y","origin":[9.09384,10.00856,1.10399]},"faces":{"north":{"uv":[10.66667,10,11.33333,10.66667],"rotation":270,"texture":"#2"},"south":{"uv":[11.33333,1.33333,12,2],"rotation":90,"texture":"#2"},"west":{"uv":[2,12.66667,1.33333,14],"rotation":90,"texture":"#2"},"up":{"uv":[12.66667,11.33333,14,12],"rotation":90,"texture":"#2"},"down":{"uv":[12.66667,10.66667,14,11.33333],"rotation":90,"texture":"#2"}}},{"from":[11.09384,9.00856,-1.89601],"to":[11.59384,10.00856,-0.89601],"rotation":{"angle":-45,"axis":"y","origin":[9.09384,10.00856,1.10399]},"faces":{"north":{"uv":[14.66667,7.33333,15.33333,7.66667],"rotation":270,"texture":"#2"},"east":{"uv":[6.66667,12.66667,6,12],"rotation":90,"texture":"#2"},"up":{"uv":[8.66667,14.66667,9.33333,15],"rotation":90,"texture":"#2"},"down":{"uv":[14.66667,8,15.33333,8.33333],"rotation":90,"texture":"#2"}}},{"from":[12.90095,9.45856,-1.42469],"to":[14.50095,9.55856,1.37531],"rotation":{"angle":-45,"axis":"y","origin":[13.45095,9.63356,-0.02469]},"faces":{"up":{"uv":[8,8.66667,9.83333,9.66667],"rotation":90,"texture":"#2"},"down":{"uv":[9.83333,8.66667,8,9.66667],"rotation":90,"texture":"#2"}}},{"from":[10.75805,8.60856,2.7682],"to":[12.25805,10.40856,4.2682],"rotation":{"angle":45,"axis":"y","origin":[10.50805,10.25856,2.5182]},"faces":{"north":{"uv":[10.66667,8.66667,11.83333,9.66667],"rotation":270,"texture":"#2"},"east":{"uv":[1.16667,12.33333,0,11.33333],"rotation":90,"texture":"#2"},"south":{"uv":[10,10.66667,11.16667,11.66667],"rotation":90,"texture":"#2"},"west":{"uv":[12.5,0,11.33333,1],"rotation":90,"texture":"#2"},"up":{"uv":[0,12.66667,1,13.66667],"rotation":90,"texture":"#2"},"down":{"uv":[9.33333,12,10.33333,13],"rotation":90,"texture":"#2"}}},{"from":[10.50805,8.85856,2.5182],"to":[12.50805,10.15856,4.5182],"rotation":{"angle":45,"axis":"y","origin":[10.50805,10.25856,2.5182]},"faces":{"north":{"uv":[12,1.33333,12.83333,2.66667],"rotation":270,"texture":"#2"},"east":{"uv":[12.83333,4,12,2.66667],"rotation":90,"texture":"#2"},"south":{"uv":[2,12,2.83333,13.33333],"rotation":90,"texture":"#2"},"west":{"uv":[4.16667,12,3.33333,13.33333],"rotation":90,"texture":"#2"},"up":{"uv":[0,10,1.33333,11.33333],"rotation":90,"texture":"#2"},"down":{"uv":[9.33333,6,10.66667,7.33333],"rotation":90,"texture":"#2"}}},{"from":[10.10805,8.75856,1.7682],"to":[10.60805,10.25856,3.2682],"rotation":{"angle":0,"axis":"y","origin":[2.10805,10.00856,2.0182]},"faces":{"north":{"uv":[14.66667,4,15.66667,4.33333],"rotation":270,"texture":"#2"},"east":{"uv":[13.66667,1,12.66667,0],"rotation":90,"texture":"#2"},"south":{"uv":[14.66667,4.66667,15.66667,5],"rotation":90,"texture":"#2"},"west":{"uv":[13.66667,4.66667,12.66667,5.66667],"rotation":90,"texture":"#2"},"up":{"uv":[14.66667,5.33333,15.66667,5.66667],"rotation":90,"texture":"#2"},"down":{"uv":[4.66667,14.66667,5.66667,15],"rotation":90,"texture":"#2"}}},{"from":[12.17357,8.90856,3.75668],"to":[13.67357,10.10856,4.95668],"rotation":{"angle":-45,"axis":"y","origin":[14.25,9.50856,4.54119]},"faces":{"north":{"uv":[13.33333,1.33333,14.16667,2.33333],"rotation":270,"texture":"#2"},"south":{"uv":[13.33333,2.66667,14.16667,3.66667],"rotation":90,"texture":"#2"},"up":{"uv":[3.33333,13.33333,4.16667,14.33333],"rotation":90,"texture":"#2"},"down":{"uv":[2,13.33333,2.83333,14.33333],"rotation":90,"texture":"#2"}}},{"from":[10.60805,9.00856,2.0182],"to":[11.10805,10.00856,3.0182],"rotation":{"angle":0,"axis":"y","origin":[9.60805,10.00856,2.0182]},"faces":{"north":{"uv":[14.66667,8.66667,15.33333,9],"rotation":270,"texture":"#2"},"south":{"uv":[14.66667,9.33333,15.33333,9.66667],"rotation":90,"texture":"#2"},"up":{"uv":[10,14.66667,10.66667,15],"rotation":90,"texture":"#2"},"down":{"uv":[9.33333,14.66667,10,15],"rotation":90,"texture":"#2"}}},{"from":[12.70791,9.25856,3.95805],"to":[14.20791,9.75856,5.45805],"rotation":{"angle":22.5,"axis":"y","origin":[14.25,9.50856,4.54119]},"faces":{"north":{"uv":[2.66667,14.66667,3,15.66667],"rotation":270,"texture":"#2"},"east":{"uv":[3.66667,15.66667,3.33333,14.66667],"rotation":90,"texture":"#2"},"south":{"uv":[14.66667,2.66667,15,3.66667],"rotation":90,"texture":"#2"},"west":{"uv":[4.33333,14.66667,4,15.66667],"rotation":90,"texture":"#2"},"up":{"uv":[12,8.66667,13,9.66667],"rotation":90,"texture":"#2"},"down":{"uv":[12,7.33333,13,8.33333],"rotation":90,"texture":"#2"}}},{"from":[13.67357,8.90856,3.75668],"to":[14.67357,10.10856,4.95668],"rotation":{"angle":-45,"axis":"y","origin":[14.25,9.50856,4.54119]},"faces":{"north":{"uv":[8.66667,14,9.5,14.66667],"rotation":270,"texture":"#2"},"east":{"uv":[14.16667,6.83333,13.33333,6],"rotation":90,"texture":"#2"},"south":{"uv":[14,10.66667,14.83333,11.33333],"rotation":90,"texture":"#2"},"up":{"uv":[11.33333,14,12.16667,14.66667],"rotation":90,"texture":"#2"},"down":{"uv":[10,14,10.83333,14.66667],"rotation":90,"texture":"#2"}}},{"from":[14.67357,9.49356,3.50668],"to":[16.17357,9.52356,5.20668],"rotation":{"angle":-45,"axis":"y","origin":[14.25,9.50856,4.54119]},"faces":{"up":{"uv":[10.66667,7.33333,11.83333,8.33333],"rotation":90,"texture":"#2"},"down":{"uv":[10.66667,6,11.83333,7],"rotation":90,"texture":"#2"}}},{"from":[14.67357,8.65856,4.34168],"to":[16.17357,10.35856,4.37168],"rotation":{"angle":-45,"axis":"y","origin":[14.25,9.50856,4.54119]},"faces":{"north":{"uv":[10.66667,3.33333,11.83333,4.33333],"rotation":270,"texture":"#2"},"south":{"uv":[4,10.66667,5.16667,11.66667],"rotation":90,"texture":"#2"}}},{"from":[13.67357,8.75856,3.60668],"to":[14.17357,10.25856,5.10668],"rotation":{"angle":-45,"axis":"y","origin":[14.25,9.50856,4.54119]},"faces":{"north":{"uv":[6,14.66667,7,15],"rotation":270,"texture":"#2"},"east":{"uv":[7,13.66667,6,12.66667],"rotation":90,"texture":"#2"},"south":{"uv":[14.66667,6.66667,15.66667,7],"rotation":90,"texture":"#2"},"west":{"uv":[8.33333,12.66667,7.33333,13.66667],"rotation":90,"texture":"#2"},"up":{"uv":[7.33333,14.66667,8.33333,15],"rotation":90,"texture":"#2"},"down":{"uv":[14.66667,6,15.66667,6.33333],"rotation":90,"texture":"#2"}}},{"from":[1.79209,9.25856,3.95805],"to":[3.29209,9.75856,5.45805],"rotation":{"angle":-22.5,"axis":"y","origin":[1.75,9.50856,4.54119]},"faces":{"north":{"uv":[2.66667,15.66667,3,14.66667],"rotation":270,"texture":"#2"},"east":{"uv":[4.33333,15.66667,4,14.66667],"rotation":90,"texture":"#2"},"south":{"uv":[14.66667,3.66667,15,2.66667],"rotation":90,"texture":"#2"},"west":{"uv":[3.66667,14.66667,3.33333,15.66667],"rotation":90,"texture":"#2"},"up":{"uv":[12,9.66667,13,8.66667],"rotation":90,"texture":"#2"},"down":{"uv":[12,8.33333,13,7.33333],"rotation":90,"texture":"#2"}}},{"from":[6.39195,9.49356,1.6682],"to":[7.89195,9.52356,3.3682],"rotation":{"angle":45,"axis":"x","origin":[7.14195,9.50856,2.5182]},"faces":{"up":{"uv":[10.66667,3,11.83333,2],"rotation":90,"texture":"#2"},"down":{"uv":[11.83333,3,10.66667,2],"rotation":90,"texture":"#2"}}},{"from":[5.39195,8.90856,1.9182],"to":[6.39195,10.10856,3.1182],"rotation":{"angle":0,"axis":"y","origin":[1.39195,10.00856,2.0182]},"faces":{"north":{"uv":[14,0.66667,14.83333,0],"rotation":270,"texture":"#2"},"east":{"uv":[5.5,14.16667,4.66667,13.33333],"rotation":90,"texture":"#2"},"south":{"uv":[6,14.66667,6.83333,14],"rotation":90,"texture":"#2"},"up":{"uv":[7.33333,14.66667,8.16667,14],"rotation":90,"texture":"#2"},"down":{"uv":[14,1.33333,14.83333,0.66667],"rotation":90,"texture":"#2"}}},{"from":[-0.17357,8.65856,4.34168],"to":[1.32643,10.35856,4.37168],"rotation":{"angle":45,"axis":"y","origin":[1.75,9.50856,4.54119]},"faces":{"north":{"uv":[10.66667,4.33333,11.83333,3.33333],"rotation":270,"texture":"#2"},"south":{"uv":[4,11.66667,5.16667,10.66667],"rotation":90,"texture":"#2"}}},{"from":[-0.17357,9.49356,3.50668],"to":[1.32643,9.52356,5.20668],"rotation":{"angle":45,"axis":"y","origin":[1.75,9.50856,4.54119]},"faces":{"up":{"uv":[10.66667,8.33333,11.83333,7.33333],"rotation":90,"texture":"#2"},"down":{"uv":[10.66667,7,11.83333,6],"rotation":90,"texture":"#2"}}},{"from":[1.32643,8.90856,3.75668],"to":[2.32643,10.10856,4.95668],"rotation":{"angle":45,"axis":"y","origin":[1.75,9.50856,4.54119]},"faces":{"north":{"uv":[8.66667,14.66667,9.5,14],"rotation":270,"texture":"#2"},"south":{"uv":[14,11.33333,14.83333,10.66667],"rotation":90,"texture":"#2"},"west":{"uv":[14.16667,6,13.33333,6.83333],"rotation":90,"texture":"#2"},"up":{"uv":[11.33333,14.66667,12.16667,14],"rotation":90,"texture":"#2"},"down":{"uv":[10,14.66667,10.83333,14],"rotation":90,"texture":"#2"}}},{"from":[4.96014,9.45856,-1.11274],"to":[6.16014,9.55856,0.98726],"rotation":{"angle":-45,"axis":"y","origin":[5.81014,9.63356,-0.06274]},"faces":{"up":{"uv":[11.33333,12.16667,12.66667,11.33333],"rotation":90,"texture":"#2"},"down":{"uv":[12.66667,12.16667,11.33333,11.33333],"rotation":90,"texture":"#2"}}},{"from":[3.09905,9.49356,-2.77469],"to":[5.09905,9.52356,0.72531],"rotation":{"angle":0,"axis":"y","origin":[7.09905,9.67356,-7.27469]},"faces":{"up":{"uv":[6.66667,4.66667,9,3.33333],"rotation":90,"texture":"#2"},"down":{"uv":[9,4.66667,6.66667,3.33333],"rotation":90,"texture":"#2"}}},{"from":[4.90616,9.00856,-1.89601],"to":[5.90616,10.00856,0.10399],"rotation":{"angle":45,"axis":"y","origin":[6.90616,10.00856,1.10399]},"faces":{"north":{"uv":[10.66667,10.66667,11.33333,10],"rotation":270,"texture":"#2"},"east":{"uv":[2,14,1.33333,12.66667],"rotation":90,"texture":"#2"},"south":{"uv":[11.33333,2,12,1.33333],"rotation":90,"texture":"#2"},"up":{"uv":[12.66667,12,14,11.33333],"rotation":90,"texture":"#2"},"down":{"uv":[12.66667,11.33333,14,10.66667],"rotation":90,"texture":"#2"}}},{"from":[4.40616,9.00856,-1.89601],"to":[4.90616,10.00856,-0.89601],"rotation":{"angle":45,"axis":"y","origin":[6.90616,10.00856,1.10399]},"faces":{"north":{"uv":[14.66667,7.66667,15.33333,7.33333],"rotation":270,"texture":"#2"},"west":{"uv":[6.66667,12,6,12.66667],"rotation":90,"texture":"#2"},"up":{"uv":[8.66667,15,9.33333,14.66667],"rotation":90,"texture":"#2"},"down":{"uv":[14.66667,8.33333,15.33333,8],"rotation":90,"texture":"#2"}}},{"from":[1.49905,9.45856,-1.42469],"to":[3.09905,9.55856,1.37531],"rotation":{"angle":45,"axis":"y","origin":[2.54905,9.63356,-0.02469]},"faces":{"up":{"uv":[8,9.66667,9.83333,8.66667],"rotation":90,"texture":"#2"},"down":{"uv":[9.83333,9.66667,8,8.66667],"rotation":90,"texture":"#2"}}},{"from":[3.74195,8.60856,2.7682],"to":[5.24195,10.40856,4.2682],"rotation":{"angle":-45,"axis":"y","origin":[5.49195,10.25856,2.5182]},"faces":{"north":{"uv":[10.66667,9.66667,11.83333,8.66667],"rotation":270,"texture":"#2"},"east":{"uv":[12.5,1,11.33333,0],"rotation":90,"texture":"#2"},"south":{"uv":[10,11.66667,11.16667,10.66667],"rotation":90,"texture":"#2"},"west":{"uv":[1.16667,11.33333,0,12.33333],"rotation":90,"texture":"#2"},"up":{"uv":[0,13.66667,1,12.66667],"rotation":90,"texture":"#2"},"down":{"uv":[9.33333,13,10.33333,12],"rotation":90,"texture":"#2"}}},{"from":[3.49195,8.85856,2.5182],"to":[5.49195,10.15856,4.5182],"rotation":{"angle":-45,"axis":"y","origin":[5.49195,10.25856,2.5182]},"faces":{"north":{"uv":[12,2.66667,12.83333,1.33333],"rotation":270,"texture":"#2"},"east":{"uv":[4.16667,13.33333,3.33333,12],"rotation":90,"texture":"#2"},"south":{"uv":[2,13.33333,2.83333,12],"rotation":90,"texture":"#2"},"west":{"uv":[12.83333,2.66667,12,4],"rotation":90,"texture":"#2"},"up":{"uv":[0,11.33333,1.33333,10],"rotation":90,"texture":"#2"},"down":{"uv":[9.33333,7.33333,10.66667,6],"rotation":90,"texture":"#2"}}},{"from":[5.39195,8.75856,1.7682],"to":[5.89195,10.25856,3.2682],"rotation":{"angle":0,"axis":"y","origin":[13.89195,10.00856,2.0182]},"faces":{"north":{"uv":[14.66667,4.33333,15.66667,4],"rotation":270,"texture":"#2"},"east":{"uv":[13.66667,5.66667,12.66667,4.66667],"rotation":90,"texture":"#2"},"south":{"uv":[14.66667,5,15.66667,4.66667],"rotation":90,"texture":"#2"},"west":{"uv":[13.66667,0,12.66667,1],"rotation":90,"texture":"#2"},"up":{"uv":[14.66667,5.66667,15.66667,5.33333],"rotation":90,"texture":"#2"},"down":{"uv":[4.66667,15,5.66667,14.66667],"rotation":90,"texture":"#2"}}},{"from":[1.82643,8.75856,3.60668],"to":[2.32643,10.25856,5.10668],"rotation":{"angle":45,"axis":"y","origin":[1.75,9.50856,4.54119]},"faces":{"north":{"uv":[6,15,7,14.66667],"rotation":270,"texture":"#2"},"east":{"uv":[8.33333,13.66667,7.33333,12.66667],"rotation":90,"texture":"#2"},"south":{"uv":[14.66667,7,15.66667,6.66667],"rotation":90,"texture":"#2"},"west":{"uv":[7,12.66667,6,13.66667],"rotation":90,"texture":"#2"},"up":{"uv":[7.33333,15,8.33333,14.66667],"rotation":90,"texture":"#2"},"down":{"uv":[14.66667,6.33333,15.66667,6],"rotation":90,"texture":"#2"}}},{"from":[2.32643,8.90856,3.75668],"to":[3.82643,10.10856,4.95668],"rotation":{"angle":45,"axis":"y","origin":[1.75,9.50856,4.54119]},"faces":{"north":{"uv":[13.33333,2.33333,14.16667,1.33333],"rotation":270,"texture":"#2"},"south":{"uv":[13.33333,3.66667,14.16667,2.66667],"rotation":90,"texture":"#2"},"up":{"uv":[3.33333,14.33333,4.16667,13.33333],"rotation":90,"texture":"#2"},"down":{"uv":[2,14.33333,2.83333,13.33333],"rotation":90,"texture":"#2"}}},{"from":[4.89195,9.00856,2.0182],"to":[5.39195,10.00856,3.0182],"rotation":{"angle":0,"axis":"y","origin":[6.39195,10.00856,2.0182]},"faces":{"north":{"uv":[14.66667,9,15.33333,8.66667],"rotation":270,"texture":"#2"},"south":{"uv":[14.66667,9.66667,15.33333,9.33333],"rotation":90,"texture":"#2"},"up":{"uv":[10,15,10.66667,14.66667],"rotation":90,"texture":"#2"},"down":{"uv":[9.33333,15,10,14.66667],"rotation":90,"texture":"#2"}}},{"from":[6.39195,8.65856,2.5032],"to":[7.89195,10.35856,2.5332],"rotation":{"angle":45,"axis":"x","origin":[7.14195,9.50856,2.5182]},"faces":{"north":{"uv":[11.83333,3,10.66667,2],"rotation":270,"texture":"#2"},"south":{"uv":[10.66667,3,11.83333,2],"rotation":90,"texture":"#2"}}},{"from":[2.5,9.57484,4.7682],"to":[13.5,9.60484,9.7682],"rotation":{"angle":0,"axis":"y","origin":[8,7.94161,11.77145]},"faces":{"up":{"uv":[7.33333,3.33333,0,0],"texture":"#2"},"down":{"uv":[7.33333,0,0,3.33333],"texture":"#2"}}},{"from":[7.25,8.33984,3.5182],"to":[8.75,9.33984,10.5182],"rotation":{"angle":0,"axis":"y","origin":[8,7.94161,11.77145]},"faces":{"north":{"uv":[9.33333,13.33333,10.33333,14],"texture":"#2"},"east":{"uv":[6.66667,4.66667,11.33333,5.33333],"texture":"#2"},"south":{"uv":[10.66667,13.33333,11.66667,14],"texture":"#2"},"west":{"uv":[6.66667,5.33333,11.33333,6],"texture":"#2"},"up":{"uv":[5,8,4,3.33333],"texture":"#2"},"down":{"uv":[6.33333,3.33333,5.33333,8],"texture":"#2"}}},{"from":[7.5,7.83984,4.5182],"to":[8.5,8.33984,7.5182],"rotation":{"angle":0,"axis":"y","origin":[8,7.94161,11.77145]},"faces":{"north":{"uv":[14.66667,10,15.33333,10.33333],"texture":"#2"},"east":{"uv":[12,13.33333,14,13.66667],"texture":"#2"},"south":{"uv":[10.66667,14.66667,11.33333,15],"texture":"#2"},"west":{"uv":[13.33333,12,15.33333,12.33333],"texture":"#2"},"up":{"uv":[4,12,3.33333,10],"texture":"#2"},"down":{"uv":[10.66667,8.66667,10,10.66667],"texture":"#2"}}},{"from":[7.35,6.53984,4.0182],"to":[8.65,7.83984,8.0182],"rotation":{"angle":0,"axis":"y","origin":[8,7.94161,11.77145]},"faces":{"north":{"uv":[13.33333,7.33333,14.16667,8.16667],"texture":"#2"},"east":{"uv":[6.66667,6,9.33333,6.83333],"texture":"#2"},"south":{"uv":[13.33333,8.66667,14.16667,9.5],"texture":"#2"},"west":{"uv":[7.33333,0,10,0.83333],"texture":"#2"},"up":{"uv":[7.5,10,6.66667,7.33333],"texture":"#2"},"down":{"uv":[4.83333,8,4,10.66667],"texture":"#2"}}},{"from":[7.2,7.00381,10.07852],"to":[8.8,8.75381,11.82852],"rotation":{"angle":22.5,"axis":"x","origin":[8,7.94161,11.77145]},"faces":{"north":{"uv":[11.33333,4.66667,12.33333,5.83333],"texture":"#2"},"east":{"uv":[6.66667,10,7.83333,11.16667],"texture":"#2"},"south":{"uv":[6.66667,11.33333,7.66667,12.5],"texture":"#2"},"west":{"uv":[8,10,9.16667,11.16667],"texture":"#2"},"up":{"uv":[9,12.5,8,11.33333],"texture":"#2"},"down":{"uv":[12.33333,10,11.33333,11.16667],"texture":"#2"}}},{"from":[7.4,8.68625,14.39359],"to":[8.6,9.68625,16.89359],"rotation":{"angle":22.5,"axis":"x","origin":[8,7.94161,11.77145]},"faces":{"north":{"uv":[14,11.33333,14.83333,12],"texture":"#2"},"east":{"uv":[7.33333,2.66667,9,3.33333],"texture":"#2"},"south":{"uv":[12.66667,14,13.5,14.66667],"texture":"#2"},"west":{"uv":[12,4,13.66667,4.66667],"texture":"#2"},"up":{"uv":[2.83333,11.66667,2,10],"texture":"#2"},"down":{"uv":[6.16667,10,5.33333,11.66667],"texture":"#2"}}},{"from":[7.5,7.46382,11.51336],"to":[8.5,8.71382,13.51336],"rotation":{"angle":45,"axis":"x","origin":[8,7.94161,11.77145]},"faces":{"north":{"uv":[14,13.33333,14.66667,14.16667],"texture":"#2"},"east":{"uv":[4.66667,12,6,12.83333],"texture":"#2"},"south":{"uv":[0,14.66667,0.66667,15.5],"texture":"#2"},"west":{"uv":[12,6,13.33333,6.83333],"texture":"#2"},"up":{"uv":[9.33333,14,8.66667,12.66667],"texture":"#2"},"down":{"uv":[13.33333,12,12.66667,13.33333],"texture":"#2"}}},{"from":[7.5035,6.37204,12.66532],"to":[8.4965,7.62204,16.66532],"rotation":{"angle":0,"axis":"y","origin":[8,7.94161,11.77145]},"faces":{"north":{"uv":[0.66667,14.66667,1.33333,15.5],"texture":"#2"},"east":{"uv":[7.33333,1.33333,10,2.16667],"texture":"#2"},"south":{"uv":[14.66667,1.33333,15.33333,2.16667],"texture":"#2"},"west":{"uv":[8,7.33333,10.66667,8.16667],"texture":"#2"},"up":{"uv":[10.66667,2.66667,10,0],"texture":"#2"},"down":{"uv":[2,10,1.33333,12.66667],"texture":"#2"}}},{"from":[7.25,7.05418,16.75556],"to":[8.75,9.80418,17.75556],"rotation":{"angle":22.5,"axis":"x","origin":[8,7.94161,11.77145]},"faces":{"north":{"uv":[5.33333,8,6.33333,9.83333],"texture":"#2"},"east":{"uv":[9.33333,10,10,11.83333],"texture":"#2"},"south":{"uv":[9.33333,2.66667,10.33333,4.5],"texture":"#2"},"west":{"uv":[10.66667,0,11.33333,1.83333],"texture":"#2"},"up":{"uv":[14.33333,13.33333,13.33333,12.66667],"texture":"#2"},"down":{"uv":[1,14,0,14.66667],"texture":"#2"}}},{"from":[7.75,7.6,12.11164],"to":[8.25,8.35,14.86164],"rotation":{"angle":0,"axis":"y","origin":[8,7.94161,11.77145]},"faces":{"north":{"uv":[13.33333,14.66667,13.66667,15.16667],"texture":"#2"},"east":{"uv":[12.66667,10,14.5,10.5],"texture":"#2"},"south":{"uv":[14.66667,13.33333,15,13.83333],"texture":"#2"},"west":{"uv":[10.66667,12.66667,12.5,13.16667],"texture":"#2"},"up":{"uv":[1.66667,15.83333,1.33333,14],"texture":"#2"},"down":{"uv":[14.33333,4,14,5.83333],"texture":"#2"}}},{"from":[7.75,6.97342,8.90662],"to":[8.25,7.97342,9.90662],"rotation":{"angle":45,"axis":"x","origin":[8,7.94161,11.77145]},"faces":{"north":{"uv":[11.33333,14.66667,11.66667,15.33333],"texture":"#2"},"east":{"uv":[10.66667,12,11.33333,12.66667],"texture":"#2"},"south":{"uv":[12,14.66667,12.33333,15.33333],"texture":"#2"},"west":{"uv":[2,14.66667,2.66667,15.33333],"texture":"#2"},"up":{"uv":[13,15.33333,12.66667,14.66667],"texture":"#2"},"down":{"uv":[15,12.66667,14.66667,13.33333],"texture":"#2"}}},{"from":[8.15,10.2,-1.35],"to":[16.15,10.23,6.65],"rotation":{"angle":0,"axis":"y","origin":[12.15,10.215,2.65]},"faces":{"up":{"uv":[1,1,14.83333,14.83333],"rotation":270,"texture":"#1"},"down":{"uv":[1,14.83333,14.83333,1],"rotation":90,"texture":"#1"}}},{"from":[-0.15,10.2,-1.35],"to":[7.85,10.23,6.65],"rotation":{"angle":0,"axis":"y","origin":[3.85,10.215,2.65]},"faces":{"up":{"uv":[1,14.83333,14.83333,1],"rotation":270,"texture":"#1"},"down":{"uv":[1,1,14.83333,14.83333],"rotation":90,"texture":"#1"}}}],"gui_light":"front","display":{"thirdperson_righthand":{"translation":[-1.25,-0.25,-0.5]},"thirdperson_lefthand":{"translation":[-1.25,-0.25,-0.5]},"firstperson_righthand":{"translation":[0,3.75,1]},"firstperson_lefthand":{"translation":[0,3.75,1]},"ground":{"rotation":[20,0,0],"translation":[0,4.25,0],"scale":[0.7,0.7,0.7]},"gui":{"rotation":[90,45,0],"translation":[1.25,-1.25,0],"scale":[0.8,0.8,0.8]},"head":{"rotation":[40,0,0]},"fixed":{"rotation":[-90,0,0],"translation":[0,0,-3.75],"scale":[2,2,2]}}}