{"credit":"Made with Blockbench","ambientocclusion":false,"texture_size":[64,64],"textures":{"0":"valentine_pack:items/cake","particle":"valentine_pack:items/cake"},"elements":[{"from":[8.54416,5.32107,7.275],"to":[12.54416,12.32107,9.275],"rotation":{"angle":-45,"axis":"z","origin":[10,11,3.275]},"faces":{"north":{"uv":[0.5,0.5,1.5,2.25],"texture":"#0"},"east":{"uv":[0,0.5,0.5,2.25],"texture":"#0"},"south":{"uv":[2,0.5,3,2.25],"texture":"#0"},"west":{"uv":[1.5,0.5,2,2.25],"texture":"#0"},"up":{"uv":[1.5,0.5,0.5,0],"texture":"#0"},"down":{"uv":[2.5,0,1.5,0.5],"texture":"#0"}}},{"from":[5.54416,5.32107,7.275],"to":[8.54416,9.32107,9.275],"rotation":{"angle":-45,"axis":"z","origin":[10,11,3.275]},"faces":{"north":{"uv":[0.5,5,1.25,6],"texture":"#0"},"east":{"uv":[0,5,0.5,6],"texture":"#0"},"south":{"uv":[1.75,5,2.5,6],"texture":"#0"},"west":{"uv":[1.25,5,1.75,6],"texture":"#0"},"up":{"uv":[1.25,5,0.5,4.5],"texture":"#0"},"down":{"uv":[2,4.5,1.25,5],"texture":"#0"}}},{"from":[2,0,2],"to":[14,6,14],"rotation":{"angle":0,"axis":"y","origin":[7,0,7]},"faces":{"north":{"uv":[3,7.5,6,9],"texture":"#0"},"east":{"uv":[0,7.5,3,9],"texture":"#0"},"south":{"uv":[9,7.5,12,9],"texture":"#0"},"west":{"uv":[6,7.5,9,9],"texture":"#0"},"up":{"uv":[6,7.5,3,4.5],"texture":"#0"},"down":{"uv":[9,4.5,6,7.5],"texture":"#0"}}},{"from":[1.5,1.5,1.5],"to":[14.5,6.5,14.5],"rotation":{"angle":0,"axis":"y","origin":[6.5,0.5,7.5]},"faces":{"north":{"uv":[3.25,14.75,6.5,16],"texture":"#0"},"east":{"uv":[0,14.75,3.25,16],"texture":"#0"},"south":{"uv":[9.75,14.75,13,16],"texture":"#0"},"west":{"uv":[6.5,14.75,9.75,16],"texture":"#0"},"up":{"uv":[6.5,14.75,3.25,11.5],"texture":"#0"},"down":{"uv":[9.75,11.5,6.5,14.75],"texture":"#0"}}}],"display":{"thirdperson_righthand":{"translation":[0,2.75,0],"scale":[0.5,0.5,0.5]},"thirdperson_lefthand":{"translation":[0,3,0],"scale":[0.5,0.5,0.5]},"firstperson_righthand":{"translation":[3.5,2.75,0]},"firstperson_lefthand":{"translation":[5.5,1.5,0]},"ground":{"scale":[0.5,0.5,0.5]},"gui":{"rotation":[25,-25,0],"translation":[0,2.5,0],"scale":[0.9,0.9,0.9]},"head":{"translation":[0,-30.25,0],"scale":[1.6,1.6,1.6]},"fixed":{"translation":[0,1.5,0]}}}