{"credit":"MadebyPolygonMC","texture_size":[20,20],"textures":{"0":"unicornfantasyset:sword","1":"unicornfantasyset:animation_2"},"elements":[{"from":[7.4,-0.1,7.4],"to":[8.6,1.1,8.6],"rotation":{"angle":-45,"axis":"x","origin":[8,0.5,8]},"faces":{"north":{"uv":[7.2,3.2,8.2,4.2],"texture":"#0"},"east":{"uv":[7.2,4.8,8.2,5.8],"texture":"#0"},"south":{"uv":[7.2,6.4,8.2,7.4],"texture":"#0"},"west":{"uv":[8,0,9,1],"texture":"#0"},"up":{"uv":[9,2.6,8,1.6],"texture":"#0"},"down":{"uv":[5,8,4,9],"texture":"#0"}}},{"from":[7.5,5.65,7.15],"to":[8.5,7.35,8.85],"rotation":{"angle":-45,"axis":"x","origin":[8,6.5,8]},"faces":{"north":{"uv":[4,4.8,4.8,6.2],"texture":"#0"},"east":{"uv":[4.8,0,6.2,1.4],"texture":"#0"},"south":{"uv":[4,6.4,4.8,7.8],"texture":"#0"},"west":{"uv":[4.8,1.6,6.2,3],"texture":"#0"},"up":{"uv":[6.4,7.8,5.6,6.4],"texture":"#0"},"down":{"uv":[7.2,6.4,6.4,7.8],"texture":"#0"}}},{"from":[7.3,5.85,7.35],"to":[8.7,7.15,8.65],"rotation":{"angle":-45,"axis":"x","origin":[8,6.5,8]},"faces":{"north":{"uv":[5.6,3.2,6.8,4.2],"texture":"#0"},"east":{"uv":[5.6,8,6.6,9],"texture":"#0"},"south":{"uv":[5.6,4.8,6.8,5.8],"texture":"#0"},"west":{"uv":[7.2,8,8.2,9],"texture":"#0"},"up":{"uv":[7.6,1,6.4,0],"texture":"#0"},"down":{"uv":[7.6,1.6,6.4,2.6],"texture":"#0"}}},{"from":[7.5,0.8,7.5],"to":[8.5,1.8,8.5],"rotation":{"angle":0,"axis":"x","origin":[8,1.3,8]},"faces":{"north":{"uv":[9.6,4.8,10.4,5.6],"texture":"#0"},"east":{"uv":[9.6,5.6,10.4,6.4],"texture":"#0"},"south":{"uv":[6.4,9.6,7.2,10.4],"texture":"#0"},"west":{"uv":[9.6,6.4,10.4,7.2],"texture":"#0"},"up":{"uv":[8,10.4,7.2,9.6],"texture":"#0"},"down":{"uv":[10.4,7.2,9.6,8],"texture":"#0"}}},{"from":[7.5,3.8,7.5],"to":[8.5,4.8,8.5],"rotation":{"angle":0,"axis":"x","origin":[8,4.3,8]},"faces":{"north":{"uv":[8,9.6,8.8,10.4],"texture":"#0"},"east":{"uv":[9.6,8,10.4,8.8],"texture":"#0"},"south":{"uv":[8.8,9.6,9.6,10.4],"texture":"#0"},"west":{"uv":[9.6,8.8,10.4,9.6],"texture":"#0"},"up":{"uv":[10.4,10.4,9.6,9.6],"texture":"#0"},"down":{"uv":[11.2,0,10.4,0.8],"texture":"#0"}}},{"from":[7.6,1.8,7.6],"to":[8.4,3.8,8.4],"rotation":{"angle":0,"axis":"x","origin":[8,2.3,8]},"faces":{"north":{"uv":[9.4,8,8.8,9.6],"texture":"#0"},"east":{"uv":[8.8,8,9.4,9.6],"texture":"#0"},"south":{"uv":[9.4,8,8.8,9.6],"texture":"#0"},"west":{"uv":[8.8,8,9.4,9.6],"texture":"#0"}}},{"from":[7.8,8.04948,11.53471],"to":[8.2,10.04948,12.33471],"rotation":{"angle":45,"axis":"x","origin":[8.2,11.17687,8.94801]},"faces":{"north":{"uv":[10.4,0.8,10.8,2.4],"texture":"#0"},"east":{"uv":[9.6,0,10.2,1.6],"texture":"#0"},"south":{"uv":[3.2,10.4,3.6,12],"texture":"#0"},"west":{"uv":[9.6,1.6,10.2,3.2],"texture":"#0"},"up":{"uv":[10.8,7.8,10.4,7.2],"texture":"#0"},"down":{"uv":[8.4,10.4,8,11],"texture":"#0"}}},{"from":[7.8,9.29948,10.03471],"to":[8.2,10.04948,11.53471],"rotation":{"angle":45,"axis":"x","origin":[8.2,11.17687,8.94801]},"faces":{"north":{"uv":[10.4,8,10.8,8.6],"texture":"#0"},"east":{"uv":[3.2,9.6,4.4,10.2],"texture":"#0"},"south":{"uv":[8.8,10.4,9.2,11],"texture":"#0"},"west":{"uv":[9.6,3.2,10.8,3.8],"texture":"#0"},"up":{"uv":[6,11.6,5.6,10.4],"texture":"#0"},"down":{"uv":[10.8,5.6,10.4,6.8],"texture":"#0"}}},{"from":[7.8,12.93961,5.24666],"to":[8.2,13.73961,6.74666],"rotation":{"angle":45,"axis":"x","origin":[8.2,11.21222,8.98336]},"faces":{"north":{"uv":[10.4,9.6,10.8,10.2],"texture":"#0"},"east":{"uv":[9.6,4,10.8,4.6],"texture":"#0"},"south":{"uv":[10.4,10.4,10.8,11],"texture":"#0"},"west":{"uv":[4.8,9.6,6,10.2],"texture":"#0"},"up":{"uv":[6.8,11.6,6.4,10.4],"texture":"#0"},"down":{"uv":[7.6,10.4,7.2,11.6],"texture":"#0"}}},{"from":[7.8025,9.08094,8.38891],"to":[8.1975,14.58094,9.18891],"rotation":{"angle":0,"axis":"x","origin":[8.2,11.21222,8.98336]},"faces":{"north":{"uv":[3.2,4.8,3.6,9.2],"texture":"#0"},"east":{"uv":[3.2,0,3.8,4.4],"texture":"#0"},"south":{"uv":[4.8,3.2,5.2,7.6],"texture":"#0"},"west":{"uv":[4,0,4.6,4.4],"texture":"#0"},"up":{"uv":[10.8,9.4,10.4,8.8],"texture":"#0"},"down":{"uv":[10,10.4,9.6,11],"texture":"#0"}}},{"from":[7.6,4.8,7.6],"to":[8.4,5.8,8.4],"rotation":{"angle":0,"axis":"x","origin":[8,5.3,8]},"faces":{"north":{"uv":[10.4,2.4,11,3.2],"texture":"#0"},"east":{"uv":[4,10.4,4.6,11.2],"texture":"#0"},"south":{"uv":[4.8,10.4,5.4,11.2],"texture":"#0"},"west":{"uv":[10.4,4.8,11,5.6],"texture":"#0"}}},{"from":[8,6.5,5.7],"to":[8,24.5,9.7],"rotation":{"angle":0,"axis":"y","origin":[8,0,0]},"faces":{"north":{"uv":[0,0,0,14.4],"texture":"#0"},"east":{"uv":[3.2,0,0,14.4],"texture":"#0"},"south":{"uv":[0,0,0,14.4],"texture":"#0"},"west":{"uv":[0,0,3.2,14.4],"texture":"#0"},"up":{"uv":[0,3.2,0,0],"texture":"#0"},"down":{"uv":[0,0,0,3.2],"texture":"#0"}}},{"from":[7.7,7.15,6.1],"to":[7.7,12.15,10.35],"rotation":{"angle":45,"axis":"x","origin":[8,9.65,8.35]},"faces":{"north":{"uv":[0,0,0,4],"rotation":180,"texture":"#0"},"south":{"uv":[0,0,0,4],"texture":"#0"},"west":{"uv":[12,0,16,3.4],"rotation":270,"texture":"#0"},"up":{"uv":[0,0,0,3.2],"texture":"#0"},"down":{"uv":[0,0,0,3.2],"rotation":180,"texture":"#0"}}},{"from":[8.3,7.15,6.1],"to":[8.3,12.15,10.35],"rotation":{"angle":45,"axis":"x","origin":[8,9.65,8.35]},"faces":{"north":{"uv":[0,0,0,4],"rotation":180,"texture":"#0"},"east":{"uv":[12,3.4,16,0],"rotation":270,"texture":"#0"},"south":{"uv":[0,0,0,4],"texture":"#0"},"up":{"uv":[0,0,0,3.2],"texture":"#0"},"down":{"uv":[0,0,0,3.2],"rotation":180,"texture":"#0"}}},{"from":[8,10.2,9.2],"to":[8,13.4,12.4],"rotation":{"angle":22.5,"axis":"x","origin":[8,11.8,10.8]},"faces":{"north":{"uv":[0,0,0,4.33333],"texture":"#1"},"east":{"uv":[16,0,9.5,6.5],"texture":"#1"},"south":{"uv":[0,0,0,4.33333],"texture":"#1"},"west":{"uv":[9.5,0,16,6.50833],"texture":"#1"},"up":{"uv":[0,4.33333,0,0],"texture":"#1"},"down":{"uv":[0,0,0,4.33333],"texture":"#1"}}},{"from":[8,14.2,9.4],"to":[8,16.4,11.6],"rotation":{"angle":-22.5,"axis":"x","origin":[8,15.3,10.5]},"faces":{"north":{"uv":[0,0,0,3],"texture":"#1"},"east":{"uv":[4.5,9,0,13.5],"texture":"#1"},"south":{"uv":[0,0,0,3],"texture":"#1"},"west":{"uv":[0,9,4.5,13.5],"texture":"#1"},"up":{"uv":[0,3,0,0],"texture":"#1"},"down":{"uv":[0,0,0,3],"texture":"#1"}}}],"gui_light":"front","display":{"thirdperson_righthand":{"translation":[0,2.25,2]},"thirdperson_lefthand":{"translation":[0,2.25,2]},"firstperson_righthand":{"rotation":[-10,0,0],"translation":[-4,5.75,5]},"firstperson_lefthand":{"rotation":[-10,0,0],"translation":[-4,5.75,5]},"ground":{"rotation":[180,0,90],"translation":[-0.5,0.75,0]},"gui":{"rotation":[90,-135,90],"translation":[-0.25,-0.75,0]},"head":{"scale":[0,0,0]},"fixed":{"rotation":[0,-90,0],"translation":[0,3.25,-2],"scale":[2.43945,2.43945,2.43945]}}}