{"credit":"Made with Blockbench","texture_size":[128,128],"textures":{"0":"halloween_creatif:halloween_creatif/block/graves","particle":"halloween_creatif:halloween_creatif/block/graves"},"elements":[{"from":[0.175,0,4],"to":[16.175,3.25,12],"rotation":{"angle":0,"axis":"y","origin":[12.8,7.5,1.625]},"faces":{"north":{"uv":[12.25,10.25,14.25,10.625],"texture":"#0"},"east":{"uv":[13.875,4.25,14.875,4.625],"texture":"#0"},"south":{"uv":[12.375,5.25,14.375,5.625],"texture":"#0"},"west":{"uv":[13.875,4.625,14.875,5],"texture":"#0"},"up":{"uv":[10.5,7.75,8.5,6.75],"texture":"#0"},"down":{"uv":[8.25,8.75,6.25,9.75],"texture":"#0"}}},{"from":[11.425,0,-3.25],"to":[14.425,6.5,-0.25],"rotation":{"angle":0,"axis":"y","origin":[12.8,7.5,1.625]},"faces":{"north":{"uv":[6.75,14,7.125,14.625],"texture":"#0"},"east":{"uv":[6.75,14,7.125,14.625],"texture":"#0"},"south":{"uv":[7.125,14,6.75,14.625],"texture":"#0"},"west":{"uv":[7.125,14,6.75,14.625],"texture":"#0"},"up":{"uv":[9.5,3.875,9.125,3.5],"texture":"#0"},"down":{"uv":[9.5,3.875,9.125,3.5],"texture":"#0"}}},{"from":[12.425,6.35,-1.75],"to":[13.425,8.6,-1.75],"rotation":{"angle":0,"axis":"y","origin":[12.8,7.5,1.625]},"faces":{"north":{"uv":[7.75,5.75,7.875,6],"texture":"#0"},"east":{"uv":[0,0,0,0.25],"texture":"#0"},"south":{"uv":[7.875,5.75,8,6],"texture":"#0"},"west":{"uv":[0,0,0,0.25],"texture":"#0"},"up":{"uv":[0.125,0,0,0],"texture":"#0"},"down":{"uv":[0.125,0,0,0],"texture":"#0"}}},{"from":[13.13334,0,-7.53464],"to":[16.13334,12.25,-4.53464],"rotation":{"angle":-22.5,"axis":"y","origin":[12.8,7.5,1.625]},"faces":{"north":{"uv":[6.75,13.125,7.125,14.625],"texture":"#0"},"east":{"uv":[7.125,13.125,6.75,14.625],"texture":"#0"},"south":{"uv":[6.75,13.125,7.125,14.625],"texture":"#0"},"west":{"uv":[7.125,13.125,6.75,14.625],"texture":"#0"},"up":{"uv":[9.5,3.875,9.125,3.5],"texture":"#0"},"down":{"uv":[9.5,3.875,9.125,3.5],"texture":"#0"}}},{"from":[14.13334,12.25,-6.03464],"to":[15.13334,14.5,-6.03464],"rotation":{"angle":-22.5,"axis":"y","origin":[12.8,7.5,1.625]},"faces":{"north":{"uv":[7.5,5.75,7.625,6],"texture":"#0"},"east":{"uv":[0,0,0,0.25],"texture":"#0"},"south":{"uv":[7.625,5.75,7.75,6],"texture":"#0"},"west":{"uv":[0,0,0,0.25],"texture":"#0"},"up":{"uv":[0.125,0,0,0],"texture":"#0"},"down":{"uv":[0.125,0,0,0],"texture":"#0"}}}],"gui_light":"front","display":{"thirdperson_righthand":{"translation":[0.5,3,1],"scale":[0.44,0.44,0.44]},"thirdperson_lefthand":{"translation":[0.5,3,1],"scale":[0.44,0.44,0.44]},"firstperson_righthand":{"translation":[0.5,3,1],"scale":[0.44,0.44,0.44]},"firstperson_lefthand":{"translation":[0.5,3,1],"scale":[0.44,0.44,0.44]},"ground":{"translation":[0,6.8,0],"scale":[0.96,0.96,0.96]},"gui":{"rotation":[30,225,0],"translation":[0,5.5,0],"scale":[0.76,0.76,0.76]},"head":{"translation":[0,-30.7,0],"scale":[1.56,1.56,1.56]},"fixed":{"rotation":[-90,0,0],"translation":[0,0,-16],"scale":[2,2,2]}}}