{"credit":"Made with Blockbench","texture_size":[64,64],"textures":{"7":"halloween_creatif:halloween_creatif/block/pumpkin_candy_bucket"},"elements":[{"from":[0,2.075,-1],"to":[16,18.075,17],"rotation":{"angle":0,"axis":"y","origin":[8,9.325,8]},"faces":{"north":{"uv":[8.5,5,12.5,9],"texture":"#7"},"east":{"uv":[8.5,5,12.5,9],"texture":"#7"},"south":{"uv":[3.5,9,7.5,13],"texture":"#7"},"west":{"uv":[8.5,5,12.5,9],"texture":"#7"},"up":{"uv":[8.5,4.5,4.5,0],"texture":"#7"},"down":{"uv":[8.5,4.5,4.5,9],"texture":"#7"}}},{"from":[2,0.075,0.95],"to":[14,20.075,15.05],"rotation":{"angle":0,"axis":"y","origin":[8,9.325,8]},"faces":{"north":{"uv":[7.5,9,10.5,14],"texture":"#7"},"east":{"uv":[0,8,3.5,13],"texture":"#7"},"south":{"uv":[10.5,9,13.5,14],"texture":"#7"},"west":{"uv":[8.5,0,12,5],"texture":"#7"},"up":{"uv":[15,3.5,12,0],"texture":"#7"},"down":{"uv":[15.5,3.5,12.5,7],"texture":"#7"}}},{"from":[1.975,20.075,8],"to":[14.025,27.075,8],"rotation":{"angle":0,"axis":"y","origin":[8,9.325,8]},"faces":{"north":{"uv":[12.5,7,15.5,8.75],"texture":"#7"},"east":{"uv":[0,0,0,1.75],"texture":"#7"},"south":{"uv":[0,13,3,14.75],"texture":"#7"},"west":{"uv":[0,0,0,1.75],"texture":"#7"},"up":{"uv":[3,0,0,0],"texture":"#7"},"down":{"uv":[3,0,0,0],"texture":"#7"}}}],"gui_light":"front","display":{"thirdperson_righthand":{"rotation":[98,-180,0],"translation":[0,0.25,-6.5],"scale":[0.35,0.35,0.35]},"thirdperson_lefthand":{"rotation":[98,-180,0],"translation":[0,0.25,-6.5],"scale":[0.35,0.35,0.35]},"firstperson_righthand":{"rotation":[0,-90,25],"translation":[1.13,-3.3,1.13],"scale":[0,0,0]},"firstperson_lefthand":{"rotation":[0,-90,25],"translation":[1.13,-3.3,1.13],"scale":[0,0,0]},"ground":{"rotation":[-18,-29,0],"translation":[0,2,0],"scale":[0.5,0.5,0.5]},"gui":{"rotation":[24,-22,0],"translation":[0,-2,0],"scale":[0.53,0.53,0.53]},"head":{"rotation":[0,180,0],"translation":[0,-35.5,0]},"fixed":{"rotation":[-90,180,0],"translation":[0,0,-11],"scale":[1.39,1.39,1.39]}}}