{"credit":"Made with Blockbench","ambientocclusion":false,"texture_size":[64,64],"textures":{"0":"valentine_pack:items/flowers","particle":"valentine_pack:items/flowers"},"elements":[{"from":[3,6,3],"to":[13,9,13],"rotation":{"angle":0,"axis":"y","origin":[7,0,7]},"faces":{"north":{"uv":[2.5,2.5,5,3.25],"texture":"#0"},"east":{"uv":[0,2.5,2.5,3.25],"texture":"#0"},"south":{"uv":[7.5,2.5,10,3.25],"texture":"#0"},"west":{"uv":[5,2.5,7.5,3.25],"texture":"#0"},"up":{"uv":[5,2.5,2.5,0],"texture":"#0"},"down":{"uv":[7.5,0,5,2.5],"texture":"#0"}}},{"from":[5,9,5],"to":[11,14,11],"rotation":{"angle":0,"axis":"y","origin":[7,0,7]},"faces":{"north":{"uv":[8,6.75,9.5,8],"texture":"#0"},"east":{"uv":[6.5,6.75,8,8],"texture":"#0"},"south":{"uv":[11,6.75,12.5,8],"texture":"#0"},"west":{"uv":[9.5,6.75,11,8],"texture":"#0"},"up":{"uv":[9.5,6.75,8,5.25],"texture":"#0"},"down":{"uv":[11,5.25,9.5,6.75],"texture":"#0"}}},{"from":[4,9,4],"to":[12,14,12],"rotation":{"angle":0,"axis":"y","origin":[7,0,7]},"faces":{"north":{"uv":[10,14.75,12,16],"texture":"#0"},"east":{"uv":[8,14.75,10,16],"texture":"#0"},"south":{"uv":[14,14.75,16,16],"texture":"#0"},"west":{"uv":[12,14.75,14,16],"texture":"#0"},"up":{"uv":[12,14.75,10,12.75],"texture":"#0"},"down":{"uv":[14,12.75,12,14.75],"texture":"#0"}}},{"from":[6,9,6],"to":[10,16,10],"rotation":{"angle":0,"axis":"y","origin":[7,0,7]},"faces":{"north":{"uv":[2.25,10.75,3.25,12.5],"texture":"#0"},"east":{"uv":[1.25,10.75,2.25,12.5],"texture":"#0"},"south":{"uv":[4.25,10.75,5.25,12.5],"texture":"#0"},"west":{"uv":[3.25,10.75,4.25,12.5],"texture":"#0"},"up":{"uv":[3.25,10.75,2.25,9.75],"texture":"#0"},"down":{"uv":[4.25,9.75,3.25,10.75],"texture":"#0"}}},{"from":[5.5,12.25,3.5],"to":[7.5,15.25,5.5],"rotation":{"angle":0,"axis":"y","origin":[7,13,4.75]},"faces":{"north":{"uv":[0.5,0.5,1,1.25],"texture":"#0"},"east":{"uv":[0,0.5,0.5,1.25],"texture":"#0"},"south":{"uv":[1.5,0.5,2,1.25],"texture":"#0"},"west":{"uv":[1,0.5,1.5,1.25],"texture":"#0"},"up":{"uv":[1,0.5,0.5,0],"texture":"#0"},"down":{"uv":[1.5,0,1,0.5],"texture":"#0"}}},{"from":[9.25,9.25,4.9],"to":[12.25,13.25,7.9],"rotation":{"angle":0,"axis":"y","origin":[11.25,10.25,6.65]},"faces":{"north":{"uv":[6.75,4,7.5,5],"texture":"#0"},"east":{"uv":[6,4,6.75,5],"texture":"#0"},"south":{"uv":[8.25,4,9,5],"texture":"#0"},"west":{"uv":[7.5,4,8.25,5],"texture":"#0"},"up":{"uv":[7.5,4,6.75,3.25],"texture":"#0"},"down":{"uv":[8.25,3.25,7.5,4],"texture":"#0"}}},{"from":[9.75,9.5,5.4],"to":[11.75,12.5,7.4],"rotation":{"angle":0,"axis":"y","origin":[11.25,10.25,6.65]},"faces":{"north":{"uv":[0.5,0.5,1,1.25],"texture":"#0"},"east":{"uv":[0,0.5,0.5,1.25],"texture":"#0"},"south":{"uv":[1.5,0.5,2,1.25],"texture":"#0"},"west":{"uv":[1,0.5,1.5,1.25],"texture":"#0"},"up":{"uv":[1,0.5,0.5,0],"texture":"#0"},"down":{"uv":[1.5,0,1,0.5],"texture":"#0"}}},{"from":[5,12,3],"to":[8,16,6],"rotation":{"angle":0,"axis":"y","origin":[7,13,4.75]},"faces":{"north":{"uv":[6.75,4,7.5,5],"texture":"#0"},"east":{"uv":[6,4,6.75,5],"texture":"#0"},"south":{"uv":[8.25,4,9,5],"texture":"#0"},"west":{"uv":[7.5,4,8.25,5],"texture":"#0"},"up":{"uv":[7.5,4,6.75,3.25],"texture":"#0"},"down":{"uv":[8.25,3.25,7.5,4],"texture":"#0"}}},{"from":[4.25,11,8.25],"to":[7.25,15,11.25],"rotation":{"angle":0,"axis":"y","origin":[6.25,12,10]},"faces":{"north":{"uv":[6.75,4,7.5,5],"texture":"#0"},"east":{"uv":[6,4,6.75,5],"texture":"#0"},"south":{"uv":[8.25,4,9,5],"texture":"#0"},"west":{"uv":[7.5,4,8.25,5],"texture":"#0"},"up":{"uv":[7.5,4,6.75,3.25],"texture":"#0"},"down":{"uv":[8.25,3.25,7.5,4],"texture":"#0"}}},{"from":[4.75,11.25,8.75],"to":[6.75,14.25,10.75],"rotation":{"angle":0,"axis":"y","origin":[6.25,12,10]},"faces":{"north":{"uv":[0.5,0.5,1,1.25],"texture":"#0"},"east":{"uv":[0,0.5,0.5,1.25],"texture":"#0"},"south":{"uv":[1.5,0.5,2,1.25],"texture":"#0"},"west":{"uv":[1,0.5,1.5,1.25],"texture":"#0"},"up":{"uv":[1,0.5,0.5,0],"texture":"#0"},"down":{"uv":[1.5,0,1,0.5],"texture":"#0"}}},{"from":[10.5,10.25,9.75],"to":[12.5,13.25,11.75],"rotation":{"angle":0,"axis":"y","origin":[12,11,11]},"faces":{"north":{"uv":[0.5,0.5,1,1.25],"texture":"#0"},"east":{"uv":[0,0.5,0.5,1.25],"texture":"#0"},"south":{"uv":[1.5,0.5,2,1.25],"texture":"#0"},"west":{"uv":[1,0.5,1.5,1.25],"texture":"#0"},"up":{"uv":[1,0.5,0.5,0],"texture":"#0"},"down":{"uv":[1.5,0,1,0.5],"texture":"#0"}}},{"from":[10,10,9.25],"to":[13,14,12.25],"rotation":{"angle":0,"axis":"y","origin":[12,11,11]},"faces":{"north":{"uv":[6.75,4,7.5,5],"texture":"#0"},"east":{"uv":[6,4,6.75,5],"texture":"#0"},"south":{"uv":[8.25,4,9,5],"texture":"#0"},"west":{"uv":[7.5,4,8.25,5],"texture":"#0"},"up":{"uv":[7.5,4,6.75,3.25],"texture":"#0"},"down":{"uv":[8.25,3.25,7.5,4],"texture":"#0"}}},{"from":[4,0,4],"to":[12,6,12],"rotation":{"angle":0,"axis":"y","origin":[7,0,7]},"faces":{"north":{"uv":[2,5.25,4,6.75],"texture":"#0"},"east":{"uv":[0,5.25,2,6.75],"texture":"#0"},"south":{"uv":[6,5.25,8,6.75],"texture":"#0"},"west":{"uv":[4,5.25,6,6.75],"texture":"#0"},"up":{"uv":[4,5.25,2,3.25],"texture":"#0"},"down":{"uv":[6,3.25,4,5.25],"texture":"#0"}}}],"display":{"thirdperson_righthand":{"translation":[-0.25,2.25,0],"scale":[0.5,0.5,0.5]},"thirdperson_lefthand":{"translation":[-0.5,1.75,0],"scale":[0.5,0.5,0.5]},"firstperson_righthand":{"translation":[5,0,0]},"firstperson_lefthand":{"translation":[2.5,0,0]},"ground":{"scale":[0.5,0.5,0.5]},"gui":{"rotation":[23,-37,0],"translation":[0,0.25,0],"scale":[0.9,0.9,0.9]},"head":{"translation":[0,-35,0]}}}