{"credit":"MadewithBlockbench","texture_size":[32,32],"textures":{"0":"elitecreatures:music_festival_cosmetic_set/tex4","1":"elitecreatures:music_festival_cosmetic_set/ani1","2":"elitecreatures:music_festival_cosmetic_set/ani2","particle":"elitecreatures:music_festival_cosmetic_set/tex4"},"elements":[{"from":[8,-15,7],"to":[8,9,9],"rotation":{"angle":0,"axis":"y","origin":[16,-4,16]},"faces":{"north":{"uv":[0,0,0,6.5],"texture":"#0"},"east":{"uv":[15,0,16,12],"texture":"#0"},"south":{"uv":[0,0,0,6.5],"texture":"#0"},"west":{"uv":[16,0,15,12],"texture":"#0"},"up":{"uv":[0,0,2,0],"rotation":90,"texture":"#0"},"down":{"uv":[0,0,2,0],"rotation":270,"texture":"#0"}}},{"from":[7,-15,8],"to":[9,9,8],"rotation":{"angle":0,"axis":"y","origin":[8,-3,8]},"faces":{"north":{"uv":[16,0,15,12],"texture":"#0"},"east":{"uv":[0,0,0,6.5],"texture":"#0"},"south":{"uv":[15,0,16,12],"texture":"#0"},"west":{"uv":[0,0,0,6.5],"texture":"#0"},"up":{"uv":[0,0,2,0],"rotation":180,"texture":"#0"},"down":{"uv":[0,0,2,0],"rotation":180,"texture":"#0"}}},{"from":[2,10,2],"to":[14,22,14],"faces":{"north":{"uv":[12.5,2,0.5,14],"texture":"#1"},"east":{"uv":[0.5,2,12.5,14],"texture":"#1"},"south":{"uv":[0.5,2,12.5,14],"texture":"#1"},"west":{"uv":[0.5,2,12.5,14],"texture":"#1"},"up":{"uv":[0.5,2,12.5,14],"texture":"#1"},"down":{"uv":[0,4,12,16],"texture":"#1"}}},{"from":[3,22,3],"to":[13,23,13],"faces":{"north":{"uv":[3,5.5,4,15.5],"rotation":90,"texture":"#1"},"east":{"uv":[3,6,4,16],"rotation":90,"texture":"#1"},"south":{"uv":[3,6,4,16],"rotation":90,"texture":"#1"},"west":{"uv":[3,5.5,4,15.5],"rotation":90,"texture":"#1"},"up":{"uv":[0,6,10,16],"texture":"#1"},"down":{"uv":[0,6,10,16],"texture":"#1"}}},{"from":[3,9,3],"to":[13,10,13],"rotation":{"angle":0,"axis":"y","origin":[0,16,0]},"faces":{"north":{"uv":[4,5.5,3,15.5],"rotation":90,"texture":"#1"},"east":{"uv":[4,6,3,16],"rotation":90,"texture":"#1"},"south":{"uv":[4,6,3,16],"rotation":90,"texture":"#1"},"west":{"uv":[4,5.5,3,15.5],"rotation":90,"texture":"#1"},"up":{"uv":[0,16,10,6],"texture":"#1"},"down":{"uv":[0,16,10,6],"texture":"#1"}}},{"from":[3,11,14],"to":[13,21,15],"rotation":{"angle":0,"axis":"y","origin":[8,22.5,8]},"faces":{"north":{"uv":[0,0,10,10],"texture":"#1"},"east":{"uv":[6,0,5,10],"texture":"#1"},"south":{"uv":[10,3,0,13],"texture":"#1"},"west":{"uv":[5,0,6,10],"texture":"#1"},"up":{"uv":[6.5,10,5.5,0],"rotation":90,"texture":"#1"},"down":{"uv":[6.5,0,5.5,10],"rotation":270,"texture":"#1"}}},{"from":[3,11,1],"to":[13,21,2],"rotation":{"angle":0,"axis":"y","origin":[8,22.5,8]},"faces":{"north":{"uv":[10,3,0,13],"texture":"#1"},"east":{"uv":[5,0,6,10],"texture":"#1"},"south":{"uv":[0,0,10,10],"texture":"#1"},"west":{"uv":[6,0,5,10],"texture":"#1"},"up":{"uv":[5.5,0,6.5,10],"rotation":90,"texture":"#1"},"down":{"uv":[5.5,10,6.5,0],"rotation":270,"texture":"#1"}}},{"from":[14,11,3],"to":[15,21,13],"rotation":{"angle":0,"axis":"y","origin":[8,22.5,8]},"faces":{"north":{"uv":[6,0,5,10],"texture":"#1"},"east":{"uv":[10,3,0,13],"texture":"#1"},"south":{"uv":[14,0,13,10],"texture":"#1"},"west":{"uv":[0,0,10,10],"texture":"#1"},"up":{"uv":[5.5,0,6.5,10],"rotation":180,"texture":"#1"},"down":{"uv":[5.5,10,6.5,0],"rotation":180,"texture":"#1"}}},{"from":[1,11,3],"to":[2,21,13],"rotation":{"angle":0,"axis":"y","origin":[8,22.5,8]},"faces":{"north":{"uv":[5,0,6,10],"texture":"#1"},"east":{"uv":[0,0,10,10],"texture":"#1"},"south":{"uv":[6,0,5,10],"texture":"#1"},"west":{"uv":[10,3,0,13],"texture":"#1"},"up":{"uv":[6.5,10,5.5,0],"rotation":180,"texture":"#1"},"down":{"uv":[6.5,0,5.5,10],"rotation":180,"texture":"#1"}}},{"from":[1,4,-2],"to":[1,15,7],"faces":{"north":{"uv":[0,0,0,4.5],"texture":"#2"},"east":{"uv":[5.75,5.5,1.25,11],"texture":"#2"},"south":{"uv":[0,0,0,4.5],"texture":"#2"},"west":{"uv":[1.25,5.5,5.75,11],"texture":"#2"},"up":{"uv":[0,0,0,3],"texture":"#2"},"down":{"uv":[0,0,0,3],"texture":"#2"}}},{"from":[15,15,-2],"to":[15,26,7],"rotation":{"angle":0,"axis":"y","origin":[16,0,0]},"faces":{"north":{"uv":[0,0,0,4.5],"texture":"#2"},"east":{"uv":[5.75,5.5,1.25,11],"texture":"#2"},"south":{"uv":[0,0,0,4.5],"texture":"#2"},"west":{"uv":[1.25,5.5,5.75,11],"texture":"#2"},"up":{"uv":[0,0,0,3],"texture":"#2"},"down":{"uv":[0,0,0,3],"texture":"#2"}}},{"from":[15,7,9],"to":[15,18,18],"rotation":{"angle":0,"axis":"y","origin":[16,0,16]},"faces":{"north":{"uv":[0,0,0,4.5],"texture":"#2"},"east":{"uv":[1.25,5.5,5.75,11],"texture":"#2"},"south":{"uv":[0,0,0,4.5],"texture":"#2"},"west":{"uv":[5.75,5.5,1.25,11],"texture":"#2"},"up":{"uv":[0,3,0,0],"texture":"#2"},"down":{"uv":[0,3,0,0],"texture":"#2"}}},{"from":[-1,15,15],"to":[8,26,15],"rotation":{"angle":0,"axis":"y","origin":[16,0,16]},"faces":{"north":{"uv":[5.75,5.5,1.25,11],"texture":"#2"},"east":{"uv":[0,0,0,4.5],"texture":"#2"},"south":{"uv":[1.25,5.5,5.75,11],"texture":"#2"},"west":{"uv":[0,0,0,4.5],"texture":"#2"},"up":{"uv":[0,3,0,0],"rotation":90,"texture":"#2"},"down":{"uv":[0,3,0,0],"rotation":270,"texture":"#2"}}}],"gui_light":"front","display":{"thirdperson_righthand":{"rotation":[-116.75,43.27,-175.38],"translation":[1.5,4.25,12.75],"scale":[0.5,0.5,0.5]},"thirdperson_lefthand":{"rotation":[-116.75,43.27,-175.38],"translation":[1.5,4.25,12.75],"scale":[0.5,0.5,0.5]},"firstperson_righthand":{"rotation":[0,-150,0],"translation":[0.5,4.25,-1.75],"scale":[0.5,0.5,0.5]},"firstperson_lefthand":{"rotation":[0,-152,0],"translation":[0.5,4.25,-1.75],"scale":[0.5,0.5,0.5]},"ground":{"translation":[0,9.75,0],"scale":[0.5,0.5,0.5]},"gui":{"rotation":[26.86,-36.59,-0.85],"translation":[0,-2.75,-2],"scale":[0.66,0.66,0.66]},"head":{"rotation":[-135.5,0,0],"translation":[0,20.5,4.75],"scale":[0.7,0.7,0.7]},"fixed":{"rotation":[9,90,-2.75],"translation":[0,-3.75,0.5],"scale":[0.84,0.84,0.84]}}}