{"textures​":{"0":"\u0063\u0075\u0073\u0074\u006f\u006d\u0068\u0061\u0074\u0073:\u0068\u0061\u0074\u0073/\u0063\u006f\u0077\u0062\u006f\u0079_\u0068\u0061\u0074_\u0074\u0065\u0078\u0074\u0075\u0072\u0065","\u0070\u0061\u0072\u0074\u0069\u0063\u006c\u0065":"\u0063\u0075\u0073\u0074\u006f\u006d\u0068\u0061\u0074\u0073:\u0068\u0061\u0074\u0073/\u0063\u006f\u0077\u0062\u006f\u0079_\u0068\u0061\u0074_\u0074\u0065\u0078\u0074\u0075\u0072\u0065"},"credit":"Made with Blockbench","ambientocclusion":false,"texture_size":[64,64],"\u0074\u0065\u0078\u0074\u0075\u0072\u0065\u0073":{"0":"\u0063\u0075\u0073\u0074\u006f\u006d\u0068\u0061\u0074\u0073:\u0068\u0061\u0074\u0073/\u0063\u006f\u0077\u0062\u006f\u0079_\u0068\u0061\u0074_\u0074\u0065\u0078\u0074\u0075\u0072\u0065","\u0070\u0061\u0072\u0074\u0069\u0063\u006c\u0065":"\u0063\u0075\u0073\u0074\u006f\u006d\u0068\u0061\u0074\u0073:\u0068\u0061\u0074\u0073/\u0063\u006f\u0077\u0062\u006f\u0079_\u0068\u0061\u0074_\u0074\u0065\u0078\u0074\u0075\u0072\u0065"},"elements":[{"from":[2.95,1,2.95],"to":[13.05,2,2.95],"faces":{"north":{"uv":[11,3,16,3.5],"texture":"#0"},"east":{"uv":[0,0,0,0.25],"texture":"#0"},"south":{"uv":[8.5,3.25,11,3.5],"texture":"#0"},"west":{"uv":[0,0,0,0.25],"texture":"#0"},"up":{"uv":[2.5,0,0,0],"texture":"#0"},"down":{"uv":[2.5,0,0,0],"texture":"#0"}}},{"from":[2.95,1,13.05],"to":[13.05,2,13.05],"rotation":{"angle":0,"axis":"y","origin":[0,0,16]},"faces":{"north":{"uv":[3.5,8.5,6,8.75],"texture":"#0"},"east":{"uv":[0,0,0,0.25],"texture":"#0"},"south":{"uv":[11,3.5,16,4],"texture":"#0"},"west":{"uv":[0,0,0,0.25],"texture":"#0"},"up":{"uv":[2.5,0,0,0],"texture":"#0"},"down":{"uv":[2.5,0,0,0],"texture":"#0"}}},{"from":[2.95,1,2.95],"to":[2.95,2,13.05],"rotation":{"angle":0,"axis":"y","origin":[0,0,16]},"faces":{"north":{"uv":[0,0,0,0.25],"texture":"#0"},"east":{"uv":[8.5,3.75,11,4],"texture":"#0"},"south":{"uv":[0,0,0,0.25],"texture":"#0"},"west":{"uv":[11,4,16,4.5],"texture":"#0"},"up":{"uv":[0,2.5,0,0],"texture":"#0"},"down":{"uv":[0,0,0,2.5],"texture":"#0"}}},{"from":[13.05,1,2.95],"to":[13.05,2,13.05],"rotation":{"angle":0,"axis":"y","origin":[16,0,16]},"faces":{"north":{"uv":[0,0,0,0.25],"texture":"#0"},"east":{"uv":[11,8.5,16,9],"texture":"#0"},"south":{"uv":[0,0,0,0.25],"texture":"#0"},"west":{"uv":[3.5,8.75,6,9],"texture":"#0"},"up":{"uv":[0,2.5,0,0],"texture":"#0"},"down":{"uv":[0,0,0,2.5],"texture":"#0"}}},{"from":[2.975,6.75,5.25],"to":[2.975,9.25,5.75],"rotation":{"angle":45,"axis":"x","origin":[0,0,0]},"faces":{"north":{"uv":[0,0,0,0.75],"texture":"#0"},"east":{"uv":[1,10.75,1.5,11.75],"texture":"#0"},"south":{"uv":[0,0,0,0.75],"texture":"#0"},"west":{"uv":[0.25,10.75,0.75,11.75],"texture":"#0"},"up":{"uv":[0,0.25,0,0],"texture":"#0"},"down":{"uv":[0,0,0,0.25],"texture":"#0"}}},{"from":[2.975,9.25,4.25],"to":[2.975,15.75,6.75],"rotation":{"angle":45,"axis":"x","origin":[0,0,0]},"faces":{"north":{"uv":[0,0,0,1.75],"texture":"#0"},"east":{"uv":[5.25,10.5,6.5,12.75],"texture":"#0"},"south":{"uv":[0,0,0,1.75],"texture":"#0"},"west":{"uv":[6.75,10.5,8,12.75],"texture":"#0"},"up":{"uv":[0,0.75,0,0],"texture":"#0"},"down":{"uv":[0,0,0,0.75],"texture":"#0"}}},{"from":[6.325,-4.875,2.75],"to":[8.425,-2.875,3],"rotation":{"angle":45,"axis":"z","origin":[0,0,0]},"faces":{"north":{"uv":[6.75,8.75,7.75,9.75],"texture":"#0"},"east":{"uv":[0.25,9.5,0.5,10.5],"texture":"#0"},"south":{"uv":[6,8.5,6.5,9],"texture":"#0"},"west":{"uv":[0.5,9.5,0.75,10.5],"texture":"#0"},"up":{"uv":[6.5,10.25,5.5,10],"texture":"#0"},"down":{"uv":[6.5,9.75,5.5,10],"texture":"#0"}}},{"from":[1.425,-0.30656,14.5412],"to":[14.6,0.69344,16.5412],"rotation":{"angle":22.5,"axis":"x","origin":[0.4,-0.30656,15.5412]},"faces":{"north":{"uv":[8.5,2,11.75,2.25],"texture":"#0"},"east":{"uv":[9.75,7.75,10.25,8],"texture":"#0"},"south":{"uv":[8.5,2.25,11.75,2.5],"texture":"#0"},"west":{"uv":[8,9.75,8.5,10],"texture":"#0"},"up":{"uv":[9.75,8.25,6.5,7.75],"texture":"#0"},"down":{"uv":[11.25,4.5,8,5],"texture":"#0"}}},{"from":[1,0,1],"to":[15,1,15],"faces":{"north":{"uv":[8.5,0,12,0.25],"texture":"#0"},"east":{"uv":[8.5,0.25,12,0.5],"texture":"#0"},"south":{"uv":[8.5,0.5,12,0.75],"texture":"#0"},"west":{"uv":[8.5,0.75,12,1],"texture":"#0"},"up":{"uv":[3.5,3.5,0,0],"texture":"#0"},"down":{"uv":[3.5,3.5,0,7],"texture":"#0"}}},{"from":[3,1,3],"to":[13,4,13],"faces":{"north":{"uv":[6,0,8.5,0.75],"texture":"#0"},"east":{"uv":[6,0.75,8.5,1.5],"texture":"#0"},"south":{"uv":[6,1.5,8.5,2.25],"texture":"#0"},"west":{"uv":[6,2.25,8.5,3],"texture":"#0"},"up":{"uv":[6,2.5,3.5,0],"texture":"#0"},"down":{"uv":[6,2.5,3.5,5],"texture":"#0"}}},{"from":[10,4,3],"to":[13,7,13],"faces":{"north":{"uv":[3.5,9,4.25,9.75],"texture":"#0"},"east":{"uv":[6,3,8.5,3.75],"texture":"#0"},"south":{"uv":[4.25,9,5,9.75],"texture":"#0"},"west":{"uv":[6,3.75,8.5,4.5],"texture":"#0"},"up":{"uv":[7.25,7,6.5,4.5],"texture":"#0"},"down":{"uv":[0.75,7,0,9.5],"texture":"#0"}}},{"from":[3,4,3],"to":[6,7,13],"faces":{"north":{"uv":[5,9,5.75,9.75],"texture":"#0"},"east":{"uv":[0.75,7,3.25,7.75],"texture":"#0"},"south":{"uv":[5.75,9,6.5,9.75],"texture":"#0"},"west":{"uv":[6.5,7,9,7.75],"texture":"#0"},"up":{"uv":[8,7,7.25,4.5],"texture":"#0"},"down":{"uv":[1.5,7.75,0.75,10.25],"texture":"#0"}}},{"from":[6,4,3],"to":[10,6,4],"faces":{"north":{"uv":[9,6,10,6.5],"texture":"#0"},"east":{"uv":[8.5,9.75,8.75,10.25],"texture":"#0"},"south":{"uv":[9,6.5,10,7],"texture":"#0"},"west":{"uv":[8.75,9.75,9,10.25],"texture":"#0"},"up":{"uv":[10,9.25,9,9],"texture":"#0"},"down":{"uv":[2.5,9.25,1.5,9.5],"texture":"#0"}}},{"from":[6,3.0845,1.62986],"to":[10,4.0845,7.62986],"rotation":{"angle":22.5,"axis":"x","origin":[0,-0.9155,7.62986]},"faces":{"north":{"uv":[2.5,9.25,3.5,9.5],"texture":"#0"},"east":{"uv":[9,7.5,10.5,7.75],"texture":"#0"},"south":{"uv":[8,9.25,9,9.5],"texture":"#0"},"west":{"uv":[9,8.75,10.5,9],"texture":"#0"},"up":{"uv":[2.5,9.25,1.5,7.75],"texture":"#0"},"down":{"uv":[3.5,7.75,2.5,9.25],"texture":"#0"}}},{"from":[6,4,12],"to":[10,5.5,13],"rotation":{"angle":0,"axis":"y","origin":[0,0,16]},"faces":{"north":{"uv":[9,7,10,7.5],"texture":"#0"},"east":{"uv":[9,9.75,9.25,10.25],"texture":"#0"},"south":{"uv":[9,8.25,10,8.75],"texture":"#0"},"west":{"uv":[9.25,9.75,9.5,10.25],"texture":"#0"},"up":{"uv":[10,9.5,9,9.25],"texture":"#0"},"down":{"uv":[2.5,9.5,1.5,9.75],"texture":"#0"}}},{"from":[6,2.62256,10.56148],"to":[10,3.62256,14.56148],"rotation":{"angle":-22.5,"axis":"x","origin":[0,-1.87744,8.56148]},"faces":{"north":{"uv":[2.5,9.5,3.5,9.75],"texture":"#0"},"east":{"uv":[8,9.5,9,9.75],"texture":"#0"},"south":{"uv":[9,9.5,10,9.75],"texture":"#0"},"west":{"uv":[1.5,9.75,2.5,10],"texture":"#0"},"up":{"uv":[9,7,8,6],"texture":"#0"},"down":{"uv":[9,8.25,8,9.25],"texture":"#0"}}},{"from":[-1.70711,0.70711,0.975],"to":[1.29289,1.70711,15.025],"rotation":{"angle":-45,"axis":"z","origin":[0.29289,0.70711,1]},"faces":{"north":{"uv":[2.5,9.75,3.25,10],"texture":"#0"},"east":{"uv":[8.5,1,12,1.25],"texture":"#0"},"south":{"uv":[3.25,9.75,4,10],"texture":"#0"},"west":{"uv":[8.5,1.25,12,1.5],"texture":"#0"},"up":{"uv":[4.25,8.5,3.5,5],"texture":"#0"},"down":{"uv":[5,5,4.25,8.5],"texture":"#0"}}},{"from":[14.70711,0.70711,0.975],"to":[17.70711,1.70711,15.025],"rotation":{"angle":45,"axis":"z","origin":[15.70711,0.70711,1]},"faces":{"north":{"uv":[4,9.75,4.75,10],"texture":"#0"},"east":{"uv":[8.5,1.5,12,1.75],"texture":"#0"},"south":{"uv":[4.75,9.75,5.5,10],"texture":"#0"},"west":{"uv":[8.5,1.75,12,2],"texture":"#0"},"up":{"uv":[5.75,8.5,5,5],"texture":"#0"},"down":{"uv":[6.5,5,5.75,8.5],"texture":"#0"}}},{"from":[1.425,-0.30656,-0.5412],"to":[14.6,0.69344,1.4588],"rotation":{"angle":-22.5,"axis":"x","origin":[0.4,-0.30656,0.4588]},"faces":{"north":{"uv":[8.5,2.5,11.75,2.75],"texture":"#0"},"east":{"uv":[9.75,8,10.25,8.25],"texture":"#0"},"south":{"uv":[8.5,2.75,11.75,3],"texture":"#0"},"west":{"uv":[9.5,9.75,10,10],"texture":"#0"},"up":{"uv":[11.25,5.5,8,5],"texture":"#0"},"down":{"uv":[11.25,5.5,8,6],"texture":"#0"}}}],"display":{"thirdperson_righthand":{"rotation":[-16.75,180,0],"translation":[0,1,-6],"scale":[0.64,0.64,0.64]},"thirdperson_lefthand":{"rotation":[-16.75,180,0],"translation":[0,1,-6],"scale":[0.64,0.64,0.64]},"firstperson_righthand":{"rotation":[24,180,0],"translation":[-3.25,8,3.25],"scale":[0.51,0.51,0.51]},"firstperson_lefthand":{"rotation":[24,180,0],"translation":[-3.25,8,3.25],"scale":[0.51,0.51,0.51]},"ground":{"translation":[0,5.5,0],"scale":[0.7,0.7,0.7]},"gui":{"rotation":[-148.86,24.99,176.03],"translation":[-0.25,4,0],"scale":[0.75,0.75,0.75]},"head":{"translation":[0,13.25,-0.5],"scale":[1.45,1.45,1.45]},"fixed":{"rotation":[-90,0,0],"translation":[0,0,-6.75]}}}