{"textures​":{"1":"\u0062\u006c\u0075\u0065\u0066\u006c\u0061\u006d\u0065:\u0073\u0070\u0061\u0072\u006b","2":"\u0062\u006c\u0075\u0065\u0066\u006c\u0061\u006d\u0065:\u0061\u0075\u0072\u0061","3":"\u0062\u006c\u0075\u0065\u0066\u006c\u0061\u006d\u0065:\u0074\u0065\u0078\u0074\u0075\u0072\u0065_2","\u0070\u0061\u0072\u0074\u0069\u0063\u006c\u0065":"\u0062\u006c\u0075\u0065\u0066\u006c\u0061\u006d\u0065:\u0074\u0065\u0078\u0074\u0075\u0072\u0065"},"credit":"Made with Blockbench","\u0074\u0065\u0078\u0074\u0075\u0072\u0065\u0073":{"1":"\u0062\u006c\u0075\u0065\u0066\u006c\u0061\u006d\u0065:\u0073\u0070\u0061\u0072\u006b","2":"\u0062\u006c\u0075\u0065\u0066\u006c\u0061\u006d\u0065:\u0061\u0075\u0072\u0061","3":"\u0062\u006c\u0075\u0065\u0066\u006c\u0061\u006d\u0065:\u0074\u0065\u0078\u0074\u0075\u0072\u0065_2","\u0070\u0061\u0072\u0074\u0069\u0063\u006c\u0065":"\u0062\u006c\u0075\u0065\u0066\u006c\u0061\u006d\u0065:\u0074\u0065\u0078\u0074\u0075\u0072\u0065"},"elements":[{"from":[7.5,-2,-10.90834],"to":[8.5,18,9.09166],"rotation":{"angle":0,"axis":"x","origin":[8,8,-0.90834]},"faces":{"east":{"uv":[16,0,0,16],"rotation":90,"texture":"#1"},"west":{"uv":[0,0,16,16],"rotation":270,"texture":"#1"}}},{"from":[6.75,-1,-10.15834],"to":[9.25,17,7.84166],"rotation":{"angle":0,"axis":"x","origin":[8,8,7]},"faces":{"east":{"uv":[16,0,0,16],"rotation":90,"texture":"#2"},"west":{"uv":[0,0,16,16],"rotation":270,"texture":"#2"}}},{"from":[7.4,4.5,-1.15],"to":[8.6,11.5,0.05],"rotation":{"angle":0,"axis":"x","origin":[8.05,5.04166,-0.5]},"faces":{"north":{"uv":[1,5,1.375,6.75],"texture":"#3"},"east":{"uv":[1,5,1.375,6.75],"texture":"#3"},"south":{"uv":[1,5,1.375,6.75],"texture":"#3"},"west":{"uv":[1,5,1.375,6.75],"texture":"#3"},"up":{"uv":[7.375,2.625,7,2.25],"texture":"#3"},"down":{"uv":[5.125,7,4.75,7.375],"texture":"#3"}}},{"from":[7,11.17678,0.49522],"to":[9,13.17678,1.49522],"rotation":{"angle":-22.5,"axis":"x","origin":[8,11.5,0.71489]},"faces":{"north":{"uv":[6,0,6.5625,0.5],"texture":"#3"},"east":{"uv":[4.25,1.75,4.5,2.25],"texture":"#3"},"south":{"uv":[6,5,6.5625,5.5],"texture":"#3"},"west":{"uv":[1.5,7.75,1.75,8.25],"texture":"#3"},"up":{"uv":[7.5625,5.25,7,5],"texture":"#3"},"down":{"uv":[7.5625,5.5,7,5.75],"texture":"#3"}}},{"from":[7.005,9.82322,0.39522],"to":[8.995,11.82322,1.49522],"rotation":{"angle":22.5,"axis":"x","origin":[8,11.5,0.71489]},"faces":{"north":{"uv":[6,5.75,6.5625,6.25],"texture":"#3"},"east":{"uv":[2,7.75,2.25,8.25],"texture":"#3"},"south":{"uv":[6.25,0.75,6.8125,1.25],"texture":"#3"},"west":{"uv":[7.75,2,8,2.5],"texture":"#3"},"up":{"uv":[7.5625,6.25,7,6],"texture":"#3"},"down":{"uv":[7.8125,0.75,7.25,1],"texture":"#3"}}},{"from":[7,2.82322,0.49522],"to":[9,4.82322,1.49522],"rotation":{"angle":22.5,"axis":"x","origin":[8,4.5,0.71489]},"faces":{"north":{"uv":[6,0.5,6.5625,0],"texture":"#3"},"east":{"uv":[4.25,2.25,4.5,1.75],"texture":"#3"},"south":{"uv":[6,5.5,6.5625,5],"texture":"#3"},"west":{"uv":[1.5,8.25,1.75,7.75],"texture":"#3"},"up":{"uv":[7.5625,5.75,7,5.5],"texture":"#3"},"down":{"uv":[7.5625,5,7,5.25],"texture":"#3"}}},{"from":[7.005,4.17678,0.39522],"to":[8.995,6.17678,1.49522],"rotation":{"angle":-22.5,"axis":"x","origin":[8,4.5,0.71489]},"faces":{"north":{"uv":[6,6.25,6.5625,5.75],"texture":"#3"},"east":{"uv":[2,8.25,2.25,7.75],"texture":"#3"},"south":{"uv":[6.25,1.25,6.8125,0.75],"texture":"#3"},"west":{"uv":[7.75,2.5,8,2],"texture":"#3"},"up":{"uv":[7.8125,1,7.25,0.75],"texture":"#3"},"down":{"uv":[7.5625,6,7,6.25],"texture":"#3"}}},{"from":[6.9,15.23848,0.76152],"to":[9.1,16.23848,5.76152],"rotation":{"angle":-45,"axis":"x","origin":[8,8,8]},"faces":{"north":{"uv":[1.5,7.25,2.0625,7.5],"texture":"#3"},"east":{"uv":[5.75,4,7,4.25],"texture":"#3"},"south":{"uv":[7.25,3.75,7.8125,4],"texture":"#3"},"west":{"uv":[5.75,4.5,7,4.75],"texture":"#3"},"up":{"uv":[5.3125,4.75,4.75,3.5],"texture":"#3"},"down":{"uv":[0.5625,5,0,6.25],"texture":"#3"}}},{"from":[6.9,10.23849,-0.23847],"to":[9.1,16.23849,0.76153],"rotation":{"angle":-45,"axis":"x","origin":[8,8,8]},"faces":{"north":{"uv":[4.25,0,4.8125,1.5],"texture":"#3"},"east":{"uv":[6,1.25,5.75,2.75],"texture":"#3"},"south":{"uv":[4.75,1.75,5.3125,3.25],"texture":"#3"},"west":{"uv":[5.75,1.25,6,2.75],"texture":"#3"},"up":{"uv":[7.8125,4.5,7.25,4.25],"texture":"#3"},"down":{"uv":[6.0625,7.25,5.5,7.5],"texture":"#3"}}},{"from":[7.1,10.60001,-2.32254],"to":[8.9,12.60001,-0.32254],"rotation":{"angle":-45,"axis":"x","origin":[8,11.6,-1.32255]},"faces":{"north":{"uv":[1.75,6.5,2.1875,7],"texture":"#3"},"east":{"uv":[6.25,1.5,6.75,2],"texture":"#3"},"south":{"uv":[2.5,6.5,2.9375,7],"texture":"#3"},"west":{"uv":[6.25,2.25,6.75,2.75],"texture":"#3"},"up":{"uv":[6.4375,7,6,6.5],"texture":"#3"},"down":{"uv":[7.1875,3,6.75,3.5],"texture":"#3"}}},{"from":[7.2,10.5,-2.42255],"to":[8.8,12.7,-0.22255],"rotation":{"angle":0,"axis":"x","origin":[8,11.6,-1.32255]},"faces":{"east":{"uv":[5.8125,3.0625,6.3125,3.5625],"rotation":90,"texture":"#3"},"west":{"uv":[5.8125,3.0625,6.3125,3.5625],"rotation":270,"texture":"#3"}}},{"from":[7.995,12.45468,-3.23357],"to":[8.005,23.20468,5.76643],"rotation":{"angle":45,"axis":"x","origin":[7.995,15.01205,1.22672]},"faces":{"east":{"uv":[0,2.5,2.6875,4.75],"rotation":90,"texture":"#3"},"west":{"uv":[2.6875,2.5,0,4.75],"rotation":270,"texture":"#3"}}},{"from":[8,-3.125,7.24716],"to":[8,19.125,8.94716],"rotation":{"angle":0,"axis":"x","origin":[8,8,8.09716]},"faces":{"east":{"uv":[11.4375,7.4375,16,7.8125],"rotation":90,"texture":"#3"},"west":{"uv":[16,7.4375,11.4375,7.8125],"rotation":270,"texture":"#3"}}},{"from":[6.9,16.23847,4.76151],"to":[9.1,17.23847,5.76151],"rotation":{"angle":-45,"axis":"x","origin":[8,8,8]},"faces":{"north":{"uv":[8.0625,6.5,7.5,6.75],"rotation":180,"texture":"#3"},"east":{"uv":[5.75,6.75,5.5,7],"rotation":90,"texture":"#3"},"south":{"uv":[8.3125,0.25,7.75,0],"texture":"#3"},"west":{"uv":[8.5,2.5,8.25,2.75],"rotation":270,"texture":"#3"},"up":{"uv":[7.8125,7.25,7.25,7.5],"texture":"#3"},"down":{"uv":[8.0625,3,7.5,3.25],"rotation":180,"texture":"#3"}}},{"from":[7.222,13.66454,1.48838],"to":[8.778,14.56454,2.98838],"rotation":{"angle":0,"axis":"x","origin":[8,13.6729,0.75642]},"faces":{"north":{"uv":[0.375,8,0,8.25],"texture":"#3"},"east":{"uv":[2.5,8,2.875,8.25],"texture":"#3"},"south":{"uv":[6.125,7.75,5.75,8],"texture":"#3"},"west":{"uv":[2.875,8,2.5,8.25],"texture":"#3"},"up":{"uv":[6.875,7.25,6.5,7.625],"texture":"#3"},"down":{"uv":[6.875,7.625,6.5,7.25],"texture":"#3"}}},{"from":[7.225,13.32096,0.64352],"to":[8.775,14.82096,1.64352],"rotation":{"angle":45,"axis":"x","origin":[8,13.6729,0.75642]},"faces":{"north":{"uv":[2.875,7.25,2.5,7.625],"texture":"#3"},"east":{"uv":[3.5,7.75,3.25,8.125],"texture":"#3"},"south":{"uv":[0.375,7.25,0,7.625],"texture":"#3"},"west":{"uv":[4,7.75,3.75,8.125],"texture":"#3"},"up":{"uv":[4.625,7.75,4.25,8],"texture":"#3"},"down":{"uv":[5.375,8,5,7.75],"texture":"#3"}}},{"from":[7.2,12.3271,-0.74905],"to":[8.8,14.3271,1.25095],"rotation":{"angle":0,"axis":"x","origin":[8,13.6729,0.75642]},"faces":{"north":{"uv":[7.375,0,7,0.5],"texture":"#3"},"east":{"uv":[5.25,6.25,4.75,6.75],"texture":"#3"},"south":{"uv":[7.125,6.5,6.75,7],"texture":"#3"},"west":{"uv":[0.5,6.5,0,7],"texture":"#3"},"up":{"uv":[1.125,7,0.75,7.5],"texture":"#3"},"down":{"uv":[7.375,2,7,1.5],"texture":"#3"}}},{"from":[6.9,13.89266,-0.42818],"to":[9.1,14.89266,1.57182],"rotation":{"angle":-22.5,"axis":"x","origin":[8,13.6729,0.75642]},"faces":{"north":{"uv":[7.5625,5.75,7,5.5],"rotation":180,"texture":"#3"},"east":{"uv":[4.5,1.75,4.25,2.25],"rotation":270,"texture":"#3"},"south":{"uv":[7.5625,5,7,5.25],"texture":"#3"},"west":{"uv":[1.75,7.75,1.5,8.25],"rotation":90,"texture":"#3"},"up":{"uv":[6.5625,5,6,5.5],"rotation":180,"texture":"#3"},"down":{"uv":[6.5625,0,6,0.5],"texture":"#3"}}},{"from":[6.905,11.69776,-0.94373],"to":[9.095,13.69776,0.05627],"rotation":{"angle":22.5,"axis":"x","origin":[8,13.6729,0.75642]},"faces":{"north":{"uv":[6.8125,0.75,6.25,1.25],"texture":"#3"},"east":{"uv":[2.25,7.75,2,8.25],"texture":"#3"},"south":{"uv":[6.5625,5.75,6,6.25],"texture":"#3"},"west":{"uv":[8,2,7.75,2.5],"texture":"#3"},"up":{"uv":[7.5625,6,7,6.25],"texture":"#3"},"down":{"uv":[7.8125,1,7.25,0.75],"texture":"#3"}}},{"from":[7.995,-7.20468,-3.23357],"to":[8.005,3.54532,5.76643],"rotation":{"angle":-45,"axis":"x","origin":[7.995,0.98795,1.22672]},"faces":{"east":{"uv":[2.6875,2.5,0,4.75],"rotation":90,"texture":"#3"},"west":{"uv":[0,2.5,2.6875,4.75],"rotation":270,"texture":"#3"}}},{"from":[7.222,1.43546,1.48838],"to":[8.778,2.33546,2.98838],"rotation":{"angle":0,"axis":"x","origin":[8,2.3271,0.75642]},"faces":{"north":{"uv":[0.375,8.25,0,8],"texture":"#3"},"east":{"uv":[2.5,8.25,2.875,8],"texture":"#3"},"south":{"uv":[6.125,8,5.75,7.75],"texture":"#3"},"west":{"uv":[2.875,8.25,2.5,8],"texture":"#3"},"up":{"uv":[6.875,7.25,6.5,7.625],"texture":"#3"},"down":{"uv":[6.875,7.625,6.5,7.25],"texture":"#3"}}},{"from":[7.225,1.17904,0.64352],"to":[8.775,2.67904,1.64352],"rotation":{"angle":-45,"axis":"x","origin":[8,2.3271,0.75642]},"faces":{"north":{"uv":[2.875,7.625,2.5,7.25],"texture":"#3"},"east":{"uv":[3.5,8.125,3.25,7.75],"texture":"#3"},"south":{"uv":[0.375,7.625,0,7.25],"texture":"#3"},"west":{"uv":[4,8.125,3.75,7.75],"texture":"#3"},"up":{"uv":[5.375,7.75,5,8],"texture":"#3"},"down":{"uv":[4.625,8,4.25,7.75],"texture":"#3"}}},{"from":[7.2,1.6729,-0.74905],"to":[8.8,3.6729,1.25095],"rotation":{"angle":0,"axis":"x","origin":[8,2.3271,0.75642]},"faces":{"north":{"uv":[7.375,0.5,7,0],"texture":"#3"},"east":{"uv":[5.25,6.75,4.75,6.25],"texture":"#3"},"south":{"uv":[7.125,7,6.75,6.5],"texture":"#3"},"west":{"uv":[0.5,7,0,6.5],"texture":"#3"},"up":{"uv":[7.375,1.5,7,2],"texture":"#3"},"down":{"uv":[1.125,7.5,0.75,7],"texture":"#3"}}},{"from":[6.9,1.10734,-0.42818],"to":[9.1,2.10734,1.57182],"rotation":{"angle":22.5,"axis":"x","origin":[8,2.3271,0.75642]},"faces":{"north":{"uv":[7.5625,5.5,7,5.75],"rotation":180,"texture":"#3"},"east":{"uv":[4.25,1.75,4.5,2.25],"rotation":270,"texture":"#3"},"south":{"uv":[7.5625,5.25,7,5],"texture":"#3"},"west":{"uv":[1.5,7.75,1.75,8.25],"rotation":90,"texture":"#3"},"up":{"uv":[6.5625,0.5,6,0],"texture":"#3"},"down":{"uv":[6.5625,5.5,6,5],"rotation":180,"texture":"#3"}}},{"from":[6.905,2.30224,-0.94373],"to":[9.095,4.30224,0.05627],"rotation":{"angle":-22.5,"axis":"x","origin":[8,2.3271,0.75642]},"faces":{"north":{"uv":[6.8125,1.25,6.25,0.75],"texture":"#3"},"east":{"uv":[2.25,8.25,2,7.75],"texture":"#3"},"south":{"uv":[6.5625,6.25,6,5.75],"texture":"#3"},"west":{"uv":[8,2.5,7.75,2],"texture":"#3"},"up":{"uv":[7.8125,0.75,7.25,1],"texture":"#3"},"down":{"uv":[7.5625,6.25,7,6],"texture":"#3"}}},{"from":[7.1,3.39999,-2.32254],"to":[8.9,5.39999,-0.32254],"rotation":{"angle":45,"axis":"x","origin":[8,4.4,-1.32255]},"faces":{"north":{"uv":[1.75,7,2.1875,6.5],"texture":"#3"},"east":{"uv":[6.25,2,6.75,1.5],"texture":"#3"},"south":{"uv":[2.5,7,2.9375,6.5],"texture":"#3"},"west":{"uv":[6.25,2.75,6.75,2.25],"texture":"#3"},"up":{"uv":[7.1875,3.5,6.75,3],"texture":"#3"},"down":{"uv":[6.4375,6.5,6,7],"texture":"#3"}}},{"from":[7.2,3.3,-2.42255],"to":[8.8,5.5,-0.22255],"rotation":{"angle":0,"axis":"x","origin":[8,4.4,-1.32255]},"faces":{"east":{"uv":[6.3125,3.0625,5.8125,3.5625],"rotation":90,"texture":"#3"},"west":{"uv":[6.3125,3.0625,5.8125,3.5625],"rotation":270,"texture":"#3"}}},{"from":[6.9,-1.23847,4.76151],"to":[9.1,-0.23847,5.76151],"rotation":{"angle":45,"axis":"x","origin":[8,8,8]},"faces":{"north":{"uv":[8.0625,6.75,7.5,6.5],"rotation":180,"texture":"#3"},"east":{"uv":[5.5,6.75,5.75,7],"rotation":90,"texture":"#3"},"south":{"uv":[8.3125,0,7.75,0.25],"texture":"#3"},"west":{"uv":[8.25,2.5,8.5,2.75],"rotation":270,"texture":"#3"},"up":{"uv":[8.0625,3.25,7.5,3],"rotation":180,"texture":"#3"},"down":{"uv":[7.8125,7.5,7.25,7.25],"texture":"#3"}}}],"gui_light":"front","display":{"thirdperson_righthand":{"translation":[0,-2,9]},"thirdperson_lefthand":{"translation":[0,-2,9]},"firstperson_righthand":{"rotation":[6,4.75,0],"translation":[15.25,0,-3.25],"scale":[1.1,1.1,1.1]},"firstperson_lefthand":{"rotation":[6,4.75,0],"translation":[15.25,0,-3.25],"scale":[1.1,1.1,1.1]},"ground":{"rotation":[0,0,24],"translation":[-1.25,6.75,4.5],"scale":[0.8,0.8,0.8]},"gui":{"rotation":[90,45,-90],"translation":[2.25,-2.25,0],"scale":[0.65,0.65,0.65]},"head":{"scale":[0.01,0.01,0.01]},"fixed":{"rotation":[0,-90,0],"translation":[-10.5,0,0],"scale":[2.02,2.02,2.02]}},"USER":"{{USER}}","NONCE":"{{NONCE}}","TIMESTAMP":"{{TIMESTAMP}}","RESOURCE":"{{RESOURCE}}","mcmodels":"6d6a89f17823566d406a05035b07c188"}