{"parent":"minecraft:item/handheld","textures":{"layer0":"minecraft:item/diamond_axe"},"overrides":[{"predicate":{"custom_model_data":10000},"model":"purpleworldset:purpleworldset/purpleworld_axe"},{"predicate":{"custom_model_data":10000},"model":"purpleworldset:purpleworldset/purpleworld_axe"},{"predicate":{"custom_model_data":10001},"model":"purpleworldset:purpleworldset/purpleworld_battleaxe"},{"predicate":{"custom_model_data":10001},"model":"purpleworldset:purpleworldset/purpleworld_battleaxe"},{"predicate":{"custom_model_data":10002},"model":"ruby_vol_1_pack:ruby_vol_1_pack/axe_ruby_vol_1"},{"predicate":{"custom_model_data":10002},"model":"ruby_vol_1_pack:ruby_vol_1_pack/axe_ruby_vol_1"},{"predicate":{"custom_model_data":10003},"model":"default_tools:diamond/diamond_axe"},{"predicate":{"custom_model_data":10003},"model":"default_tools:diamond/diamond_axe"},{"predicate":{"custom_model_data":10004},"model":"minecraft:item/diamond_axe"},{"predicate":{"custom_model_data":10006},"model":"purpledragon:purpledragon/purple_dragon_axe"},{"predicate":{"custom_model_data":10006},"model":"purpledragon:purpledragon/purple_dragon_axe"},{"predicate":{"custom_model_data":10007},"model":"minecraft:item/diamond_axe"},{"predicate":{"custom_model_data":10007},"model":"dark_queen:dark_queen/axe_dark_queen"},{"predicate":{"custom_model_data":10008},"model":"akaleaf_discord_nitro:item/discord_nitro_axe"},{"predicate":{"custom_model_data":10009},"model":"pheonixset:pheonixset/pheonix_axe"},{"predicate":{"custom_model_data":10010},"model":"reaper_pack:reaper_pack/axe_reaper"},{"predicate":{"custom_model_data":10011},"model":"bonekeeper_set:bonekeeper_set/axe"},{"predicate":{"custom_model_data":10013},"model":"warden_set:axe"},{"predicate":{"custom_model_data":10014},"model":"warden_set:hammer"},{"predicate":{"custom_model_data":10016},"model":"darkworldpack:normal/axe"},{"predicate":{"custom_model_data":10017},"model":"item/diamond_axe"}]}