{"parent":"minecraft:item/handheld","textures":{"layer0":"minecraft:item/iron_shovel"},"overrides":[{"predicate":{"custom_model_data":10000},"model":"default_tools:iron/iron_shovel"},{"predicate":{"custom_model_data":10000},"model":"default_tools:iron/iron_shovel"},{"predicate":{"custom_model_data":10001},"model":"minecraft:item/iron_shovel"},{"predicate":{"custom_model_data":10001},"model":"unicornfantasyset:shovel"},{"predicate":{"custom_model_data":10002},"model":"elitecreatures:valentines_animated_weapon_and_tool_set_v1/shovel"},{"predicate":{"custom_model_data":10004},"model":"elitecreatures:valentines/shovel"},{"predicate":{"custom_model_data":10008},"model":"fiendskullset:shovel"},{"predicate":{"custom_model_data":10009},"model":"halloween23:undertaker_shovel"},{"predicate":{"custom_model_data":10010},"model":"item/iron_shovel"}]}