{"parent":"minecraft:item/handheld","textures":{"layer0":"minecraft:item/iron_pickaxe"},"overrides":[{"predicate":{"custom_model_data":10000},"model":"default_tools:iron/iron_pickaxe"},{"predicate":{"custom_model_data":10000},"model":"default_tools:iron/iron_pickaxe"},{"predicate":{"custom_model_data":10001},"model":"minecraft:item/iron_pickaxe"},{"predicate":{"custom_model_data":10001},"model":"unicornfantasyset:pickaxe"},{"predicate":{"custom_model_data":10002},"model":"elitecreatures:valentines_animated_weapon_and_tool_set_v1/pickaxe"},{"predicate":{"custom_model_data":10004},"model":"elitecreatures:valentines/pickaxe"},{"predicate":{"custom_model_data":10007},"model":"fiendskullset:pickaxe"},{"predicate":{"custom_model_data":10008},"model":"item/iron_pickaxe"}]}