{"parent":"minecraft:item/generated","textures":{"layer0":"minecraft:block/tripwire_hook"},"overrides":[{"predicate":{"custom_model_data":10000},"model":"purpledragon:purpledragon/purple_dragon_key"},{"predicate":{"custom_model_data":10000},"model":"purpledragon:purpledragon/purple_dragon_key"},{"predicate":{"custom_model_data":10001},"model":"minecraft:item/tripwire_hook"},{"predicate":{"custom_model_data":10001},"model":"peacekeeper:peacekeeper/peacekeeper_key"},{"predicate":{"custom_model_data":10003},"model":"littleduckset:key"},{"predicate":{"custom_model_data":10004},"model":"nexusset:key"},{"predicate":{"custom_model_data":10005},"model":"ender_eye_set:ender_eye_set/key"},{"predicate":{"custom_model_data":10006},"model":"elitecreatures:darkflame_animated_weapon_set/key"},{"predicate":{"custom_model_data":10007},"model":"elitecreatures:bahamut_animated_weapon_set/key"},{"predicate":{"custom_model_data":10008},"model":"elitecreatures:valentines_animated_weapon_and_tool_set_v1/key"},{"predicate":{"custom_model_data":10009},"model":"item/tripwire_hook"}]}