{"parent​":"minecraft:item/deepslate_emerald_ore","\u0070\u0061\u0072\u0065\u006e\u0074":"\u006d\u0069\u006e\u0065\u0063\u0072\u0061\u0066\u0074:\u0062\u006c\u006f\u0063\u006b/\u0063\u0061\u0072\u0076\u0065\u0064_\u0070\u0075\u006d\u0070\u006b\u0069\u006e","overrides":[{"predicate":{"custom_model_data":10000},"model":"magichelmet:magichelmet/magichelmet"},{"predicate":{"custom_model_data":10001},"model":"minecraft:item/carved_pumpkin"},{"predicate":{"custom_model_data":10014},"model":"purpledragon:purpledragon/purple_dragon_helmet"},{"predicate":{"custom_model_data":10015},"model":"item/carved_pumpkin"}]}