{"parent​":"minecraft:item/polished_tuff_wall","textures​":{"layer0":"minecraft:item/bubble_column"},"\u0070\u0061\u0072\u0065\u006e\u0074":"\u006d\u0069\u006e\u0065\u0063\u0072\u0061\u0066\u0074:\u0069\u0074\u0065\u006d/\u0067\u0065\u006e\u0065\u0072\u0061\u0074\u0065\u0064","\u0074\u0065\u0078\u0074\u0075\u0072\u0065\u0073":{"\u006c\u0061\u0079\u0065\u00720":"\u006d\u0069\u006e\u0065\u0063\u0072\u0061\u0066\u0074:\u0069\u0074\u0065\u006d/\u0064\u0069\u0061\u006d\u006f\u006e\u0064_\u0063\u0068\u0065\u0073\u0074\u0070\u006c\u0061\u0074\u0065"},"overrides":[{"model":"minecraft:item/diamond_chestplate_quartz_trim","predicate":{"trim_type":0.1}},{"model":"minecraft:item/diamond_chestplate_iron_trim","predicate":{"trim_type":0.2}},{"model":"minecraft:item/diamond_chestplate_netherite_trim","predicate":{"trim_type":0.3}},{"model":"minecraft:item/diamond_chestplate_redstone_trim","predicate":{"trim_type":0.4}},{"model":"minecraft:item/diamond_chestplate_copper_trim","predicate":{"trim_type":0.5}},{"model":"minecraft:item/diamond_chestplate_gold_trim","predicate":{"trim_type":0.6}},{"model":"minecraft:item/diamond_chestplate_emerald_trim","predicate":{"trim_type":0.7}},{"model":"minecraft:item/diamond_chestplate_diamond_darker_trim","predicate":{"trim_type":0.8}},{"model":"minecraft:item/diamond_chestplate_lapis_trim","predicate":{"trim_type":0.9}},{"model":"minecraft:item/diamond_chestplate_amethyst_trim","predicate":{"trim_type":1.0}},{"predicate":{"custom_model_data":10000},"model":"purpledragon:purpledragon/purple_dragon_chestplate"},{"predicate":{"custom_model_data":10000},"model":"purpledragon:purpledragon/purple_dragon_chestplate"},{"predicate":{"trim_type":0.1,"custom_model_data":10000},"model":"purpledragon:purpledragon/purple_dragon_chestplate"},{"predicate":{"trim_type":0.2,"custom_model_data":10000},"model":"purpledragon:purpledragon/purple_dragon_chestplate"},{"predicate":{"trim_type":0.3,"custom_model_data":10000},"model":"purpledragon:purpledragon/purple_dragon_chestplate"},{"predicate":{"trim_type":0.4,"custom_model_data":10000},"model":"purpledragon:purpledragon/purple_dragon_chestplate"},{"predicate":{"trim_type":0.5,"custom_model_data":10000},"model":"purpledragon:purpledragon/purple_dragon_chestplate"},{"predicate":{"trim_type":0.6,"custom_model_data":10000},"model":"purpledragon:purpledragon/purple_dragon_chestplate"},{"predicate":{"trim_type":0.7,"custom_model_data":10000},"model":"purpledragon:purpledragon/purple_dragon_chestplate"},{"predicate":{"trim_type":0.8,"custom_model_data":10000},"model":"purpledragon:purpledragon/purple_dragon_chestplate"},{"predicate":{"trim_type":0.9,"custom_model_data":10000},"model":"purpledragon:purpledragon/purple_dragon_chestplate"},{"predicate":{"trim_type":1.0,"custom_model_data":10000},"model":"purpledragon:purpledragon/purple_dragon_chestplate"},{"predicate":{"custom_model_data":10001},"model":"minecraft:item/diamond_chestplate"},{"predicate":{"custom_model_data":10002},"model":"item/diamond_chestplate"}]}