{"parent​":"minecraft:item/dispenser","textures​":{"layer0":"minecraft:item/powder_snow"},"\u0070\u0061\u0072\u0065\u006e\u0074":"\u006d\u0069\u006e\u0065\u0063\u0072\u0061\u0066\u0074:\u0069\u0074\u0065\u006d/\u0068\u0061\u006e\u0064\u0068\u0065\u006c\u0064","\u0074\u0065\u0078\u0074\u0075\u0072\u0065\u0073":{"\u006c\u0061\u0079\u0065\u00720":"\u006d\u0069\u006e\u0065\u0063\u0072\u0061\u0066\u0074:\u0069\u0074\u0065\u006d/\u0064\u0069\u0061\u006d\u006f\u006e\u0064_\u0061\u0078\u0065"},"overrides":[{"predicate":{"custom_model_data":10000},"model":"purpleworldset:purpleworldset/purpleworld_axe"},{"predicate":{"custom_model_data":10000},"model":"purpleworldset:purpleworldset/purpleworld_axe"},{"predicate":{"custom_model_data":10001},"model":"purpleworldset:purpleworldset/purpleworld_battleaxe"},{"predicate":{"custom_model_data":10001},"model":"purpleworldset:purpleworldset/purpleworld_battleaxe"},{"predicate":{"custom_model_data":10002},"model":"ruby_vol_1_pack:ruby_vol_1_pack/axe_ruby_vol_1"},{"predicate":{"custom_model_data":10002},"model":"ruby_vol_1_pack:ruby_vol_1_pack/axe_ruby_vol_1"},{"predicate":{"custom_model_data":10003},"model":"default_tools:diamond/diamond_axe"},{"predicate":{"custom_model_data":10003},"model":"default_tools:diamond/diamond_axe"},{"predicate":{"custom_model_data":10004},"model":"minecraft:item/diamond_axe"},{"predicate":{"custom_model_data":10006},"model":"purpledragon:purpledragon/purple_dragon_axe"},{"predicate":{"custom_model_data":10006},"model":"purpledragon:purpledragon/purple_dragon_axe"},{"predicate":{"custom_model_data":10007},"model":"minecraft:item/diamond_axe"},{"predicate":{"custom_model_data":10007},"model":"dark_queen:dark_queen/axe_dark_queen"},{"predicate":{"custom_model_data":10008},"model":"akaleaf_discord_nitro:item/discord_nitro_axe"},{"predicate":{"custom_model_data":10009},"model":"pheonixset:pheonixset/pheonix_axe"},{"predicate":{"custom_model_data":10010},"model":"reaper_pack:reaper_pack/axe_reaper"},{"predicate":{"custom_model_data":10011},"model":"bonekeeper_set:bonekeeper_set/axe"},{"predicate":{"custom_model_data":10013},"model":"warden_set:axe"},{"predicate":{"custom_model_data":10014},"model":"warden_set:hammer"},{"predicate":{"custom_model_data":10016},"model":"darkworldpack:normal/axe"},{"predicate":{"custom_model_data":10018},"model":"elitecreatures:wukong_animated/axe"},{"predicate":{"custom_model_data":10019},"model":"hmcwraps:emerald_axe"},{"predicate":{"custom_model_data":10020},"model":"cutiecatpack:cutiecatpack/axe"},{"predicate":{"custom_model_data":10021},"model":"item/diamond_axe"}]}