{"parent​":"minecraft:item/brown_wool","textures​":{"layer0":"minecraft:item/dead_horn_coral"},"\u0070\u0061\u0072\u0065\u006e\u0074":"\u006d\u0069\u006e\u0065\u0063\u0072\u0061\u0066\u0074:\u0069\u0074\u0065\u006d/\u0067\u0065\u006e\u0065\u0072\u0061\u0074\u0065\u0064","\u0074\u0065\u0078\u0074\u0075\u0072\u0065\u0073":{"\u006c\u0061\u0079\u0065\u00720":"\u006d\u0069\u006e\u0065\u0063\u0072\u0061\u0066\u0074:\u0069\u0074\u0065\u006d/\u0064\u0069\u0061\u006d\u006f\u006e\u0064"},"overrides":[{"predicate":{"custom_model_data":11000},"model":"bonekeeper_set:bonekeeper_set/chest_opening"},{"predicate":{"custom_model_data":11001},"model":"darkworldpack:normal/helmet"},{"predicate":{"custom_model_data":11002},"model":"darkworldpack:normal/key"},{"predicate":{"custom_model_data":11003},"model":"darkworldpack:normal/wings"},{"predicate":{"custom_model_data":11004},"model":"radiance_collection:wings"},{"predicate":{"custom_model_data":11006},"model":"slime_wings:slimewings"},{"predicate":{"custom_model_data":2400001},"model":"lunardragonset:wings_cosmetics"},{"predicate":{"custom_model_data":2400002},"model":"lunardragonset:wings_cosmetics_self"},{"predicate":{"custom_model_data":2400003},"model":"lunardragonset:wings_cosmetics_self_2"},{"predicate":{"custom_model_data":2400004},"model":"lunardragonset:tail_cosmetics"},{"predicate":{"custom_model_data":2400005},"model":"lunardragonset:tail_cosmetics_normal_2"},{"predicate":{"custom_model_data":2400007},"model":"lunardragonset:tail_cosmetics_self_2"},{"predicate":{"custom_model_data":2400008},"model":"lunardragonset:helmet"},{"predicate":{"custom_model_data":2400009},"model":"item/diamond"}]}