{"parent​":"minecraft:item/prismarine_bricks","textures​":{"layer0":"minecraft:item/mossy_cobblestone_wall"},"\u0070\u0061\u0072\u0065\u006e\u0074":"\u006d\u0069\u006e\u0065\u0063\u0072\u0061\u0066\u0074:\u0069\u0074\u0065\u006d/\u0068\u0061\u006e\u0064\u0068\u0065\u006c\u0064","\u0074\u0065\u0078\u0074\u0075\u0072\u0065\u0073":{"\u006c\u0061\u0079\u0065\u00720":"\u006d\u0069\u006e\u0065\u0063\u0072\u0061\u0066\u0074:\u0069\u0074\u0065\u006d/\u0067\u006f\u006c\u0064\u0065\u006e_\u0073\u0068\u006f\u0076\u0065\u006c"},"overrides":[{"predicate":{"custom_model_data":10000},"model":"default_tools:golden/golden_shovel"},{"predicate":{"custom_model_data":10000},"model":"default_tools:golden/golden_shovel"},{"predicate":{"custom_model_data":10001},"model":"minecraft:item/golden_shovel"},{"predicate":{"custom_model_data":10002},"model":"item/golden_shovel"}]}