{"parent​":"minecraft:item/beetroots","textures​":{"\u006c\u0061\u0079\u0065\u00720":"\u006d\u0069\u006e\u0065\u0063\u0072\u0061\u0066\u0074:\u0069\u0074\u0065\u006d/\u0069\u0072\u006f\u006e_\u0070\u0069\u0063\u006b\u0061\u0078\u0065"},"\u0070\u0061\u0072\u0065\u006e\u0074":"\u006d\u0069\u006e\u0065\u0063\u0072\u0061\u0066\u0074:\u0069\u0074\u0065\u006d/\u0068\u0061\u006e\u0064\u0068\u0065\u006c\u0064","\u0074\u0065\u0078\u0074\u0075\u0072\u0065\u0073":{"\u006c\u0061\u0079\u0065\u00720":"\u006d\u0069\u006e\u0065\u0063\u0072\u0061\u0066\u0074:\u0069\u0074\u0065\u006d/\u0069\u0072\u006f\u006e_\u0070\u0069\u0063\u006b\u0061\u0078\u0065"},"overrides":[{"predicate":{"custom_model_data":5000},"model":"hmcwraps:fire_pickaxe"},{"predicate":{"custom_model_data":10000},"model":"default_tools:iron/iron_pickaxe"},{"predicate":{"custom_model_data":10000},"model":"default_tools:iron/iron_pickaxe"},{"predicate":{"custom_model_data":10001},"model":"minecraft:item/iron_pickaxe"},{"predicate":{"custom_model_data":10001},"model":"unicornfantasyset:pickaxe"},{"predicate":{"custom_model_data":10002},"model":"elitecreatures:valentines_animated_weapon_and_tool_set_v1/pickaxe"},{"predicate":{"custom_model_data":10004},"model":"elitecreatures:valentines/pickaxe"},{"predicate":{"custom_model_data":10007},"model":"fiendskullset:pickaxe"},{"predicate":{"custom_model_data":10015},"model":"elitecreatures:mad_hatter_animated_weapon_set/pickaxe"},{"predicate":{"custom_model_data":10016},"model":"elitecreatures:oni_weapon_set/pickaxe"},{"predicate":{"custom_model_data":10017},"model":"littlesharkset:pickaxe"},{"predicate":{"custom_model_data":10018},"model":"hmcwraps:silver_pickaxe"},{"predicate":{"custom_model_data":10019},"model":"necros_set:pickaxe"},{"predicate":{"custom_model_data":10020},"model":"item/iron_pickaxe"}]}