{"parent​":"minecraft:item/calcite","textures​":{"\u006c\u0061\u0079\u0065\u00720":"\u0069\u0074\u0065\u006d/\u006c\u0065\u0061\u0074\u0068\u0065\u0072_\u0068\u0065\u006c\u006d\u0065\u0074","\u006c\u0061\u0079\u0065\u00721":"\u0069\u0074\u0065\u006d/\u006c\u0065\u0061\u0074\u0068\u0065\u0072_\u0068\u0065\u006c\u006d\u0065\u0074_\u006f\u0076\u0065\u0072\u006c\u0061\u0079"},"\u0070\u0061\u0072\u0065\u006e\u0074":"\u0069\u0074\u0065\u006d/\u0067\u0065\u006e\u0065\u0072\u0061\u0074\u0065\u0064","\u0074\u0065\u0078\u0074\u0075\u0072\u0065\u0073":{"\u006c\u0061\u0079\u0065\u00720":"\u0069\u0074\u0065\u006d/\u006c\u0065\u0061\u0074\u0068\u0065\u0072_\u0068\u0065\u006c\u006d\u0065\u0074","\u006c\u0061\u0079\u0065\u00721":"\u0069\u0074\u0065\u006d/\u006c\u0065\u0061\u0074\u0068\u0065\u0072_\u0068\u0065\u006c\u006d\u0065\u0074_\u006f\u0076\u0065\u0072\u006c\u0061\u0079"},"overrides":[{"model":"minecraft:item/leather_helmet_quartz_trim","predicate":{"trim_type":0.1}},{"model":"minecraft:item/leather_helmet_iron_trim","predicate":{"trim_type":0.2}},{"model":"minecraft:item/leather_helmet_netherite_trim","predicate":{"trim_type":0.3}},{"model":"minecraft:item/leather_helmet_redstone_trim","predicate":{"trim_type":0.4}},{"model":"minecraft:item/leather_helmet_copper_trim","predicate":{"trim_type":0.5}},{"model":"minecraft:item/leather_helmet_gold_trim","predicate":{"trim_type":0.6}},{"model":"minecraft:item/leather_helmet_emerald_trim","predicate":{"trim_type":0.7}},{"model":"minecraft:item/leather_helmet_diamond_trim","predicate":{"trim_type":0.8}},{"model":"minecraft:item/leather_helmet_lapis_trim","predicate":{"trim_type":0.9}},{"model":"minecraft:item/leather_helmet_amethyst_trim","predicate":{"trim_type":1.0}},{"predicate":{"custom_model_data":2006},"model":"custom/armor/thor_helmet"},{"predicate":{"custom_model_data":2006},"model":"thor_armor:ia_auto_gen/thor_helmet"},{"predicate":{"trim_type":0.1,"custom_model_data":2006},"model":"thor_armor:ia_auto_gen/thor_helmet"},{"predicate":{"trim_type":0.2,"custom_model_data":2006},"model":"thor_armor:ia_auto_gen/thor_helmet"},{"predicate":{"trim_type":0.3,"custom_model_data":2006},"model":"thor_armor:ia_auto_gen/thor_helmet"},{"predicate":{"trim_type":0.4,"custom_model_data":2006},"model":"thor_armor:ia_auto_gen/thor_helmet"},{"predicate":{"trim_type":0.5,"custom_model_data":2006},"model":"thor_armor:ia_auto_gen/thor_helmet"},{"predicate":{"trim_type":0.6,"custom_model_data":2006},"model":"thor_armor:ia_auto_gen/thor_helmet"},{"predicate":{"trim_type":0.7,"custom_model_data":2006},"model":"thor_armor:ia_auto_gen/thor_helmet"},{"predicate":{"trim_type":0.8,"custom_model_data":2006},"model":"thor_armor:ia_auto_gen/thor_helmet"},{"predicate":{"trim_type":0.9,"custom_model_data":2006},"model":"thor_armor:ia_auto_gen/thor_helmet"},{"predicate":{"trim_type":1.0,"custom_model_data":2006},"model":"thor_armor:ia_auto_gen/thor_helmet"},{"predicate":{"custom_model_data":2007},"model":"nexusset:ia_auto_gen/nexus_helmet_icon"},{"predicate":{"trim_type":0.1,"custom_model_data":2007},"model":"nexusset:ia_auto_gen/nexus_helmet_icon"},{"predicate":{"trim_type":0.2,"custom_model_data":2007},"model":"nexusset:ia_auto_gen/nexus_helmet_icon"},{"predicate":{"trim_type":0.3,"custom_model_data":2007},"model":"nexusset:ia_auto_gen/nexus_helmet_icon"},{"predicate":{"trim_type":0.4,"custom_model_data":2007},"model":"nexusset:ia_auto_gen/nexus_helmet_icon"},{"predicate":{"trim_type":0.5,"custom_model_data":2007},"model":"nexusset:ia_auto_gen/nexus_helmet_icon"},{"predicate":{"trim_type":0.6,"custom_model_data":2007},"model":"nexusset:ia_auto_gen/nexus_helmet_icon"},{"predicate":{"trim_type":0.7,"custom_model_data":2007},"model":"nexusset:ia_auto_gen/nexus_helmet_icon"},{"predicate":{"trim_type":0.8,"custom_model_data":2007},"model":"nexusset:ia_auto_gen/nexus_helmet_icon"},{"predicate":{"trim_type":0.9,"custom_model_data":2007},"model":"nexusset:ia_auto_gen/nexus_helmet_icon"},{"predicate":{"trim_type":1.0,"custom_model_data":2007},"model":"nexusset:ia_auto_gen/nexus_helmet_icon"},{"predicate":{"custom_model_data":2008},"model":"elitecreatures:ia_auto_gen/valentines_helmet1"},{"predicate":{"trim_type":0.1,"custom_model_data":2008},"model":"elitecreatures:ia_auto_gen/valentines_helmet1"},{"predicate":{"trim_type":0.2,"custom_model_data":2008},"model":"elitecreatures:ia_auto_gen/valentines_helmet1"},{"predicate":{"trim_type":0.3,"custom_model_data":2008},"model":"elitecreatures:ia_auto_gen/valentines_helmet1"},{"predicate":{"trim_type":0.4,"custom_model_data":2008},"model":"elitecreatures:ia_auto_gen/valentines_helmet1"},{"predicate":{"trim_type":0.5,"custom_model_data":2008},"model":"elitecreatures:ia_auto_gen/valentines_helmet1"},{"predicate":{"trim_type":0.6,"custom_model_data":2008},"model":"elitecreatures:ia_auto_gen/valentines_helmet1"},{"predicate":{"trim_type":0.7,"custom_model_data":2008},"model":"elitecreatures:ia_auto_gen/valentines_helmet1"},{"predicate":{"trim_type":0.8,"custom_model_data":2008},"model":"elitecreatures:ia_auto_gen/valentines_helmet1"},{"predicate":{"trim_type":0.9,"custom_model_data":2008},"model":"elitecreatures:ia_auto_gen/valentines_helmet1"},{"predicate":{"trim_type":1.0,"custom_model_data":2008},"model":"elitecreatures:ia_auto_gen/valentines_helmet1"},{"predicate":{"custom_model_data":10000},"model":"elitecreatures:ia_auto_gen/valentines_animated_weapon_and_tool_set_v1_helmet1"},{"predicate":{"trim_type":0.1,"custom_model_data":10000},"model":"elitecreatures:ia_auto_gen/valentines_animated_weapon_and_tool_set_v1_helmet1"},{"predicate":{"trim_type":0.2,"custom_model_data":10000},"model":"elitecreatures:ia_auto_gen/valentines_animated_weapon_and_tool_set_v1_helmet1"},{"predicate":{"trim_type":0.3,"custom_model_data":10000},"model":"elitecreatures:ia_auto_gen/valentines_animated_weapon_and_tool_set_v1_helmet1"},{"predicate":{"trim_type":0.4,"custom_model_data":10000},"model":"elitecreatures:ia_auto_gen/valentines_animated_weapon_and_tool_set_v1_helmet1"},{"predicate":{"trim_type":0.5,"custom_model_data":10000},"model":"elitecreatures:ia_auto_gen/valentines_animated_weapon_and_tool_set_v1_helmet1"},{"predicate":{"trim_type":0.6,"custom_model_data":10000},"model":"elitecreatures:ia_auto_gen/valentines_animated_weapon_and_tool_set_v1_helmet1"},{"predicate":{"trim_type":0.7,"custom_model_data":10000},"model":"elitecreatures:ia_auto_gen/valentines_animated_weapon_and_tool_set_v1_helmet1"},{"predicate":{"trim_type":0.8,"custom_model_data":10000},"model":"elitecreatures:ia_auto_gen/valentines_animated_weapon_and_tool_set_v1_helmet1"},{"predicate":{"trim_type":0.9,"custom_model_data":10000},"model":"elitecreatures:ia_auto_gen/valentines_animated_weapon_and_tool_set_v1_helmet1"},{"predicate":{"trim_type":1.0,"custom_model_data":10000},"model":"elitecreatures:ia_auto_gen/valentines_animated_weapon_and_tool_set_v1_helmet1"},{"predicate":{"custom_model_data":10002},"model":"elitecreatures:ia_auto_gen/bahamut_animated_weapon_set_helmet_2"},{"predicate":{"trim_type":0.1,"custom_model_data":10002},"model":"elitecreatures:ia_auto_gen/bahamut_animated_weapon_set_helmet_2"},{"predicate":{"trim_type":0.2,"custom_model_data":10002},"model":"elitecreatures:ia_auto_gen/bahamut_animated_weapon_set_helmet_2"},{"predicate":{"trim_type":0.3,"custom_model_data":10002},"model":"elitecreatures:ia_auto_gen/bahamut_animated_weapon_set_helmet_2"},{"predicate":{"trim_type":0.4,"custom_model_data":10002},"model":"elitecreatures:ia_auto_gen/bahamut_animated_weapon_set_helmet_2"},{"predicate":{"trim_type":0.5,"custom_model_data":10002},"model":"elitecreatures:ia_auto_gen/bahamut_animated_weapon_set_helmet_2"},{"predicate":{"trim_type":0.6,"custom_model_data":10002},"model":"elitecreatures:ia_auto_gen/bahamut_animated_weapon_set_helmet_2"},{"predicate":{"trim_type":0.7,"custom_model_data":10002},"model":"elitecreatures:ia_auto_gen/bahamut_animated_weapon_set_helmet_2"},{"predicate":{"trim_type":0.8,"custom_model_data":10002},"model":"elitecreatures:ia_auto_gen/bahamut_animated_weapon_set_helmet_2"},{"predicate":{"trim_type":0.9,"custom_model_data":10002},"model":"elitecreatures:ia_auto_gen/bahamut_animated_weapon_set_helmet_2"},{"predicate":{"trim_type":1.0,"custom_model_data":10002},"model":"elitecreatures:ia_auto_gen/bahamut_animated_weapon_set_helmet_2"},{"predicate":{"custom_model_data":10003},"model":"elitecreatures:ia_auto_gen/darkflame_animated_weapon_set_helmet"},{"predicate":{"trim_type":0.1,"custom_model_data":10003},"model":"elitecreatures:ia_auto_gen/darkflame_animated_weapon_set_helmet"},{"predicate":{"trim_type":0.2,"custom_model_data":10003},"model":"elitecreatures:ia_auto_gen/darkflame_animated_weapon_set_helmet"},{"predicate":{"trim_type":0.3,"custom_model_data":10003},"model":"elitecreatures:ia_auto_gen/darkflame_animated_weapon_set_helmet"},{"predicate":{"trim_type":0.4,"custom_model_data":10003},"model":"elitecreatures:ia_auto_gen/darkflame_animated_weapon_set_helmet"},{"predicate":{"trim_type":0.5,"custom_model_data":10003},"model":"elitecreatures:ia_auto_gen/darkflame_animated_weapon_set_helmet"},{"predicate":{"trim_type":0.6,"custom_model_data":10003},"model":"elitecreatures:ia_auto_gen/darkflame_animated_weapon_set_helmet"},{"predicate":{"trim_type":0.7,"custom_model_data":10003},"model":"elitecreatures:ia_auto_gen/darkflame_animated_weapon_set_helmet"},{"predicate":{"trim_type":0.8,"custom_model_data":10003},"model":"elitecreatures:ia_auto_gen/darkflame_animated_weapon_set_helmet"},{"predicate":{"trim_type":0.9,"custom_model_data":10003},"model":"elitecreatures:ia_auto_gen/darkflame_animated_weapon_set_helmet"},{"predicate":{"trim_type":1.0,"custom_model_data":10003},"model":"elitecreatures:ia_auto_gen/darkflame_animated_weapon_set_helmet"},{"predicate":{"custom_model_data":10004},"model":"fiendskullset:ia_auto_gen/fiendskullhelmet"},{"predicate":{"trim_type":0.1,"custom_model_data":10004},"model":"fiendskullset:ia_auto_gen/fiendskullhelmet"},{"predicate":{"trim_type":0.2,"custom_model_data":10004},"model":"fiendskullset:ia_auto_gen/fiendskullhelmet"},{"predicate":{"trim_type":0.3,"custom_model_data":10004},"model":"fiendskullset:ia_auto_gen/fiendskullhelmet"},{"predicate":{"trim_type":0.4,"custom_model_data":10004},"model":"fiendskullset:ia_auto_gen/fiendskullhelmet"},{"predicate":{"trim_type":0.5,"custom_model_data":10004},"model":"fiendskullset:ia_auto_gen/fiendskullhelmet"},{"predicate":{"trim_type":0.6,"custom_model_data":10004},"model":"fiendskullset:ia_auto_gen/fiendskullhelmet"},{"predicate":{"trim_type":0.7,"custom_model_data":10004},"model":"fiendskullset:ia_auto_gen/fiendskullhelmet"},{"predicate":{"trim_type":0.8,"custom_model_data":10004},"model":"fiendskullset:ia_auto_gen/fiendskullhelmet"},{"predicate":{"trim_type":0.9,"custom_model_data":10004},"model":"fiendskullset:ia_auto_gen/fiendskullhelmet"},{"predicate":{"trim_type":1.0,"custom_model_data":10004},"model":"fiendskullset:ia_auto_gen/fiendskullhelmet"},{"predicate":{"custom_model_data":10005},"model":"elitecreatures:ia_auto_gen/ghostly_animated_weapon_set_helmet"},{"predicate":{"trim_type":0.1,"custom_model_data":10005},"model":"elitecreatures:ia_auto_gen/ghostly_animated_weapon_set_helmet"},{"predicate":{"trim_type":0.2,"custom_model_data":10005},"model":"elitecreatures:ia_auto_gen/ghostly_animated_weapon_set_helmet"},{"predicate":{"trim_type":0.3,"custom_model_data":10005},"model":"elitecreatures:ia_auto_gen/ghostly_animated_weapon_set_helmet"},{"predicate":{"trim_type":0.4,"custom_model_data":10005},"model":"elitecreatures:ia_auto_gen/ghostly_animated_weapon_set_helmet"},{"predicate":{"trim_type":0.5,"custom_model_data":10005},"model":"elitecreatures:ia_auto_gen/ghostly_animated_weapon_set_helmet"},{"predicate":{"trim_type":0.6,"custom_model_data":10005},"model":"elitecreatures:ia_auto_gen/ghostly_animated_weapon_set_helmet"},{"predicate":{"trim_type":0.7,"custom_model_data":10005},"model":"elitecreatures:ia_auto_gen/ghostly_animated_weapon_set_helmet"},{"predicate":{"trim_type":0.8,"custom_model_data":10005},"model":"elitecreatures:ia_auto_gen/ghostly_animated_weapon_set_helmet"},{"predicate":{"trim_type":0.9,"custom_model_data":10005},"model":"elitecreatures:ia_auto_gen/ghostly_animated_weapon_set_helmet"},{"predicate":{"trim_type":1.0,"custom_model_data":10005},"model":"elitecreatures:ia_auto_gen/ghostly_animated_weapon_set_helmet"},{"predicate":{"custom_model_data":10006},"model":"elitecreatures:ia_auto_gen/headlesshorseman_animated_weapon_set_helmet"},{"predicate":{"trim_type":0.1,"custom_model_data":10006},"model":"elitecreatures:ia_auto_gen/headlesshorseman_animated_weapon_set_helmet"},{"predicate":{"trim_type":0.2,"custom_model_data":10006},"model":"elitecreatures:ia_auto_gen/headlesshorseman_animated_weapon_set_helmet"},{"predicate":{"trim_type":0.3,"custom_model_data":10006},"model":"elitecreatures:ia_auto_gen/headlesshorseman_animated_weapon_set_helmet"},{"predicate":{"trim_type":0.4,"custom_model_data":10006},"model":"elitecreatures:ia_auto_gen/headlesshorseman_animated_weapon_set_helmet"},{"predicate":{"trim_type":0.5,"custom_model_data":10006},"model":"elitecreatures:ia_auto_gen/headlesshorseman_animated_weapon_set_helmet"},{"predicate":{"trim_type":0.6,"custom_model_data":10006},"model":"elitecreatures:ia_auto_gen/headlesshorseman_animated_weapon_set_helmet"},{"predicate":{"trim_type":0.7,"custom_model_data":10006},"model":"elitecreatures:ia_auto_gen/headlesshorseman_animated_weapon_set_helmet"},{"predicate":{"trim_type":0.8,"custom_model_data":10006},"model":"elitecreatures:ia_auto_gen/headlesshorseman_animated_weapon_set_helmet"},{"predicate":{"trim_type":0.9,"custom_model_data":10006},"model":"elitecreatures:ia_auto_gen/headlesshorseman_animated_weapon_set_helmet"},{"predicate":{"trim_type":1.0,"custom_model_data":10006},"model":"elitecreatures:ia_auto_gen/headlesshorseman_animated_weapon_set_helmet"},{"predicate":{"custom_model_data":10008},"model":"elitecreatures:ia_auto_gen/christmas_2023-helmet"},{"predicate":{"trim_type":0.1,"custom_model_data":10008},"model":"elitecreatures:ia_auto_gen/christmas_2023-helmet"},{"predicate":{"trim_type":0.2,"custom_model_data":10008},"model":"elitecreatures:ia_auto_gen/christmas_2023-helmet"},{"predicate":{"trim_type":0.3,"custom_model_data":10008},"model":"elitecreatures:ia_auto_gen/christmas_2023-helmet"},{"predicate":{"trim_type":0.4,"custom_model_data":10008},"model":"elitecreatures:ia_auto_gen/christmas_2023-helmet"},{"predicate":{"trim_type":0.5,"custom_model_data":10008},"model":"elitecreatures:ia_auto_gen/christmas_2023-helmet"},{"predicate":{"trim_type":0.6,"custom_model_data":10008},"model":"elitecreatures:ia_auto_gen/christmas_2023-helmet"},{"predicate":{"trim_type":0.7,"custom_model_data":10008},"model":"elitecreatures:ia_auto_gen/christmas_2023-helmet"},{"predicate":{"trim_type":0.8,"custom_model_data":10008},"model":"elitecreatures:ia_auto_gen/christmas_2023-helmet"},{"predicate":{"trim_type":0.9,"custom_model_data":10008},"model":"elitecreatures:ia_auto_gen/christmas_2023-helmet"},{"predicate":{"trim_type":1.0,"custom_model_data":10008},"model":"elitecreatures:ia_auto_gen/christmas_2023-helmet"},{"predicate":{"custom_model_data":10009},"model":"winterset:ia_auto_gen/winterhelmet"},{"predicate":{"trim_type":0.1,"custom_model_data":10009},"model":"winterset:ia_auto_gen/winterhelmet"},{"predicate":{"trim_type":0.2,"custom_model_data":10009},"model":"winterset:ia_auto_gen/winterhelmet"},{"predicate":{"trim_type":0.3,"custom_model_data":10009},"model":"winterset:ia_auto_gen/winterhelmet"},{"predicate":{"trim_type":0.4,"custom_model_data":10009},"model":"winterset:ia_auto_gen/winterhelmet"},{"predicate":{"trim_type":0.5,"custom_model_data":10009},"model":"winterset:ia_auto_gen/winterhelmet"},{"predicate":{"trim_type":0.6,"custom_model_data":10009},"model":"winterset:ia_auto_gen/winterhelmet"},{"predicate":{"trim_type":0.7,"custom_model_data":10009},"model":"winterset:ia_auto_gen/winterhelmet"},{"predicate":{"trim_type":0.8,"custom_model_data":10009},"model":"winterset:ia_auto_gen/winterhelmet"},{"predicate":{"trim_type":0.9,"custom_model_data":10009},"model":"winterset:ia_auto_gen/winterhelmet"},{"predicate":{"trim_type":1.0,"custom_model_data":10009},"model":"winterset:ia_auto_gen/winterhelmet"},{"predicate":{"custom_model_data":10010},"model":"valentineset:ia_auto_gen/valentinehelmet"},{"predicate":{"trim_type":0.1,"custom_model_data":10010},"model":"valentineset:ia_auto_gen/valentinehelmet"},{"predicate":{"trim_type":0.2,"custom_model_data":10010},"model":"valentineset:ia_auto_gen/valentinehelmet"},{"predicate":{"trim_type":0.3,"custom_model_data":10010},"model":"valentineset:ia_auto_gen/valentinehelmet"},{"predicate":{"trim_type":0.4,"custom_model_data":10010},"model":"valentineset:ia_auto_gen/valentinehelmet"},{"predicate":{"trim_type":0.5,"custom_model_data":10010},"model":"valentineset:ia_auto_gen/valentinehelmet"},{"predicate":{"trim_type":0.6,"custom_model_data":10010},"model":"valentineset:ia_auto_gen/valentinehelmet"},{"predicate":{"trim_type":0.7,"custom_model_data":10010},"model":"valentineset:ia_auto_gen/valentinehelmet"},{"predicate":{"trim_type":0.8,"custom_model_data":10010},"model":"valentineset:ia_auto_gen/valentinehelmet"},{"predicate":{"trim_type":0.9,"custom_model_data":10010},"model":"valentineset:ia_auto_gen/valentinehelmet"},{"predicate":{"trim_type":1.0,"custom_model_data":10010},"model":"valentineset:ia_auto_gen/valentinehelmet"},{"predicate":{"custom_model_data":10011},"model":"elitecreatures:ia_auto_gen/ifrit_animated-helmet"},{"predicate":{"trim_type":0.1,"custom_model_data":10011},"model":"elitecreatures:ia_auto_gen/ifrit_animated-helmet"},{"predicate":{"trim_type":0.2,"custom_model_data":10011},"model":"elitecreatures:ia_auto_gen/ifrit_animated-helmet"},{"predicate":{"trim_type":0.3,"custom_model_data":10011},"model":"elitecreatures:ia_auto_gen/ifrit_animated-helmet"},{"predicate":{"trim_type":0.4,"custom_model_data":10011},"model":"elitecreatures:ia_auto_gen/ifrit_animated-helmet"},{"predicate":{"trim_type":0.5,"custom_model_data":10011},"model":"elitecreatures:ia_auto_gen/ifrit_animated-helmet"},{"predicate":{"trim_type":0.6,"custom_model_data":10011},"model":"elitecreatures:ia_auto_gen/ifrit_animated-helmet"},{"predicate":{"trim_type":0.7,"custom_model_data":10011},"model":"elitecreatures:ia_auto_gen/ifrit_animated-helmet"},{"predicate":{"trim_type":0.8,"custom_model_data":10011},"model":"elitecreatures:ia_auto_gen/ifrit_animated-helmet"},{"predicate":{"trim_type":0.9,"custom_model_data":10011},"model":"elitecreatures:ia_auto_gen/ifrit_animated-helmet"},{"predicate":{"trim_type":1.0,"custom_model_data":10011},"model":"elitecreatures:ia_auto_gen/ifrit_animated-helmet"},{"predicate":{"custom_model_data":10012},"model":"saintpatricksset:ia_auto_gen/saintpatrick_set_helmet"},{"predicate":{"trim_type":0.1,"custom_model_data":10012},"model":"saintpatricksset:ia_auto_gen/saintpatrick_set_helmet"},{"predicate":{"trim_type":0.2,"custom_model_data":10012},"model":"saintpatricksset:ia_auto_gen/saintpatrick_set_helmet"},{"predicate":{"trim_type":0.3,"custom_model_data":10012},"model":"saintpatricksset:ia_auto_gen/saintpatrick_set_helmet"},{"predicate":{"trim_type":0.4,"custom_model_data":10012},"model":"saintpatricksset:ia_auto_gen/saintpatrick_set_helmet"},{"predicate":{"trim_type":0.5,"custom_model_data":10012},"model":"saintpatricksset:ia_auto_gen/saintpatrick_set_helmet"},{"predicate":{"trim_type":0.6,"custom_model_data":10012},"model":"saintpatricksset:ia_auto_gen/saintpatrick_set_helmet"},{"predicate":{"trim_type":0.7,"custom_model_data":10012},"model":"saintpatricksset:ia_auto_gen/saintpatrick_set_helmet"},{"predicate":{"trim_type":0.8,"custom_model_data":10012},"model":"saintpatricksset:ia_auto_gen/saintpatrick_set_helmet"},{"predicate":{"trim_type":0.9,"custom_model_data":10012},"model":"saintpatricksset:ia_auto_gen/saintpatrick_set_helmet"},{"predicate":{"trim_type":1.0,"custom_model_data":10012},"model":"saintpatricksset:ia_auto_gen/saintpatrick_set_helmet"},{"predicate":{"custom_model_data":10013},"model":"lunardragonset:ia_auto_gen/lunardragonsethelmet"},{"predicate":{"trim_type":0.1,"custom_model_data":10013},"model":"lunardragonset:ia_auto_gen/lunardragonsethelmet"},{"predicate":{"trim_type":0.2,"custom_model_data":10013},"model":"lunardragonset:ia_auto_gen/lunardragonsethelmet"},{"predicate":{"trim_type":0.3,"custom_model_data":10013},"model":"lunardragonset:ia_auto_gen/lunardragonsethelmet"},{"predicate":{"trim_type":0.4,"custom_model_data":10013},"model":"lunardragonset:ia_auto_gen/lunardragonsethelmet"},{"predicate":{"trim_type":0.5,"custom_model_data":10013},"model":"lunardragonset:ia_auto_gen/lunardragonsethelmet"},{"predicate":{"trim_type":0.6,"custom_model_data":10013},"model":"lunardragonset:ia_auto_gen/lunardragonsethelmet"},{"predicate":{"trim_type":0.7,"custom_model_data":10013},"model":"lunardragonset:ia_auto_gen/lunardragonsethelmet"},{"predicate":{"trim_type":0.8,"custom_model_data":10013},"model":"lunardragonset:ia_auto_gen/lunardragonsethelmet"},{"predicate":{"trim_type":0.9,"custom_model_data":10013},"model":"lunardragonset:ia_auto_gen/lunardragonsethelmet"},{"predicate":{"trim_type":1.0,"custom_model_data":10013},"model":"lunardragonset:ia_auto_gen/lunardragonsethelmet"},{"predicate":{"custom_model_data":10014},"model":"protocalset:ia_auto_gen/protocalhat"},{"predicate":{"trim_type":0.1,"custom_model_data":10014},"model":"protocalset:ia_auto_gen/protocalhat"},{"predicate":{"trim_type":0.2,"custom_model_data":10014},"model":"protocalset:ia_auto_gen/protocalhat"},{"predicate":{"trim_type":0.3,"custom_model_data":10014},"model":"protocalset:ia_auto_gen/protocalhat"},{"predicate":{"trim_type":0.4,"custom_model_data":10014},"model":"protocalset:ia_auto_gen/protocalhat"},{"predicate":{"trim_type":0.5,"custom_model_data":10014},"model":"protocalset:ia_auto_gen/protocalhat"},{"predicate":{"trim_type":0.6,"custom_model_data":10014},"model":"protocalset:ia_auto_gen/protocalhat"},{"predicate":{"trim_type":0.7,"custom_model_data":10014},"model":"protocalset:ia_auto_gen/protocalhat"},{"predicate":{"trim_type":0.8,"custom_model_data":10014},"model":"protocalset:ia_auto_gen/protocalhat"},{"predicate":{"trim_type":0.9,"custom_model_data":10014},"model":"protocalset:ia_auto_gen/protocalhat"},{"predicate":{"trim_type":1.0,"custom_model_data":10014},"model":"protocalset:ia_auto_gen/protocalhat"},{"predicate":{"custom_model_data":10015},"model":"radiance_collection:ia_auto_gen/radiancehelmet"},{"predicate":{"trim_type":0.1,"custom_model_data":10015},"model":"radiance_collection:ia_auto_gen/radiancehelmet"},{"predicate":{"trim_type":0.2,"custom_model_data":10015},"model":"radiance_collection:ia_auto_gen/radiancehelmet"},{"predicate":{"trim_type":0.3,"custom_model_data":10015},"model":"radiance_collection:ia_auto_gen/radiancehelmet"},{"predicate":{"trim_type":0.4,"custom_model_data":10015},"model":"radiance_collection:ia_auto_gen/radiancehelmet"},{"predicate":{"trim_type":0.5,"custom_model_data":10015},"model":"radiance_collection:ia_auto_gen/radiancehelmet"},{"predicate":{"trim_type":0.6,"custom_model_data":10015},"model":"radiance_collection:ia_auto_gen/radiancehelmet"},{"predicate":{"trim_type":0.7,"custom_model_data":10015},"model":"radiance_collection:ia_auto_gen/radiancehelmet"},{"predicate":{"trim_type":0.8,"custom_model_data":10015},"model":"radiance_collection:ia_auto_gen/radiancehelmet"},{"predicate":{"trim_type":0.9,"custom_model_data":10015},"model":"radiance_collection:ia_auto_gen/radiancehelmet"},{"predicate":{"trim_type":1.0,"custom_model_data":10015},"model":"radiance_collection:ia_auto_gen/radiancehelmet"},{"predicate":{"custom_model_data":10016},"model":"starlight:ia_auto_gen/starlighthelmet"},{"predicate":{"trim_type":0.1,"custom_model_data":10016},"model":"starlight:ia_auto_gen/starlighthelmet"},{"predicate":{"trim_type":0.2,"custom_model_data":10016},"model":"starlight:ia_auto_gen/starlighthelmet"},{"predicate":{"trim_type":0.3,"custom_model_data":10016},"model":"starlight:ia_auto_gen/starlighthelmet"},{"predicate":{"trim_type":0.4,"custom_model_data":10016},"model":"starlight:ia_auto_gen/starlighthelmet"},{"predicate":{"trim_type":0.5,"custom_model_data":10016},"model":"starlight:ia_auto_gen/starlighthelmet"},{"predicate":{"trim_type":0.6,"custom_model_data":10016},"model":"starlight:ia_auto_gen/starlighthelmet"},{"predicate":{"trim_type":0.7,"custom_model_data":10016},"model":"starlight:ia_auto_gen/starlighthelmet"},{"predicate":{"trim_type":0.8,"custom_model_data":10016},"model":"starlight:ia_auto_gen/starlighthelmet"},{"predicate":{"trim_type":0.9,"custom_model_data":10016},"model":"starlight:ia_auto_gen/starlighthelmet"},{"predicate":{"trim_type":1.0,"custom_model_data":10016},"model":"starlight:ia_auto_gen/starlighthelmet"},{"predicate":{"custom_model_data":10017},"model":"slime_collection:ia_auto_gen/slimehelmet"},{"predicate":{"trim_type":0.1,"custom_model_data":10017},"model":"slime_collection:ia_auto_gen/slimehelmet"},{"predicate":{"trim_type":0.2,"custom_model_data":10017},"model":"slime_collection:ia_auto_gen/slimehelmet"},{"predicate":{"trim_type":0.3,"custom_model_data":10017},"model":"slime_collection:ia_auto_gen/slimehelmet"},{"predicate":{"trim_type":0.4,"custom_model_data":10017},"model":"slime_collection:ia_auto_gen/slimehelmet"},{"predicate":{"trim_type":0.5,"custom_model_data":10017},"model":"slime_collection:ia_auto_gen/slimehelmet"},{"predicate":{"trim_type":0.6,"custom_model_data":10017},"model":"slime_collection:ia_auto_gen/slimehelmet"},{"predicate":{"trim_type":0.7,"custom_model_data":10017},"model":"slime_collection:ia_auto_gen/slimehelmet"},{"predicate":{"trim_type":0.8,"custom_model_data":10017},"model":"slime_collection:ia_auto_gen/slimehelmet"},{"predicate":{"trim_type":0.9,"custom_model_data":10017},"model":"slime_collection:ia_auto_gen/slimehelmet"},{"predicate":{"trim_type":1.0,"custom_model_data":10017},"model":"slime_collection:ia_auto_gen/slimehelmet"},{"predicate":{"custom_model_data":10018},"model":"mickeysr:ia_auto_gen/party_weapon_cap"},{"predicate":{"trim_type":0.1,"custom_model_data":10018},"model":"mickeysr:ia_auto_gen/party_weapon_cap"},{"predicate":{"trim_type":0.2,"custom_model_data":10018},"model":"mickeysr:ia_auto_gen/party_weapon_cap"},{"predicate":{"trim_type":0.3,"custom_model_data":10018},"model":"mickeysr:ia_auto_gen/party_weapon_cap"},{"predicate":{"trim_type":0.4,"custom_model_data":10018},"model":"mickeysr:ia_auto_gen/party_weapon_cap"},{"predicate":{"trim_type":0.5,"custom_model_data":10018},"model":"mickeysr:ia_auto_gen/party_weapon_cap"},{"predicate":{"trim_type":0.6,"custom_model_data":10018},"model":"mickeysr:ia_auto_gen/party_weapon_cap"},{"predicate":{"trim_type":0.7,"custom_model_data":10018},"model":"mickeysr:ia_auto_gen/party_weapon_cap"},{"predicate":{"trim_type":0.8,"custom_model_data":10018},"model":"mickeysr:ia_auto_gen/party_weapon_cap"},{"predicate":{"trim_type":0.9,"custom_model_data":10018},"model":"mickeysr:ia_auto_gen/party_weapon_cap"},{"predicate":{"trim_type":1.0,"custom_model_data":10018},"model":"mickeysr:ia_auto_gen/party_weapon_cap"},{"predicate":{"custom_model_data":10019},"model":"elitecreatures:ia_auto_gen/mad_hatter_animated_weapon_set_helmet"},{"predicate":{"trim_type":0.1,"custom_model_data":10019},"model":"elitecreatures:ia_auto_gen/mad_hatter_animated_weapon_set_helmet"},{"predicate":{"trim_type":0.2,"custom_model_data":10019},"model":"elitecreatures:ia_auto_gen/mad_hatter_animated_weapon_set_helmet"},{"predicate":{"trim_type":0.3,"custom_model_data":10019},"model":"elitecreatures:ia_auto_gen/mad_hatter_animated_weapon_set_helmet"},{"predicate":{"trim_type":0.4,"custom_model_data":10019},"model":"elitecreatures:ia_auto_gen/mad_hatter_animated_weapon_set_helmet"},{"predicate":{"trim_type":0.5,"custom_model_data":10019},"model":"elitecreatures:ia_auto_gen/mad_hatter_animated_weapon_set_helmet"},{"predicate":{"trim_type":0.6,"custom_model_data":10019},"model":"elitecreatures:ia_auto_gen/mad_hatter_animated_weapon_set_helmet"},{"predicate":{"trim_type":0.7,"custom_model_data":10019},"model":"elitecreatures:ia_auto_gen/mad_hatter_animated_weapon_set_helmet"},{"predicate":{"trim_type":0.8,"custom_model_data":10019},"model":"elitecreatures:ia_auto_gen/mad_hatter_animated_weapon_set_helmet"},{"predicate":{"trim_type":0.9,"custom_model_data":10019},"model":"elitecreatures:ia_auto_gen/mad_hatter_animated_weapon_set_helmet"},{"predicate":{"trim_type":1.0,"custom_model_data":10019},"model":"elitecreatures:ia_auto_gen/mad_hatter_animated_weapon_set_helmet"},{"predicate":{"custom_model_data":10020},"model":"elitecreatures:ia_auto_gen/wukong_animated-helmet"},{"predicate":{"trim_type":0.1,"custom_model_data":10020},"model":"elitecreatures:ia_auto_gen/wukong_animated-helmet"},{"predicate":{"trim_type":0.2,"custom_model_data":10020},"model":"elitecreatures:ia_auto_gen/wukong_animated-helmet"},{"predicate":{"trim_type":0.3,"custom_model_data":10020},"model":"elitecreatures:ia_auto_gen/wukong_animated-helmet"},{"predicate":{"trim_type":0.4,"custom_model_data":10020},"model":"elitecreatures:ia_auto_gen/wukong_animated-helmet"},{"predicate":{"trim_type":0.5,"custom_model_data":10020},"model":"elitecreatures:ia_auto_gen/wukong_animated-helmet"},{"predicate":{"trim_type":0.6,"custom_model_data":10020},"model":"elitecreatures:ia_auto_gen/wukong_animated-helmet"},{"predicate":{"trim_type":0.7,"custom_model_data":10020},"model":"elitecreatures:ia_auto_gen/wukong_animated-helmet"},{"predicate":{"trim_type":0.8,"custom_model_data":10020},"model":"elitecreatures:ia_auto_gen/wukong_animated-helmet"},{"predicate":{"trim_type":0.9,"custom_model_data":10020},"model":"elitecreatures:ia_auto_gen/wukong_animated-helmet"},{"predicate":{"trim_type":1.0,"custom_model_data":10020},"model":"elitecreatures:ia_auto_gen/wukong_animated-helmet"},{"predicate":{"custom_model_data":10021},"model":"warden_set:ia_auto_gen/warden_helmet"},{"predicate":{"trim_type":0.1,"custom_model_data":10021},"model":"warden_set:ia_auto_gen/warden_helmet"},{"predicate":{"trim_type":0.2,"custom_model_data":10021},"model":"warden_set:ia_auto_gen/warden_helmet"},{"predicate":{"trim_type":0.3,"custom_model_data":10021},"model":"warden_set:ia_auto_gen/warden_helmet"},{"predicate":{"trim_type":0.4,"custom_model_data":10021},"model":"warden_set:ia_auto_gen/warden_helmet"},{"predicate":{"trim_type":0.5,"custom_model_data":10021},"model":"warden_set:ia_auto_gen/warden_helmet"},{"predicate":{"trim_type":0.6,"custom_model_data":10021},"model":"warden_set:ia_auto_gen/warden_helmet"},{"predicate":{"trim_type":0.7,"custom_model_data":10021},"model":"warden_set:ia_auto_gen/warden_helmet"},{"predicate":{"trim_type":0.8,"custom_model_data":10021},"model":"warden_set:ia_auto_gen/warden_helmet"},{"predicate":{"trim_type":0.9,"custom_model_data":10021},"model":"warden_set:ia_auto_gen/warden_helmet"},{"predicate":{"trim_type":1.0,"custom_model_data":10021},"model":"warden_set:ia_auto_gen/warden_helmet"},{"predicate":{"custom_model_data":10022},"model":"elitecreatures:ia_auto_gen/oni_weapon_set_helmet"},{"predicate":{"trim_type":0.1,"custom_model_data":10022},"model":"elitecreatures:ia_auto_gen/oni_weapon_set_helmet"},{"predicate":{"trim_type":0.2,"custom_model_data":10022},"model":"elitecreatures:ia_auto_gen/oni_weapon_set_helmet"},{"predicate":{"trim_type":0.3,"custom_model_data":10022},"model":"elitecreatures:ia_auto_gen/oni_weapon_set_helmet"},{"predicate":{"trim_type":0.4,"custom_model_data":10022},"model":"elitecreatures:ia_auto_gen/oni_weapon_set_helmet"},{"predicate":{"trim_type":0.5,"custom_model_data":10022},"model":"elitecreatures:ia_auto_gen/oni_weapon_set_helmet"},{"predicate":{"trim_type":0.6,"custom_model_data":10022},"model":"elitecreatures:ia_auto_gen/oni_weapon_set_helmet"},{"predicate":{"trim_type":0.7,"custom_model_data":10022},"model":"elitecreatures:ia_auto_gen/oni_weapon_set_helmet"},{"predicate":{"trim_type":0.8,"custom_model_data":10022},"model":"elitecreatures:ia_auto_gen/oni_weapon_set_helmet"},{"predicate":{"trim_type":0.9,"custom_model_data":10022},"model":"elitecreatures:ia_auto_gen/oni_weapon_set_helmet"},{"predicate":{"trim_type":1.0,"custom_model_data":10022},"model":"elitecreatures:ia_auto_gen/oni_weapon_set_helmet"},{"predicate":{"custom_model_data":10023},"model":"necros_set:ia_auto_gen/necroshelmet"},{"predicate":{"trim_type":0.1,"custom_model_data":10023},"model":"necros_set:ia_auto_gen/necroshelmet"},{"predicate":{"trim_type":0.2,"custom_model_data":10023},"model":"necros_set:ia_auto_gen/necroshelmet"},{"predicate":{"trim_type":0.3,"custom_model_data":10023},"model":"necros_set:ia_auto_gen/necroshelmet"},{"predicate":{"trim_type":0.4,"custom_model_data":10023},"model":"necros_set:ia_auto_gen/necroshelmet"},{"predicate":{"trim_type":0.5,"custom_model_data":10023},"model":"necros_set:ia_auto_gen/necroshelmet"},{"predicate":{"trim_type":0.6,"custom_model_data":10023},"model":"necros_set:ia_auto_gen/necroshelmet"},{"predicate":{"trim_type":0.7,"custom_model_data":10023},"model":"necros_set:ia_auto_gen/necroshelmet"},{"predicate":{"trim_type":0.8,"custom_model_data":10023},"model":"necros_set:ia_auto_gen/necroshelmet"},{"predicate":{"trim_type":0.9,"custom_model_data":10023},"model":"necros_set:ia_auto_gen/necroshelmet"},{"predicate":{"trim_type":1.0,"custom_model_data":10023},"model":"necros_set:ia_auto_gen/necroshelmet"},{"predicate":{"custom_model_data":10024},"model":"blueflame:ia_auto_gen/blueflamehelmet"},{"predicate":{"trim_type":0.1,"custom_model_data":10024},"model":"blueflame:ia_auto_gen/blueflamehelmet"},{"predicate":{"trim_type":0.2,"custom_model_data":10024},"model":"blueflame:ia_auto_gen/blueflamehelmet"},{"predicate":{"trim_type":0.3,"custom_model_data":10024},"model":"blueflame:ia_auto_gen/blueflamehelmet"},{"predicate":{"trim_type":0.4,"custom_model_data":10024},"model":"blueflame:ia_auto_gen/blueflamehelmet"},{"predicate":{"trim_type":0.5,"custom_model_data":10024},"model":"blueflame:ia_auto_gen/blueflamehelmet"},{"predicate":{"trim_type":0.6,"custom_model_data":10024},"model":"blueflame:ia_auto_gen/blueflamehelmet"},{"predicate":{"trim_type":0.7,"custom_model_data":10024},"model":"blueflame:ia_auto_gen/blueflamehelmet"},{"predicate":{"trim_type":0.8,"custom_model_data":10024},"model":"blueflame:ia_auto_gen/blueflamehelmet"},{"predicate":{"trim_type":0.9,"custom_model_data":10024},"model":"blueflame:ia_auto_gen/blueflamehelmet"},{"predicate":{"trim_type":1.0,"custom_model_data":10024},"model":"blueflame:ia_auto_gen/blueflamehelmet"},{"predicate":{"custom_model_data":10025},"model":"lunaria_pack:ia_auto_gen/blunaria_helmet"},{"predicate":{"trim_type":0.1,"custom_model_data":10025},"model":"lunaria_pack:ia_auto_gen/blunaria_helmet"},{"predicate":{"trim_type":0.2,"custom_model_data":10025},"model":"lunaria_pack:ia_auto_gen/blunaria_helmet"},{"predicate":{"trim_type":0.3,"custom_model_data":10025},"model":"lunaria_pack:ia_auto_gen/blunaria_helmet"},{"predicate":{"trim_type":0.4,"custom_model_data":10025},"model":"lunaria_pack:ia_auto_gen/blunaria_helmet"},{"predicate":{"trim_type":0.5,"custom_model_data":10025},"model":"lunaria_pack:ia_auto_gen/blunaria_helmet"},{"predicate":{"trim_type":0.6,"custom_model_data":10025},"model":"lunaria_pack:ia_auto_gen/blunaria_helmet"},{"predicate":{"trim_type":0.7,"custom_model_data":10025},"model":"lunaria_pack:ia_auto_gen/blunaria_helmet"},{"predicate":{"trim_type":0.8,"custom_model_data":10025},"model":"lunaria_pack:ia_auto_gen/blunaria_helmet"},{"predicate":{"trim_type":0.9,"custom_model_data":10025},"model":"lunaria_pack:ia_auto_gen/blunaria_helmet"},{"predicate":{"trim_type":1.0,"custom_model_data":10025},"model":"lunaria_pack:ia_auto_gen/blunaria_helmet"},{"predicate":{"custom_model_data":10026},"model":"lunaria_pack:ia_auto_gen/wlunaria_helmet"},{"predicate":{"trim_type":0.1,"custom_model_data":10026},"model":"lunaria_pack:ia_auto_gen/wlunaria_helmet"},{"predicate":{"trim_type":0.2,"custom_model_data":10026},"model":"lunaria_pack:ia_auto_gen/wlunaria_helmet"},{"predicate":{"trim_type":0.3,"custom_model_data":10026},"model":"lunaria_pack:ia_auto_gen/wlunaria_helmet"},{"predicate":{"trim_type":0.4,"custom_model_data":10026},"model":"lunaria_pack:ia_auto_gen/wlunaria_helmet"},{"predicate":{"trim_type":0.5,"custom_model_data":10026},"model":"lunaria_pack:ia_auto_gen/wlunaria_helmet"},{"predicate":{"trim_type":0.6,"custom_model_data":10026},"model":"lunaria_pack:ia_auto_gen/wlunaria_helmet"},{"predicate":{"trim_type":0.7,"custom_model_data":10026},"model":"lunaria_pack:ia_auto_gen/wlunaria_helmet"},{"predicate":{"trim_type":0.8,"custom_model_data":10026},"model":"lunaria_pack:ia_auto_gen/wlunaria_helmet"},{"predicate":{"trim_type":0.9,"custom_model_data":10026},"model":"lunaria_pack:ia_auto_gen/wlunaria_helmet"},{"predicate":{"trim_type":1.0,"custom_model_data":10026},"model":"lunaria_pack:ia_auto_gen/wlunaria_helmet"},{"predicate":{"custom_model_data":10027},"model":"devil_animated_weapon_set:ia_auto_gen/demonhelmet"},{"predicate":{"trim_type":0.1,"custom_model_data":10027},"model":"devil_animated_weapon_set:ia_auto_gen/demonhelmet"},{"predicate":{"trim_type":0.2,"custom_model_data":10027},"model":"devil_animated_weapon_set:ia_auto_gen/demonhelmet"},{"predicate":{"trim_type":0.3,"custom_model_data":10027},"model":"devil_animated_weapon_set:ia_auto_gen/demonhelmet"},{"predicate":{"trim_type":0.4,"custom_model_data":10027},"model":"devil_animated_weapon_set:ia_auto_gen/demonhelmet"},{"predicate":{"trim_type":0.5,"custom_model_data":10027},"model":"devil_animated_weapon_set:ia_auto_gen/demonhelmet"},{"predicate":{"trim_type":0.6,"custom_model_data":10027},"model":"devil_animated_weapon_set:ia_auto_gen/demonhelmet"},{"predicate":{"trim_type":0.7,"custom_model_data":10027},"model":"devil_animated_weapon_set:ia_auto_gen/demonhelmet"},{"predicate":{"trim_type":0.8,"custom_model_data":10027},"model":"devil_animated_weapon_set:ia_auto_gen/demonhelmet"},{"predicate":{"trim_type":0.9,"custom_model_data":10027},"model":"devil_animated_weapon_set:ia_auto_gen/demonhelmet"},{"predicate":{"trim_type":1.0,"custom_model_data":10027},"model":"devil_animated_weapon_set:ia_auto_gen/demonhelmet"},{"predicate":{"custom_model_data":10028},"model":"littlepandaset:ia_auto_gen/littlepandahelmet"},{"predicate":{"trim_type":0.1,"custom_model_data":10028},"model":"littlepandaset:ia_auto_gen/littlepandahelmet"},{"predicate":{"trim_type":0.2,"custom_model_data":10028},"model":"littlepandaset:ia_auto_gen/littlepandahelmet"},{"predicate":{"trim_type":0.3,"custom_model_data":10028},"model":"littlepandaset:ia_auto_gen/littlepandahelmet"},{"predicate":{"trim_type":0.4,"custom_model_data":10028},"model":"littlepandaset:ia_auto_gen/littlepandahelmet"},{"predicate":{"trim_type":0.5,"custom_model_data":10028},"model":"littlepandaset:ia_auto_gen/littlepandahelmet"},{"predicate":{"trim_type":0.6,"custom_model_data":10028},"model":"littlepandaset:ia_auto_gen/littlepandahelmet"},{"predicate":{"trim_type":0.7,"custom_model_data":10028},"model":"littlepandaset:ia_auto_gen/littlepandahelmet"},{"predicate":{"trim_type":0.8,"custom_model_data":10028},"model":"littlepandaset:ia_auto_gen/littlepandahelmet"},{"predicate":{"trim_type":0.9,"custom_model_data":10028},"model":"littlepandaset:ia_auto_gen/littlepandahelmet"},{"predicate":{"trim_type":1.0,"custom_model_data":10028},"model":"littlepandaset:ia_auto_gen/littlepandahelmet"},{"predicate":{"custom_model_data":10029},"model":"item/leather_helmet"}]}