{"parent​":"minecraft:item/end_stone","\u0070\u0061\u0072\u0065\u006e\u0074":"\u006d\u0069\u006e\u0065\u0063\u0072\u0061\u0066\u0074:\u0069\u0074\u0065\u006d/\u0074\u0065\u006d\u0070\u006c\u0061\u0074\u0065_\u0073\u006b\u0075\u006c\u006c","overrides":[{"predicate":{"custom_model_data":10003},"model":"iainternal:entity/player/phead_0"},{"predicate":{"custom_model_data":10004},"model":"iainternal:entity/player/parm_left_3"},{"predicate":{"custom_model_data":10005},"model":"iainternal:entity/player/pbody_2"},{"predicate":{"custom_model_data":10006},"model":"iainternal:entity/player/pleg_left_1"},{"predicate":{"custom_model_data":10007},"model":"iainternal:entity/player/pleg_right_5"},{"predicate":{"custom_model_data":10008},"model":"iainternal:entity/player/parm_right_4"},{"predicate":{"custom_model_data":10009},"model":"minecraft:item/player_head"},{"predicate":{"custom_model_data":10009},"model":"_iainternal:entity/player/phead_0"},{"predicate":{"custom_model_data":10010},"model":"_iainternal:entity/player/parm_left_3"},{"predicate":{"custom_model_data":10011},"model":"_iainternal:entity/player/pbody_2"},{"predicate":{"custom_model_data":10012},"model":"_iainternal:entity/player/pleg_left_1"},{"predicate":{"custom_model_data":10013},"model":"_iainternal:entity/player/pleg_right_5"},{"predicate":{"custom_model_data":10014},"model":"_iainternal:entity/player/parm_right_4"},{"predicate":{"custom_model_data":10015},"model":"_iainternal:entity/player/dummy_0"},{"predicate":{"custom_model_data":10016},"model":"_iainternal:entity/player/dummy_1"},{"predicate":{"custom_model_data":10017},"model":"_iainternal:entity/player/dummy_2"},{"predicate":{"custom_model_data":10018},"model":"_iainternal:entity/player/dummy_3"},{"predicate":{"custom_model_data":10019},"model":"_iainternal:entity/player/dummy_4"},{"predicate":{"custom_model_data":10020},"model":"_iainternal:entity/player/dummy_5"},{"predicate":{"custom_model_data":10021},"model":"item/player_head"}]}