{"parent​":"minecraft:item/purple_candle","textures​":{"layer0":"minecraft:item/netherite_boots"},"\u0070\u0061\u0072\u0065\u006e\u0074":"\u0062\u0075\u0069\u006c\u0074\u0069\u006e/\u0065\u006e\u0074\u0069\u0074\u0079","gui_light":"front","\u0074\u0065\u0078\u0074\u0075\u0072\u0065\u0073":{"\u0070\u0061\u0072\u0074\u0069\u0063\u006c\u0065":"\u0062\u006c\u006f\u0063\u006b/\u0064\u0061\u0072\u006b_\u006f\u0061\u006b_\u0070\u006c\u0061\u006e\u006b\u0073"},"display":{"thirdperson_righthand":{"rotation":[0,90,0],"translation":[10,6,-4],"scale":[1,1,1]},"thirdperson_lefthand":{"rotation":[0,90,0],"translation":[10,6,12],"scale":[1,1,1]},"firstperson_righthand":{"rotation":[0,180,5],"translation":[-10,2,-10],"scale":[1.25,1.25,1.25]},"firstperson_lefthand":{"rotation":[0,180,5],"translation":[10,0,-10],"scale":[1.25,1.25,1.25]},"gui":{"rotation":[15,-25,-5],"translation":[2,3,0],"scale":[0.65,0.65,0.65]},"fixed":{"rotation":[0,180,0],"translation":[-2,4,-5],"scale":[0.5,0.5,0.5]},"ground":{"rotation":[0,0,0],"translation":[4,4,2],"scale":[0.25,0.25,0.25]}},"overrides":[{"predicate":{"blocking":1},"model":"item/shield_blocking"},{"predicate":{"blocking":1},"model":"item/shield_blocking"},{"predicate":{"custom_model_data":10000},"model":"purpledragon:purpledragon/purple_dragon_shield"},{"predicate":{"blocking":1,"custom_model_data":10000},"model":"purpledragon:purpledragon/purple_dragon_shield_blocking"},{"predicate":{"custom_model_data":10000},"model":"purpledragon:purpledragon/purple_dragon_shield"},{"predicate":{"blocking":1,"custom_model_data":10000},"model":"purpledragon:purpledragon/purple_dragon_shield_blocking"},{"predicate":{"custom_model_data":10001},"model":"minecraft:item/shield"},{"predicate":{"custom_model_data":10001},"model":"bear_set:shield"},{"predicate":{"blocking":1,"custom_model_data":10001},"model":"bear_set:shield_blocking"},{"predicate":{"custom_model_data":10002},"model":"unicornfantasyset:shield"},{"predicate":{"blocking":1,"custom_model_data":10002},"model":"unicornfantasyset:shield_blocking"},{"predicate":{"custom_model_data":10003},"model":"akaleaf_discord_nitro:item/discord_nitro_shield"},{"predicate":{"blocking":1,"custom_model_data":10003},"model":"akaleaf_discord_nitro:item/discord_nitro_shield_blocking"},{"predicate":{"custom_model_data":10004},"model":"elitecreatures:valentines_animated_weapon_and_tool_set_v1/shield"},{"predicate":{"blocking":1,"custom_model_data":10004},"model":"elitecreatures:valentines_animated_weapon_and_tool_set_v1/shield_blocking"},{"predicate":{"custom_model_data":10005},"model":"pheonixset:pheonixset/pheonix_shield"},{"predicate":{"blocking":1,"custom_model_data":10005},"model":"pheonixset:pheonixset/pheonix_shield_blocking"},{"predicate":{"custom_model_data":10006},"model":"littleduckset:shield"},{"predicate":{"blocking":1,"custom_model_data":10006},"model":"littleduckset:shield_blocking"},{"predicate":{"custom_model_data":10007},"model":"bonekeeper_set:bonekeeper_set/shield"},{"predicate":{"blocking":1,"custom_model_data":10007},"model":"bonekeeper_set:bonekeeper_set/shield_blocking"},{"predicate":{"custom_model_data":10008},"model":"warden_set:shield"},{"predicate":{"blocking":1,"custom_model_data":10008},"model":"warden_set:shield_blocking"},{"predicate":{"custom_model_data":10010},"model":"nexusset:shield"},{"predicate":{"blocking":1,"custom_model_data":10010},"model":"nexusset:shield_blocking"},{"predicate":{"custom_model_data":10011},"model":"elitecreatures:valentines/shield"},{"predicate":{"blocking":1,"custom_model_data":10011},"model":"elitecreatures:valentines/shield_blocking"},{"predicate":{"custom_model_data":10012},"model":"elitecreatures:bahamut_animated_weapon_set/shield"},{"predicate":{"blocking":1,"custom_model_data":10012},"model":"elitecreatures:bahamut_animated_weapon_set/shield_blocking"},{"predicate":{"custom_model_data":10013},"model":"elitecreatures:darkflame_animated_weapon_set/shield"},{"predicate":{"blocking":1,"custom_model_data":10013},"model":"elitecreatures:darkflame_animated_weapon_set/shield_blocking"},{"predicate":{"custom_model_data":10014},"model":"darkworldpack:normal/shield"},{"predicate":{"blocking":1,"custom_model_data":10014},"model":"darkworldpack:normal/shield_blocking"},{"predicate":{"custom_model_data":10015},"model":"fiendskullset:shield"},{"predicate":{"blocking":1,"custom_model_data":10015},"model":"fiendskullset:shield_blocking"},{"predicate":{"custom_model_data":10016},"model":"elitecreatures:ghostly_animated_weapon_set/shield"},{"predicate":{"blocking":1,"custom_model_data":10016},"model":"elitecreatures:ghostly_animated_weapon_set/shield_blocking"},{"predicate":{"custom_model_data":10017},"model":"elitecreatures:headlesshorseman_animated_weapon_set/shield"},{"predicate":{"blocking":1,"custom_model_data":10017},"model":"elitecreatures:headlesshorseman_animated_weapon_set/shield_blocking"},{"predicate":{"custom_model_data":10018},"model":"elitecreatures:sakura/shield"},{"predicate":{"blocking":1,"custom_model_data":10018},"model":"elitecreatures:sakura/shield_blocking"},{"predicate":{"custom_model_data":10019},"model":"elitecreatures:christmas_2023_animated/shield"},{"predicate":{"blocking":1,"custom_model_data":10019},"model":"elitecreatures:christmas_2023_animated/shield_blocking"},{"predicate":{"custom_model_data":10020},"model":"winterset:shield"},{"predicate":{"blocking":1,"custom_model_data":10020},"model":"winterset:shield_blocking"},{"predicate":{"custom_model_data":10021},"model":"lunarset:shield"},{"predicate":{"blocking":1,"custom_model_data":10021},"model":"lunarset:shield_blocking"},{"predicate":{"custom_model_data":10022},"model":"valentineset:shield"},{"predicate":{"blocking":1,"custom_model_data":10022},"model":"valentineset:shield_blocking"},{"predicate":{"custom_model_data":10023},"model":"elitecreatures:ifrit_animated/shield"},{"predicate":{"blocking":1,"custom_model_data":10023},"model":"elitecreatures:ifrit_animated/shield_blocking"},{"predicate":{"custom_model_data":10024},"model":"saintpatricksset:shield"},{"predicate":{"blocking":1,"custom_model_data":10024},"model":"saintpatricksset:shield_blocking"},{"predicate":{"custom_model_data":10025},"model":"lunardragonset:shield"},{"predicate":{"blocking":1,"custom_model_data":10025},"model":"lunardragonset:shield_blocking"},{"predicate":{"custom_model_data":10026},"model":"protocalset:shield"},{"predicate":{"blocking":1,"custom_model_data":10026},"model":"protocalset:shield_blocking"},{"predicate":{"custom_model_data":10027},"model":"radiance_collection:shield"},{"predicate":{"blocking":1,"custom_model_data":10027},"model":"radiance_collection:shield_blocking"},{"predicate":{"custom_model_data":10030},"model":"elitecreatures:assortment/paladin_shield"},{"predicate":{"blocking":1,"custom_model_data":10030},"model":"elitecreatures:assortment/paladin_shield_blocking"},{"predicate":{"custom_model_data":10031},"model":"elitecreatures:assortment/skull_shield"},{"predicate":{"blocking":1,"custom_model_data":10031},"model":"elitecreatures:assortment/skull_shield_blocking"},{"predicate":{"custom_model_data":10032},"model":"evergreen_collection:shield"},{"predicate":{"blocking":1,"custom_model_data":10032},"model":"evergreen_collection:shield_blocking"},{"predicate":{"custom_model_data":10033},"model":"starlight:shield"},{"predicate":{"blocking":1,"custom_model_data":10033},"model":"starlight:shield_blocking"},{"predicate":{"custom_model_data":10034},"model":"mickeysr:shield"},{"predicate":{"blocking":1,"custom_model_data":10034},"model":"mickeysr:shield_blocking"},{"predicate":{"custom_model_data":10035},"model":"elitecreatures:mad_hatter_animated_weapon_set/shield"},{"predicate":{"blocking":1,"custom_model_data":10035},"model":"elitecreatures:mad_hatter_animated_weapon_set/shield_blocking"},{"predicate":{"custom_model_data":10036},"model":"elitecreatures:wukong_animated/shield"},{"predicate":{"blocking":1,"custom_model_data":10036},"model":"elitecreatures:wukong_animated/shield_blocking"},{"predicate":{"custom_model_data":10037},"model":"elitecreatures:oni_weapon_set/shield"},{"predicate":{"blocking":1,"custom_model_data":10037},"model":"elitecreatures:oni_weapon_set/shield_blocking"},{"predicate":{"custom_model_data":10038},"model":"littlesharkset:shield"},{"predicate":{"blocking":1,"custom_model_data":10038},"model":"littlesharkset:shield_blocking"},{"predicate":{"custom_model_data":10039},"model":"necros_set:shield"},{"predicate":{"blocking":1,"custom_model_data":10039},"model":"necros_set:shield_blocking"},{"predicate":{"custom_model_data":10040},"model":"blueflame:shield"},{"predicate":{"blocking":1,"custom_model_data":10040},"model":"blueflame:shield_blocking"},{"predicate":{"custom_model_data":10041},"model":"lunaria_pack:blunaria_shield/blunaria_shield"},{"predicate":{"blocking":1,"custom_model_data":10041},"model":"lunaria_pack:blunaria_shield/blunaria_shield_blocking"},{"predicate":{"custom_model_data":10042},"model":"lunaria_pack:wlunaria_shield/wlunaria_shield"},{"predicate":{"blocking":1,"custom_model_data":10042},"model":"lunaria_pack:wlunaria_shield/wlunaria_shield_blocking"},{"predicate":{"custom_model_data":10043},"model":"devil_animated_weapon_set:shield"},{"predicate":{"blocking":1,"custom_model_data":10043},"model":"devil_animated_weapon_set:shield_blocking"},{"predicate":{"custom_model_data":10044},"model":"littlepandaset:shield"},{"predicate":{"blocking":1,"custom_model_data":10044},"model":"littlepandaset:shield_blocking"},{"predicate":{"custom_model_data":10045},"model":"item/shield"}]}