{"parent​":"minecraft:item/acacia_sapling","textures​":{"layer0":"minecraft:item/gold_block"},"\u0070\u0061\u0072\u0065\u006e\u0074":"\u006d\u0069\u006e\u0065\u0063\u0072\u0061\u0066\u0074:\u0069\u0074\u0065\u006d/\u0068\u0061\u006e\u0064\u0068\u0065\u006c\u0064","\u0074\u0065\u0078\u0074\u0075\u0072\u0065\u0073":{"\u006c\u0061\u0079\u0065\u00720":"\u006d\u0069\u006e\u0065\u0063\u0072\u0061\u0066\u0074:\u0069\u0074\u0065\u006d/\u0073\u0074\u006f\u006e\u0065_\u0068\u006f\u0065"},"overrides":[{"predicate":{"custom_model_data":10000},"model":"default_tools:stone/stone_hoe"},{"predicate":{"custom_model_data":10000},"model":"default_tools:stone/stone_hoe"},{"predicate":{"custom_model_data":10001},"model":"minecraft:item/stone_hoe"},{"predicate":{"custom_model_data":10002},"model":"item/stone_hoe"}]}