{"textures​":{"layer0":"minecraft:item/spruce_chest_boat"},"credit":"Made by PolygonMC","\u0074\u0065\u0078\u0074\u0075\u0072\u0065\u0073":{"0":"\u006c\u0069\u0074\u0074\u006c\u0065\u0070\u0061\u006e\u0064\u0061\u0073\u0065\u0074:\u006b\u0065\u0079","\u0070\u0061\u0072\u0074\u0069\u0063\u006c\u0065":"\u006c\u0069\u0074\u0074\u006c\u0065\u0070\u0061\u006e\u0064\u0061\u0073\u0065\u0074:\u006b\u0065\u0079"},"elements":[{"from":[7.25,6.875,9.675],"to":[8.75,8.375,12.675],"rotation":{"angle":0,"axis":"y","origin":[7.25,6.875,10.675]},"faces":{"north":{"uv":[6,7,7.5,8.5],"texture":"#0"},"east":{"uv":[0,0,3,1.5],"texture":"#0"},"south":{"uv":[8,0,9.5,1.5],"texture":"#0"},"west":{"uv":[0,2,3,3.5],"texture":"#0"},"up":{"uv":[4.5,3,3,0],"texture":"#0"},"down":{"uv":[4.5,3,3,6],"texture":"#0"}}},{"from":[7.35,6.975,4.175],"to":[8.65,8.275,6.675],"rotation":{"angle":0,"axis":"y","origin":[7.25,6.875,4.675]},"faces":{"north":{"uv":[2,8,3.5,9.5],"texture":"#0"},"east":{"uv":[5,0,7.5,1.5],"texture":"#0"},"south":{"uv":[8,2,9.5,3.5],"texture":"#0"},"west":{"uv":[5,2,7.5,3.5],"texture":"#0"},"up":{"uv":[6.5,6.5,5,4],"texture":"#0"},"down":{"uv":[1.5,6,0,8.5],"texture":"#0"}}},{"from":[7.5,7.125,6.675],"to":[8.5,8.125,9.675],"rotation":{"angle":0,"axis":"y","origin":[7.5,7.125,7.675]},"faces":{"east":{"uv":[2,6,5,7],"texture":"#0"},"west":{"uv":[2,7,5,8],"texture":"#0"},"up":{"uv":[8,7,7,4],"texture":"#0"},"down":{"uv":[6,7,5,10],"texture":"#0"}}},{"from":[7.75,6.175,5.675],"to":[8.25,6.975,6.475],"rotation":{"angle":0,"axis":"y","origin":[7.75,5.975,5.475]},"faces":{"north":{"uv":[8,5,8.5,6],"texture":"#0"},"east":{"uv":[4,8,5,9],"texture":"#0"},"south":{"uv":[8,6,8.5,7],"texture":"#0"},"west":{"uv":[8,4,9,5],"texture":"#0"},"down":{"uv":[8.5,7,8,8],"texture":"#0"}}},{"from":[7.75,6.175,4.425],"to":[8.25,6.975,5.225],"rotation":{"angle":0,"axis":"y","origin":[7.75,5.975,4.225]},"faces":{"north":{"uv":[8,5,8.5,6],"texture":"#0"},"east":{"uv":[4,8,5,9],"texture":"#0"},"south":{"uv":[8,6,8.5,7],"texture":"#0"},"west":{"uv":[8,4,9,5],"texture":"#0"},"down":{"uv":[8.5,7,8,8],"texture":"#0"}}},{"from":[7.985,7.725,9.24],"to":[8.015,10.725,10.74],"rotation":{"angle":-45,"axis":"x","origin":[8,9.225,9.99]},"faces":{"east":{"uv":[3,4,0,5.5],"rotation":270,"texture":"#0"},"west":{"uv":[0,4,3,5.5],"rotation":90,"texture":"#0"}}}],"gui_light":"front","display":{"thirdperson_righthand":{"rotation":[67.5,0,0],"translation":[0,2.75,0]},"thirdperson_lefthand":{"rotation":[67.5,0,0],"translation":[0,2.75,0]},"firstperson_righthand":{"rotation":[54.5,0,-33],"translation":[-2,5,2.25]},"firstperson_lefthand":{"rotation":[54.5,0,-33],"translation":[-2,5,2.25]},"ground":{"rotation":[45,0,0],"translation":[0,7.25,0],"scale":[1.66602,1.66602,1.66602]},"gui":{"rotation":[-90,135,90],"translation":[0.25,1.25,0],"scale":[2.13086,2.13086,2.13086]},"head":{"rotation":[90,-45,90],"scale":[2.30078,2.30078,2.30078]},"fixed":{"rotation":[90,-45,90],"translation":[0,1.75,-1.5],"scale":[2.44531,2.44531,2.44531]}}}