{"model":{"type":"range_dispatch","property":"custom_model_data","index":0,"fallback":{"type":"minecraft:model","model":"minecraft:item/diamond_shovel"},"entries":[{"threshold":10000,"model":{"type":"model","model":"purpleworldset:purpleworldset/purpleworld_shovel"}},{"threshold":10001,"model":{"type":"model","model":"default_tools:diamond/diamond_shovel"}},{"threshold":10002,"model":{"type":"model","model":"minecraft:item/diamond_shovel"}},{"threshold":10003,"model":{"type":"model","model":"purpledragon:purpledragon/purple_dragon_shovel"}},{"threshold":10004,"model":{"type":"model","model":"akaleaf_discord_nitro:item/discord_nitro_shovel"}},{"threshold":10005,"model":{"type":"model","model":"bonekeeper_set:bonekeeper_set/shovel"}},{"threshold":10006,"model":{"type":"model","model":"warden_set:shovel"}},{"threshold":10008,"model":{"type":"model","model":"darkworldpack:normal/shovel"}},{"threshold":10010,"model":{"type":"model","model":"elitecreatures:wukong_animated/shovel"}},{"threshold":10011,"model":{"type":"model","model":"hmcwraps:emerald_shovel"}},{"threshold":10012,"model":{"type":"model","model":"cutiecatpack:cutiecatpack/shovel"}},{"threshold":10013,"model":{"type":"model","model":"item/diamond_shovel"}}]},"oversized_in_gui":true}