{"model":{"type":"range_dispatch","property":"custom_model_data","index":0,"fallback":{"type":"minecraft:model","model":"minecraft:item/potion","tints":[{"type":"minecraft:potion","default":-13083194}]},"entries":[{"threshold":1500001,"model":{"type":"model","model":"protocalset:wings_cosmeticscore","tints":[{"type":"minecraft:potion","default":-13083194}]}},{"threshold":1500002,"model":{"type":"model","model":"protocalset:wings_cosmeticscore_self","tints":[{"type":"minecraft:potion","default":-13083194}]}},{"threshold":1500003,"model":{"type":"model","model":"protocalset:helmet","tints":[{"type":"minecraft:potion","default":-13083194}]}},{"threshold":1900001,"model":{"type":"model","model":"littlepandaset:backpack_cosmeticscore","tints":[{"type":"minecraft:potion","default":-13083194}]}},{"threshold":1900002,"model":{"type":"model","model":"littlepandaset:backpack_cosmeticscore_self","tints":[{"type":"minecraft:potion","default":-13083194}]}},{"threshold":1900003,"model":{"type":"model","model":"littlepandaset:bamboo_backpack_cosmeticscore","tints":[{"type":"minecraft:potion","default":-13083194}]}},{"threshold":1900004,"model":{"type":"model","model":"littlepandaset:bamboo_backpack_cosmeticscore_self","tints":[{"type":"minecraft:potion","default":-13083194}]}},{"threshold":1900005,"model":{"type":"model","model":"littlepandaset:panda_head","tints":[{"type":"minecraft:potion","default":-13083194}]}},{"threshold":1900006,"model":{"type":"model","model":"littlepandaset:panda_hood","tints":[{"type":"minecraft:potion","default":-13083194}]}},{"threshold":3200001,"model":{"type":"model","model":"fiendskullset:cape_cosmeticscore","tints":[{"type":"minecraft:potion","default":-13083194}]}},{"threshold":3200002,"model":{"type":"model","model":"fiendskullset:cape_cosmeticscore_self","tints":[{"type":"minecraft:potion","default":-13083194}]}},{"threshold":3200003,"model":{"type":"model","model":"fiendskullset:helmet","tints":[{"type":"minecraft:potion","default":-13083194}]}},{"threshold":3200004,"model":{"type":"model","model":"fiendskullset:backpack_cosmeticscore","tints":[{"type":"minecraft:potion","default":-13083194}]}},{"threshold":3200005,"model":{"type":"model","model":"fiendskullset:backpack_cosmeticscore_self","tints":[{"type":"minecraft:potion","default":-13083194}]}},{"threshold":3300001,"model":{"type":"model","model":"halloween23:pumpkin_warlock_hat","tints":[{"type":"minecraft:potion","default":-13083194}]}},{"threshold":3300002,"model":{"type":"model","model":"halloween23:spider_hat","tints":[{"type":"minecraft:potion","default":-13083194}]}},{"threshold":3300003,"model":{"type":"model","model":"halloween23:undertaker_hat","tints":[{"type":"minecraft:potion","default":-13083194}]}},{"threshold":3300004,"model":{"type":"model","model":"halloween23:pumpkin_warlock_backpack_cosmeticscore","tints":[{"type":"minecraft:potion","default":-13083194}]}},{"threshold":3300005,"model":{"type":"model","model":"halloween23:pumpkin_warlock_backpack_cosmeticscore_self","tints":[{"type":"minecraft:potion","default":-13083194}]}},{"threshold":3300006,"model":{"type":"model","model":"halloween23:spider_legs_backpack_cosmeticscore","tints":[{"type":"minecraft:potion","default":-13083194}]}},{"threshold":3300007,"model":{"type":"model","model":"halloween23:spider_legs_backpack_cosmeticscore_self","tints":[{"type":"minecraft:potion","default":-13083194}]}},{"threshold":3300008,"model":{"type":"model","model":"halloween23:undertaker_backpack_cosmeticscore","tints":[{"type":"minecraft:potion","default":-13083194}]}},{"threshold":3300009,"model":{"type":"model","model":"halloween23:undertaker_backpack_cosmeticscore_self","tints":[{"type":"minecraft:potion","default":-13083194}]}},{"threshold":3300010,"model":{"type":"model","model":"halloween23:pumpkin_warlock_balloon","tints":[{"type":"minecraft:potion","default":-13083194}]}},{"threshold":3300011,"model":{"type":"model","model":"halloween23:spider_balloon","tints":[{"type":"minecraft:potion","default":-13083194}]}},{"threshold":3300012,"model":{"type":"model","model":"halloween23:undertaker_balloon","tints":[{"type":"minecraft:potion","default":-13083194}]}},{"threshold":6830000,"model":{"type":"model","model":"winterset:helmet","tints":[{"type":"minecraft:potion","default":-13083194}]}},{"threshold":6830001,"model":{"type":"model","model":"winterset:backpack_cosmetics","tints":[{"type":"minecraft:potion","default":-13083194}]}},{"threshold":6830002,"model":{"type":"model","model":"winterset:backpack_cosmetics_self","tints":[{"type":"minecraft:potion","default":-13083194}]}},{"threshold":6830003,"model":{"type":"model","model":"winterset:backpack_cosmetics_self_2","tints":[{"type":"minecraft:potion","default":-13083194}]}},{"threshold":6830004,"model":{"type":"model","model":"winterset:wings_cosmetics","tints":[{"type":"minecraft:potion","default":-13083194}]}},{"threshold":6830005,"model":{"type":"model","model":"winterset:wings_cosmetics_self","tints":[{"type":"minecraft:potion","default":-13083194}]}},{"threshold":6830006,"model":{"type":"model","model":"winterset:wings_cosmetics_self_2","tints":[{"type":"minecraft:potion","default":-13083194}]}},{"threshold":6830007,"model":{"type":"model","model":"winterset:wings_cosmetics_normal_2","tints":[{"type":"minecraft:potion","default":-13083194}]}},{"threshold":6830008,"model":{"type":"model","model":"winterset:backpack_cosmetics_normal_2","tints":[{"type":"minecraft:potion","default":-13083194}]}},{"threshold":7740000,"model":{"type":"model","model":"valentineset:helmet","tints":[{"type":"minecraft:potion","default":-13083194}]}},{"threshold":7740001,"model":{"type":"model","model":"valentineset:bouquet_cosmetics","tints":[{"type":"minecraft:potion","default":-13083194}]}},{"threshold":7740002,"model":{"type":"model","model":"valentineset:bouquet_cosmetics_self","tints":[{"type":"minecraft:potion","default":-13083194}]}},{"threshold":7740003,"model":{"type":"model","model":"valentineset:bouquet_cosmetics_self_2","tints":[{"type":"minecraft:potion","default":-13083194}]}},{"threshold":7740004,"model":{"type":"model","model":"valentineset:wings_cosmetics","tints":[{"type":"minecraft:potion","default":-13083194}]}},{"threshold":7740005,"model":{"type":"model","model":"valentineset:wings_cosmetics_self","tints":[{"type":"minecraft:potion","default":-13083194}]}},{"threshold":7740006,"model":{"type":"model","model":"valentineset:wings_cosmetics_self_2","tints":[{"type":"minecraft:potion","default":-13083194}]}},{"threshold":7740007,"model":{"type":"model","model":"valentineset:wings_cosmetics_normal_2","tints":[{"type":"minecraft:potion","default":-13083194}]}},{"threshold":7740008,"model":{"type":"model","model":"valentineset:bouquet_cosmetics_normal_2","tints":[{"type":"minecraft:potion","default":-13083194}]}},{"threshold":8390008,"model":{"type":"model","model":"starlight:wings_cosmetic","tints":[{"type":"minecraft:potion","default":-13083194}]}},{"threshold":8390009,"model":{"type":"model","model":"starlight:wings_cosmetic_self","tints":[{"type":"minecraft:potion","default":-13083194}]}},{"threshold":8390010,"model":{"type":"model","model":"starlight:wings_cosmetic_self_2","tints":[{"type":"minecraft:potion","default":-13083194}]}},{"threshold":8390011,"model":{"type":"model","model":"starlight:wings_cosmetic_normal_2","tints":[{"type":"minecraft:potion","default":-13083194}]}},{"threshold":8600001,"model":{"type":"model","model":"elitecreatures:sakura/wings_cosmeticscore","tints":[{"type":"minecraft:potion","default":-13083194}]}},{"threshold":8600002,"model":{"type":"model","model":"elitecreatures:sakura/wings_cosmeticscore_self","tints":[{"type":"minecraft:potion","default":-13083194}]}},{"threshold":9924667,"model":{"type":"model","model":"blueflame:wings_cosmetic","tints":[{"type":"minecraft:potion","default":-13083194}]}},{"threshold":9924668,"model":{"type":"model","model":"blueflame:wings_cosmetic_self","tints":[{"type":"minecraft:potion","default":-13083194}]}},{"threshold":9924669,"model":{"type":"model","model":"blueflame:wings_cosmetic_self_2","tints":[{"type":"minecraft:potion","default":-13083194}]}},{"threshold":9924670,"model":{"type":"model","model":"blueflame:wings_cosmetic_normal_2","tints":[{"type":"minecraft:potion","default":-13083194}]}},{"threshold":9924749,"model":{"type":"model","model":"necros_set:helmet","tints":[{"type":"minecraft:potion","default":-13083194}]}},{"threshold":9924750,"model":{"type":"model","model":"necros_set:wings_cosmetic","tints":[{"type":"minecraft:potion","default":-13083194}]}},{"threshold":9924751,"model":{"type":"model","model":"necros_set:wings_cosmetic_self","tints":[{"type":"minecraft:potion","default":-13083194}]}},{"threshold":9924752,"model":{"type":"model","model":"necros_set:wings_cosmetic_self_2","tints":[{"type":"minecraft:potion","default":-13083194}]}},{"threshold":9924753,"model":{"type":"model","model":"necros_set:wings_cosmetic_normal_2","tints":[{"type":"minecraft:potion","default":-13083194}]}},{"threshold":9924754,"model":{"type":"model","model":"item/potion","tints":[{"type":"minecraft:potion","default":-13083194}]}}]},"oversized_in_gui":true}