{
	"credit": "Made by PolygonMC",
	"textures": {
		"1": "lunardragonset:animations/animations_1",
		"3": "lunardragonset:animations/animations_2",
		"4": "lunardragonset:bow_2",
		"particle": "lunardragonset:animations/animations_1"
	},
	"elements": [
		{
			"from": [7.5, 5.4375, 7.5],
			"to": [8.5, 7.1875, 8.5],
			"rotation": {"angle": 45, "axis": "y", "origin": [8, 7.9375, 8]},
			"faces": {
				"north": {"uv": [0, 11.33333, 0.66667, 12.66667], "texture": "#4"},
				"east": {"uv": [11.33333, 0, 12, 1.33333], "texture": "#4"},
				"south": {"uv": [0.66667, 11.33333, 1.33333, 12.66667], "texture": "#4"},
				"west": {"uv": [1.33333, 11.33333, 2, 12.66667], "texture": "#4"},
				"up": {"uv": [10, 4, 9.33333, 3.33333], "texture": "#4"},
				"down": {"uv": [7.33333, 12, 6.66667, 12.66667], "texture": "#4"}
			}
		},
		{
			"from": [7.6, 7.1875, 7.6],
			"to": [8.4, 8.6875, 8.4],
			"rotation": {"angle": 45, "axis": "y", "origin": [8, 7.9375, 8]},
			"faces": {
				"north": {"uv": [11.33333, 11.33333, 12, 12.33333], "texture": "#4"},
				"east": {"uv": [12, 0, 12.66667, 1], "texture": "#4"},
				"south": {"uv": [12, 1.33333, 12.66667, 2.33333], "texture": "#4"},
				"west": {"uv": [12, 2.66667, 12.66667, 3.66667], "texture": "#4"}
			}
		},
		{
			"from": [7.4, 6.2875, 7.4],
			"to": [8.6, 6.7875, 8.6],
			"rotation": {"angle": 45, "axis": "y", "origin": [8, 8.0375, 8]},
			"faces": {
				"north": {"uv": [12.66667, 2.66667, 13.33333, 3], "texture": "#4"},
				"east": {"uv": [12.66667, 3.33333, 13.33333, 3.66667], "texture": "#4"},
				"south": {"uv": [12.66667, 4, 13.33333, 4.33333], "texture": "#4"},
				"west": {"uv": [4.66667, 12.66667, 5.33333, 13], "texture": "#4"},
				"up": {"uv": [12.66667, 7.33333, 12, 6.66667], "texture": "#4"},
				"down": {"uv": [8, 12, 7.33333, 12.66667], "texture": "#4"}
			}
		},
		{
			"from": [7.5, 8.6875, 7.5],
			"to": [8.5, 10.6875, 8.5],
			"rotation": {"angle": 45, "axis": "y", "origin": [8, 7.9375, 8]},
			"faces": {
				"north": {"uv": [11.33333, 1.33333, 12, 2.66667], "texture": "#4"},
				"east": {"uv": [2, 11.33333, 2.66667, 12.66667], "texture": "#4"},
				"south": {"uv": [2.66667, 11.33333, 3.33333, 12.66667], "texture": "#4"},
				"west": {"uv": [11.33333, 2.66667, 12, 4], "texture": "#4"},
				"up": {"uv": [12.66667, 8, 12, 7.33333], "texture": "#4"},
				"down": {"uv": [8.66667, 12, 8, 12.66667], "texture": "#4"}
			}
		},
		{
			"from": [7.4, 9.1875, 7.4],
			"to": [8.6, 9.6875, 8.6],
			"rotation": {"angle": 45, "axis": "y", "origin": [8, 7.9375, 8]},
			"faces": {
				"north": {"uv": [12.66667, 4.66667, 13.33333, 5], "texture": "#4"},
				"east": {"uv": [5.33333, 12.66667, 6, 13], "texture": "#4"},
				"south": {"uv": [12.66667, 5.33333, 13.33333, 5.66667], "texture": "#4"},
				"west": {"uv": [12.66667, 6, 13.33333, 6.33333], "texture": "#4"},
				"up": {"uv": [12.66667, 8.66667, 12, 8], "texture": "#4"},
				"down": {"uv": [9.33333, 12, 8.66667, 12.66667], "texture": "#4"}
			}
		},
		{
			"from": [7, 10.15, 7],
			"to": [9, 12.15, 9],
			"rotation": {"angle": 45, "axis": "x", "origin": [8, 11.15, 8]},
			"faces": {
				"north": {"uv": [6.66667, 1.33333, 8, 2.66667], "texture": "#4"},
				"east": {"uv": [6.66667, 2.66667, 8, 4], "texture": "#4"},
				"south": {"uv": [6.66667, 4, 8, 5.33333], "texture": "#4"},
				"west": {"uv": [6.66667, 5.33333, 8, 6.66667], "texture": "#4"},
				"up": {"uv": [8, 8, 6.66667, 6.66667], "texture": "#4"},
				"down": {"uv": [9.33333, 1.33333, 8, 2.66667], "texture": "#4"}
			}
		},
		{
			"from": [6.75, 10.4, 7.25],
			"to": [9.25, 11.9, 8.75],
			"rotation": {"angle": 45, "axis": "x", "origin": [8, 11.15, 8]},
			"faces": {
				"north": {"uv": [8, 4, 9.66667, 5], "texture": "#4"},
				"east": {"uv": [10.66667, 5.33333, 11.66667, 6.33333], "texture": "#4"},
				"south": {"uv": [5.33333, 8, 7, 9], "texture": "#4"},
				"west": {"uv": [10.66667, 6.66667, 11.66667, 7.66667], "texture": "#4"},
				"up": {"uv": [9.66667, 6.33333, 8, 5.33333], "texture": "#4"},
				"down": {"uv": [9.66667, 6.66667, 8, 7.66667], "texture": "#4"}
			}
		},
		{
			"from": [10.75, 12.10056, 6.75089],
			"to": [11.75, 13.10056, 7.75089],
			"rotation": {"angle": -45, "axis": "x", "origin": [10.5, 11.40202, 6.06296]},
			"faces": {
				"north": {"uv": [12, 11.33333, 12.66667, 12], "texture": "#4"},
				"east": {"uv": [12, 8.66667, 12.66667, 9.33333], "texture": "#4"},
				"south": {"uv": [9.33333, 12, 10, 12.66667], "texture": "#4"},
				"west": {"uv": [12, 9.33333, 12.66667, 10], "texture": "#4"},
				"up": {"uv": [12.66667, 12.66667, 12, 12], "rotation": 90, "texture": "#4"},
				"down": {"uv": [0.66667, 12.66667, 0, 13.33333], "rotation": 270, "texture": "#4"}
			}
		},
		{
			"from": [8.75, 12.20056, 6.85089],
			"to": [10.75, 13.00056, 7.65089],
			"rotation": {"angle": -45, "axis": "x", "origin": [10.5, 11.40202, 6.06296]},
			"faces": {
				"north": {"uv": [11.33333, 4, 12.66667, 4.66667], "texture": "#4"},
				"south": {"uv": [3.33333, 11.33333, 4.66667, 12], "texture": "#4"},
				"up": {"uv": [5.33333, 12.66667, 4.66667, 11.33333], "rotation": 90, "texture": "#4"},
				"down": {"uv": [6, 11.33333, 5.33333, 12.66667], "rotation": 270, "texture": "#4"}
			}
		},
		{
			"from": [7.5, 6.88921, 4.75],
			"to": [8.5, 9.38921, 5.75],
			"rotation": {"angle": 45, "axis": "x", "origin": [8, 10.56421, 12]},
			"faces": {
				"north": {"uv": [5.33333, 9.33333, 6, 11], "texture": "#4"},
				"east": {"uv": [6, 9.33333, 6.66667, 11], "texture": "#4"},
				"south": {"uv": [6.66667, 9.33333, 7.33333, 11], "texture": "#4"},
				"west": {"uv": [10, 3.33333, 10.66667, 5], "texture": "#4"},
				"up": {"uv": [13.33333, 0.66667, 12.66667, 0], "texture": "#4"},
				"down": {"uv": [1.33333, 12.66667, 0.66667, 13.33333], "texture": "#4"}
			}
		},
		{
			"from": [7.5, 10.88921, 4.75],
			"to": [8.5, 13.38921, 5.75],
			"rotation": {"angle": 45, "axis": "x", "origin": [8, 10.56421, 12]},
			"faces": {
				"north": {"uv": [10, 5.33333, 10.66667, 7], "texture": "#4"},
				"east": {"uv": [7.33333, 10, 8, 11.66667], "texture": "#4"},
				"south": {"uv": [10, 7.33333, 10.66667, 9], "texture": "#4"},
				"west": {"uv": [8, 10, 8.66667, 11.66667], "texture": "#4"},
				"up": {"uv": [13.33333, 2, 12.66667, 1.33333], "texture": "#4"},
				"down": {"uv": [2.66667, 12.66667, 2, 13.33333], "texture": "#4"}
			}
		},
		{
			"from": [7.6, 9.38921, 4.85],
			"to": [8.4, 10.88921, 5.65],
			"rotation": {"angle": 45, "axis": "x", "origin": [8, 10.56421, 12]},
			"faces": {
				"north": {"uv": [3.33333, 12, 4, 13], "texture": "#4"},
				"east": {"uv": [4, 12, 4.66667, 13], "texture": "#4"},
				"south": {"uv": [12, 5.33333, 12.66667, 6.33333], "texture": "#4"},
				"west": {"uv": [6, 12, 6.66667, 13], "texture": "#4"}
			}
		},
		{
			"from": [10.02559, 9.96452, 5.57794],
			"to": [12.02559, 10.96452, 7.57794],
			"rotation": {"angle": 45, "axis": "y", "origin": [10.5, 11.40202, 6.06296]},
			"faces": {
				"north": {"uv": [11.33333, 10.66667, 12.66667, 11.33333], "texture": "#4"},
				"east": {"uv": [11.33333, 4.66667, 12.66667, 5.33333], "texture": "#4"},
				"south": {"uv": [6, 11.33333, 7.33333, 12], "texture": "#4"},
				"west": {"uv": [11.33333, 10, 12.66667, 10.66667], "texture": "#4"},
				"up": {"uv": [9.33333, 4, 8, 2.66667], "rotation": 90, "texture": "#4"},
				"down": {"uv": [5.33333, 8, 4, 9.33333], "rotation": 270, "texture": "#4"}
			}
		},
		{
			"from": [10.52559, 10.96452, 6.07794],
			"to": [11.52559, 11.46452, 7.07794],
			"rotation": {"angle": 45, "axis": "y", "origin": [10.5, 11.40202, 6.06296]},
			"faces": {
				"north": {"uv": [12.66667, 7.33333, 13.33333, 7.66667], "texture": "#4"},
				"east": {"uv": [6.66667, 12.66667, 7.33333, 13], "texture": "#4"},
				"south": {"uv": [12.66667, 6.66667, 13.33333, 7], "texture": "#4"},
				"west": {"uv": [7.33333, 12.66667, 8, 13], "texture": "#4"},
				"up": {"uv": [13.33333, 1.33333, 12.66667, 0.66667], "rotation": 90, "texture": "#4"}
			}
		},
		{
			"from": [10.52559, 9.46452, 6.07794],
			"to": [11.52559, 9.96452, 7.07794],
			"rotation": {"angle": 45, "axis": "y", "origin": [10.5, 11.40202, 6.06296]},
			"faces": {
				"north": {"uv": [12.66667, 8.66667, 13.33333, 9], "texture": "#4"},
				"east": {"uv": [8, 12.66667, 8.66667, 13], "texture": "#4"},
				"south": {"uv": [12.66667, 8, 13.33333, 8.33333], "texture": "#4"},
				"west": {"uv": [8.66667, 12.66667, 9.33333, 13], "texture": "#4"},
				"down": {"uv": [2, 12.66667, 1.33333, 13.33333], "rotation": 270, "texture": "#4"}
			}
		},
		{
			"from": [10.49829, 7.65741, 6.05546],
			"to": [11.99829, 12.40741, 6.08546],
			"rotation": {"angle": 0, "axis": "y", "origin": [10.5, 11.40202, 6.06296]},
			"faces": {
				"north": {"uv": [3, 0, 0, 10], "texture": "#1"},
				"south": {"uv": [0, 0, 3, 10], "texture": "#1"}
			}
		},
		{
			"from": [4.25, 12.10056, 6.75089],
			"to": [5.25, 13.10056, 7.75089],
			"rotation": {"angle": -45, "axis": "x", "origin": [5.5, 11.40202, 6.06296]},
			"faces": {
				"north": {"uv": [12.66667, 11.33333, 12, 12], "texture": "#4"},
				"east": {"uv": [12.66667, 9.33333, 12, 10], "texture": "#4"},
				"south": {"uv": [10, 12, 9.33333, 12.66667], "texture": "#4"},
				"west": {"uv": [12.66667, 8.66667, 12, 9.33333], "texture": "#4"},
				"up": {"uv": [12.66667, 12, 12, 12.66667], "rotation": 90, "texture": "#4"},
				"down": {"uv": [0.66667, 13.33333, 0, 12.66667], "rotation": 270, "texture": "#4"}
			}
		},
		{
			"from": [5.25, 12.20056, 6.85089],
			"to": [7.25, 13.00056, 7.65089],
			"rotation": {"angle": -45, "axis": "x", "origin": [5.5, 11.40202, 6.06296]},
			"faces": {
				"north": {"uv": [12.66667, 4, 11.33333, 4.66667], "texture": "#4"},
				"south": {"uv": [4.66667, 11.33333, 3.33333, 12], "texture": "#4"},
				"up": {"uv": [5.33333, 11.33333, 4.66667, 12.66667], "rotation": 90, "texture": "#4"},
				"down": {"uv": [6, 12.66667, 5.33333, 11.33333], "rotation": 270, "texture": "#4"}
			}
		},
		{
			"from": [3.97441, 9.96452, 5.57794],
			"to": [5.97441, 10.96452, 7.57794],
			"rotation": {"angle": -45, "axis": "y", "origin": [5.5, 11.40202, 6.06296]},
			"faces": {
				"north": {"uv": [12.66667, 10.66667, 11.33333, 11.33333], "texture": "#4"},
				"east": {"uv": [12.66667, 10, 11.33333, 10.66667], "texture": "#4"},
				"south": {"uv": [7.33333, 11.33333, 6, 12], "texture": "#4"},
				"west": {"uv": [12.66667, 4.66667, 11.33333, 5.33333], "texture": "#4"},
				"up": {"uv": [9.33333, 2.66667, 8, 4], "rotation": 90, "texture": "#4"},
				"down": {"uv": [5.33333, 9.33333, 4, 8], "rotation": 270, "texture": "#4"}
			}
		},
		{
			"from": [4.47441, 10.96452, 6.07794],
			"to": [5.47441, 11.46452, 7.07794],
			"rotation": {"angle": -45, "axis": "y", "origin": [5.5, 11.40202, 6.06296]},
			"faces": {
				"north": {"uv": [13.33333, 7.33333, 12.66667, 7.66667], "texture": "#4"},
				"east": {"uv": [8, 12.66667, 7.33333, 13], "texture": "#4"},
				"south": {"uv": [13.33333, 6.66667, 12.66667, 7], "texture": "#4"},
				"west": {"uv": [7.33333, 12.66667, 6.66667, 13], "texture": "#4"},
				"up": {"uv": [13.33333, 0.66667, 12.66667, 1.33333], "rotation": 90, "texture": "#4"}
			}
		},
		{
			"from": [4.47441, 9.46452, 6.07794],
			"to": [5.47441, 9.96452, 7.07794],
			"rotation": {"angle": -45, "axis": "y", "origin": [5.5, 11.40202, 6.06296]},
			"faces": {
				"north": {"uv": [13.33333, 8.66667, 12.66667, 9], "texture": "#4"},
				"east": {"uv": [9.33333, 12.66667, 8.66667, 13], "texture": "#4"},
				"south": {"uv": [13.33333, 8, 12.66667, 8.33333], "texture": "#4"},
				"west": {"uv": [8.66667, 12.66667, 8, 13], "texture": "#4"},
				"down": {"uv": [2, 13.33333, 1.33333, 12.66667], "rotation": 270, "texture": "#4"}
			}
		},
		{
			"from": [4.00171, 7.65741, 6.05546],
			"to": [5.50171, 12.40741, 6.08546],
			"rotation": {"angle": 0, "axis": "y", "origin": [5.5, 11.40202, 6.06296]},
			"faces": {
				"north": {"uv": [0, 0, 3, 10], "texture": "#1"},
				"south": {"uv": [3, 0, 0, 10], "texture": "#1"}
			}
		},
		{
			"from": [7.25, 11.50355, 6.68934],
			"to": [8.75, 14.00355, 8.18934],
			"rotation": {"angle": -45, "axis": "x", "origin": [7.5, 11.50355, 6.93934]},
			"faces": {
				"north": {"uv": [7.33333, 8, 8.33333, 9.66667], "texture": "#4"},
				"east": {"uv": [8.66667, 8, 9.66667, 9.66667], "texture": "#4"},
				"south": {"uv": [9.33333, 1.33333, 10.33333, 3], "texture": "#4"},
				"west": {"uv": [4, 9.33333, 5, 11], "texture": "#4"},
				"up": {"uv": [11.66667, 9, 10.66667, 8], "texture": "#4"},
				"down": {"uv": [9.66667, 10.66667, 8.66667, 11.66667], "texture": "#4"}
			}
		},
		{
			"from": [7.625, 16.76443, 8.48837],
			"to": [8.375, 17.76443, 10.98837],
			"rotation": {"angle": 22.5, "axis": "x", "origin": [7.375, 16.76443, 8.48837]},
			"faces": {
				"north": {"uv": [12.66667, 2, 13.33333, 2.66667], "texture": "#4"},
				"east": {"uv": [8.66667, 10, 10.33333, 10.66667], "texture": "#4"},
				"south": {"uv": [2.66667, 12.66667, 3.33333, 13.33333], "texture": "#4"},
				"west": {"uv": [10, 9.33333, 11.66667, 10], "texture": "#4"},
				"up": {"uv": [11.33333, 3, 10.66667, 1.33333], "texture": "#4"},
				"down": {"uv": [11.33333, 3.33333, 10.66667, 5], "texture": "#4"}
			}
		},
		{
			"from": [7.75, 12.84463, 5.90077],
			"to": [8.25, 17.34463, 6.90077],
			"rotation": {"angle": 45, "axis": "x", "origin": [7.75, 12.84463, 7.35077]},
			"faces": {
				"north": {"uv": [10, 10.66667, 10.33333, 13.66667], "texture": "#4"},
				"east": {"uv": [6, 1.33333, 6.66667, 4.33333], "texture": "#4"},
				"south": {"uv": [10.66667, 10, 11, 13], "texture": "#4"},
				"west": {"uv": [6, 4.66667, 6.66667, 7.66667], "texture": "#4"},
				"up": {"uv": [9.66667, 13.33333, 9.33333, 12.66667], "texture": "#4"},
				"down": {"uv": [13, 9.33333, 12.66667, 10], "texture": "#4"}
			}
		},
		{
			"from": [6.65, 11.65, 3],
			"to": [6.65, 19.65, 11],
			"rotation": {"angle": 0, "axis": "y", "origin": [0, 11, -16]},
			"faces": {
				"west": {"uv": [0, 0, 16, 16], "texture": "#3"}
			}
		},
		{
			"from": [9.35, 11.65, 3],
			"to": [9.35, 19.65, 11],
			"rotation": {"angle": 0, "axis": "y", "origin": [16, 11, -16]},
			"faces": {
				"east": {"uv": [16, 0, 0, 16], "texture": "#3"}
			}
		},
		{
			"from": [9.35, -3.65, 3],
			"to": [9.35, 4.35, 11],
			"rotation": {"angle": 0, "axis": "y", "origin": [16, 5, -16]},
			"faces": {
				"east": {"uv": [16, 16, 0, 0], "texture": "#3"}
			}
		},
		{
			"from": [6.65, -3.65, 3],
			"to": [6.65, 4.35, 11],
			"rotation": {"angle": 0, "axis": "y", "origin": [0, 5, -16]},
			"faces": {
				"west": {"uv": [0, 16, 16, 0], "texture": "#3"}
			}
		},
		{
			"from": [7.985, 14.59628, 2.40623],
			"to": [8.015, 16.59628, 10.40623],
			"rotation": {"angle": -45, "axis": "x", "origin": [6.985, 15.49628, 5.40623]},
			"faces": {
				"east": {"uv": [11.33333, 0, 6, 1.33333], "texture": "#4"},
				"west": {"uv": [6, 0, 11.33333, 1.33333], "texture": "#4"}
			}
		},
		{
			"from": [7.985, -0.59628, 2.40623],
			"to": [8.015, 1.40372, 10.40623],
			"rotation": {"angle": 45, "axis": "x", "origin": [6.985, 0.50372, 5.40623]},
			"faces": {
				"east": {"uv": [11.33333, 1.33333, 6, 0], "texture": "#4"},
				"west": {"uv": [6, 1.33333, 11.33333, 0], "texture": "#4"}
			}
		},
		{
			"from": [7, 3.85, 7],
			"to": [9, 5.85, 9],
			"rotation": {"angle": -45, "axis": "x", "origin": [8, 4.85, 8]},
			"faces": {
				"north": {"uv": [6.66667, 2.66667, 8, 1.33333], "texture": "#4"},
				"east": {"uv": [6.66667, 4, 8, 2.66667], "texture": "#4"},
				"south": {"uv": [6.66667, 5.33333, 8, 4], "texture": "#4"},
				"west": {"uv": [6.66667, 6.66667, 8, 5.33333], "texture": "#4"},
				"up": {"uv": [9.33333, 2.66667, 8, 1.33333], "texture": "#4"},
				"down": {"uv": [8, 6.66667, 6.66667, 8], "texture": "#4"}
			}
		},
		{
			"from": [6.75, 4.1, 7.25],
			"to": [9.25, 5.6, 8.75],
			"rotation": {"angle": -45, "axis": "x", "origin": [8, 4.85, 8]},
			"faces": {
				"north": {"uv": [8, 5, 9.66667, 4], "texture": "#4"},
				"east": {"uv": [10.66667, 6.33333, 11.66667, 5.33333], "texture": "#4"},
				"south": {"uv": [5.33333, 9, 7, 8], "texture": "#4"},
				"west": {"uv": [10.66667, 7.66667, 11.66667, 6.66667], "texture": "#4"},
				"up": {"uv": [9.66667, 7.66667, 8, 6.66667], "texture": "#4"},
				"down": {"uv": [9.66667, 5.33333, 8, 6.33333], "texture": "#4"}
			}
		},
		{
			"from": [7.5, 6.61079, 4.75],
			"to": [8.5, 9.11079, 5.75],
			"rotation": {"angle": -45, "axis": "x", "origin": [8, 5.43579, 12]},
			"faces": {
				"north": {"uv": [5.33333, 11, 6, 9.33333], "texture": "#4"},
				"east": {"uv": [6, 11, 6.66667, 9.33333], "texture": "#4"},
				"south": {"uv": [6.66667, 11, 7.33333, 9.33333], "texture": "#4"},
				"west": {"uv": [10, 5, 10.66667, 3.33333], "texture": "#4"},
				"up": {"uv": [1.33333, 13.33333, 0.66667, 12.66667], "texture": "#4"},
				"down": {"uv": [13.33333, 0, 12.66667, 0.66667], "texture": "#4"}
			}
		},
		{
			"from": [7.6, 5.11079, 4.85],
			"to": [8.4, 6.61079, 5.65],
			"rotation": {"angle": -45, "axis": "x", "origin": [8, 5.43579, 12]},
			"faces": {
				"north": {"uv": [3.33333, 13, 4, 12], "texture": "#4"},
				"east": {"uv": [4, 13, 4.66667, 12], "texture": "#4"},
				"south": {"uv": [12, 6.33333, 12.66667, 5.33333], "texture": "#4"},
				"west": {"uv": [6, 13, 6.66667, 12], "texture": "#4"}
			}
		},
		{
			"from": [7.25, 1.99645, 6.68934],
			"to": [8.75, 4.49645, 8.18934],
			"rotation": {"angle": 45, "axis": "x", "origin": [7.5, 4.49645, 6.93934]},
			"faces": {
				"north": {"uv": [7.33333, 9.66667, 8.33333, 8], "texture": "#4"},
				"east": {"uv": [8.66667, 9.66667, 9.66667, 8], "texture": "#4"},
				"south": {"uv": [9.33333, 3, 10.33333, 1.33333], "texture": "#4"},
				"west": {"uv": [4, 11, 5, 9.33333], "texture": "#4"},
				"up": {"uv": [9.66667, 11.66667, 8.66667, 10.66667], "texture": "#4"},
				"down": {"uv": [11.66667, 8, 10.66667, 9], "texture": "#4"}
			}
		},
		{
			"from": [7.5, 2.61079, 4.75],
			"to": [8.5, 5.11079, 5.75],
			"rotation": {"angle": -45, "axis": "x", "origin": [8, 5.43579, 12]},
			"faces": {
				"north": {"uv": [10, 7, 10.66667, 5.33333], "texture": "#4"},
				"east": {"uv": [7.33333, 11.66667, 8, 10], "texture": "#4"},
				"south": {"uv": [10, 9, 10.66667, 7.33333], "texture": "#4"},
				"west": {"uv": [8, 11.66667, 8.66667, 10], "texture": "#4"},
				"up": {"uv": [2.66667, 13.33333, 2, 12.66667], "texture": "#4"},
				"down": {"uv": [13.33333, 1.33333, 12.66667, 2], "texture": "#4"}
			}
		},
		{
			"from": [7.625, -1.76443, 8.48837],
			"to": [8.375, -0.76443, 10.98837],
			"rotation": {"angle": -22.5, "axis": "x", "origin": [7.375, -0.76443, 8.48837]},
			"faces": {
				"north": {"uv": [12.66667, 2.66667, 13.33333, 2], "texture": "#4"},
				"east": {"uv": [8.66667, 10.66667, 10.33333, 10], "texture": "#4"},
				"south": {"uv": [2.66667, 13.33333, 3.33333, 12.66667], "texture": "#4"},
				"west": {"uv": [10, 10, 11.66667, 9.33333], "texture": "#4"},
				"up": {"uv": [11.33333, 5, 10.66667, 3.33333], "texture": "#4"},
				"down": {"uv": [11.33333, 1.33333, 10.66667, 3], "texture": "#4"}
			}
		},
		{
			"from": [7.75, -1.34463, 5.90077],
			"to": [8.25, 3.15537, 6.90077],
			"rotation": {"angle": -45, "axis": "x", "origin": [7.75, 3.15537, 7.35077]},
			"faces": {
				"north": {"uv": [10, 13.66667, 10.33333, 10.66667], "texture": "#4"},
				"east": {"uv": [6, 4.33333, 6.66667, 1.33333], "texture": "#4"},
				"south": {"uv": [10.66667, 13, 11, 10], "texture": "#4"},
				"west": {"uv": [6, 7.66667, 6.66667, 4.66667], "texture": "#4"},
				"up": {"uv": [13, 10, 12.66667, 9.33333], "texture": "#4"},
				"down": {"uv": [9.66667, 12.66667, 9.33333, 13.33333], "texture": "#4"}
			}
		},
		{
			"from": [7.985, -0.5, 10.29807],
			"to": [8.015, 16.5, 16.29807],
			"rotation": {"angle": 0, "axis": "y", "origin": [7.985, 0.75, 10.79807]},
			"faces": {
				"east": {"uv": [4, 0, 0, 11.33333], "texture": "#4"},
				"west": {"uv": [0, 0, 4, 11.33333], "texture": "#4"}
			}
		},
		{
			"from": [6.875, 7.985, 4.05],
			"to": [9.125, 8.015, 16.05],
			"rotation": {"angle": 45, "axis": "z", "origin": [8, 8, 10.05]},
			"faces": {
				"up": {"uv": [15.33333, 8, 13.66667, 0], "texture": "#4"},
				"down": {"uv": [15.33333, 0, 13.66667, 8], "texture": "#4"}
			}
		},
		{
			"from": [6.875, 7.985, 4.05],
			"to": [9.125, 8.015, 16.05],
			"rotation": {"angle": -45, "axis": "z", "origin": [8, 8, 10.05]},
			"faces": {
				"up": {"uv": [15.33333, 8, 13.66667, 0], "texture": "#4"},
				"down": {"uv": [15.33333, 0, 13.66667, 8], "texture": "#4"}
			}
		}
	],
	"gui_light": "front",
	"display": {
		"thirdperson_righthand": {
			"translation": [0, -2, 1]
		},
		"thirdperson_lefthand": {
			"translation": [0, -2, 1]
		},
		"firstperson_righthand": {
			"rotation": [20.08, 13.5, 0.14],
			"translation": [2.75, 3, -3.5]
		},
		"firstperson_lefthand": {
			"rotation": [21.46, -26.52, 1.61],
			"translation": [5, 2, -0.75]
		},
		"ground": {
			"rotation": [45, 0, 0],
			"translation": [0, 5, 0],
			"scale": [0.7, 0.7, 0.7]
		},
		"gui": {
			"rotation": [-90, 135, 90],
			"translation": [-0.25, 0.25, 0],
			"scale": [0.8, 0.8, 0.8]
		},
		"head": {
			"rotation": [90, -45, 90]
		},
		"fixed": {
			"rotation": [0, -90, 0],
			"translation": [0, 0, -1.75],
			"scale": [2, 2, 2]
		}
	}
}