{
	"credit": "Made by PolygonMC",
	"textures": {
		"1": "lunardragonset:animations/animations_1",
		"3": "lunardragonset:animations/animations_2",
		"5": "lunardragonset:crossbow_1",
		"particle": "lunardragonset:animations/animations_1"
	},
	"elements": [
		{
			"from": [9.49314, 8.9, -1.42957],
			"to": [11.49314, 10.9, 0.57043],
			"rotation": {"angle": 22.5, "axis": "y", "origin": [13.37754, 9.9, 0.04839]},
			"faces": {
				"north": {"uv": [10, 1, 9, 2], "rotation": 90, "texture": "#5"},
				"east": {"uv": [8.5, 6, 9.5, 7], "rotation": 270, "texture": "#5"},
				"south": {"uv": [10, 1, 9, 0], "rotation": 90, "texture": "#5"},
				"west": {"uv": [7.5, 8.5, 8.5, 9.5], "rotation": 90, "texture": "#5"},
				"up": {"uv": [8.5, 8.5, 9.5, 9.5], "rotation": 180, "texture": "#5"},
				"down": {"uv": [6.5, 8.5, 7.5, 9.5], "texture": "#5"}
			}
		},
		{
			"from": [9.74314, 8.65, -1.17957],
			"to": [11.24314, 11.15, 0.32043],
			"rotation": {"angle": 22.5, "axis": "y", "origin": [13.37754, 9.9, 0.04839]},
			"faces": {
				"north": {"uv": [10.75, 8.5, 9.5, 9.25], "rotation": 90, "texture": "#5"},
				"east": {"uv": [9.5, 5.5, 10.75, 6.25], "rotation": 270, "texture": "#5"},
				"south": {"uv": [9.25, 10.25, 8, 9.5], "rotation": 90, "texture": "#5"},
				"west": {"uv": [6.5, 9.5, 7.75, 10.25], "rotation": 90, "texture": "#5"},
				"up": {"uv": [10.5, 9.5, 11.25, 10.25], "rotation": 180, "texture": "#5"},
				"down": {"uv": [8.5, 10.5, 9.25, 11.25], "texture": "#5"}
			}
		},
		{
			"from": [11.38486, 9.4, -1.41778],
			"to": [13.88486, 10.4, -0.41778],
			"rotation": {"angle": -45, "axis": "y", "origin": [13.37754, 9.9, 0.04839]},
			"faces": {
				"north": {"uv": [4.5, 10, 5, 11.25], "rotation": 270, "texture": "#5"},
				"east": {"uv": [1.5, 10, 1, 9.5], "rotation": 90, "texture": "#5"},
				"south": {"uv": [5.5, 10, 6, 11.25], "rotation": 90, "texture": "#5"},
				"west": {"uv": [12.5, 1.5, 12, 2], "rotation": 90, "texture": "#5"},
				"up": {"uv": [2.5, 10.5, 3, 11.75], "rotation": 90, "texture": "#5"},
				"down": {"uv": [5, 10, 5.5, 11.25], "rotation": 90, "texture": "#5"}
			}
		},
		{
			"from": [14.38486, 9.4, -1.41778],
			"to": [15.88486, 10.4, -0.41778],
			"rotation": {"angle": -45, "axis": "y", "origin": [13.37754, 9.9, 0.04839]},
			"faces": {
				"north": {"uv": [9, 11.5, 9.5, 12.25], "rotation": 270, "texture": "#5"},
				"east": {"uv": [12.5, 3.5, 12, 3], "rotation": 90, "texture": "#5"},
				"south": {"uv": [11.5, 9.5, 12, 10.25], "rotation": 90, "texture": "#5"},
				"west": {"uv": [12.5, 3.5, 12, 4], "rotation": 90, "texture": "#5"},
				"up": {"uv": [10, 11.5, 10.5, 12.25], "rotation": 90, "texture": "#5"},
				"down": {"uv": [9.5, 11.5, 10, 12.25], "rotation": 90, "texture": "#5"}
			}
		},
		{
			"from": [13.88486, 9.5, -1.31778],
			"to": [14.38486, 10.3, -0.51778],
			"rotation": {"angle": -45, "axis": "y", "origin": [13.37754, 9.9, 0.04839]},
			"faces": {
				"north": {"uv": [8, 12.5, 8.5, 12.75], "rotation": 270, "texture": "#5"},
				"south": {"uv": [8.5, 12.5, 9, 12.75], "rotation": 90, "texture": "#5"},
				"up": {"uv": [12.5, 8.5, 13, 8.75], "rotation": 90, "texture": "#5"},
				"down": {"uv": [12.5, 8, 13, 8.25], "rotation": 90, "texture": "#5"}
			}
		},
		{
			"from": [11, 6.94536, 0.55456],
			"to": [12, 7.94536, 1.55456],
			"rotation": {"angle": 45, "axis": "x", "origin": [10.75, 6.24682, 2.2425]},
			"faces": {
				"north": {"uv": [8, 12, 8.5, 12.5], "texture": "#5"},
				"east": {"uv": [12, 6.5, 12.5, 7], "texture": "#5"},
				"south": {"uv": [7, 12, 7.5, 12.5], "texture": "#5"},
				"west": {"uv": [7.5, 12, 8, 12.5], "texture": "#5"},
				"up": {"uv": [12.5, 8.5, 12, 8], "rotation": 90, "texture": "#5"},
				"down": {"uv": [12.5, 8.5, 12, 9], "rotation": 270, "texture": "#5"}
			}
		},
		{
			"from": [9, 7.04536, 0.65456],
			"to": [11, 7.84536, 1.45456],
			"rotation": {"angle": 45, "axis": "x", "origin": [10.75, 6.24682, 2.2425]},
			"faces": {
				"north": {"uv": [0, 11.5, 1, 12], "texture": "#5"},
				"south": {"uv": [9.5, 11, 10.5, 11.5], "texture": "#5"},
				"up": {"uv": [6.5, 12, 6, 11], "rotation": 90, "texture": "#5"},
				"down": {"uv": [1.5, 11.5, 1, 12.5], "rotation": 270, "texture": "#5"}
			}
		},
		{
			"from": [10.27559, 4.80932, 0.72752],
			"to": [12.27559, 5.80932, 2.72752],
			"rotation": {"angle": -45, "axis": "y", "origin": [10.75, 6.24682, 2.2425]},
			"faces": {
				"north": {"uv": [11, 9, 12, 9.5], "texture": "#5"},
				"east": {"uv": [11, 6.5, 12, 7], "texture": "#5"},
				"south": {"uv": [11, 8, 12, 8.5], "texture": "#5"},
				"west": {"uv": [11, 8.5, 12, 9], "texture": "#5"},
				"up": {"uv": [10, 3, 9, 2], "rotation": 90, "texture": "#5"},
				"down": {"uv": [5, 9, 4, 10], "rotation": 270, "texture": "#5"}
			}
		},
		{
			"from": [10.77559, 5.80932, 1.22752],
			"to": [11.77559, 6.30932, 2.22752],
			"rotation": {"angle": -45, "axis": "y", "origin": [10.75, 6.24682, 2.2425]},
			"faces": {
				"north": {"uv": [12.5, 11, 13, 11.25], "texture": "#5"},
				"east": {"uv": [10.5, 12.5, 11, 12.75], "texture": "#5"},
				"south": {"uv": [12.5, 10.5, 13, 10.75], "texture": "#5"},
				"west": {"uv": [11, 12.5, 11.5, 12.75], "texture": "#5"},
				"up": {"uv": [7, 12.5, 6.5, 12], "rotation": 90, "texture": "#5"}
			}
		},
		{
			"from": [10.77559, 4.30932, 1.22752],
			"to": [11.77559, 4.80932, 2.22752],
			"rotation": {"angle": -45, "axis": "y", "origin": [10.75, 6.24682, 2.2425]},
			"faces": {
				"north": {"uv": [12.5, 10, 13, 10.25], "texture": "#5"},
				"east": {"uv": [9.5, 12.5, 10, 12.75], "texture": "#5"},
				"south": {"uv": [12.5, 9.5, 13, 9.75], "texture": "#5"},
				"west": {"uv": [10, 12.5, 10.5, 12.75], "texture": "#5"},
				"down": {"uv": [6.5, 12, 6, 12.5], "rotation": 270, "texture": "#5"}
			}
		},
		{
			"from": [10.74829, 2.50221, 2.22],
			"to": [12.24829, 7.25221, 2.25],
			"rotation": {"angle": 0, "axis": "y", "origin": [10.75, 6.24682, 2.2425]},
			"faces": {
				"north": {"uv": [3, 0, 0, 10], "texture": "#1"},
				"south": {"uv": [0, 0, 3, 10], "texture": "#1"}
			}
		},
		{
			"from": [3.75171, 2.50221, 2.22],
			"to": [5.25171, 7.25221, 2.25],
			"rotation": {"angle": 0, "axis": "y", "origin": [5.25, 6.24682, 2.2425]},
			"faces": {
				"north": {"uv": [0, 0, 3, 10], "texture": "#1"},
				"south": {"uv": [3, 0, 0, 10], "texture": "#1"}
			}
		},
		{
			"from": [4.22441, 4.30932, 1.22752],
			"to": [5.22441, 4.80932, 2.22752],
			"rotation": {"angle": 45, "axis": "y", "origin": [5.25, 6.24682, 2.2425]},
			"faces": {
				"north": {"uv": [13, 10, 12.5, 10.25], "texture": "#5"},
				"east": {"uv": [10.5, 12.5, 10, 12.75], "texture": "#5"},
				"south": {"uv": [13, 9.5, 12.5, 9.75], "texture": "#5"},
				"west": {"uv": [10, 12.5, 9.5, 12.75], "texture": "#5"},
				"down": {"uv": [6.5, 12.5, 6, 12], "rotation": 270, "texture": "#5"}
			}
		},
		{
			"from": [4.22441, 5.80932, 1.22752],
			"to": [5.22441, 6.30932, 2.22752],
			"rotation": {"angle": 45, "axis": "y", "origin": [5.25, 6.24682, 2.2425]},
			"faces": {
				"north": {"uv": [13, 11, 12.5, 11.25], "texture": "#5"},
				"east": {"uv": [11.5, 12.5, 11, 12.75], "texture": "#5"},
				"south": {"uv": [13, 10.5, 12.5, 10.75], "texture": "#5"},
				"west": {"uv": [11, 12.5, 10.5, 12.75], "texture": "#5"},
				"up": {"uv": [7, 12, 6.5, 12.5], "rotation": 90, "texture": "#5"}
			}
		},
		{
			"from": [3.72441, 4.80932, 0.72752],
			"to": [5.72441, 5.80932, 2.72752],
			"rotation": {"angle": 45, "axis": "y", "origin": [5.25, 6.24682, 2.2425]},
			"faces": {
				"north": {"uv": [12, 9, 11, 9.5], "texture": "#5"},
				"east": {"uv": [12, 8.5, 11, 9], "texture": "#5"},
				"south": {"uv": [12, 8, 11, 8.5], "texture": "#5"},
				"west": {"uv": [12, 6.5, 11, 7], "texture": "#5"},
				"up": {"uv": [10, 2, 9, 3], "rotation": 90, "texture": "#5"},
				"down": {"uv": [5, 10, 4, 9], "rotation": 270, "texture": "#5"}
			}
		},
		{
			"from": [5, 7.04536, 0.65456],
			"to": [7, 7.84536, 1.45456],
			"rotation": {"angle": 45, "axis": "x", "origin": [5.25, 6.24682, 2.2425]},
			"faces": {
				"north": {"uv": [1, 11.5, 0, 12], "texture": "#5"},
				"south": {"uv": [10.5, 11, 9.5, 11.5], "texture": "#5"},
				"up": {"uv": [6.5, 11, 6, 12], "rotation": 90, "texture": "#5"},
				"down": {"uv": [1.5, 12.5, 1, 11.5], "rotation": 270, "texture": "#5"}
			}
		},
		{
			"from": [4, 6.94536, 0.55456],
			"to": [5, 7.94536, 1.55456],
			"rotation": {"angle": 45, "axis": "x", "origin": [5.25, 6.24682, 2.2425]},
			"faces": {
				"north": {"uv": [8.5, 12, 8, 12.5], "texture": "#5"},
				"east": {"uv": [8, 12, 7.5, 12.5], "texture": "#5"},
				"south": {"uv": [7.5, 12, 7, 12.5], "texture": "#5"},
				"west": {"uv": [12.5, 6.5, 12, 7], "texture": "#5"},
				"up": {"uv": [12.5, 8, 12, 8.5], "rotation": 90, "texture": "#5"},
				"down": {"uv": [12.5, 9, 12, 8.5], "rotation": 270, "texture": "#5"}
			}
		},
		{
			"from": [11.49314, 9.15, -1.17957],
			"to": [13.99314, 10.65, 0.32043],
			"rotation": {"angle": 22.5, "axis": "y", "origin": [13.37754, 9.9, 0.04839]},
			"faces": {
				"north": {"uv": [9.5, 9.5, 10.25, 10.75], "rotation": 270, "texture": "#5"},
				"east": {"uv": [11.25, 11.25, 10.5, 10.5], "rotation": 90, "texture": "#5"},
				"south": {"uv": [1, 10, 1.75, 11.25], "rotation": 90, "texture": "#5"},
				"west": {"uv": [11.75, 0, 11, 0.75], "rotation": 90, "texture": "#5"},
				"up": {"uv": [10, 1.5, 10.75, 2.75], "rotation": 90, "texture": "#5"},
				"down": {"uv": [10, 0, 10.75, 1.25], "rotation": 90, "texture": "#5"}
			}
		},
		{
			"from": [15.25508, 9.525, -0.34666],
			"to": [16.25508, 10.275, 1.65334],
			"rotation": {"angle": -22.5, "axis": "y", "origin": [13.37754, 9.9, 0.04839]},
			"faces": {
				"north": {"uv": [12, 4.5, 12.5, 5], "rotation": 270, "texture": "#5"},
				"east": {"uv": [11.5, 3, 11, 2], "rotation": 90, "texture": "#5"},
				"south": {"uv": [12, 5, 12.5, 5.5], "rotation": 90, "texture": "#5"},
				"west": {"uv": [11.5, 5.5, 11, 6.5], "rotation": 90, "texture": "#5"},
				"up": {"uv": [11, 1.5, 12, 2], "rotation": 90, "texture": "#5"},
				"down": {"uv": [11, 1, 12, 1.5], "rotation": 90, "texture": "#5"}
			}
		},
		{
			"from": [13.38486, 9.65, -0.51778],
			"to": [15.88486, 10.15, 0.48222],
			"rotation": {"angle": -45, "axis": "y", "origin": [13.37754, 9.9, 0.04839]},
			"faces": {
				"north": {"uv": [3.5, 12, 3.75, 13.25], "rotation": 270, "texture": "#5"},
				"east": {"uv": [9.25, 13, 9, 12.5], "rotation": 90, "texture": "#5"},
				"south": {"uv": [4, 12, 4.25, 13.25], "rotation": 90, "texture": "#5"},
				"west": {"uv": [12.75, 9, 12.5, 9.5], "rotation": 90, "texture": "#5"},
				"up": {"uv": [7, 10.5, 7.5, 11.75], "rotation": 90, "texture": "#5"},
				"down": {"uv": [6.5, 10.5, 7, 11.75], "rotation": 90, "texture": "#5"}
			}
		},
		{
			"from": [-2.35, 11.4, -4],
			"to": [5.65, 11.4, 4],
			"rotation": {"angle": 0, "axis": "y", "origin": [1.65, 11.4, 0]},
			"faces": {
				"up": {"uv": [0, 0, 16, 16], "texture": "#3"}
			}
		},
		{
			"from": [10.35, 11.4, -4],
			"to": [18.35, 11.4, 4],
			"rotation": {"angle": 0, "axis": "y", "origin": [14.35, 11.4, 0]},
			"faces": {
				"up": {"uv": [16, 0, 0, 16], "texture": "#3"}
			}
		},
		{
			"from": [10.88486, 9.885, -3.41778],
			"to": [18.88486, 9.915, -1.41778],
			"rotation": {"angle": -45, "axis": "y", "origin": [13.37754, 9.9, 0.04839]},
			"faces": {
				"up": {"uv": [3, 3, 4, 7], "rotation": 90, "texture": "#5"},
				"down": {"uv": [4, 3, 3, 7], "rotation": 90, "texture": "#5"}
			}
		},
		{
			"from": [4.50686, 8.9, -1.42957],
			"to": [6.50686, 10.9, 0.57043],
			"rotation": {"angle": -22.5, "axis": "y", "origin": [2.62246, 9.9, 0.04839]},
			"faces": {
				"north": {"uv": [10, 2, 9, 1], "rotation": 90, "texture": "#5"},
				"east": {"uv": [7.5, 9.5, 8.5, 8.5], "rotation": 90, "texture": "#5"},
				"south": {"uv": [10, 0, 9, 1], "rotation": 90, "texture": "#5"},
				"west": {"uv": [8.5, 7, 9.5, 6], "rotation": 270, "texture": "#5"},
				"up": {"uv": [9.5, 8.5, 8.5, 9.5], "rotation": 180, "texture": "#5"},
				"down": {"uv": [7.5, 8.5, 6.5, 9.5], "texture": "#5"}
			}
		},
		{
			"from": [4.75686, 8.65, -1.17957],
			"to": [6.25686, 11.15, 0.32043],
			"rotation": {"angle": -22.5, "axis": "y", "origin": [2.62246, 9.9, 0.04839]},
			"faces": {
				"north": {"uv": [10.75, 9.25, 9.5, 8.5], "rotation": 90, "texture": "#5"},
				"east": {"uv": [6.5, 10.25, 7.75, 9.5], "rotation": 90, "texture": "#5"},
				"south": {"uv": [9.25, 9.5, 8, 10.25], "rotation": 90, "texture": "#5"},
				"west": {"uv": [9.5, 6.25, 10.75, 5.5], "rotation": 270, "texture": "#5"},
				"up": {"uv": [11.25, 9.5, 10.5, 10.25], "rotation": 180, "texture": "#5"},
				"down": {"uv": [9.25, 10.5, 8.5, 11.25], "texture": "#5"}
			}
		},
		{
			"from": [2.11514, 9.4, -1.41778],
			"to": [4.61514, 10.4, -0.41778],
			"rotation": {"angle": 45, "axis": "y", "origin": [2.62246, 9.9, 0.04839]},
			"faces": {
				"north": {"uv": [4.5, 11.25, 5, 10], "rotation": 270, "texture": "#5"},
				"east": {"uv": [12.5, 2, 12, 1.5], "rotation": 90, "texture": "#5"},
				"south": {"uv": [5.5, 11.25, 6, 10], "rotation": 90, "texture": "#5"},
				"west": {"uv": [1.5, 9.5, 1, 10], "rotation": 90, "texture": "#5"},
				"up": {"uv": [2.5, 11.75, 3, 10.5], "rotation": 90, "texture": "#5"},
				"down": {"uv": [5, 11.25, 5.5, 10], "rotation": 90, "texture": "#5"}
			}
		},
		{
			"from": [1.61514, 9.5, -1.31778],
			"to": [2.11514, 10.3, -0.51778],
			"rotation": {"angle": 45, "axis": "y", "origin": [2.62246, 9.9, 0.04839]},
			"faces": {
				"north": {"uv": [8, 12.75, 8.5, 12.5], "rotation": 270, "texture": "#5"},
				"south": {"uv": [8.5, 12.75, 9, 12.5], "rotation": 90, "texture": "#5"},
				"up": {"uv": [12.5, 8.75, 13, 8.5], "rotation": 90, "texture": "#5"},
				"down": {"uv": [12.5, 8.25, 13, 8], "rotation": 90, "texture": "#5"}
			}
		},
		{
			"from": [2.00686, 9.15, -1.17957],
			"to": [4.50686, 10.65, 0.32043],
			"rotation": {"angle": -22.5, "axis": "y", "origin": [2.62246, 9.9, 0.04839]},
			"faces": {
				"north": {"uv": [9.5, 10.75, 10.25, 9.5], "rotation": 270, "texture": "#5"},
				"east": {"uv": [11.75, 0.75, 11, 0], "rotation": 90, "texture": "#5"},
				"south": {"uv": [1, 11.25, 1.75, 10], "rotation": 90, "texture": "#5"},
				"west": {"uv": [11.25, 10.5, 10.5, 11.25], "rotation": 90, "texture": "#5"},
				"up": {"uv": [10, 2.75, 10.75, 1.5], "rotation": 90, "texture": "#5"},
				"down": {"uv": [10, 1.25, 10.75, 0], "rotation": 90, "texture": "#5"}
			}
		},
		{
			"from": [0.11514, 9.4, -1.41778],
			"to": [1.61514, 10.4, -0.41778],
			"rotation": {"angle": 45, "axis": "y", "origin": [2.62246, 9.9, 0.04839]},
			"faces": {
				"north": {"uv": [9, 12.25, 9.5, 11.5], "rotation": 270, "texture": "#5"},
				"east": {"uv": [12.5, 4, 12, 3.5], "rotation": 90, "texture": "#5"},
				"south": {"uv": [11.5, 10.25, 12, 9.5], "rotation": 90, "texture": "#5"},
				"west": {"uv": [12.5, 3, 12, 3.5], "rotation": 90, "texture": "#5"},
				"up": {"uv": [10, 12.25, 10.5, 11.5], "rotation": 90, "texture": "#5"},
				"down": {"uv": [9.5, 12.25, 10, 11.5], "rotation": 90, "texture": "#5"}
			}
		},
		{
			"from": [-0.25508, 9.525, -0.34666],
			"to": [0.74492, 10.275, 1.65334],
			"rotation": {"angle": 22.5, "axis": "y", "origin": [2.62246, 9.9, 0.04839]},
			"faces": {
				"north": {"uv": [12, 5, 12.5, 4.5], "rotation": 270, "texture": "#5"},
				"east": {"uv": [11.5, 6.5, 11, 5.5], "rotation": 90, "texture": "#5"},
				"south": {"uv": [12, 5.5, 12.5, 5], "rotation": 90, "texture": "#5"},
				"west": {"uv": [11.5, 2, 11, 3], "rotation": 90, "texture": "#5"},
				"up": {"uv": [11, 2, 12, 1.5], "rotation": 90, "texture": "#5"},
				"down": {"uv": [11, 1.5, 12, 1], "rotation": 90, "texture": "#5"}
			}
		},
		{
			"from": [0.11514, 9.65, -0.51778],
			"to": [2.61514, 10.15, 0.48222],
			"rotation": {"angle": 45, "axis": "y", "origin": [2.62246, 9.9, 0.04839]},
			"faces": {
				"north": {"uv": [3.5, 13.25, 3.75, 12], "rotation": 270, "texture": "#5"},
				"east": {"uv": [12.75, 9.5, 12.5, 9], "rotation": 90, "texture": "#5"},
				"south": {"uv": [4, 13.25, 4.25, 12], "rotation": 90, "texture": "#5"},
				"west": {"uv": [9.25, 12.5, 9, 13], "rotation": 90, "texture": "#5"},
				"up": {"uv": [7, 11.75, 7.5, 10.5], "rotation": 90, "texture": "#5"},
				"down": {"uv": [6.5, 11.75, 7, 10.5], "rotation": 90, "texture": "#5"}
			}
		},
		{
			"from": [-2.88486, 9.885, -3.41778],
			"to": [5.11514, 9.915, -1.41778],
			"rotation": {"angle": 45, "axis": "y", "origin": [2.62246, 9.9, 0.04839]},
			"faces": {
				"up": {"uv": [3, 7, 4, 3], "rotation": 90, "texture": "#5"},
				"down": {"uv": [4, 7, 3, 3], "rotation": 90, "texture": "#5"}
			}
		},
		{
			"from": [7, 7, 1],
			"to": [9, 9, 6.75],
			"rotation": {"angle": 0, "axis": "y", "origin": [7, 7, 0]},
			"faces": {
				"north": {"uv": [5, 9, 6, 10], "texture": "#5"},
				"east": {"uv": [4, 3, 7, 4], "texture": "#5"},
				"south": {"uv": [9, 7, 10, 8], "texture": "#5"},
				"west": {"uv": [4, 4, 7, 5], "texture": "#5"},
				"up": {"uv": [5, 8, 4, 5], "texture": "#5"},
				"down": {"uv": [6, 5, 5, 8], "texture": "#5"}
			}
		},
		{
			"from": [7.5, 9, 1.5],
			"to": [8.5, 9.5, 7.25],
			"rotation": {"angle": 0, "axis": "y", "origin": [7, 9, 0]},
			"faces": {
				"north": {"uv": [11.5, 12.5, 12, 12.75], "texture": "#5"},
				"east": {"uv": [10, 7, 13, 7.25], "texture": "#5"},
				"south": {"uv": [12.5, 11.5, 13, 11.75], "texture": "#5"},
				"west": {"uv": [10, 7.5, 13, 7.75], "texture": "#5"},
				"up": {"uv": [3.5, 10, 3, 7], "texture": "#5"},
				"down": {"uv": [4, 7, 3.5, 10], "texture": "#5"}
			}
		},
		{
			"from": [7.5, 6, 2],
			"to": [8.5, 7, 5],
			"rotation": {"angle": 0, "axis": "y", "origin": [6.5, 7, 0]},
			"faces": {
				"north": {"uv": [12, 9, 12.5, 9.5], "texture": "#5"},
				"east": {"uv": [7, 4.5, 8.5, 5], "texture": "#5"},
				"south": {"uv": [12, 9.5, 12.5, 10], "texture": "#5"},
				"west": {"uv": [9.5, 6.5, 11, 7], "texture": "#5"},
				"up": {"uv": [4, 11.5, 3.5, 10], "texture": "#5"},
				"down": {"uv": [4.5, 10, 4, 11.5], "texture": "#5"}
			}
		},
		{
			"from": [6.75, 6.96142, 6.69396],
			"to": [9.25, 9.46142, 9.19396],
			"rotation": {"angle": 0, "axis": "y", "origin": [6.75, 6.21142, 7.94396]},
			"faces": {
				"north": {"uv": [7, 3, 8.25, 4.25], "texture": "#5"},
				"east": {"uv": [6, 7, 7.25, 8.25], "texture": "#5"},
				"south": {"uv": [7.5, 0, 8.75, 1.25], "texture": "#5"},
				"west": {"uv": [7.5, 1.5, 8.75, 2.75], "texture": "#5"},
				"up": {"uv": [8.75, 8.25, 7.5, 7], "texture": "#5"},
				"down": {"uv": [1.25, 8, 0, 9.25], "texture": "#5"}
			}
		},
		{
			"from": [7.5, 7.71142, 9.19396],
			"to": [8.5, 9.21142, 14.19396],
			"rotation": {"angle": 0, "axis": "y", "origin": [8, 7.79809, 12.58806]},
			"faces": {
				"north": {"uv": [10.5, 11.5, 11, 12.25], "texture": "#5"},
				"east": {"uv": [6, 5, 8.5, 5.75], "texture": "#5"},
				"south": {"uv": [11.5, 10.5, 12, 11.25], "texture": "#5"},
				"west": {"uv": [6, 6, 8.5, 6.75], "texture": "#5"},
				"up": {"uv": [3, 10.5, 2.5, 8], "texture": "#5"},
				"down": {"uv": [6.5, 8.5, 6, 11], "texture": "#5"}
			}
		},
		{
			"from": [7.4, 5.2431, 13.62116],
			"to": [8.6, 8.9431, 15.12116],
			"rotation": {"angle": -22.5, "axis": "x", "origin": [8, 7.79809, 12.58806]},
			"faces": {
				"north": {"uv": [2, 10, 2.5, 11.75], "texture": "#5"},
				"east": {"uv": [1.5, 8, 2.25, 9.75], "texture": "#5"},
				"south": {"uv": [3, 10, 3.5, 11.75], "texture": "#5"},
				"west": {"uv": [8.5, 4, 9.25, 5.75], "texture": "#5"},
				"up": {"uv": [12.5, 1.25, 12, 0.5], "texture": "#5"},
				"down": {"uv": [2.5, 12, 2, 12.75], "texture": "#5"}
			}
		},
		{
			"from": [7.75, 7.21142, 9.19396],
			"to": [8.25, 7.71142, 12.19396],
			"rotation": {"angle": 0, "axis": "y", "origin": [8, 7.79809, 12.58806]},
			"faces": {
				"north": {"uv": [12, 12.5, 12.25, 12.75], "texture": "#5"},
				"east": {"uv": [11, 11.5, 12.5, 11.75], "texture": "#5"},
				"south": {"uv": [12.5, 12, 12.75, 12.25], "texture": "#5"},
				"west": {"uv": [12, 0, 13.5, 0.25], "texture": "#5"},
				"up": {"uv": [0.25, 13.5, 0, 12], "texture": "#5"},
				"down": {"uv": [0.75, 12, 0.5, 13.5], "texture": "#5"}
			}
		},
		{
			"from": [7.5, 6.71142, 12.19396],
			"to": [8.5, 7.71142, 14.69396],
			"rotation": {"angle": 0, "axis": "y", "origin": [8, 7.79809, 12.58806]},
			"faces": {
				"north": {"uv": [12, 10, 12.5, 10.5], "texture": "#5"},
				"east": {"uv": [10.5, 3, 11.75, 3.5], "texture": "#5"},
				"south": {"uv": [12, 10.5, 12.5, 11], "texture": "#5"},
				"west": {"uv": [10.5, 3.5, 11.75, 4], "texture": "#5"},
				"up": {"uv": [8, 11.75, 7.5, 10.5], "texture": "#5"},
				"down": {"uv": [8.5, 10.5, 8, 11.75], "texture": "#5"}
			}
		},
		{
			"from": [6.5, 8.25, 0.5],
			"to": [7.5, 9.25, 1.5],
			"rotation": {"angle": 45, "axis": "z", "origin": [8, 9.75, 1]},
			"faces": {
				"north": {"uv": [11, 12, 11.5, 12.5], "texture": "#5"},
				"east": {"uv": [12, 11, 12.5, 11.5], "texture": "#5"},
				"south": {"uv": [11.5, 12, 12, 12.5], "texture": "#5"},
				"west": {"uv": [12, 12, 12.5, 12.5], "texture": "#5"},
				"up": {"uv": [13, 1, 12.5, 0.5], "texture": "#5"},
				"down": {"uv": [1.5, 12.5, 1, 13], "texture": "#5"}
			}
		},
		{
			"from": [6.5, 9.25, 0.5],
			"to": [7.5, 11.25, 1.5],
			"rotation": {"angle": 45, "axis": "z", "origin": [8, 9.75, 1]},
			"faces": {
				"north": {"uv": [1.5, 11.5, 2, 12.5], "texture": "#5"},
				"east": {"uv": [4.5, 11.5, 5, 12.5], "texture": "#5"},
				"south": {"uv": [11.5, 4.5, 12, 5.5], "texture": "#5"},
				"west": {"uv": [5, 11.5, 5.5, 12.5], "texture": "#5"},
				"up": {"uv": [13, 2, 12.5, 1.5], "texture": "#5"},
				"down": {"uv": [13, 2, 12.5, 2.5], "texture": "#5"}
			}
		},
		{
			"from": [7.5, 10.25, 0.5],
			"to": [8.5, 11.25, 1.5],
			"rotation": {"angle": 45, "axis": "z", "origin": [8, 9.75, 1]},
			"faces": {
				"north": {"uv": [5, 12.5, 5.5, 13], "texture": "#5"},
				"east": {"uv": [12.5, 5, 13, 5.5], "texture": "#5"},
				"south": {"uv": [5.5, 12.5, 6, 13], "texture": "#5"},
				"west": {"uv": [12.5, 5.5, 13, 6], "texture": "#5"},
				"up": {"uv": [6.5, 13, 6, 12.5], "texture": "#5"},
				"down": {"uv": [13, 6, 12.5, 6.5], "texture": "#5"}
			}
		},
		{
			"from": [7.5, 10.25, 0.5],
			"to": [8.5, 11.25, 1.5],
			"rotation": {"angle": -45, "axis": "z", "origin": [8, 9.75, 1]},
			"faces": {
				"north": {"uv": [5.5, 12.5, 5, 13], "texture": "#5"},
				"east": {"uv": [13, 5.5, 12.5, 6], "texture": "#5"},
				"south": {"uv": [6, 12.5, 5.5, 13], "texture": "#5"},
				"west": {"uv": [13, 5, 12.5, 5.5], "texture": "#5"},
				"up": {"uv": [6, 13, 6.5, 12.5], "texture": "#5"},
				"down": {"uv": [12.5, 6, 13, 6.5], "texture": "#5"}
			}
		},
		{
			"from": [8.5, 9.25, 0.5],
			"to": [9.5, 11.25, 1.5],
			"rotation": {"angle": -45, "axis": "z", "origin": [8, 9.75, 1]},
			"faces": {
				"north": {"uv": [2, 11.5, 1.5, 12.5], "texture": "#5"},
				"east": {"uv": [5.5, 11.5, 5, 12.5], "texture": "#5"},
				"south": {"uv": [12, 4.5, 11.5, 5.5], "texture": "#5"},
				"west": {"uv": [5, 11.5, 4.5, 12.5], "texture": "#5"},
				"up": {"uv": [12.5, 2, 13, 1.5], "texture": "#5"},
				"down": {"uv": [12.5, 2, 13, 2.5], "texture": "#5"}
			}
		},
		{
			"from": [6, 8.96142, 7.44396],
			"to": [10, 9.96142, 8.44396],
			"rotation": {"angle": 0, "axis": "y", "origin": [6.5, 8.96142, 7.44396]},
			"faces": {
				"north": {"uv": [9, 8, 11, 8.5], "texture": "#5"},
				"east": {"uv": [6.5, 12.5, 7, 13], "texture": "#5"},
				"south": {"uv": [9.5, 4, 11.5, 4.5], "texture": "#5"},
				"west": {"uv": [12.5, 6.5, 13, 7], "texture": "#5"},
				"up": {"uv": [11.5, 5, 9.5, 4.5], "texture": "#5"},
				"down": {"uv": [11.5, 5, 9.5, 5.5], "texture": "#5"}
			}
		},
		{
			"from": [0.625, 9.874, 1.93236],
			"to": [15.375, 9.904, 7.93236],
			"rotation": {"angle": 0, "axis": "y", "origin": [0.625, 10.274, 1.63236]},
			"faces": {
				"up": {"uv": [7.5, 3, 0, 0], "texture": "#5"},
				"down": {"uv": [7.5, 0, 0, 3], "texture": "#5"}
			}
		},
		{
			"from": [7.5, 6.96142, 6.69396],
			"to": [8.5, 8.46142, 10.69396],
			"rotation": {"angle": 22.5, "axis": "x", "origin": [7.5, 6.96142, 6.69396]},
			"faces": {
				"north": {"uv": [2.5, 12, 3, 12.75], "texture": "#5"},
				"east": {"uv": [4, 8, 6, 8.75], "texture": "#5"},
				"south": {"uv": [3, 12, 3.5, 12.75], "texture": "#5"},
				"west": {"uv": [8.5, 3, 10.5, 3.75], "texture": "#5"},
				"up": {"uv": [0.5, 11.5, 0, 9.5], "texture": "#5"},
				"down": {"uv": [1, 9.5, 0.5, 11.5], "texture": "#5"}
			}
		},
		{
			"from": [7.4, 5.43262, 9.53672],
			"to": [8.6, 6.43262, 11.63672],
			"rotation": {"angle": -45, "axis": "x", "origin": [8, 5.93262, 10.78672]},
			"faces": {
				"north": {"uv": [7, 12.5, 7.5, 13], "texture": "#5"},
				"east": {"uv": [11.5, 5.5, 12.5, 6], "texture": "#5"},
				"south": {"uv": [7.5, 12.5, 8, 13], "texture": "#5"},
				"west": {"uv": [11.5, 6, 12.5, 6.5], "texture": "#5"},
				"up": {"uv": [6, 12.5, 5.5, 11.5], "texture": "#5"},
				"down": {"uv": [9, 11.5, 8.5, 12.5], "texture": "#5"}
			}
		}
	],
	"gui_light": "front",
	"display": {
		"thirdperson_righthand": {
			"translation": [-1.5, 0.25, 1]
		},
		"thirdperson_lefthand": {
			"translation": [-1.5, 0.25, 1]
		},
		"firstperson_righthand": {
			"rotation": [0, -12, 0],
			"translation": [11.5, 1, 0]
		},
		"firstperson_lefthand": {
			"rotation": [0, -12, 0],
			"translation": [11.5, 1, 0]
		},
		"ground": {
			"rotation": [20, 0, 0],
			"translation": [0, 5, 0],
			"scale": [0.7, 0.7, 0.7]
		},
		"gui": {
			"rotation": [90, 45, 0],
			"translation": [2.75, -2.75, 0],
			"scale": [0.8, 0.8, 0.8]
		},
		"head": {
			"rotation": [-30, 180, 0]
		},
		"fixed": {
			"rotation": [-90, 0, 0],
			"translation": [0, 0, -5.75],
			"scale": [2, 2, 2]
		}
	}
}