{"textures​":{"layer0":"minecraft:item/spectral_arrow"},"credit":"Made by PolygonMC","\u0074\u0065\u0078\u0074\u0075\u0072\u0065\u0073":{"0":"\u0073\u0061\u0069\u006e\u0074\u0070\u0061\u0074\u0072\u0069\u0063\u006b\u0073\u0073\u0065\u0074:\u0063\u0072\u006f\u0073\u0073\u0062\u006f\u0077","1":"\u0073\u0061\u0069\u006e\u0074\u0070\u0061\u0074\u0072\u0069\u0063\u006b\u0073\u0073\u0065\u0074:\u0061\u006e\u0069\u006d\u0061\u0074\u0069\u006f\u006e\u0073/\u0061\u006e\u0069\u006d\u0061\u0074\u0069\u006f\u006e\u0073_1","\u0070\u0061\u0072\u0074\u0069\u0063\u006c\u0065":"\u0073\u0061\u0069\u006e\u0074\u0070\u0061\u0074\u0072\u0069\u0063\u006b\u0073\u0073\u0065\u0074:\u0063\u0072\u006f\u0073\u0073\u0062\u006f\u0077"},"elements":[{"from":[7.5,7.42041,3],"to":[8.5,8.92041,5],"rotation":{"angle":0,"axis":"y","origin":[7.5,3.92041,0]},"faces":{"east":{"uv":[2,7,4,8.5],"texture":"#0"},"south":{"uv":[13,0,14,1.5],"texture":"#0"},"west":{"uv":[7,3,9,4.5],"texture":"#0"},"up":{"uv":[5,13,4,11],"texture":"#0"},"down":{"uv":[12,4,11,6],"texture":"#0"}}},{"from":[7.25,6.97041,2.4],"to":[8.75,8.97041,3.4],"rotation":{"angle":-22.5,"axis":"x","origin":[8,7.97041,2.9]},"faces":{"north":{"uv":[8,8,9.5,10],"texture":"#0"},"east":{"uv":[12,4,13,6],"texture":"#0"},"south":{"uv":[2,9,3.5,11],"texture":"#0"},"west":{"uv":[12,6,13,8],"texture":"#0"},"up":{"uv":[13.5,12,12,11],"texture":"#0"},"down":{"uv":[3.5,13,2,14],"texture":"#0"}}},{"from":[7.475,6.61385,7.5412],"to":[8.525,8.61385,9.5412],"rotation":{"angle":22.5,"axis":"x","origin":[8,7.61385,8.5412]},"faces":{"north":{"uv":[5,11,6,13],"texture":"#0"},"east":{"uv":[5,3,7,5],"texture":"#0"},"south":{"uv":[6,11,7,13],"texture":"#0"},"west":{"uv":[5,5,7,7],"texture":"#0"},"up":{"uv":[12,8,11,6],"texture":"#0"},"down":{"uv":[13,0,12,2],"texture":"#0"}}},{"from":[7.275,6.81385,7.7412],"to":[8.725,8.41385,9.3412],"rotation":{"angle":22.5,"axis":"x","origin":[8,7.61385,8.5412]},"faces":{"north":{"uv":[9,3,10.5,4.5],"texture":"#0"},"east":{"uv":[10,0,11.5,1.5],"texture":"#0"},"south":{"uv":[8,10,9.5,11.5],"texture":"#0"},"west":{"uv":[10,8,11.5,9.5],"texture":"#0"},"up":{"uv":[11.5,11.5,10,10],"texture":"#0"},"down":{"uv":[1.5,11,0,12.5],"texture":"#0"}}},{"from":[7.5,7.92041,5],"to":[8.5,8.92041,8],"rotation":{"angle":0,"axis":"y","origin":[7.5,3.92041,0]},"faces":{"east":{"uv":[4,7,7,8],"texture":"#0"},"west":{"uv":[7,5,10,6],"texture":"#0"},"up":{"uv":[8,9,7,6],"texture":"#0"},"down":{"uv":[5,8,4,11],"texture":"#0"}}},{"from":[7.5,7.11921,9.25499],"to":[8.5,8.11921,12.25499],"rotation":{"angle":0,"axis":"x","origin":[8,7.0471,11.65237]},"faces":{"east":{"uv":[8,6,11,7],"texture":"#0"},"west":{"uv":[8,7,11,8],"texture":"#0"},"up":{"uv":[6,11,5,8],"texture":"#0"},"down":{"uv":[7,8,6,11],"texture":"#0"}}},{"from":[7.4,7.01921,12.25499],"to":[8.6,8.21921,12.75499],"rotation":{"angle":0,"axis":"x","origin":[8,7.0471,11.65237]},"faces":{"north":{"uv":[11,12,12.25,13.25],"texture":"#0"},"east":{"uv":[5,14,5.5,15.25],"texture":"#0"},"south":{"uv":[0,13,1.25,14.25],"texture":"#0"},"west":{"uv":[14,5,14.5,6.25],"texture":"#0"},"up":{"uv":[7.25,14.5,6,14],"texture":"#0"}}},{"from":[7.4,5.74329,12.18173],"to":[8.6,7.44329,12.68173],"rotation":{"angle":22.5,"axis":"x","origin":[8,7.0471,11.65237]},"faces":{"north":{"uv":[2,11,3.25,12.75],"texture":"#0"},"east":{"uv":[14,0,14.5,1.75],"texture":"#0"},"south":{"uv":[11,2,12.25,3.75],"texture":"#0"},"west":{"uv":[2,14,2.5,15.75],"texture":"#0"},"down":{"uv":[15.25,7,14,7.5],"texture":"#0"}}},{"from":[7.65,5.84434,9.18152],"to":[8.35,7.34434,12.18152],"rotation":{"angle":22.5,"axis":"x","origin":[8,7.0471,11.65237]},"faces":{"east":{"uv":[2,3,5,4.5],"texture":"#0"},"west":{"uv":[2,5,5,6.5],"texture":"#0"},"down":{"uv":[7.75,9,7,12],"texture":"#0"}}},{"from":[7.525,6.32041,7.475],"to":[8.475,8.12041,8.425],"rotation":{"angle":-22.5,"axis":"x","origin":[7.5,6.12041,7.45]},"faces":{"north":{"uv":[9,12,10,13.75],"texture":"#0"},"east":{"uv":[12,9,13,10.75],"texture":"#0"},"west":{"uv":[10,12,11,13.75],"texture":"#0"},"down":{"uv":[11,2,10,3],"texture":"#0"}}},{"from":[6.68764,8.62118,2.4],"to":[7.18764,10.12118,3.4],"rotation":{"angle":22.5,"axis":"z","origin":[6.7257,9.42984,2.4]},"faces":{"north":{"uv":[14,2,14.5,3.5],"texture":"#0"},"east":{"uv":[13,2,14,3.5],"texture":"#0"},"south":{"uv":[3,14,3.5,15.5],"texture":"#0"},"west":{"uv":[4,13,5,14.5],"texture":"#0"},"up":{"uv":[8.5,15,8,14],"texture":"#0"},"down":{"uv":[14.5,8,14,9],"texture":"#0"}}},{"from":[7,8.66817,2.4],"to":[9,9.16817,3.4],"rotation":{"angle":0,"axis":"z","origin":[7.80866,8.70623,2.4]},"faces":{"north":{"uv":[13,4,15,4.5],"texture":"#0"},"south":{"uv":[5,13,7,13.5],"texture":"#0"},"up":{"uv":[9,13,7,12],"texture":"#0"},"down":{"uv":[14,8,12,9],"texture":"#0"}}},{"from":[6,8.94317,2.6],"to":[7,9.94317,3.1],"rotation":{"angle":0,"axis":"y","origin":[6,8.94317,2.6]},"faces":{"north":{"uv":[10,5,11,6],"texture":"#0"},"south":{"uv":[13,5,14,6],"texture":"#0"},"up":{"uv":[10,14.5,9,14],"texture":"#0"},"down":{"uv":[15,9,14,9.5],"texture":"#0"}}},{"from":[5.13373,8.94317,2.77231],"to":[6.13373,9.94317,3.27231],"rotation":{"angle":22.5,"axis":"y","origin":[5.63373,9.44317,3.02231]},"faces":{"north":{"uv":[13,6,14,7],"texture":"#0"},"south":{"uv":[7,13,8,14],"texture":"#0"},"up":{"uv":[11,14.5,10,14],"texture":"#0"},"down":{"uv":[15,10,14,10.5],"texture":"#0"}}},{"from":[4.39934,8.94317,3.26301],"to":[5.39934,9.94317,3.76301],"rotation":{"angle":45,"axis":"y","origin":[4.89934,9.44317,3.51301]},"faces":{"north":{"uv":[13,7,14,8],"texture":"#0"},"south":{"uv":[8,13,9,14],"texture":"#0"},"up":{"uv":[12,14.5,11,14],"texture":"#0"},"down":{"uv":[15,11,14,11.5],"texture":"#0"}}},{"from":[4.15864,8.94317,3.7474],"to":[4.65864,9.94317,4.7474],"rotation":{"angle":-22.5,"axis":"y","origin":[4.40864,9.44317,4.2474]},"faces":{"east":{"uv":[13,9,14,10],"texture":"#0"},"west":{"uv":[13,10,14,11],"texture":"#0"},"up":{"uv":[12.5,15,12,14],"texture":"#0"},"down":{"uv":[14.5,12,14,13],"texture":"#0"}}},{"from":[3.84472,8.94317,4.55501],"to":[4.34472,9.94317,5.05501],"rotation":{"angle":-45,"axis":"y","origin":[4.09472,9.44317,4.80501]},"faces":{"east":{"uv":[13,14,13.5,15],"texture":"#0"},"west":{"uv":[14,13,14.5,14],"texture":"#0"},"up":{"uv":[6.5,15.5,6,15],"texture":"#0"},"down":{"uv":[15.5,6,15,6.5],"texture":"#0"}}},{"from":[3.51808,8.94317,4.77327],"to":[4.01808,9.94317,5.27327],"rotation":{"angle":22.5,"axis":"y","origin":[3.76808,9.44317,5.02327]},"faces":{"north":{"uv":[14,14,14.5,15],"texture":"#0"},"south":{"uv":[0,15,0.5,16],"texture":"#0"},"up":{"uv":[7.5,15.5,7,15],"texture":"#0"},"down":{"uv":[8.5,15,8,15.5],"texture":"#0"}}},{"from":[3.13278,8.94317,4.84991],"to":[3.63278,9.94317,5.34991],"rotation":{"angle":0,"axis":"y","origin":[3.38278,9.44317,5.09991]},"faces":{"north":{"uv":[15,0,15.5,1],"texture":"#0"},"south":{"uv":[1,15,1.5,16],"texture":"#0"},"up":{"uv":[15.5,8.5,15,8],"texture":"#0"},"down":{"uv":[9.5,15,9,15.5],"texture":"#0"}}},{"from":[2.74748,8.94317,4.77327],"to":[3.24748,9.94317,5.27327],"rotation":{"angle":-22.5,"axis":"y","origin":[2.99748,9.44317,5.02327]},"faces":{"north":{"uv":[15,1,15.5,2],"texture":"#0"},"south":{"uv":[15,2,15.5,3],"texture":"#0"},"west":{"uv":[15,3,15.5,4],"texture":"#0"},"up":{"uv":[15.5,9.5,15,9],"texture":"#0"},"down":{"uv":[10.5,15,10,15.5],"texture":"#0"}}},{"from":[8.81236,8.62118,2.4],"to":[9.31236,10.12118,3.4],"rotation":{"angle":-22.5,"axis":"z","origin":[9.2743,9.42984,2.4]},"faces":{"north":{"uv":[14.5,2,14,3.5],"texture":"#0"},"east":{"uv":[5,13,4,14.5],"texture":"#0"},"south":{"uv":[3.5,14,3,15.5],"texture":"#0"},"west":{"uv":[14,2,13,3.5],"texture":"#0"},"up":{"uv":[8,15,8.5,14],"texture":"#0"},"down":{"uv":[14,8,14.5,9],"texture":"#0"}}},{"from":[9,8.94317,2.6],"to":[10,9.94317,3.1],"rotation":{"angle":0,"axis":"y","origin":[10,8.94317,2.6]},"faces":{"north":{"uv":[11,5,10,6],"texture":"#0"},"south":{"uv":[14,5,13,6],"texture":"#0"},"up":{"uv":[9,14.5,10,14],"texture":"#0"},"down":{"uv":[14,9,15,9.5],"texture":"#0"}}},{"from":[9.86627,8.94317,2.77231],"to":[10.86627,9.94317,3.27231],"rotation":{"angle":-22.5,"axis":"y","origin":[10.36627,9.44317,3.02231]},"faces":{"north":{"uv":[14,6,13,7],"texture":"#0"},"south":{"uv":[8,13,7,14],"texture":"#0"},"up":{"uv":[10,14.5,11,14],"texture":"#0"},"down":{"uv":[14,10,15,10.5],"texture":"#0"}}},{"from":[10.60066,8.94317,3.26301],"to":[11.60066,9.94317,3.76301],"rotation":{"angle":-45,"axis":"y","origin":[11.10066,9.44317,3.51301]},"faces":{"north":{"uv":[14,7,13,8],"texture":"#0"},"south":{"uv":[9,13,8,14],"texture":"#0"},"up":{"uv":[11,14.5,12,14],"texture":"#0"},"down":{"uv":[14,11,15,11.5],"texture":"#0"}}},{"from":[11.34136,8.94317,3.7474],"to":[11.84136,9.94317,4.7474],"rotation":{"angle":22.5,"axis":"y","origin":[11.59136,9.44317,4.2474]},"faces":{"east":{"uv":[14,10,13,11],"texture":"#0"},"west":{"uv":[14,9,13,10],"texture":"#0"},"up":{"uv":[12,15,12.5,14],"texture":"#0"},"down":{"uv":[14,12,14.5,13],"texture":"#0"}}},{"from":[11.65528,8.94317,4.55501],"to":[12.15528,9.94317,5.05501],"rotation":{"angle":45,"axis":"y","origin":[11.90528,9.44317,4.80501]},"faces":{"east":{"uv":[14.5,13,14,14],"texture":"#0"},"west":{"uv":[13.5,14,13,15],"texture":"#0"},"up":{"uv":[6,15.5,6.5,15],"texture":"#0"},"down":{"uv":[15,6,15.5,6.5],"texture":"#0"}}},{"from":[11.98192,8.94317,4.77327],"to":[12.48192,9.94317,5.27327],"rotation":{"angle":-22.5,"axis":"y","origin":[12.23192,9.44317,5.02327]},"faces":{"north":{"uv":[14.5,14,14,15],"texture":"#0"},"south":{"uv":[0.5,15,0,16],"texture":"#0"},"up":{"uv":[7,15.5,7.5,15],"texture":"#0"},"down":{"uv":[8,15,8.5,15.5],"texture":"#0"}}},{"from":[12.36722,8.94317,4.84991],"to":[12.86722,9.94317,5.34991],"rotation":{"angle":0,"axis":"y","origin":[12.61722,9.44317,5.09991]},"faces":{"north":{"uv":[15.5,0,15,1],"texture":"#0"},"south":{"uv":[1.5,15,1,16],"texture":"#0"},"up":{"uv":[15,8.5,15.5,8],"texture":"#0"},"down":{"uv":[9,15,9.5,15.5],"texture":"#0"}}},{"from":[12.75252,8.94317,4.77327],"to":[13.25252,9.94317,5.27327],"rotation":{"angle":22.5,"axis":"y","origin":[13.00252,9.44317,5.02327]},"faces":{"north":{"uv":[15.5,1,15,2],"texture":"#0"},"east":{"uv":[15.5,3,15,4],"texture":"#0"},"south":{"uv":[15.5,2,15,3],"texture":"#0"},"up":{"uv":[15,9.5,15.5,9],"texture":"#0"},"down":{"uv":[10,15,10.5,15.5],"texture":"#0"}}},{"from":[7.75,8.19541,8],"to":[8.25,9.19541,9],"rotation":{"angle":-45,"axis":"x","origin":[7.75,8.19541,8]},"faces":{"east":{"uv":[13,12,14,13],"texture":"#0"},"south":{"uv":[4,15,4.5,16],"texture":"#0"},"west":{"uv":[13,13,14,14],"texture":"#0"},"up":{"uv":[15.5,5,15,4],"texture":"#0"},"down":{"uv":[15.5,5,15,6],"texture":"#0"}}},{"from":[3,9.42041,5],"to":[13,9.47041,8],"rotation":{"angle":0,"axis":"y","origin":[7.25,9.42041,0]},"faces":{"up":{"uv":[10,3,0,0],"texture":"#0"},"down":{"uv":[10,0,0,3],"texture":"#0"}}},{"from":[0.6,5.85,3.025],"to":[7.6,12.85,3.075],"rotation":{"angle":22.5,"axis":"y","origin":[4.1,9.35,3.025]},"faces":{"north":{"uv":[0,0,12,12],"texture":"#1"},"south":{"uv":[12,0,0,12],"texture":"#1"}}},{"from":[8.4,5.85,3.025],"to":[15.4,12.85,3.075],"rotation":{"angle":-22.5,"axis":"y","origin":[11.9,9.35,3.025]},"faces":{"north":{"uv":[12,0,0,12],"texture":"#1"},"south":{"uv":[0,0,12,12],"texture":"#1"}}}],"gui_light":"front","display":{"thirdperson_righthand":{"translation":[0,0.25,1]},"thirdperson_lefthand":{"translation":[0,0.25,1]},"firstperson_righthand":{"rotation":[0,0,15.25],"translation":[-3,4.75,4.75]},"firstperson_lefthand":{"rotation":[0,0,15.25],"translation":[-3,4.75,4.75]},"ground":{"rotation":[25,0,0],"translation":[0,6.25,0]},"gui":{"rotation":[90,45,0],"translation":[1.5,-1.5,0],"scale":[1.35156,1.35156,1.35156]},"head":{"rotation":[-37,180,0],"translation":[0,-2,-1],"scale":[1.5,1.5,1.5]},"fixed":{"rotation":[-90,0,0],"translation":[0,1.5,-3.25],"scale":[2.69141,2.69141,2.69141]}}}