{"credit":"MadewithBlockbench","texture_size":[64,64],"textures":{"1":"royal:royal_statue","particle":"royal:royal_statue"},"elements":[{"name":"0","from":[0,0,0],"to":[16,4,16],"rotation":{"angle":0,"axis":"y","origin":[7.5,16.75,8]},"faces":{"north":{"uv":[3.5,8,7.5,9],"texture":"#1"},"east":{"uv":[3.5,8,7.5,9],"texture":"#1"},"south":{"uv":[3.5,8,7.5,9],"texture":"#1"},"west":{"uv":[3.5,8,7.5,9],"texture":"#1"},"up":{"uv":[8,4,4,0],"texture":"#1"},"down":{"uv":[8,4,4,8],"texture":"#1"}}},{"name":"0","from":[5,4,6],"to":[11,13,11],"rotation":{"angle":0,"axis":"y","origin":[7.5,16.75,8]},"faces":{"north":{"uv":[0,12.5,1.5,14.75],"texture":"#1"},"east":{"uv":[1.5,12.5,2.75,14.75],"texture":"#1"},"south":{"uv":[0,12.5,1.5,14.75],"texture":"#1"},"west":{"uv":[1.5,12.5,2.75,14.75],"texture":"#1"},"up":{"uv":[0,12.5,1.5,13.75],"texture":"#1"}}},{"name":"0","from":[5,16,3],"to":[11,22,8],"rotation":{"angle":-22.5,"axis":"x","origin":[8,20.5,5.5]},"faces":{"north":{"uv":[9.75,14.5,11.25,16],"texture":"#1"},"east":{"uv":[9.875,14.5,11.125,16],"texture":"#1"},"south":{"uv":[9.75,14.5,11.25,16],"texture":"#1"},"west":{"uv":[9.875,14.5,11.125,16],"texture":"#1"}}},{"name":"0","from":[5,22,2],"to":[11,28,9],"rotation":{"angle":-22.5,"axis":"x","origin":[8,20.5,5.5]},"faces":{"north":{"uv":[16,11.25,14.5,12.75],"texture":"#1"},"east":{"uv":[12.75,10.75,14.5,12.25],"texture":"#1"},"south":{"uv":[14.25,9.25,12.75,10.75],"texture":"#1"},"west":{"uv":[14.5,10.75,12.75,12.25],"texture":"#1"},"up":{"uv":[16,12.75,14.5,14.5],"texture":"#1"},"down":{"uv":[16,12.75,14.5,14.5],"texture":"#1"}}},{"name":"0","from":[8,28,2],"to":[8,32,12],"rotation":{"angle":-22.5,"axis":"x","origin":[8,20.5,5.5]},"faces":{"east":{"uv":[0,15,2.5,16],"texture":"#1"},"west":{"uv":[2.5,15,0,16],"texture":"#1"}}},{"name":"0","from":[7,21,-4],"to":[9,22,2],"rotation":{"angle":0,"axis":"y","origin":[8,20.5,5.5]},"faces":{"north":{"uv":[3.25,13.5,2.75,13.75],"texture":"#1"},"east":{"uv":[3.75,13,5.25,13.25],"texture":"#1"},"west":{"uv":[5.25,13,3.75,13.25],"texture":"#1"},"up":{"uv":[5.25,13.25,3.75,13.75],"rotation":90,"texture":"#1"},"down":{"uv":[5.25,13.25,3.75,13.75],"rotation":90,"texture":"#1"}}},{"name":"0","from":[7,22,-1],"to":[9,24,2],"rotation":{"angle":0,"axis":"y","origin":[8,20.5,5.5]},"faces":{"north":{"uv":[4,12.5,3.5,13],"texture":"#1"},"east":{"uv":[4,12.5,4.75,13],"texture":"#1"},"west":{"uv":[4.75,12.5,4,13],"texture":"#1"},"up":{"uv":[3.75,13,3.25,13.75],"texture":"#1"}}},{"name":"0","from":[5,11,9],"to":[11,14,15],"rotation":{"angle":22.5,"axis":"x","origin":[8,10.5,13.5]},"faces":{"east":{"uv":[12.75,13.75,11.25,14.5],"texture":"#1"},"south":{"uv":[11.25,13.75,12.75,14.5],"texture":"#1"},"west":{"uv":[11.25,13.75,12.75,14.5],"texture":"#1"},"up":{"uv":[11.25,14.5,12.75,16],"texture":"#1"},"down":{"uv":[11.25,16,12.75,14.5],"texture":"#1"}}},{"name":"0","from":[3,12,15],"to":[13,12,21],"rotation":{"angle":0,"axis":"y","origin":[8,10.5,13.5]},"faces":{"up":{"uv":[12.75,14.5,15.25,16],"texture":"#1"},"down":{"uv":[12.75,16,15.25,14.5],"texture":"#1"}}},{"name":"0","from":[4,11,5],"to":[12,20,12],"rotation":{"angle":-45,"axis":"x","origin":[8,15.5,8.5]},"faces":{"north":{"uv":[2.75,13.75,4.75,16],"texture":"#1"},"east":{"uv":[4.75,13.75,6.5,16],"texture":"#1"},"south":{"uv":[2.75,13.75,4.75,16],"texture":"#1"},"west":{"uv":[4.75,13.75,6.5,16],"texture":"#1"},"up":{"uv":[6.5,16,8.5,14.25],"texture":"#1"},"down":{"uv":[6.5,14.25,8.5,16],"texture":"#1"}}},{"name":"0","from":[2,-5,2],"to":[14,0,14],"rotation":{"angle":0,"axis":"y","origin":[7.5,16.75,8]},"faces":{"north":{"uv":[8,5,11,6.25],"texture":"#1"},"east":{"uv":[8,6.25,11,7.5],"texture":"#1"},"south":{"uv":[8,6.25,11,7.5],"texture":"#1"},"west":{"uv":[8,6.25,11,7.5],"texture":"#1"}}},{"name":"0","from":[1,-8,1],"to":[15,-5,15],"rotation":{"angle":0,"axis":"y","origin":[7.5,16.75,8]},"faces":{"north":{"uv":[9.25,9.25,12.75,10],"texture":"#1"},"east":{"uv":[9.25,9.25,12.75,10],"texture":"#1"},"south":{"uv":[9.25,9.25,12.75,10],"texture":"#1"},"west":{"uv":[9.25,9.25,12.75,10],"texture":"#1"},"up":{"uv":[3.5,11.5,0,8],"texture":"#1"}}},{"name":"0","from":[0,-12,0],"to":[16,-8,16],"rotation":{"angle":0,"axis":"y","origin":[7.5,16.75,8]},"faces":{"north":{"uv":[8,0,12,1],"texture":"#1"},"east":{"uv":[8,0,12,1],"texture":"#1"},"south":{"uv":[8,0,12,1],"texture":"#1"},"west":{"uv":[8,0,12,1],"texture":"#1"},"up":{"uv":[4,4,0,0],"texture":"#1"},"down":{"uv":[4,4,0,8],"texture":"#1"}}},{"name":"0","from":[-2,14,7.25],"to":[7,21,7.25],"rotation":{"angle":-22.5,"axis":"z","origin":[4,21,7.25]},"faces":{"north":{"uv":[14.25,8.5,16,10.75],"rotation":270,"texture":"#1"},"south":{"uv":[16,8.5,14.25,10.75],"rotation":90,"texture":"#1"}}},{"name":"0","from":[-7.55762,16.27603,7.15],"to":[1.44238,23.27603,7.15],"rotation":{"angle":-45,"axis":"z","origin":[-1.5,23.25,7.25]},"faces":{"north":{"uv":[14.25,6.25,16,8.5],"rotation":270,"texture":"#1"},"south":{"uv":[16,6.25,14.25,8.5],"rotation":90,"texture":"#1"}}},{"name":"0","from":[9,14,7.25],"to":[18,21,7.25],"rotation":{"angle":22.5,"axis":"z","origin":[12,21,7.25]},"faces":{"north":{"uv":[14.25,10.75,16,8.5],"rotation":270,"texture":"#1"},"south":{"uv":[16,10.75,14.25,8.5],"rotation":90,"texture":"#1"}}},{"name":"0","from":[14.55762,16.27603,7.15],"to":[23.55762,23.27603,7.15],"rotation":{"angle":45,"axis":"z","origin":[17.5,23.25,7.25]},"faces":{"north":{"uv":[14.25,8.5,16,6.25],"rotation":270,"texture":"#1"},"south":{"uv":[16,8.5,14.25,6.25],"rotation":90,"texture":"#1"}}}],"display":{"thirdperson_righthand":{"rotation":[45,0,0],"translation":[0,-1,-0.5],"scale":[0.25,0.25,0.25]},"thirdperson_lefthand":{"rotation":[45,0,0],"translation":[0,-1,-0.5],"scale":[0.25,0.25,0.25]},"firstperson_righthand":{"translation":[13.5,-1,-12],"scale":[0.4,0.4,0.46]},"firstperson_lefthand":{"translation":[13.5,-1,-12],"scale":[0.4,0.4,0.46]},"ground":{"translation":[0,6.25,0],"scale":[0.4,0.4,0.4]},"gui":{"rotation":[15,-145,0],"translation":[0.25,-0.25,0],"scale":[0.33,0.33,0.33]},"head":{"translation":[0,-3,0],"scale":[2,2,2]},"fixed":{"rotation":[-90,0,0],"translation":[0,0,-40],"scale":[2,2,2]}}}