{"textures​":{"layer0":"minecraft:item/magenta_candle_cake"},"credit":"MadewithBlockbench","texture_size":[128,128],"\u0074\u0065\u0078\u0074\u0075\u0072\u0065\u0073":{"0":"\u0065\u006c\u0069\u0074\u0065\u0063\u0072\u0065\u0061\u0074\u0075\u0072\u0065\u0073:\u0067\u0068\u006f\u0073\u0074\u006c\u0079_\u0061\u006e\u0069\u006d\u0061\u0074\u0065\u0064_\u0077\u0065\u0061\u0070\u006f\u006e_\u0073\u0065\u0074/\u0063\u0061\u0073\u0070\u0065\u0072\u0067\u0068\u006f\u0073\u0074_\u0074\u0065\u0078\u0074\u0075\u0072\u0065_01","1":"\u0065\u006c\u0069\u0074\u0065\u0063\u0072\u0065\u0061\u0074\u0075\u0072\u0065\u0073:\u0067\u0068\u006f\u0073\u0074\u006c\u0079_\u0061\u006e\u0069\u006d\u0061\u0074\u0065\u0064_\u0077\u0065\u0061\u0070\u006f\u006e_\u0073\u0065\u0074/\u0063\u0061\u0073\u0070\u0065\u0072\u0067\u0068\u006f\u0073\u0074_\u0061\u006e\u0069\u006d\u0061\u0074\u0069\u006f\u006e_01","2":"\u0065\u006c\u0069\u0074\u0065\u0063\u0072\u0065\u0061\u0074\u0075\u0072\u0065\u0073:\u0067\u0068\u006f\u0073\u0074\u006c\u0079_\u0061\u006e\u0069\u006d\u0061\u0074\u0065\u0064_\u0077\u0065\u0061\u0070\u006f\u006e_\u0073\u0065\u0074/\u0063\u0061\u0073\u0070\u0065\u0072\u0067\u0068\u006f\u0073\u0074_\u0061\u006e\u0069\u006d\u0061\u0074\u0069\u006f\u006e_02","3":"\u0065\u006c\u0069\u0074\u0065\u0063\u0072\u0065\u0061\u0074\u0075\u0072\u0065\u0073:\u0067\u0068\u006f\u0073\u0074\u006c\u0079_\u0061\u006e\u0069\u006d\u0061\u0074\u0065\u0064_\u0077\u0065\u0061\u0070\u006f\u006e_\u0073\u0065\u0074/\u0063\u0061\u0073\u0070\u0065\u0072\u0067\u0068\u006f\u0073\u0074_\u0061\u006e\u0069\u006d\u0061\u0074\u0069\u006f\u006e_03","\u0070\u0061\u0072\u0074\u0069\u0063\u006c\u0065":"\u0065\u006c\u0069\u0074\u0065\u0063\u0072\u0065\u0061\u0074\u0075\u0072\u0065\u0073:\u0067\u0068\u006f\u0073\u0074\u006c\u0079_\u0061\u006e\u0069\u006d\u0061\u0074\u0065\u0064_\u0077\u0065\u0061\u0070\u006f\u006e_\u0073\u0065\u0074/\u0063\u0061\u0073\u0070\u0065\u0072\u0067\u0068\u006f\u0073\u0074_\u0074\u0065\u0078\u0074\u0075\u0072\u0065_01"},"elements":[{"from":[6.75,-15.4,6.75],"to":[9.25,-12.9,9.25],"rotation":{"angle":0,"axis":"y","origin":[7,5.5,8]},"faces":{"north":{"uv":[0.25,0.6875,0.5625,1],"texture":"#0"},"east":{"uv":[0.25,0.6875,0.5625,1],"texture":"#0"},"south":{"uv":[0.25,0.6875,0.5625,1],"texture":"#0"},"west":{"uv":[0.25,0.6875,0.5625,1],"texture":"#0"},"up":{"uv":[0.25,1,0.5625,1.3125],"texture":"#0"},"down":{"uv":[0.25,1,0.5625,1.3125],"texture":"#0"}}},{"from":[6.5,-13.5,6.5],"to":[9.5,-11,9.5],"rotation":{"angle":0,"axis":"y","origin":[7,5.5,8]},"faces":{"north":{"uv":[0.25,0,0.625,0.3125],"texture":"#0"},"east":{"uv":[0.25,0,0.625,0.3125],"texture":"#0"},"south":{"uv":[0.25,0,0.625,0.3125],"texture":"#0"},"west":{"uv":[0.25,0,0.625,0.3125],"texture":"#0"},"up":{"uv":[0.25,0.3125,0.625,0.6875],"texture":"#0"},"down":{"uv":[0.25,0.3125,0.625,0.6875],"texture":"#0"}}},{"from":[6.5,3.5,6.5],"to":[9.5,6,9.5],"rotation":{"angle":0,"axis":"y","origin":[7,5.5,8]},"faces":{"north":{"uv":[0.25,0,0.625,0.3125],"texture":"#0"},"east":{"uv":[0.25,0,0.625,0.3125],"texture":"#0"},"south":{"uv":[0.25,0,0.625,0.3125],"texture":"#0"},"west":{"uv":[0.25,0,0.625,0.3125],"texture":"#0"},"up":{"uv":[0.25,0.3125,0.625,0.6875],"texture":"#0"},"down":{"uv":[0.25,0.3125,0.625,0.6875],"texture":"#0"}}},{"from":[6.5,14,6.5],"to":[9.5,16.5,9.5],"rotation":{"angle":0,"axis":"y","origin":[7,10.5,8]},"faces":{"north":{"uv":[0.25,0.3125,0.625,0],"texture":"#0"},"east":{"uv":[0.25,0.3125,0.625,0],"texture":"#0"},"south":{"uv":[0.25,0.3125,0.625,0],"texture":"#0"},"west":{"uv":[0.25,0.3125,0.625,0],"texture":"#0"},"up":{"uv":[0.25,0.6875,0.625,0.3125],"texture":"#0"},"down":{"uv":[0.25,0.6875,0.625,0.3125],"texture":"#0"}}},{"from":[6.75,15.9,6.75],"to":[9.25,18.4,9.25],"rotation":{"angle":0,"axis":"y","origin":[7,10.5,8]},"faces":{"north":{"uv":[0.25,1,0.5625,0.6875],"texture":"#0"},"east":{"uv":[0.25,1,0.5625,0.6875],"texture":"#0"},"south":{"uv":[0.25,1,0.5625,0.6875],"texture":"#0"},"west":{"uv":[0.25,1,0.5625,0.6875],"texture":"#0"},"up":{"uv":[0.25,1.3125,0.5625,1],"texture":"#0"},"down":{"uv":[0.25,1.3125,0.5625,1],"texture":"#0"}}},{"from":[7,-11,7],"to":[9,-1,9],"faces":{"north":{"uv":[0.25,0,0,1.25],"texture":"#0"},"east":{"uv":[0,0,0.25,1.25],"texture":"#0"},"south":{"uv":[0.25,0,0,1.25],"texture":"#0"},"west":{"uv":[0,0,0.25,1.25],"texture":"#0"},"up":{"uv":[0,1.25,0.25,1.5],"texture":"#0"},"down":{"uv":[0,1.25,0.25,1.5],"texture":"#0"}}},{"from":[4.8,11,2],"to":[4.8,27,13],"rotation":{"angle":0,"axis":"y","origin":[0,-2,0]},"faces":{"north":{"uv":[0,0,0,16],"texture":"#1"},"east":{"uv":[11,0,0,16],"texture":"#1"},"south":{"uv":[0,0,0,16],"texture":"#1"},"west":{"uv":[0,0,11,16],"texture":"#1"},"up":{"uv":[0,10,0,0],"texture":"#1"},"down":{"uv":[0,0,0,10],"texture":"#1"}}},{"from":[7,8,10],"to":[7,13,15],"rotation":{"angle":22.5,"axis":"x","origin":[-1,-3,16]},"faces":{"north":{"uv":[0,0,0,14],"texture":"#2"},"east":{"uv":[0,0,14,14],"texture":"#2"},"south":{"uv":[0,0,0,14],"texture":"#2"},"west":{"uv":[14,0,0,14],"texture":"#2"},"up":{"uv":[0,0,0,14],"texture":"#2"},"down":{"uv":[0,14,0,0],"texture":"#2"}}},{"from":[7,12,2],"to":[7,17,7],"rotation":{"angle":-22.5,"axis":"x","origin":[-1,-3,0]},"faces":{"north":{"uv":[0,0,0,14],"texture":"#2"},"east":{"uv":[14,0,0,14],"texture":"#2"},"south":{"uv":[0,0,0,14],"texture":"#2"},"west":{"uv":[0,0,14,14],"texture":"#2"},"up":{"uv":[0,14,0,0],"texture":"#2"},"down":{"uv":[0,0,0,14],"texture":"#2"}}},{"from":[9,5,0],"to":[9,10,5],"rotation":{"angle":-22.5,"axis":"x","origin":[17,-3,0]},"faces":{"north":{"uv":[0,0,0,14],"texture":"#2"},"east":{"uv":[0,0,14,14],"texture":"#2"},"south":{"uv":[0,0,0,14],"texture":"#2"},"west":{"uv":[14,0,0,14],"texture":"#2"},"up":{"uv":[0,14,0,0],"texture":"#2"},"down":{"uv":[0,0,0,14],"texture":"#2"}}},{"from":[8,24,14],"to":[8,29,18],"rotation":{"angle":-22.5,"axis":"x","origin":[0,-2,16]},"faces":{"north":{"uv":[0,0,0,10],"texture":"#3"},"east":{"uv":[0,0,8,10],"texture":"#3"},"south":{"uv":[0,0,0,10],"texture":"#3"},"west":{"uv":[8,0,0,10],"texture":"#3"},"up":{"uv":[0,0,0,8],"texture":"#3"},"down":{"uv":[0,8,0,0],"texture":"#3"}}},{"from":[7,-1,7],"to":[9,10,9],"faces":{"north":{"uv":[0.25,0,0,1.25],"texture":"#0"},"east":{"uv":[0,0,0.25,1.25],"texture":"#0"},"south":{"uv":[0.25,0,0,1.25],"texture":"#0"},"west":{"uv":[0,0,0.25,1.25],"texture":"#0"},"up":{"uv":[0,1.25,0.25,1.5],"texture":"#0"},"down":{"uv":[0,1.25,0.25,1.5],"texture":"#0"}}},{"from":[7.5,11,-2],"to":[8.5,15,3],"rotation":{"angle":0,"axis":"y","origin":[0,21,24]},"faces":{"north":{"uv":[6,1.5,5.875,2],"texture":"#0"},"east":{"uv":[5.25,1.5,5.75,2.125],"rotation":90,"texture":"#0"},"south":{"uv":[6,1.5,5.875,2],"texture":"#0"},"west":{"uv":[5.25,2.125,5.75,1.5],"rotation":90,"texture":"#0"},"up":{"uv":[5.75,2.125,5.875,1.5],"rotation":180,"texture":"#0"},"down":{"uv":[5.75,2.125,5.875,1.5],"rotation":180,"texture":"#0"}}},{"from":[7.6,11.6,-3.4],"to":[8.4,14.4,-0.6],"rotation":{"angle":45,"axis":"x","origin":[8,13,-2]},"faces":{"north":{"uv":[4.1625,1.125,4.0625,1.475],"rotation":180,"texture":"#0"},"east":{"uv":[3.5625,1.375,3.9125,1.725],"rotation":180,"texture":"#0"},"south":{"uv":[4.1625,1.125,4.0625,1.475],"rotation":180,"texture":"#0"},"west":{"uv":[3.9125,1.375,3.5625,1.725],"rotation":180,"texture":"#0"},"up":{"uv":[4.0625,1.475,4.1625,1.125],"texture":"#0"},"down":{"uv":[4.0625,1.475,4.1625,1.125],"texture":"#0"}}},{"from":[7.5,11,13],"to":[8.5,15,18],"rotation":{"angle":0,"axis":"y","origin":[0,21,-8]},"faces":{"north":{"uv":[5.875,1.5,6,2],"texture":"#0"},"east":{"uv":[5.25,2.125,5.75,1.5],"rotation":90,"texture":"#0"},"south":{"uv":[5.875,1.5,6,2],"texture":"#0"},"west":{"uv":[5.25,1.5,5.75,2.125],"rotation":90,"texture":"#0"},"up":{"uv":[5.75,1.5,5.875,2.125],"rotation":180,"texture":"#0"},"down":{"uv":[5.75,1.5,5.875,2.125],"rotation":180,"texture":"#0"}}},{"from":[7.6,11.6,16.6],"to":[8.4,14.4,19.4],"rotation":{"angle":-45,"axis":"x","origin":[8,13,18]},"faces":{"north":{"uv":[4.0625,1.125,4.1625,1.475],"rotation":180,"texture":"#0"},"east":{"uv":[3.9125,1.375,3.5625,1.725],"rotation":180,"texture":"#0"},"south":{"uv":[4.0625,1.125,4.1625,1.475],"rotation":180,"texture":"#0"},"west":{"uv":[3.5625,1.375,3.9125,1.725],"rotation":180,"texture":"#0"},"up":{"uv":[4.0625,1.125,4.1625,1.475],"texture":"#0"},"down":{"uv":[4.0625,1.125,4.1625,1.475],"texture":"#0"}}},{"from":[6,11,2.5],"to":[10,14.5,13.5],"rotation":{"angle":0,"axis":"y","origin":[7,16.5,8]},"faces":{"north":{"uv":[0.9375,0.875,1.4375,1.3125],"texture":"#0"},"east":{"uv":[0,1.5,1.375,1.9375],"texture":"#0"},"south":{"uv":[0.9375,0.875,1.4375,1.3125],"texture":"#0"},"west":{"uv":[0,1.5,1.375,1.9375],"texture":"#0"},"up":{"uv":[1.625,0,2.125,1.375],"texture":"#0"},"down":{"uv":[1.625,0,2.125,1.375],"texture":"#0"}}},{"from":[6.5,10,5.5],"to":[9.5,11,10.5],"rotation":{"angle":0,"axis":"y","origin":[7,1.5,8]},"faces":{"north":{"uv":[0.5625,0.875,0.9375,1],"texture":"#0"},"east":{"uv":[0.875,1.3125,0.25,1.4375],"texture":"#0"},"south":{"uv":[0.5625,0.875,0.9375,1],"texture":"#0"},"west":{"uv":[0.25,1.3125,0.875,1.4375],"texture":"#0"},"up":{"uv":[1.25,0,1.625,0.625],"texture":"#0"},"down":{"uv":[1.25,0,1.625,0.625],"texture":"#0"}}},{"from":[6.75,14.5,3.5],"to":[9.25,15.5,12.5],"rotation":{"angle":0,"axis":"y","origin":[7,16.5,8]},"faces":{"north":{"uv":[1.125,1.3125,1.4375,1.4375],"texture":"#0"},"east":{"uv":[0,1.9375,1.125,2.0625],"texture":"#0"},"south":{"uv":[1.125,1.3125,1.4375,1.4375],"texture":"#0"},"west":{"uv":[0,1.9375,1.125,2.0625],"texture":"#0"},"up":{"uv":[4.0625,0,4.375,1.125],"texture":"#0"},"down":{"uv":[4.0625,0,4.375,1.125],"texture":"#0"}}},{"from":[6.75,14.3,-0.5],"to":[9.25,17.3,3],"rotation":{"angle":-45,"axis":"x","origin":[7,16.5,8]},"faces":{"north":{"uv":[2.4375,0.875,2.125,1.25],"texture":"#0"},"east":{"uv":[1.375,1.9375,1.75,1.5],"rotation":270,"texture":"#0"},"south":{"uv":[2.4375,0.875,2.125,1.25],"rotation":180,"texture":"#0"},"west":{"uv":[1.375,1.9375,1.75,1.5],"rotation":90,"texture":"#0"},"up":{"uv":[1.75,1.9375,2.0625,1.5],"rotation":180,"texture":"#0"},"down":{"uv":[1.75,1.9375,2.0625,1.5],"texture":"#0"}}},{"from":[6.75,14.3,13],"to":[9.25,17.3,16.5],"rotation":{"angle":45,"axis":"x","origin":[7,16.5,8]},"faces":{"north":{"uv":[2.125,0.875,2.4375,1.25],"rotation":180,"texture":"#0"},"east":{"uv":[1.375,1.5,1.75,1.9375],"rotation":270,"texture":"#0"},"south":{"uv":[2.125,0.875,2.4375,1.25],"texture":"#0"},"west":{"uv":[1.375,1.5,1.75,1.9375],"rotation":90,"texture":"#0"},"up":{"uv":[1.75,1.5,2.0625,1.9375],"rotation":180,"texture":"#0"},"down":{"uv":[1.75,1.5,2.0625,1.9375],"texture":"#0"}}},{"from":[6.85,8.7,13],"to":[9.15,11.7,16.5],"rotation":{"angle":-45,"axis":"x","origin":[7,9.5,8]},"faces":{"north":{"uv":[2.125,1.25,2.4375,0.875],"rotation":180,"texture":"#0"},"east":{"uv":[1.75,1.5,1.375,1.9375],"rotation":270,"texture":"#0"},"south":{"uv":[2.125,1.25,2.4375,0.875],"texture":"#0"},"west":{"uv":[1.75,1.5,1.375,1.9375],"rotation":90,"texture":"#0"},"up":{"uv":[1.75,1.9375,2.0625,1.5],"texture":"#0"},"down":{"uv":[1.75,1.9375,2.0625,1.5],"rotation":180,"texture":"#0"}}},{"from":[6.85,8.7,-0.5],"to":[9.15,11.7,3],"rotation":{"angle":45,"axis":"x","origin":[7,9.5,8]},"faces":{"north":{"uv":[2.4375,1.25,2.125,0.875],"texture":"#0"},"east":{"uv":[1.75,1.9375,1.375,1.5],"rotation":270,"texture":"#0"},"south":{"uv":[2.4375,1.25,2.125,0.875],"rotation":180,"texture":"#0"},"west":{"uv":[1.75,1.9375,1.375,1.5],"rotation":90,"texture":"#0"},"up":{"uv":[1.75,1.5,2.0625,1.9375],"texture":"#0"},"down":{"uv":[1.75,1.5,2.0625,1.9375],"rotation":180,"texture":"#0"}}},{"from":[5.1,13.5,7],"to":[5.9,15.5,9],"rotation":{"angle":45,"axis":"x","origin":[5.5,14.5,8]},"faces":{"north":{"uv":[0.5625,1.0625,0.6875,1.3125],"texture":"#0"},"east":{"uv":[0.6875,1.0625,0.9375,1.3125],"texture":"#0"},"south":{"uv":[0.5625,1.0625,0.6875,1.3125],"texture":"#0"},"west":{"uv":[0.6875,1.0625,0.9375,1.3125],"texture":"#0"},"up":{"uv":[0.5625,1.0625,0.6875,1.3125],"texture":"#0"},"down":{"uv":[0.5625,1.0625,0.6875,1.3125],"texture":"#0"}}},{"from":[5,11.5,6.5],"to":[6,14.5,9.5],"rotation":{"angle":0,"axis":"y","origin":[0,10.5,0]},"faces":{"north":{"uv":[3.3125,1.5,3.4375,1.875],"texture":"#0"},"east":{"uv":[2.9375,1.5,3.3125,1.875],"texture":"#0"},"south":{"uv":[3.4375,1.5,3.3125,1.875],"texture":"#0"},"west":{"uv":[2.9375,1.5,3.3125,1.875],"texture":"#0"},"up":{"uv":[3.4375,1.375,3.5625,1.75],"texture":"#0"},"down":{"uv":[3.4375,1.375,3.5625,1.75],"texture":"#0"}}},{"from":[4.5,10.5,6.25],"to":[6.5,11.5,9.75],"rotation":{"angle":0,"axis":"y","origin":[0,10.5,0]},"faces":{"north":{"uv":[3.125,1.375,3.375,1.5],"texture":"#0"},"east":{"uv":[2.6875,1.375,3.125,1.5],"texture":"#0"},"south":{"uv":[3.125,1.375,3.375,1.5],"texture":"#0"},"west":{"uv":[2.6875,1.375,3.125,1.5],"texture":"#0"},"up":{"uv":[2.6875,1.5,2.9375,1.9375],"texture":"#0"},"down":{"uv":[2.6875,1.5,2.9375,1.9375],"texture":"#0"}}},{"from":[10.1,13.5,7],"to":[10.9,15.5,9],"rotation":{"angle":45,"axis":"x","origin":[10.5,14.5,8]},"faces":{"north":{"uv":[0.6875,1.0625,0.5625,1.3125],"texture":"#0"},"east":{"uv":[0.9375,1.0625,0.6875,1.3125],"texture":"#0"},"south":{"uv":[0.6875,1.0625,0.5625,1.3125],"texture":"#0"},"west":{"uv":[0.9375,1.0625,0.6875,1.3125],"texture":"#0"},"up":{"uv":[0.6875,1.0625,0.5625,1.3125],"texture":"#0"},"down":{"uv":[0.6875,1.0625,0.5625,1.3125],"texture":"#0"}}},{"from":[10,11.5,6.5],"to":[11,14.5,9.5],"rotation":{"angle":0,"axis":"y","origin":[16,10.5,0]},"faces":{"north":{"uv":[3.4375,1.5,3.3125,1.875],"texture":"#0"},"east":{"uv":[3.3125,1.5,2.9375,1.875],"texture":"#0"},"south":{"uv":[3.3125,1.5,3.4375,1.875],"texture":"#0"},"west":{"uv":[3.3125,1.5,2.9375,1.875],"texture":"#0"},"up":{"uv":[3.5625,1.375,3.4375,1.75],"texture":"#0"},"down":{"uv":[3.5625,1.375,3.4375,1.75],"texture":"#0"}}},{"from":[9.5,10.5,6.25],"to":[11.5,11.5,9.75],"rotation":{"angle":0,"axis":"y","origin":[16,10.5,0]},"faces":{"north":{"uv":[3.375,1.375,3.125,1.5],"texture":"#0"},"east":{"uv":[3.125,1.375,2.6875,1.5],"texture":"#0"},"south":{"uv":[3.375,1.375,3.125,1.5],"texture":"#0"},"west":{"uv":[3.125,1.375,2.6875,1.5],"texture":"#0"},"up":{"uv":[2.9375,1.5,2.6875,1.9375],"texture":"#0"},"down":{"uv":[2.9375,1.5,2.6875,1.9375],"texture":"#0"}}},{"from":[8,2,-7],"to":[8,18,6],"faces":{"north":{"uv":[0,0,0,2],"texture":"#missing"},"east":{"uv":[13.625,0,12,2],"texture":"#0"},"south":{"uv":[0,0,0,2],"texture":"#missing"},"west":{"uv":[12,0,13.625,2],"texture":"#0"},"up":{"uv":[0,0,0,1.5],"texture":"#missing"},"down":{"uv":[0,0,0,1.5],"texture":"#missing"}}},{"from":[8,2,10],"to":[8,18,23],"rotation":{"angle":0,"axis":"y","origin":[0,0,16]},"faces":{"north":{"uv":[0,0,0,2],"texture":"#missing"},"east":{"uv":[12,0,13.625,2],"texture":"#0"},"south":{"uv":[0,0,0,2],"texture":"#missing"},"west":{"uv":[13.625,0,12,2],"texture":"#0"},"up":{"uv":[0,1.5,0,0],"texture":"#missing"},"down":{"uv":[0,1.5,0,0],"texture":"#missing"}}},{"from":[7.5,17,7],"to":[8.5,23,9],"rotation":{"angle":0,"axis":"y","origin":[7,16.5,8]},"faces":{"north":{"uv":[2.25,1.9375,2.375,2.6875],"texture":"#0"},"east":{"uv":[2.625,1.9375,2.375,2.6875],"texture":"#0"},"south":{"uv":[2.25,1.9375,2.375,2.6875],"texture":"#0"},"west":{"uv":[2.375,1.9375,2.625,2.6875],"texture":"#0"},"up":{"uv":[2.125,1.9375,2.25,2.1875],"rotation":180,"texture":"#0"},"down":{"uv":[2.125,1.9375,2.25,2.1875],"texture":"#0"}}},{"from":[7.6,20,5],"to":[8.4,21.5,11],"rotation":{"angle":0,"axis":"y","origin":[7,16.5,8]},"faces":{"north":{"uv":[2.125,2.1875,2.25,2.375],"texture":"#0"},"east":{"uv":[1.375,2.0625,2.125,2.25],"texture":"#0"},"south":{"uv":[2.125,2.1875,2.25,2.375],"texture":"#0"},"west":{"uv":[1.375,2.0625,2.125,2.25],"texture":"#0"},"up":{"uv":[3.9375,0.75,4.0625,1.5],"rotation":180,"texture":"#0"},"down":{"uv":[3.9375,0.75,4.0625,1.5],"texture":"#0"}}}],"gui_light":"front","display":{"thirdperson_righthand":{"translation":[0,7.25,1.75],"scale":[0.7,0.7,0.7]},"thirdperson_lefthand":{"translation":[0,7.25,1.75],"scale":[0.7,0.7,0.7]},"firstperson_righthand":{"rotation":[5,0,0],"translation":[4.5,6,0],"scale":[0.35391,0.35391,0.35391]},"firstperson_lefthand":{"rotation":[5,0,0],"translation":[4.5,6,0],"scale":[0.35391,0.35391,0.35391]},"ground":{"rotation":[-45,0,0],"translation":[0,11,0],"scale":[0.5,0.5,0.5]},"gui":{"rotation":[-90,-45,-90],"translation":[0.25,0.25,-1.5],"scale":[0.45117,0.45117,0.45117]},"head":{"scale":[0,0,0]},"fixed":{"rotation":[0,90,0],"translation":[0,12,-2.25],"scale":[1.5,1.5,1.5]}}}