{"textures​":{"layer0":"minecraft:item/cocoa"},"credit":"MadewithBlockbench","texture_size":[128,128],"\u0074\u0065\u0078\u0074\u0075\u0072\u0065\u0073":{"0":"\u0065\u006c\u0069\u0074\u0065\u0063\u0072\u0065\u0061\u0074\u0075\u0072\u0065\u0073:\u0067\u0068\u006f\u0073\u0074\u006c\u0079_\u0061\u006e\u0069\u006d\u0061\u0074\u0065\u0064_\u0077\u0065\u0061\u0070\u006f\u006e_\u0073\u0065\u0074/\u0063\u0061\u0073\u0070\u0065\u0072\u0067\u0068\u006f\u0073\u0074_\u0074\u0065\u0078\u0074\u0075\u0072\u0065_01","1":"\u0065\u006c\u0069\u0074\u0065\u0063\u0072\u0065\u0061\u0074\u0075\u0072\u0065\u0073:\u0067\u0068\u006f\u0073\u0074\u006c\u0079_\u0061\u006e\u0069\u006d\u0061\u0074\u0065\u0064_\u0077\u0065\u0061\u0070\u006f\u006e_\u0073\u0065\u0074/\u0063\u0061\u0073\u0070\u0065\u0072\u0067\u0068\u006f\u0073\u0074_\u0061\u006e\u0069\u006d\u0061\u0074\u0069\u006f\u006e_01","2":"\u0065\u006c\u0069\u0074\u0065\u0063\u0072\u0065\u0061\u0074\u0075\u0072\u0065\u0073:\u0067\u0068\u006f\u0073\u0074\u006c\u0079_\u0061\u006e\u0069\u006d\u0061\u0074\u0065\u0064_\u0077\u0065\u0061\u0070\u006f\u006e_\u0073\u0065\u0074/\u0063\u0061\u0073\u0070\u0065\u0072\u0067\u0068\u006f\u0073\u0074_\u0061\u006e\u0069\u006d\u0061\u0074\u0069\u006f\u006e_02","\u0070\u0061\u0072\u0074\u0069\u0063\u006c\u0065":"\u0065\u006c\u0069\u0074\u0065\u0063\u0072\u0065\u0061\u0074\u0075\u0072\u0065\u0073:\u0067\u0068\u006f\u0073\u0074\u006c\u0079_\u0061\u006e\u0069\u006d\u0061\u0074\u0065\u0064_\u0077\u0065\u0061\u0070\u006f\u006e_\u0073\u0065\u0074/\u0063\u0061\u0073\u0070\u0065\u0072\u0067\u0068\u006f\u0073\u0074_\u0074\u0065\u0078\u0074\u0075\u0072\u0065_01"},"elements":[{"from":[6.75,-15.4,6.75],"to":[9.25,-12.9,9.25],"rotation":{"angle":0,"axis":"y","origin":[7,5.5,8]},"faces":{"north":{"uv":[0.25,0.6875,0.5625,1],"texture":"#0"},"east":{"uv":[0.25,0.6875,0.5625,1],"texture":"#0"},"south":{"uv":[0.25,0.6875,0.5625,1],"texture":"#0"},"west":{"uv":[0.25,0.6875,0.5625,1],"texture":"#0"},"up":{"uv":[0.25,1,0.5625,1.3125],"texture":"#0"},"down":{"uv":[0.25,1,0.5625,1.3125],"texture":"#0"}}},{"from":[6.5,-13.5,6.5],"to":[9.5,-11,9.5],"rotation":{"angle":0,"axis":"y","origin":[7,5.5,8]},"faces":{"north":{"uv":[0.25,0,0.625,0.3125],"texture":"#0"},"east":{"uv":[0.25,0,0.625,0.3125],"texture":"#0"},"south":{"uv":[0.25,0,0.625,0.3125],"texture":"#0"},"west":{"uv":[0.25,0,0.625,0.3125],"texture":"#0"},"up":{"uv":[0.25,0.3125,0.625,0.6875],"texture":"#0"},"down":{"uv":[0.25,0.3125,0.625,0.6875],"texture":"#0"}}},{"from":[6.5,25,6.5],"to":[9.5,27.5,9.5],"rotation":{"angle":0,"axis":"y","origin":[7,10.5,8]},"faces":{"north":{"uv":[0.25,0.3125,0.625,0],"texture":"#0"},"east":{"uv":[0.25,0.3125,0.625,0],"texture":"#0"},"south":{"uv":[0.25,0.3125,0.625,0],"texture":"#0"},"west":{"uv":[0.25,0.3125,0.625,0],"texture":"#0"},"up":{"uv":[0.25,0.6875,0.625,0.3125],"texture":"#0"},"down":{"uv":[0.25,0.6875,0.625,0.3125],"texture":"#0"}}},{"from":[6.75,26.9,6.75],"to":[9.25,29.4,9.25],"rotation":{"angle":0,"axis":"y","origin":[7,10.5,8]},"faces":{"north":{"uv":[0.25,1,0.5625,0.6875],"texture":"#0"},"east":{"uv":[0.25,1,0.5625,0.6875],"texture":"#0"},"south":{"uv":[0.25,1,0.5625,0.6875],"texture":"#0"},"west":{"uv":[0.25,1,0.5625,0.6875],"texture":"#0"},"up":{"uv":[0.25,1.3125,0.5625,1],"texture":"#0"},"down":{"uv":[0.25,1.3125,0.5625,1],"texture":"#0"}}},{"from":[5.5,-3.5,5.5],"to":[10.5,-1.5,10.5],"rotation":{"angle":0,"axis":"y","origin":[7,5.5,8]},"faces":{"north":{"uv":[0.625,0,1.25,0.25],"texture":"#0"},"east":{"uv":[0.625,0,1.25,0.25],"texture":"#0"},"south":{"uv":[0.625,0,1.25,0.25],"texture":"#0"},"west":{"uv":[0.625,0,1.25,0.25],"texture":"#0"},"up":{"uv":[0.625,0.25,1.25,0.875],"texture":"#0"},"down":{"uv":[0.625,0.25,1.25,0.875],"texture":"#0"}}},{"from":[6,0,3.5],"to":[10,3.5,12.5],"rotation":{"angle":0,"axis":"y","origin":[7,5.5,8]},"faces":{"north":{"uv":[0.9375,0.875,1.4375,1.3125],"texture":"#0"},"east":{"uv":[0.125,1.5,1.25,1.9375],"texture":"#0"},"south":{"uv":[0.9375,0.875,1.4375,1.3125],"texture":"#0"},"west":{"uv":[0.125,1.5,1.25,1.9375],"texture":"#0"},"up":{"uv":[1.625,0,2.125,1.125],"texture":"#0"},"down":{"uv":[1.625,0,2.125,1.125],"texture":"#0"}}},{"from":[6.5,-1,4.5],"to":[9.5,0,11.5],"rotation":{"angle":0,"axis":"y","origin":[7,5.5,8]},"faces":{"north":{"uv":[0.5625,0.875,0.9375,1],"texture":"#0"},"east":{"uv":[0.25,1.3125,1.125,1.4375],"texture":"#0"},"south":{"uv":[0.5625,0.875,0.9375,1],"texture":"#0"},"west":{"uv":[0.25,1.3125,1.125,1.4375],"texture":"#0"},"up":{"uv":[1.25,0,1.625,0.875],"texture":"#0"},"down":{"uv":[1.25,0,1.625,0.875],"texture":"#0"}}},{"from":[6.75,3.5,3.5],"to":[9.25,4.5,12.5],"rotation":{"angle":0,"axis":"y","origin":[7,5.5,8]},"faces":{"north":{"uv":[1.125,1.3125,1.4375,1.4375],"texture":"#0"},"east":{"uv":[0,1.9375,1.125,2.0625],"texture":"#0"},"south":{"uv":[1.125,1.3125,1.4375,1.4375],"texture":"#0"},"west":{"uv":[0,1.9375,1.125,2.0625],"texture":"#0"},"up":{"uv":[4.0625,0,4.375,1.125],"texture":"#0"},"down":{"uv":[4.0625,0,4.375,1.125],"texture":"#0"}}},{"from":[7.25,25.5,9.5],"to":[8.75,27,11.5],"rotation":{"angle":0,"axis":"y","origin":[7,5.5,8]},"faces":{"north":{"uv":[0.75,2.75,0.9375,2.9375],"texture":"#0"},"east":{"uv":[0.25,2.625,0,2.8125],"texture":"#0"},"south":{"uv":[0.75,2.75,0.9375,2.9375],"texture":"#0"},"west":{"uv":[0,2.625,0.25,2.8125],"texture":"#0"},"up":{"uv":[0.25,2.625,0.4375,2.875],"texture":"#0"},"down":{"uv":[0.25,2.875,0.4375,2.625],"texture":"#0"}}},{"from":[7.25,25.5,4.5],"to":[8.75,27,6.5],"rotation":{"angle":0,"axis":"y","origin":[7,5.5,8]},"faces":{"north":{"uv":[0.9375,2.75,0.75,2.9375],"texture":"#0"},"east":{"uv":[0,2.625,0.25,2.8125],"texture":"#0"},"south":{"uv":[0.9375,2.75,0.75,2.9375],"texture":"#0"},"west":{"uv":[0.25,2.625,0,2.8125],"texture":"#0"},"up":{"uv":[0.25,2.875,0.4375,2.625],"texture":"#0"},"down":{"uv":[0.25,2.625,0.4375,2.875],"texture":"#0"}}},{"from":[6.75,4.5,6.5],"to":[9.25,8,9.5],"rotation":{"angle":0,"axis":"y","origin":[7,5.5,8]},"faces":{"north":{"uv":[1.75,1.5,2.0625,1.9375],"texture":"#0"},"east":{"uv":[1.375,1.5,1.75,1.9375],"texture":"#0"},"south":{"uv":[1.75,1.5,2.0625,1.9375],"texture":"#0"},"west":{"uv":[1.375,1.5,1.75,1.9375],"texture":"#0"},"up":{"uv":[2.125,0.875,2.4375,1.25],"texture":"#0"},"down":{"uv":[2.125,0.875,2.4375,1.25],"texture":"#0"}}},{"from":[7,-11,7],"to":[9,-1,9],"faces":{"north":{"uv":[0.25,0,0,1.25],"texture":"#0"},"east":{"uv":[0,0,0.25,1.25],"texture":"#0"},"south":{"uv":[0.25,0,0,1.25],"texture":"#0"},"west":{"uv":[0,0,0.25,1.25],"texture":"#0"},"up":{"uv":[0,1.25,0.25,1.5],"texture":"#0"},"down":{"uv":[0,1.25,0.25,1.5],"texture":"#0"}}},{"from":[7,4,7],"to":[9,14,9],"faces":{"north":{"uv":[0.25,0,0,1.25],"texture":"#0"},"east":{"uv":[0,0,0.25,1.25],"texture":"#0"},"south":{"uv":[0.25,0,0,1.25],"texture":"#0"},"west":{"uv":[0,0,0.25,1.25],"texture":"#0"},"up":{"uv":[0,1.25,0.25,1.5],"texture":"#0"},"down":{"uv":[0,1.25,0.25,1.5],"texture":"#0"}}},{"from":[6.75,14,6.75],"to":[9.25,25,9.25],"faces":{"north":{"uv":[7.6875,1.5,8,2.875],"texture":"#0"},"east":{"uv":[7.0625,1.5,7.375,2.875],"texture":"#0"},"south":{"uv":[7.375,1.5,7.6875,2.875],"texture":"#0"},"west":{"uv":[7.0625,1.5,7.375,2.875],"texture":"#0"},"up":{"uv":[6.75,2.125,7.0625,2.4375],"texture":"#0"},"down":{"uv":[6.75,2.125,7.0625,2.4375],"texture":"#0"}}},{"from":[6.6,6,9],"to":[6.6,11,14],"rotation":{"angle":-22.5,"axis":"x","origin":[-1,-11,0]},"faces":{"north":{"uv":[0,0,0,14],"texture":"#2"},"east":{"uv":[14,0,0,14],"texture":"#2"},"south":{"uv":[0,0,0,14],"texture":"#2"},"west":{"uv":[0,0,14,14],"texture":"#2"},"up":{"uv":[0,14,0,0],"texture":"#2"},"down":{"uv":[0,0,0,14],"texture":"#2"}}},{"from":[9,14,0],"to":[9,19,5],"rotation":{"angle":22.5,"axis":"x","origin":[-1,-11,16]},"faces":{"north":{"uv":[0,0,0,14],"texture":"#2"},"east":{"uv":[0,0,14,14],"texture":"#2"},"south":{"uv":[0,0,0,14],"texture":"#2"},"west":{"uv":[14,0,0,14],"texture":"#2"},"up":{"uv":[0,0,0,14],"texture":"#2"},"down":{"uv":[0,14,0,0],"texture":"#2"}}},{"from":[4.8,0,2],"to":[4.8,16,13],"rotation":{"angle":0,"axis":"y","origin":[0,-10,0]},"faces":{"north":{"uv":[0,0,0,16],"texture":"#1"},"east":{"uv":[11,0,0,16],"texture":"#1"},"south":{"uv":[0,0,0,16],"texture":"#1"},"west":{"uv":[0,0,11,16],"texture":"#1"},"up":{"uv":[0,10,0,0],"texture":"#1"},"down":{"uv":[0,0,0,10],"texture":"#1"}}},{"from":[7.25,7.5,9.2],"to":[8.75,7.5,11.7],"faces":{"north":{"uv":[7.6875,1.5,8,2.875],"texture":"#0"},"east":{"uv":[7.0625,1.5,7.375,2.875],"texture":"#0"},"south":{"uv":[7.375,1.5,7.5625,1.5],"texture":"#0"},"west":{"uv":[7.0625,1.5,7.375,2.875],"texture":"#0"},"up":{"uv":[6.5625,2.125,6.75,2.4375],"texture":"#0"},"down":{"uv":[6.5625,2.4375,6.75,2.125],"texture":"#0"}}},{"from":[7.25,7.3,9.2],"to":[8.75,7.3,11.7],"faces":{"north":{"uv":[7.6875,1.5,8,2.875],"texture":"#0"},"east":{"uv":[7.0625,1.5,7.375,2.875],"texture":"#0"},"south":{"uv":[7.375,1.5,7.5625,1.5],"texture":"#0"},"west":{"uv":[7.0625,1.5,7.375,2.875],"texture":"#0"},"up":{"uv":[6.5625,2.125,6.75,2.4375],"texture":"#0"},"down":{"uv":[6.5625,2.4375,6.75,2.125],"texture":"#0"}}},{"from":[7.25,14.5,9.2],"to":[8.75,14.5,11.7],"faces":{"north":{"uv":[7.6875,1.5,8,2.875],"texture":"#0"},"east":{"uv":[7.0625,1.5,7.375,2.875],"texture":"#0"},"south":{"uv":[7.375,1.5,7.5625,1.5],"texture":"#0"},"west":{"uv":[7.0625,1.5,7.375,2.875],"texture":"#0"},"up":{"uv":[6.5625,2.125,6.75,2.4375],"texture":"#0"},"down":{"uv":[6.5625,2.4375,6.75,2.125],"texture":"#0"}}},{"from":[7.25,14.3,9.2],"to":[8.75,14.3,11.7],"faces":{"north":{"uv":[7.6875,1.5,8,2.875],"texture":"#0"},"east":{"uv":[7.0625,1.5,7.375,2.875],"texture":"#0"},"south":{"uv":[7.375,1.5,7.5625,1.5],"texture":"#0"},"west":{"uv":[7.0625,1.5,7.375,2.875],"texture":"#0"},"up":{"uv":[6.5625,2.125,6.75,2.4375],"texture":"#0"},"down":{"uv":[6.5625,2.4375,6.75,2.125],"texture":"#0"}}},{"from":[7.25,21.5,9.2],"to":[8.75,21.5,11.7],"faces":{"north":{"uv":[7.6875,1.5,8,2.875],"texture":"#0"},"east":{"uv":[7.0625,1.5,7.375,2.875],"texture":"#0"},"south":{"uv":[7.375,1.5,7.5625,1.5],"texture":"#0"},"west":{"uv":[7.0625,1.5,7.375,2.875],"texture":"#0"},"up":{"uv":[6.5625,2.125,6.75,2.4375],"texture":"#0"},"down":{"uv":[6.5625,2.4375,6.75,2.125],"texture":"#0"}}},{"from":[7.25,21.3,9.2],"to":[8.75,21.3,11.7],"faces":{"north":{"uv":[7.6875,1.5,8,2.875],"texture":"#0"},"east":{"uv":[7.0625,1.5,7.375,2.875],"texture":"#0"},"south":{"uv":[7.375,1.5,7.5625,1.5],"texture":"#0"},"west":{"uv":[7.0625,1.5,7.375,2.875],"texture":"#0"},"up":{"uv":[6.5625,2.125,6.75,2.4375],"texture":"#0"},"down":{"uv":[6.5625,2.4375,6.75,2.125],"texture":"#0"}}},{"from":[8,4.5,10],"to":[8,25.5,10.5],"rotation":{"angle":0,"axis":"y","origin":[7.05313,7.44936,8]},"faces":{"north":{"uv":[0,0,2.625,0],"rotation":90,"texture":"#0"},"east":{"uv":[10.3125,0,7.6875,0.0625],"rotation":270,"texture":"#0"},"south":{"uv":[0,0,2.625,0],"rotation":270,"texture":"#0"},"west":{"uv":[10.3125,0,7.6875,0.0625],"rotation":270,"texture":"#0"},"up":{"uv":[7.5625,0,7.625,0],"rotation":90,"texture":"#0"},"down":{"uv":[7.5625,0,7.625,0],"rotation":270,"texture":"#0"}}},{"from":[5,0.5,6.5],"to":[6,3.5,9.5],"rotation":{"angle":0,"axis":"y","origin":[0,-0.5,0]},"faces":{"north":{"uv":[3.3125,1.5,3.4375,1.875],"texture":"#0"},"east":{"uv":[2.9375,1.5,3.3125,1.875],"texture":"#0"},"south":{"uv":[3.4375,1.5,3.3125,1.875],"texture":"#0"},"west":{"uv":[2.9375,1.5,3.3125,1.875],"texture":"#0"},"up":{"uv":[3.4375,1.375,3.5625,1.75],"texture":"#0"},"down":{"uv":[3.4375,1.375,3.5625,1.75],"texture":"#0"}}},{"from":[5.1,2.5,7],"to":[5.9,4.5,9],"rotation":{"angle":45,"axis":"x","origin":[5.5,3.5,8]},"faces":{"north":{"uv":[0.5625,1.0625,0.6875,1.3125],"texture":"#0"},"east":{"uv":[0.6875,1.0625,0.9375,1.3125],"texture":"#0"},"south":{"uv":[0.5625,1.0625,0.6875,1.3125],"texture":"#0"},"west":{"uv":[0.6875,1.0625,0.9375,1.3125],"texture":"#0"},"up":{"uv":[0.5625,1.0625,0.6875,1.3125],"texture":"#0"},"down":{"uv":[0.5625,1.0625,0.6875,1.3125],"texture":"#0"}}},{"from":[4.5,-0.5,6.25],"to":[6.5,0.5,9.75],"rotation":{"angle":0,"axis":"y","origin":[0,-0.5,0]},"faces":{"north":{"uv":[3.125,1.375,3.375,1.5],"texture":"#0"},"east":{"uv":[2.6875,1.375,3.125,1.5],"texture":"#0"},"south":{"uv":[3.125,1.375,3.375,1.5],"texture":"#0"},"west":{"uv":[2.6875,1.375,3.125,1.5],"texture":"#0"},"up":{"uv":[2.6875,1.5,2.9375,1.9375],"texture":"#0"},"down":{"uv":[2.6875,1.5,2.9375,1.9375],"texture":"#0"}}},{"from":[10.1,2.5,7],"to":[10.9,4.5,9],"rotation":{"angle":45,"axis":"x","origin":[10.5,3.5,8]},"faces":{"north":{"uv":[0.6875,1.0625,0.5625,1.3125],"texture":"#0"},"east":{"uv":[0.9375,1.0625,0.6875,1.3125],"texture":"#0"},"south":{"uv":[0.6875,1.0625,0.5625,1.3125],"texture":"#0"},"west":{"uv":[0.9375,1.0625,0.6875,1.3125],"texture":"#0"},"up":{"uv":[0.6875,1.0625,0.5625,1.3125],"texture":"#0"},"down":{"uv":[0.6875,1.0625,0.5625,1.3125],"texture":"#0"}}},{"from":[10,0.5,6.5],"to":[11,3.5,9.5],"rotation":{"angle":0,"axis":"y","origin":[16,-0.5,0]},"faces":{"north":{"uv":[3.4375,1.5,3.3125,1.875],"texture":"#0"},"east":{"uv":[3.3125,1.5,2.9375,1.875],"texture":"#0"},"south":{"uv":[3.3125,1.5,3.4375,1.875],"texture":"#0"},"west":{"uv":[3.3125,1.5,2.9375,1.875],"texture":"#0"},"up":{"uv":[3.5625,1.375,3.4375,1.75],"texture":"#0"},"down":{"uv":[3.5625,1.375,3.4375,1.75],"texture":"#0"}}},{"from":[9.5,-0.5,6.25],"to":[11.5,0.5,9.75],"rotation":{"angle":0,"axis":"y","origin":[16,-0.5,0]},"faces":{"north":{"uv":[3.375,1.375,3.125,1.5],"texture":"#0"},"east":{"uv":[3.125,1.375,2.6875,1.5],"texture":"#0"},"south":{"uv":[3.375,1.375,3.125,1.5],"texture":"#0"},"west":{"uv":[3.125,1.375,2.6875,1.5],"texture":"#0"},"up":{"uv":[2.9375,1.5,2.6875,1.9375],"texture":"#0"},"down":{"uv":[2.9375,1.5,2.6875,1.9375],"texture":"#0"}}}],"gui_light":"front","display":{"thirdperson_righthand":{"translation":[0,8,1.75],"scale":[0.65,0.65,0.65]},"thirdperson_lefthand":{"translation":[0,8,1.75],"scale":[0.65,0.65,0.65]},"firstperson_righthand":{"rotation":[5,0,0],"translation":[4.5,4.75,0],"scale":[0.3168,0.3168,0.3168]},"firstperson_lefthand":{"rotation":[5,0,0],"translation":[4.5,4.75,0],"scale":[0.3168,0.3168,0.3168]},"ground":{"rotation":[-45,0,0],"translation":[0,11,0],"scale":[0.46,0.46,0.46]},"gui":{"rotation":[-90,-45,-90],"translation":[-1.5,0.5,-1.5],"scale":[0.36328,0.36328,0.36328]},"head":{"scale":[0,0,0]},"fixed":{"rotation":[0,90,0],"translation":[0,12,-2.25],"scale":[1.5,1.5,1.5]}}}