{"textures​":{"layer0":"minecraft:item/oak_wood"},"credit":"MadewithBlockbench","texture_size":[128,128],"\u0074\u0065\u0078\u0074\u0075\u0072\u0065\u0073":{"0":"\u0065\u006c\u0069\u0074\u0065\u0063\u0072\u0065\u0061\u0074\u0075\u0072\u0065\u0073:\u0067\u0068\u006f\u0073\u0074\u006c\u0079_\u0061\u006e\u0069\u006d\u0061\u0074\u0065\u0064_\u0077\u0065\u0061\u0070\u006f\u006e_\u0073\u0065\u0074/\u0063\u0061\u0073\u0070\u0065\u0072\u0067\u0068\u006f\u0073\u0074_\u0074\u0065\u0078\u0074\u0075\u0072\u0065_01","2":"\u0065\u006c\u0069\u0074\u0065\u0063\u0072\u0065\u0061\u0074\u0075\u0072\u0065\u0073:\u0067\u0068\u006f\u0073\u0074\u006c\u0079_\u0061\u006e\u0069\u006d\u0061\u0074\u0065\u0064_\u0077\u0065\u0061\u0070\u006f\u006e_\u0073\u0065\u0074/\u0063\u0061\u0073\u0070\u0065\u0072\u0067\u0068\u006f\u0073\u0074_\u0061\u006e\u0069\u006d\u0061\u0074\u0069\u006f\u006e_02","\u0070\u0061\u0072\u0074\u0069\u0063\u006c\u0065":"\u0065\u006c\u0069\u0074\u0065\u0063\u0072\u0065\u0061\u0074\u0075\u0072\u0065\u0073:\u0067\u0068\u006f\u0073\u0074\u006c\u0079_\u0061\u006e\u0069\u006d\u0061\u0074\u0065\u0064_\u0077\u0065\u0061\u0070\u006f\u006e_\u0073\u0065\u0074/\u0063\u0061\u0073\u0070\u0065\u0072\u0067\u0068\u006f\u0073\u0074_\u0074\u0065\u0078\u0074\u0075\u0072\u0065_01"},"elements":[{"from":[6.75,-15.4,6.75],"to":[9.25,-12.9,9.25],"rotation":{"angle":0,"axis":"y","origin":[7,5.5,8]},"faces":{"north":{"uv":[0.25,0.6875,0.5625,1],"texture":"#0"},"east":{"uv":[0.25,0.6875,0.5625,1],"texture":"#0"},"south":{"uv":[0.25,0.6875,0.5625,1],"texture":"#0"},"west":{"uv":[0.25,0.6875,0.5625,1],"texture":"#0"},"up":{"uv":[0.25,1,0.5625,1.3125],"texture":"#0"},"down":{"uv":[0.25,1,0.5625,1.3125],"texture":"#0"}}},{"from":[6.5,-13.5,6.5],"to":[9.5,-11,9.5],"rotation":{"angle":0,"axis":"y","origin":[7,5.5,8]},"faces":{"north":{"uv":[0.25,0,0.625,0.3125],"texture":"#0"},"east":{"uv":[0.25,0,0.625,0.3125],"texture":"#0"},"south":{"uv":[0.25,0,0.625,0.3125],"texture":"#0"},"west":{"uv":[0.25,0,0.625,0.3125],"texture":"#0"},"up":{"uv":[0.25,0.3125,0.625,0.6875],"texture":"#0"},"down":{"uv":[0.25,0.3125,0.625,0.6875],"texture":"#0"}}},{"from":[7,-11,7],"to":[9,-1,9],"faces":{"north":{"uv":[0.25,0,0,1.25],"texture":"#0"},"east":{"uv":[0,0,0.25,1.25],"texture":"#0"},"south":{"uv":[0.25,0,0,1.25],"texture":"#0"},"west":{"uv":[0,0,0.25,1.25],"texture":"#0"},"up":{"uv":[0,1.25,0.25,1.5],"texture":"#0"},"down":{"uv":[0,1.25,0.25,1.5],"texture":"#0"}}},{"from":[7.6,6.5,3.5],"to":[8.4,9,12.5],"rotation":{"angle":0,"axis":"y","origin":[7,22.5,8]},"faces":{"north":{"uv":[7.375,2.875,7.475,3.1875],"texture":"#0"},"east":{"uv":[8.4375,0.0625,9.5625,0.375],"texture":"#0"},"south":{"uv":[7.375,2.875,7.475,3.1875],"texture":"#0"},"west":{"uv":[8.4375,0.0625,9.5625,0.375],"texture":"#0"},"up":{"uv":[10.1875,0.875,10.2875,2],"rotation":180,"texture":"#0"},"down":{"uv":[10.1875,0.875,10.2875,2],"rotation":180,"texture":"#0"}}},{"from":[7.5,-1,6.5],"to":[8.5,12,9.5],"rotation":{"angle":0,"axis":"y","origin":[7,22.5,8]},"faces":{"north":{"uv":[9.25,2.125,9.375,3.75],"texture":"#0"},"east":{"uv":[8.875,2.125,9.25,3.75],"texture":"#0"},"south":{"uv":[9.25,2.125,9.375,3.75],"texture":"#0"},"west":{"uv":[8.875,2.125,9.25,3.75],"texture":"#0"},"up":{"uv":[7.25,2.875,7.375,3.25],"rotation":180,"texture":"#0"},"down":{"uv":[7.25,2.875,7.375,3.25],"rotation":180,"texture":"#0"}}},{"from":[8.5,-2,5],"to":[8.5,3,10],"rotation":{"angle":22.5,"axis":"x","origin":[0,-14,17]},"faces":{"north":{"uv":[0,0,0,14],"texture":"#2"},"east":{"uv":[0,0,14,14],"texture":"#2"},"south":{"uv":[0,0,0,14],"texture":"#2"},"west":{"uv":[14,0,0,14],"texture":"#2"},"up":{"uv":[0,0,0,14],"texture":"#2"},"down":{"uv":[0,14,0,0],"texture":"#2"}}},{"from":[7.5,1,7],"to":[7.5,6,12],"rotation":{"angle":-22.5,"axis":"x","origin":[0,-14,1]},"faces":{"north":{"uv":[0,0,0,14],"texture":"#2"},"east":{"uv":[14,0,0,14],"texture":"#2"},"south":{"uv":[0,0,0,14],"texture":"#2"},"west":{"uv":[0,0,14,14],"texture":"#2"},"up":{"uv":[0,14,0,0],"texture":"#2"},"down":{"uv":[0,0,0,14],"texture":"#2"}}},{"from":[6.5,-0.5,6.5],"to":[7.5,2.5,9.5],"rotation":{"angle":0,"axis":"y","origin":[1.4,-1.5,0]},"faces":{"north":{"uv":[3.3125,1.5,3.4375,1.875],"texture":"#0"},"east":{"uv":[2.9375,1.5,3.3125,1.875],"texture":"#0"},"south":{"uv":[3.4375,1.5,3.3125,1.875],"texture":"#0"},"west":{"uv":[2.9375,1.5,3.3125,1.875],"texture":"#0"},"up":{"uv":[3.4375,1.375,3.5625,1.75],"texture":"#0"},"down":{"uv":[3.4375,1.375,3.5625,1.75],"texture":"#0"}}},{"from":[6.6,1.5,7],"to":[7.4,3.5,9],"rotation":{"angle":45,"axis":"x","origin":[6.9,2.5,8]},"faces":{"north":{"uv":[0.5625,1.0625,0.6875,1.3125],"texture":"#0"},"east":{"uv":[0.6875,1.0625,0.9375,1.3125],"texture":"#0"},"south":{"uv":[0.5625,1.0625,0.6875,1.3125],"texture":"#0"},"west":{"uv":[0.6875,1.0625,0.9375,1.3125],"texture":"#0"},"up":{"uv":[0.5625,1.0625,0.6875,1.3125],"texture":"#0"},"down":{"uv":[0.5625,1.0625,0.6875,1.3125],"texture":"#0"}}},{"from":[6,-1.5,6.25],"to":[8,-0.5,9.75],"rotation":{"angle":0,"axis":"y","origin":[1.4,-1.5,0]},"faces":{"north":{"uv":[3.125,1.375,3.375,1.5],"texture":"#0"},"east":{"uv":[2.6875,1.375,3.125,1.5],"texture":"#0"},"south":{"uv":[3.125,1.375,3.375,1.5],"texture":"#0"},"west":{"uv":[2.6875,1.375,3.125,1.5],"texture":"#0"},"up":{"uv":[2.6875,1.5,2.9375,1.9375],"texture":"#0"},"down":{"uv":[2.6875,1.5,2.9375,1.9375],"texture":"#0"}}},{"from":[8.6,1.5,7],"to":[9.4,3.5,9],"rotation":{"angle":45,"axis":"x","origin":[9.1,2.5,8]},"faces":{"north":{"uv":[0.6875,1.0625,0.5625,1.3125],"texture":"#0"},"east":{"uv":[0.9375,1.0625,0.6875,1.3125],"texture":"#0"},"south":{"uv":[0.6875,1.0625,0.5625,1.3125],"texture":"#0"},"west":{"uv":[0.9375,1.0625,0.6875,1.3125],"texture":"#0"},"up":{"uv":[0.6875,1.0625,0.5625,1.3125],"texture":"#0"},"down":{"uv":[0.6875,1.0625,0.5625,1.3125],"texture":"#0"}}},{"from":[8.5,-0.5,6.5],"to":[9.5,2.5,9.5],"rotation":{"angle":0,"axis":"y","origin":[14.6,-1.5,0]},"faces":{"north":{"uv":[3.4375,1.5,3.3125,1.875],"texture":"#0"},"east":{"uv":[3.3125,1.5,2.9375,1.875],"texture":"#0"},"south":{"uv":[3.3125,1.5,3.4375,1.875],"texture":"#0"},"west":{"uv":[3.3125,1.5,2.9375,1.875],"texture":"#0"},"up":{"uv":[3.5625,1.375,3.4375,1.75],"texture":"#0"},"down":{"uv":[3.5625,1.375,3.4375,1.75],"texture":"#0"}}},{"from":[8,-1.5,6.25],"to":[10,-0.5,9.75],"rotation":{"angle":0,"axis":"y","origin":[14.6,-1.5,0]},"faces":{"north":{"uv":[3.375,1.375,3.125,1.5],"texture":"#0"},"east":{"uv":[3.125,1.375,2.6875,1.5],"texture":"#0"},"south":{"uv":[3.375,1.375,3.125,1.5],"texture":"#0"},"west":{"uv":[3.125,1.375,2.6875,1.5],"texture":"#0"},"up":{"uv":[2.9375,1.5,2.6875,1.9375],"texture":"#0"},"down":{"uv":[2.9375,1.5,2.6875,1.9375],"texture":"#0"}}},{"from":[6.5,-2,5.5],"to":[9.5,-1,10.5],"rotation":{"angle":0,"axis":"y","origin":[7,5.5,8]},"faces":{"north":{"uv":[0.5625,0.875,0.9375,1],"texture":"#0"},"east":{"uv":[0.25,1.3125,0.875,1.4375],"texture":"#0"},"south":{"uv":[0.5625,0.875,0.9375,1],"texture":"#0"},"west":{"uv":[0.25,1.3125,0.875,1.4375],"texture":"#0"},"up":{"uv":[1.25,0,1.625,0.625],"texture":"#0"},"down":{"uv":[1.25,0,1.625,0.625],"texture":"#0"}}},{"from":[6.5,-3,5.5],"to":[9.5,-2,10.5],"rotation":{"angle":0,"axis":"y","origin":[7,10.5,8]},"faces":{"north":{"uv":[0.5625,1,0.9375,0.875],"texture":"#0"},"east":{"uv":[0.25,1.4375,0.875,1.3125],"texture":"#0"},"south":{"uv":[0.5625,1,0.9375,0.875],"texture":"#0"},"west":{"uv":[0.25,1.4375,0.875,1.3125],"texture":"#0"},"up":{"uv":[1.25,0.625,1.625,0],"texture":"#0"},"down":{"uv":[1.25,0.625,1.625,0],"texture":"#0"}}}],"gui_light":"front","display":{"thirdperson_righthand":{"rotation":[-22.75,0,0],"translation":[0,6.5,-2.5],"scale":[0.37578,0.37578,0.37578]},"thirdperson_lefthand":{"rotation":[-22.75,0,0],"translation":[0,6.5,-2.5],"scale":[0.37578,0.37578,0.37578]},"firstperson_righthand":{"rotation":[-90,0,0],"translation":[-2.25,5.5,2.75],"scale":[0.18984,0.18984,0.18984]},"firstperson_lefthand":{"rotation":[-90,0,0],"translation":[-2.25,5.5,2.75],"scale":[0.18984,0.18984,0.18984]},"ground":{"translation":[0,11,0],"scale":[0.5,0.5,0.5]},"gui":{"rotation":[0,90,0],"translation":[0,5.25,-1.5],"scale":[0.53906,0.53906,0.53906]},"head":{"scale":[0,0,0]},"fixed":{"rotation":[0,90,0],"translation":[0,9.75,-2]}}}