{"textures​":{"layer0":"minecraft:item/gray_glazed_terracotta"},"credit":"Made by PolygonMC","texture_size":[40,40],"\u0074\u0065\u0078\u0074\u0075\u0072\u0065\u0073":{"1":"\u0076\u0061\u006c\u0065\u006e\u0074\u0069\u006e\u0065\u0073\u0065\u0074:\u0061\u006e\u0069\u006d\u0061\u0074\u0069\u006f\u006e\u0073/\u0061\u006e\u0069\u006d\u0061\u0074\u0069\u006f\u006e\u0073_1","4":"\u0076\u0061\u006c\u0065\u006e\u0074\u0069\u006e\u0065\u0073\u0065\u0074:\u0062\u0061\u0063\u006b\u0070\u0061\u0063\u006b","\u0070\u0061\u0072\u0074\u0069\u0063\u006c\u0065":"#1"},"elements":[{"from":[-13.5,9.58395,5.65625],"to":[-9.5,9.58395,9.65625],"rotation":{"angle":-22.5,"axis":"x","origin":[-11.5,9.58395,7.65625]},"faces":{"up":{"uv":[0,0,16,16],"rotation":180,"texture":"#1","tintindex":0}}},{"from":[-13.75,3.375,5.75],"to":[-9.25,6.375,10.25],"rotation":{"angle":0,"axis":"z","origin":[-11.5,1.125,8]},"faces":{"north":{"uv":[0,8.4,3.6,10.8],"texture":"#4","tintindex":0},"east":{"uv":[8.4,0,12,2.4],"texture":"#4","tintindex":0},"south":{"uv":[8.4,2.4,12,4.8],"texture":"#4","tintindex":0},"west":{"uv":[8.4,4.8,12,7.2],"texture":"#4","tintindex":0},"up":{"uv":[8.4,3.6,4.8,0],"texture":"#4","tintindex":0},"down":{"uv":[8.4,3.6,4.8,7.2],"texture":"#4","tintindex":0}}},{"from":[-14.3125,8.21101,5.1875],"to":[-8.6875,8.21101,10.8125],"rotation":{"angle":-22.5,"axis":"x","origin":[-11.5,8.21101,8]},"faces":{"north":{"uv":[0,0,4.6,0],"texture":"#4","tintindex":0},"east":{"uv":[0,0,4.6,0],"texture":"#4","tintindex":0},"south":{"uv":[0,0,4.6,0],"texture":"#4","tintindex":0},"west":{"uv":[0,0,4.6,0],"texture":"#4","tintindex":0},"up":{"uv":[4.6,4.6,0,0],"texture":"#4","tintindex":0}}},{"from":[-14.75,6.08601,5.17643],"to":[-8.25,9.08601,5.19144],"rotation":{"angle":-22.5,"axis":"x","origin":[-11.5,7.58601,5.17643]},"faces":{"north":{"uv":[4.8,7.2,10,9.6],"texture":"#4","tintindex":0},"south":{"uv":[10,7.2,4.8,9.6],"texture":"#4","tintindex":0}}},{"from":[-14.75,6.08601,10.80857],"to":[-8.25,9.08601,10.82357],"rotation":{"angle":22.5,"axis":"x","origin":[-11.5,7.58601,10.82357]},"faces":{"north":{"uv":[4.8,7.2,10,9.6],"texture":"#4","tintindex":0},"south":{"uv":[10,7.2,4.8,9.6],"texture":"#4","tintindex":0}}},{"from":[-14.10973,7.16676,4.75],"to":[-14.09473,10.16676,11.25],"rotation":{"angle":22.5,"axis":"z","origin":[-11.5,7.58888,8]},"faces":{"east":{"uv":[4.8,7.2,10,9.6],"texture":"#4","tintindex":0},"west":{"uv":[10,7.2,4.8,9.6],"texture":"#4","tintindex":0}}},{"from":[-8.90527,7.16676,4.75],"to":[-8.89027,10.16676,11.25],"rotation":{"angle":-22.5,"axis":"z","origin":[-11.5,7.58888,8]},"faces":{"east":{"uv":[4.8,7.2,10,9.6],"texture":"#4","tintindex":0},"west":{"uv":[10,7.2,4.8,9.6],"texture":"#4","tintindex":0}}},{"from":[-13.25,1.375,6.25],"to":[-9.75,3.375,9.75],"rotation":{"angle":0,"axis":"z","origin":[-11.5,1.125,8]},"faces":{"north":{"uv":[6.4,9.6,9.2,11.2],"texture":"#4","tintindex":0},"east":{"uv":[9.2,9.6,12,11.2],"texture":"#4","tintindex":0},"south":{"uv":[10,7.2,12.8,8.8],"texture":"#4","tintindex":0},"west":{"uv":[0,10.8,2.8,12.4],"texture":"#4","tintindex":0},"down":{"uv":[6.4,9.6,3.6,12.4],"texture":"#4","tintindex":0}}},{"from":[-13.25,-0.58694,6.55866],"to":[-9.75,1.41306,6.55866],"rotation":{"angle":22.5,"axis":"x","origin":[-11.5,0.91306,6.55866]},"faces":{"north":{"uv":[6.4,11.2,9.2,12.8],"texture":"#4","tintindex":0},"south":{"uv":[9.2,11.2,12,12.8],"texture":"#4","tintindex":0}}},{"from":[-13.25,-0.58694,9.44134],"to":[-9.75,1.41306,9.44134],"rotation":{"angle":-22.5,"axis":"x","origin":[-11.5,0.91306,9.44134]},"faces":{"north":{"uv":[12,11.2,9.2,12.8],"texture":"#4","tintindex":0},"south":{"uv":[9.2,11.2,6.4,12.8],"texture":"#4","tintindex":0}}},{"from":[-13.0084,-1.17368,6.25],"to":[-13.0084,0.82632,9.75],"rotation":{"angle":-22.5,"axis":"z","origin":[-11.5,0.45112,8]},"faces":{"east":{"uv":[12,11.2,9.2,12.8],"texture":"#4","tintindex":0},"west":{"uv":[9.2,11.2,6.4,12.8],"texture":"#4","tintindex":0}}},{"from":[-9.99159,-1.17368,6.25],"to":[-9.99159,0.82632,9.75],"rotation":{"angle":22.5,"axis":"z","origin":[-11.5,0.45112,8]},"faces":{"east":{"uv":[6.4,11.2,9.2,12.8],"texture":"#4","tintindex":0},"west":{"uv":[9.2,11.2,12,12.8],"texture":"#4","tintindex":0}}},{"from":[-14.5,7.18441,11.74627],"to":[-8.5,11.68441,11.76127],"rotation":{"angle":22.5,"axis":"x","origin":[-11.5,12.05941,11.74627]},"faces":{"north":{"uv":[0,4.8,4.8,8.4],"texture":"#4","tintindex":0},"south":{"uv":[4.8,4.8,0,8.4],"texture":"#4","tintindex":0}}},{"from":[-15.765,6.68441,5],"to":[-15.75,11.18441,11],"rotation":{"angle":22.5,"axis":"z","origin":[-15.75,12.05941,8]},"faces":{"east":{"uv":[0,4.8,4.8,8.4],"texture":"#4","tintindex":0},"west":{"uv":[4.8,4.8,0,8.4],"texture":"#4","tintindex":0}}},{"from":[-7.25,6.43441,5],"to":[-7.235,10.93441,11],"rotation":{"angle":-22.5,"axis":"z","origin":[-7.25,12.05941,8]},"faces":{"east":{"uv":[0,4.8,4.8,8.4],"texture":"#4","tintindex":0},"west":{"uv":[4.8,4.8,0,8.4],"texture":"#4","tintindex":0}}},{"from":[-11.7696,8.40567,8.77678],"to":[-10.2696,8.40567,10.77678],"rotation":{"angle":-45,"axis":"x","origin":[-11.0196,8.40567,8.77678]},"faces":{"up":{"uv":[13.8,0,12.6,1.6],"rotation":180,"texture":"#4","tintindex":0},"down":{"uv":[12.6,0,13.8,1.6],"texture":"#4","tintindex":0}}},{"from":[-11.60799,7.99228,5.22322],"to":[-10.60799,7.99228,6.97322],"rotation":{"angle":22.5,"axis":"x","origin":[-11.10799,7.99228,6.09822]},"faces":{"up":{"uv":[2.2,12.8,1.4,14.2],"texture":"#4","tintindex":0},"down":{"uv":[1.4,12.8,2.2,14.2],"rotation":180,"texture":"#4","tintindex":0}}},{"from":[-13.82316,8.37711,7.24822],"to":[-12.82316,8.37711,7.99822],"rotation":{"angle":-45,"axis":"z","origin":[-13.32316,8.37711,7.62322]},"faces":{"up":{"uv":[0,13,0.6,13.8],"rotation":270,"texture":"#4","tintindex":0},"down":{"uv":[0.6,13,0,13.8],"rotation":270,"texture":"#4","tintindex":0}}}],"gui_light":"front","display":{"thirdperson_righthand":{"rotation":[49,0,0],"translation":[0,2,-0.25],"scale":[0.7,0.7,0.7]},"thirdperson_lefthand":{"rotation":[-106.4,-5.42,124.34],"translation":[-4.5,-9.25,8.5]},"firstperson_righthand":{"rotation":[20,180,0],"translation":[-0.5,1.5,0],"scale":[0.49414,0.49414,0.49414]},"firstperson_lefthand":{"rotation":[-22.75,0,0],"translation":[0.25,2.25,-1],"scale":[0,0,0]},"ground":{"rotation":[45,0,0],"translation":[0,5,0],"scale":[0.7,0.7,0.7]},"gui":{"rotation":[35,135,0],"translation":[-18,11.5,0],"scale":[1.31,1.31,1.31]},"head":{"rotation":[-170.15,4.92,-120.02],"translation":[-19,-73.25,20.75],"scale":[2.36,2.36,2.36]},"fixed":{"rotation":[-90,0,0],"translation":[0,0,-9],"scale":[2.71484,2.71484,2.71484]}}}