{"textures​":{"0":"\u0076\u0061\u006c\u0065\u006e\u0074\u0069\u006e\u0065\u0073\u0065\u0074:\u0068\u0065\u006c\u006d\u0065\u0074","\u0070\u0061\u0072\u0074\u0069\u0063\u006c\u0065":"\u0076\u0061\u006c\u0065\u006e\u0074\u0069\u006e\u0065\u0073\u0065\u0074:\u0068\u0065\u006c\u006d\u0065\u0074"},"credit":"Made by PolygonMC","texture_size":[64,64],"\u0074\u0065\u0078\u0074\u0075\u0072\u0065\u0073":{"0":"\u0076\u0061\u006c\u0065\u006e\u0074\u0069\u006e\u0065\u0073\u0065\u0074:\u0068\u0065\u006c\u006d\u0065\u0074","\u0070\u0061\u0072\u0074\u0069\u0063\u006c\u0065":"\u0076\u0061\u006c\u0065\u006e\u0074\u0069\u006e\u0065\u0073\u0065\u0074:\u0068\u0065\u006c\u006d\u0065\u0074"},"elements":[{"from":[0,0,1],"to":[1,3,15],"rotation":{"angle":0,"axis":"y","origin":[1,0,2]},"faces":{"east":{"uv":[6.5,7,10,7.75],"texture":"#0","tintindex":0},"west":{"uv":[7.5,0,11,0.75],"texture":"#0","tintindex":0},"up":{"uv":[5.75,12,5.5,8.5],"texture":"#0","tintindex":0},"down":{"uv":[6,8.5,5.75,12],"texture":"#0","tintindex":0}}},{"from":[0,0,0],"to":[4,3,1],"rotation":{"angle":0,"axis":"y","origin":[5,0,0]},"faces":{"north":{"uv":[8.75,2,9.75,2.75],"texture":"#0","tintindex":0},"south":{"uv":[8.75,2.75,9.75,3.5],"texture":"#0","tintindex":0},"west":{"uv":[9.5,8,9.75,8.75],"texture":"#0","tintindex":0},"up":{"uv":[7.75,9.75,6.75,9.5],"texture":"#0","tintindex":0},"down":{"uv":[10.5,7.75,9.5,8],"texture":"#0","tintindex":0}}},{"from":[5,10,0],"to":[11,14,1],"rotation":{"angle":0,"axis":"y","origin":[5,10,0]},"faces":{"north":{"uv":[6.5,7.75,8,8.75],"texture":"#0","tintindex":0},"south":{"uv":[8,7.75,9.5,8.75],"texture":"#0","tintindex":0},"up":{"uv":[10.25,6.5,8.75,6.25],"texture":"#0","tintindex":0},"down":{"uv":[10.25,6.5,8.75,6.75],"texture":"#0","tintindex":0}}},{"from":[0,8,0],"to":[5,14,1],"rotation":{"angle":0,"axis":"y","origin":[11,8,0]},"faces":{"north":{"uv":[7.5,3.75,8.75,5.25],"texture":"#0","tintindex":0},"east":{"uv":[9,3.5,9.25,5],"texture":"#0","tintindex":0},"south":{"uv":[7.5,5.25,8.75,6.75],"texture":"#0","tintindex":0},"west":{"uv":[9.25,3.5,9.5,5],"texture":"#0","tintindex":0},"up":{"uv":[10.75,5.5,9.5,5.25],"texture":"#0","tintindex":0},"down":{"uv":[10.75,5.5,9.5,5.75],"texture":"#0","tintindex":0}}},{"from":[0,3,6],"to":[1,14,15],"rotation":{"angle":0,"axis":"y","origin":[1,7,2]},"faces":{"north":{"uv":[8.75,3.5,9,6.25],"texture":"#0","tintindex":0},"east":{"uv":[0,7,2.25,9.75],"texture":"#0","tintindex":0},"west":{"uv":[2.25,7,4.5,9.75],"texture":"#0","tintindex":0},"up":{"uv":[6.75,11,6.5,8.75],"texture":"#0","tintindex":0}}},{"from":[0,0,15],"to":[16,14,16],"rotation":{"angle":0,"axis":"y","origin":[2,7,3]},"faces":{"north":{"uv":[0,0,4,3.5],"texture":"#0","tintindex":0},"east":{"uv":[6,8.5,6.25,12],"texture":"#0","tintindex":0},"south":{"uv":[0,3.5,4,7],"texture":"#0","tintindex":0},"west":{"uv":[6.25,8.5,6.5,12],"texture":"#0","tintindex":0},"up":{"uv":[11.5,7,7.5,6.75],"texture":"#0","tintindex":0},"down":{"uv":[12.75,0.75,8.75,1],"texture":"#0","tintindex":0}}},{"from":[0,8,1],"to":[1,14,6],"rotation":{"angle":0,"axis":"y","origin":[1,4,-7]},"faces":{"east":{"uv":[7.5,0.75,8.75,2.25],"texture":"#0","tintindex":0},"west":{"uv":[7.5,2.25,8.75,3.75],"texture":"#0","tintindex":0},"up":{"uv":[9.75,5.25,9.5,4],"texture":"#0","tintindex":0},"down":{"uv":[4.75,9.5,4.5,10.75],"texture":"#0","tintindex":0}}},{"from":[1,14,1],"to":[15,15,15],"rotation":{"angle":0,"axis":"y","origin":[14,10,-7]},"faces":{"north":{"uv":[8.75,1,12.25,1.25],"texture":"#0","tintindex":0},"east":{"uv":[8.75,1.25,12.25,1.5],"texture":"#0","tintindex":0},"south":{"uv":[8.75,1.5,12.25,1.75],"texture":"#0","tintindex":0},"west":{"uv":[8.75,1.75,12.25,2],"texture":"#0","tintindex":0},"up":{"uv":[7.5,3.5,4,0],"texture":"#0","tintindex":0},"down":{"uv":[7.5,3.5,4,7],"texture":"#0","tintindex":0}}},{"from":[4,0,-0.25],"to":[5,3.5,1.25],"rotation":{"angle":0,"axis":"y","origin":[5,0,0]},"faces":{"north":{"uv":[4.75,9.5,5,10.5],"texture":"#0","tintindex":0},"east":{"uv":[8.25,8.75,8.75,9.75],"texture":"#0","tintindex":0},"south":{"uv":[5,9.5,5.25,10.5],"texture":"#0","tintindex":0},"west":{"uv":[8.75,8.75,9.25,9.75],"texture":"#0","tintindex":0},"up":{"uv":[2,10.25,1.75,9.75],"texture":"#0","tintindex":0},"down":{"uv":[2.25,9.75,2,10.25],"texture":"#0","tintindex":0}}},{"from":[-1,3.30448,8.53073],"to":[0,7.30448,12.53073],"rotation":{"angle":-22.5,"axis":"x","origin":[-1,3.30448,8.53073]},"faces":{"north":{"uv":[5.25,9.5,5.5,10.5],"texture":"#0","tintindex":0},"south":{"uv":[7.75,9.5,8,10.5],"texture":"#0","tintindex":0},"west":{"uv":[4.5,8.5,5.5,9.5],"texture":"#0","tintindex":0},"up":{"uv":[8.25,10.5,8,9.5],"texture":"#0","tintindex":0},"down":{"uv":[9.5,9.5,9.25,10.5],"texture":"#0","tintindex":0}}},{"from":[8,9.25,-1],"to":[11,12.25,0],"rotation":{"angle":45,"axis":"z","origin":[8,9.25,-1]},"faces":{"north":{"uv":[6.75,8.75,7.5,9.5],"texture":"#0","tintindex":0},"south":{"uv":[7.5,8.75,8.25,9.5],"texture":"#0","tintindex":0},"west":{"uv":[9.5,9.5,9.75,10.25],"texture":"#0","tintindex":0},"down":{"uv":[0.75,9.75,0,10],"texture":"#0","tintindex":0}}},{"from":[8,12.25,-1],"to":[11,14.25,0],"rotation":{"angle":45,"axis":"z","origin":[8,9.25,-1]},"faces":{"north":{"uv":[9,5.75,9.75,6.25],"texture":"#0","tintindex":0},"east":{"uv":[9.75,2.25,10,2.75],"texture":"#0","tintindex":0},"south":{"uv":[9.5,3.5,10.25,4],"texture":"#0","tintindex":0},"west":{"uv":[2.75,9.75,3,10.25],"texture":"#0","tintindex":0},"up":{"uv":[1.75,10,1,9.75],"texture":"#0","tintindex":0}}},{"from":[11,9.25,-1],"to":[13,12.25,0],"rotation":{"angle":45,"axis":"z","origin":[8,9.25,-1]},"faces":{"north":{"uv":[9,5,9.5,5.75],"texture":"#0","tintindex":0},"east":{"uv":[0.75,9.75,1,10.5],"texture":"#0","tintindex":0},"south":{"uv":[9.25,8.75,9.75,9.5],"texture":"#0","tintindex":0},"up":{"uv":[10.25,2.25,9.75,2],"texture":"#0","tintindex":0},"down":{"uv":[2.75,9.75,2.25,10],"texture":"#0","tintindex":0}}},{"from":[-0.5,6,9],"to":[-0.47,12,17],"rotation":{"angle":0,"axis":"y","origin":[-0.5,6,9]},"faces":{"east":{"uv":[6.5,7,4.5,8.5],"texture":"#0","tintindex":0},"west":{"uv":[4.5,7,6.5,8.5],"texture":"#0","tintindex":0}}},{"from":[16.47,6,9],"to":[16.5,12,17],"rotation":{"angle":0,"axis":"y","origin":[16.5,6,9]},"faces":{"east":{"uv":[6.5,7,4.5,8.5],"texture":"#0","tintindex":0},"west":{"uv":[4.5,7,6.5,8.5],"texture":"#0","tintindex":0}}},{"from":[16,3.30448,8.53073],"to":[17,7.30448,12.53073],"rotation":{"angle":-22.5,"axis":"x","origin":[17,3.30448,8.53073]},"faces":{"north":{"uv":[5.5,9.5,5.25,10.5],"texture":"#0","tintindex":0},"east":{"uv":[5.5,8.5,4.5,9.5],"texture":"#0","tintindex":0},"south":{"uv":[8,9.5,7.75,10.5],"texture":"#0","tintindex":0},"up":{"uv":[8,10.5,8.25,9.5],"texture":"#0","tintindex":0},"down":{"uv":[9.25,9.5,9.5,10.5],"texture":"#0","tintindex":0}}},{"from":[11,8,0],"to":[16,14,1],"rotation":{"angle":0,"axis":"y","origin":[5,8,0]},"faces":{"north":{"uv":[8.75,3.75,7.5,5.25],"texture":"#0","tintindex":0},"east":{"uv":[9.5,3.5,9.25,5],"texture":"#0","tintindex":0},"south":{"uv":[8.75,5.25,7.5,6.75],"texture":"#0","tintindex":0},"west":{"uv":[9.25,3.5,9,5],"texture":"#0","tintindex":0},"up":{"uv":[9.5,5.5,10.75,5.25],"texture":"#0","tintindex":0},"down":{"uv":[9.5,5.5,10.75,5.75],"texture":"#0","tintindex":0}}},{"from":[15,8,1],"to":[16,14,6],"rotation":{"angle":0,"axis":"y","origin":[15,4,-7]},"faces":{"east":{"uv":[8.75,2.25,7.5,3.75],"texture":"#0","tintindex":0},"west":{"uv":[8.75,0.75,7.5,2.25],"texture":"#0","tintindex":0},"up":{"uv":[9.5,5.25,9.75,4],"texture":"#0","tintindex":0},"down":{"uv":[4.5,9.5,4.75,10.75],"texture":"#0","tintindex":0}}},{"from":[15,3,6],"to":[16,14,15],"rotation":{"angle":0,"axis":"y","origin":[15,7,2]},"faces":{"north":{"uv":[9,3.5,8.75,6.25],"texture":"#0","tintindex":0},"east":{"uv":[4.5,7,2.25,9.75],"texture":"#0","tintindex":0},"west":{"uv":[2.25,7,0,9.75],"texture":"#0","tintindex":0},"up":{"uv":[6.5,11,6.75,8.75],"texture":"#0","tintindex":0}}},{"from":[15,0,1],"to":[16,3,15],"rotation":{"angle":0,"axis":"y","origin":[15,0,2]},"faces":{"east":{"uv":[11,0,7.5,0.75],"texture":"#0","tintindex":0},"west":{"uv":[10,7,6.5,7.75],"texture":"#0","tintindex":0},"up":{"uv":[5.5,12,5.75,8.5],"texture":"#0","tintindex":0},"down":{"uv":[5.75,8.5,6,12],"texture":"#0","tintindex":0}}},{"from":[12,0,0],"to":[16,3,1],"rotation":{"angle":0,"axis":"y","origin":[11,0,0]},"faces":{"north":{"uv":[9.75,2,8.75,2.75],"texture":"#0","tintindex":0},"east":{"uv":[9.75,8,9.5,8.75],"texture":"#0","tintindex":0},"south":{"uv":[9.75,2.75,8.75,3.5],"texture":"#0","tintindex":0},"up":{"uv":[6.75,9.75,7.75,9.5],"texture":"#0","tintindex":0},"down":{"uv":[9.5,7.75,10.5,8],"texture":"#0","tintindex":0}}},{"from":[11,0,-0.25],"to":[12,3.5,1.25],"rotation":{"angle":0,"axis":"y","origin":[11,0,0]},"faces":{"north":{"uv":[5,9.5,4.75,10.5],"texture":"#0","tintindex":0},"east":{"uv":[9.25,8.75,8.75,9.75],"texture":"#0","tintindex":0},"south":{"uv":[5.25,9.5,5,10.5],"texture":"#0","tintindex":0},"west":{"uv":[8.75,8.75,8.25,9.75],"texture":"#0","tintindex":0},"up":{"uv":[1.75,10.25,2,9.75],"texture":"#0","tintindex":0},"down":{"uv":[2,9.75,2.25,10.25],"texture":"#0","tintindex":0}}}],"gui_light":"front","display":{"thirdperson_righthand":{"rotation":[53.75,0,0],"translation":[0,4,-0.25],"scale":[0.5,0.5,0.5]},"thirdperson_lefthand":{"rotation":[53.75,0,0],"translation":[0,4,-0.25],"scale":[0.5,0.5,0.5]},"firstperson_righthand":{"rotation":[157.75,0,180],"translation":[0,3.25,0],"scale":[0.44727,0.44727,0.44727]},"firstperson_lefthand":{"rotation":[157.75,0,180],"translation":[0,3.25,0],"scale":[0.44727,0.44727,0.44727]},"ground":{"translation":[0,5,0],"scale":[0.7,0.7,0.7]},"gui":{"rotation":[0,180,0],"translation":[0,0.25,0],"scale":[0.7,0.7,0.7]},"head":{"translation":[0,1.25,0]},"fixed":{"rotation":[-90,0,0],"translation":[0,0,-12.25],"scale":[1.51367,1.51367,1.51367]}}}