{"textures​":{"1":"\u0063\u0075\u0074\u0069\u0065\u0063\u0061\u0074\u0070\u0061\u0063\u006b:\u0063\u0075\u0074\u0069\u0065\u0063\u0061\u0074\u0070\u0061\u0063\u006b/\u0063\u0061\u0074\u0062\u006f\u0077","\u0070\u0061\u0072\u0074\u0069\u0063\u006c\u0065":"#1"},"credit":"Made with Blockbench","texture_size":[24,24],"\u0074\u0065\u0078\u0074\u0075\u0072\u0065\u0073":{"1":"\u0063\u0075\u0074\u0069\u0065\u0063\u0061\u0074\u0070\u0061\u0063\u006b:\u0063\u0075\u0074\u0069\u0065\u0063\u0061\u0074\u0070\u0061\u0063\u006b/\u0063\u0061\u0074\u0062\u006f\u0077","\u0070\u0061\u0072\u0074\u0069\u0063\u006c\u0065":"#1"},"elements":[{"from":[7.5,10,6.30294],"to":[8.5,11,7.30294],"rotation":{"angle":0,"axis":"y","origin":[7.5,10,6.30294]},"faces":{"north":{"uv":[7.33333,4.66667,8,5.33333],"texture":"#1"},"east":{"uv":[6,8.66667,6.66667,9.33333],"texture":"#1"},"south":{"uv":[6.66667,8.66667,7.33333,9.33333],"texture":"#1"},"west":{"uv":[8.66667,6.66667,9.33333,7.33333],"texture":"#1"},"up":{"uv":[9.33333,8,8.66667,7.33333],"texture":"#1"},"down":{"uv":[9.33333,8,8.66667,8.66667],"texture":"#1"}}},{"from":[7.6,6,6.40294],"to":[8.4,10,7.20294],"rotation":{"angle":0,"axis":"y","origin":[7.5,6,6.30294]},"faces":{"north":{"uv":[6,3.33333,6.66667,6],"texture":"#1"},"east":{"uv":[4,6,4.66667,8.66667],"texture":"#1"},"south":{"uv":[4.66667,6,5.33333,8.66667],"texture":"#1"},"west":{"uv":[5.33333,6,6,8.66667],"texture":"#1"},"up":{"uv":[9.33333,9.33333,8.66667,8.66667],"texture":"#1"},"down":{"uv":[0.66667,9.33333,0,10],"texture":"#1"}}},{"from":[7.6,11.05,5.90294],"to":[8.4,11.85,7.90294],"rotation":{"angle":-22.5,"axis":"x","origin":[8,11.45,7.90294]},"faces":{"north":{"uv":[0.66667,9.33333,1.33333,10],"texture":"#1"},"east":{"uv":[6.66667,5.33333,8,6],"texture":"#1"},"south":{"uv":[1.33333,9.33333,2,10],"texture":"#1"},"west":{"uv":[6.66667,6,8,6.66667],"texture":"#1"},"up":{"uv":[7.33333,8,6.66667,6.66667],"texture":"#1"},"down":{"uv":[8,3.33333,7.33333,4.66667],"texture":"#1"}}},{"from":[7.8,11.42926,7.57041],"to":[8.2,14.52926,8.37041],"rotation":{"angle":22.5,"axis":"x","origin":[8.2,12.82926,7.97041]},"faces":{"north":{"uv":[4.66667,8.66667,5,10.66667],"texture":"#1"},"east":{"uv":[6,6,6.66667,8],"texture":"#1"},"south":{"uv":[5.33333,8.66667,5.66667,10.66667],"texture":"#1"},"west":{"uv":[6.66667,3.33333,7.33333,5.33333],"texture":"#1"},"up":{"uv":[3.66667,10,3.33333,9.33333],"texture":"#1"},"down":{"uv":[9.66667,3.33333,9.33333,4],"texture":"#1"}}},{"from":[7.6,12.45,8.00294],"to":[8.4,14.45,8.80294],"rotation":{"angle":45,"axis":"x","origin":[8,14.45,8.40294]},"faces":{"north":{"uv":[7.33333,6.66667,8,8],"texture":"#1"},"east":{"uv":[8,2,8.66667,3.33333],"texture":"#1"},"south":{"uv":[8,3.33333,8.66667,4.66667],"texture":"#1"},"west":{"uv":[8,4.66667,8.66667,6],"texture":"#1"},"up":{"uv":[2.66667,10,2,9.33333],"texture":"#1"},"down":{"uv":[10,2,9.33333,2.66667],"texture":"#1"}}},{"from":[7.6125,14.72866,8.12093],"to":[8.3875,15.52866,10.12093],"rotation":{"angle":-22.5,"axis":"x","origin":[7.9875,15.12866,10.12093]},"faces":{"north":{"uv":[2.66667,9.33333,3.33333,10],"texture":"#1"},"east":{"uv":[6,8,7.33333,8.66667],"texture":"#1"},"south":{"uv":[9.33333,2.66667,10,3.33333],"texture":"#1"},"west":{"uv":[8,6,9.33333,6.66667],"texture":"#1"},"up":{"uv":[8.66667,8,8,6.66667],"texture":"#1"},"down":{"uv":[8,8,7.33333,9.33333],"texture":"#1"}}},{"from":[7.65,11.04232,6.75407],"to":[8.35,14.04232,7.45407],"rotation":{"angle":22.5,"axis":"x","origin":[8.05,12.04232,7.05407]},"faces":{"north":{"uv":[8,8,8.33333,10],"texture":"#1"},"east":{"uv":[8.66667,2,9,4],"texture":"#1"},"south":{"uv":[4,8.66667,4.33333,10.66667],"texture":"#1"},"west":{"uv":[8.66667,4,9,6],"texture":"#1"},"up":{"uv":[9.66667,4.33333,9.33333,4],"texture":"#1"},"down":{"uv":[9.66667,4.66667,9.33333,5],"texture":"#1"}}},{"from":[8,15,9],"to":[8,17,12],"rotation":{"angle":0,"axis":"x","origin":[8,16,10.5]},"faces":{"north":{"uv":[0,0,0,1.33333],"texture":"#1"},"east":{"uv":[4,2,6,3.33333],"texture":"#1"},"south":{"uv":[0,0,0,1.33333],"texture":"#1"},"west":{"uv":[4,3.33333,6,4.66667],"texture":"#1"},"up":{"uv":[0,2,0,0],"texture":"#1"},"down":{"uv":[0,0,0,2],"texture":"#1"}}},{"from":[8,10.9,3.8],"to":[8,12.9,6.8],"rotation":{"angle":0,"axis":"x","origin":[8,16,10.5]},"faces":{"north":{"uv":[0,0,0,1.33333],"texture":"#1"},"east":{"uv":[4,4.66667,6,6],"texture":"#1"},"south":{"uv":[0,0,0,1.33333],"texture":"#1"},"west":{"uv":[6,2,8,3.33333],"texture":"#1"},"up":{"uv":[0,2,0,0],"texture":"#1"},"down":{"uv":[0,0,0,2],"texture":"#1"}}},{"from":[7.5,5,6.30294],"to":[8.5,6,7.30294],"rotation":{"angle":0,"axis":"y","origin":[7.5,6,6.30294]},"faces":{"north":{"uv":[7.33333,5.33333,8,4.66667],"texture":"#1"},"east":{"uv":[6,9.33333,6.66667,8.66667],"texture":"#1"},"south":{"uv":[6.66667,9.33333,7.33333,8.66667],"texture":"#1"},"west":{"uv":[8.66667,7.33333,9.33333,6.66667],"texture":"#1"},"up":{"uv":[9.33333,8.66667,8.66667,8],"texture":"#1"},"down":{"uv":[9.33333,7.33333,8.66667,8],"texture":"#1"}}},{"from":[7.6,4.15,5.90294],"to":[8.4,4.95,7.90294],"rotation":{"angle":22.5,"axis":"x","origin":[8,4.55,7.90294]},"faces":{"north":{"uv":[0.66667,10,1.33333,9.33333],"texture":"#1"},"east":{"uv":[6.66667,6,8,5.33333],"texture":"#1"},"south":{"uv":[1.33333,10,2,9.33333],"texture":"#1"},"west":{"uv":[6.66667,6.66667,8,6],"texture":"#1"},"up":{"uv":[8,4.66667,7.33333,3.33333],"texture":"#1"},"down":{"uv":[7.33333,6.66667,6.66667,8],"texture":"#1"}}},{"from":[7.65,1.95768,6.75407],"to":[8.35,4.95768,7.45407],"rotation":{"angle":-22.5,"axis":"x","origin":[8.05,3.95768,7.05407]},"faces":{"north":{"uv":[8,10,8.33333,8],"texture":"#1"},"east":{"uv":[8.66667,4,9,2],"texture":"#1"},"south":{"uv":[4,10.66667,4.33333,8.66667],"texture":"#1"},"west":{"uv":[8.66667,6,9,4],"texture":"#1"},"up":{"uv":[9.66667,5,9.33333,4.66667],"texture":"#1"},"down":{"uv":[9.66667,4,9.33333,4.33333],"texture":"#1"}}},{"from":[7.6,1.55,8.00294],"to":[8.4,3.55,8.80294],"rotation":{"angle":-45,"axis":"x","origin":[8,1.55,8.40294]},"faces":{"north":{"uv":[7.33333,8,8,6.66667],"texture":"#1"},"east":{"uv":[8,3.33333,8.66667,2],"texture":"#1"},"south":{"uv":[8,4.66667,8.66667,3.33333],"texture":"#1"},"west":{"uv":[8,6,8.66667,4.66667],"texture":"#1"},"up":{"uv":[10,2.66667,9.33333,2],"texture":"#1"},"down":{"uv":[2.66667,9.33333,2,10],"texture":"#1"}}},{"from":[7.6125,0.47134,8.12093],"to":[8.3875,1.27134,10.12093],"rotation":{"angle":22.5,"axis":"x","origin":[7.9875,0.87134,10.12093]},"faces":{"north":{"uv":[2.66667,10,3.33333,9.33333],"texture":"#1"},"east":{"uv":[6,8.66667,7.33333,8],"texture":"#1"},"south":{"uv":[9.33333,3.33333,10,2.66667],"texture":"#1"},"west":{"uv":[8,6.66667,9.33333,6],"texture":"#1"},"up":{"uv":[8,9.33333,7.33333,8],"texture":"#1"},"down":{"uv":[8.66667,6.66667,8,8],"texture":"#1"}}},{"from":[7.8,1.47074,7.57041],"to":[8.2,4.57074,8.37041],"rotation":{"angle":-22.5,"axis":"x","origin":[8.2,3.17074,7.97041]},"faces":{"north":{"uv":[4.66667,10.66667,5,8.66667],"texture":"#1"},"east":{"uv":[6,8,6.66667,6],"texture":"#1"},"south":{"uv":[5.33333,10.66667,5.66667,8.66667],"texture":"#1"},"west":{"uv":[6.66667,5.33333,7.33333,3.33333],"texture":"#1"},"up":{"uv":[9.66667,4,9.33333,3.33333],"texture":"#1"},"down":{"uv":[3.66667,9.33333,3.33333,10],"texture":"#1"}}},{"from":[8,-1,9],"to":[8,1,12],"rotation":{"angle":0,"axis":"x","origin":[8,0,10.5]},"faces":{"north":{"uv":[0,1.33333,0,0],"texture":"#1"},"east":{"uv":[4,3.33333,6,2],"texture":"#1"},"south":{"uv":[0,1.33333,0,0],"texture":"#1"},"west":{"uv":[4,4.66667,6,3.33333],"texture":"#1"},"up":{"uv":[0,2,0,0],"texture":"#1"},"down":{"uv":[0,0,0,2],"texture":"#1"}}},{"from":[8,3.1,3.8],"to":[8,5.1,6.8],"rotation":{"angle":0,"axis":"x","origin":[8,0,10.5]},"faces":{"north":{"uv":[0,1.33333,0,0],"texture":"#1"},"east":{"uv":[4,6,6,4.66667],"texture":"#1"},"south":{"uv":[0,1.33333,0,0],"texture":"#1"},"west":{"uv":[6,3.33333,8,2],"texture":"#1"},"up":{"uv":[0,2,0,0],"texture":"#1"},"down":{"uv":[0,0,0,2],"texture":"#1"}}},{"from":[8,1,9.7],"to":[8,15,15.7],"faces":{"north":{"uv":[0,0,0,9.33333],"texture":"#1"},"east":{"uv":[4,0,0,9.33333],"texture":"#1"},"south":{"uv":[0,0,0,9.33333],"texture":"#1"},"west":{"uv":[0,0,4,9.33333],"texture":"#1"},"up":{"uv":[0,4,0,0],"texture":"#1"},"down":{"uv":[0,0,0,4],"texture":"#1"}}},{"from":[8,6.8,-1.9],"to":[8,9.2,10.1],"rotation":{"angle":45,"axis":"z","origin":[8,8,4.1]},"faces":{"north":{"uv":[0,0,0,1.66667],"texture":"#1"},"east":{"uv":[4,0,12,1.66667],"rotation":180,"texture":"#1"},"south":{"uv":[0,0,0,1.66667],"texture":"#1"},"west":{"uv":[4,0,12,1.66667],"texture":"#1"},"up":{"uv":[0,8,0,0],"texture":"#1"},"down":{"uv":[0,0,0,8],"texture":"#1"}}},{"from":[8,6.8,-1.9],"to":[8,9.2,10.1],"rotation":{"angle":-45,"axis":"z","origin":[8,8,4.1]},"faces":{"north":{"uv":[0,0,0,1.66667],"texture":"#1"},"east":{"uv":[4,0,12,1.66667],"rotation":180,"texture":"#1"},"south":{"uv":[0,0,0,1.66667],"texture":"#1"},"west":{"uv":[4,0,12,1.66667],"texture":"#1"},"up":{"uv":[0,8,0,0],"texture":"#1"},"down":{"uv":[0,0,0,8],"texture":"#1"}}}],"gui_light":"front","display":{"thirdperson_righthand":{"translation":[0,-2.25,2.75],"scale":[1.125,1.125,1.125]},"thirdperson_lefthand":{"translation":[0,-2.25,2.75],"scale":[1.125,1.125,1.125]},"firstperson_righthand":{"rotation":[21,24,0],"translation":[1.25,3,0]},"firstperson_lefthand":{"rotation":[21,24,0],"translation":[1.25,3,0]},"ground":{"rotation":[-26.5,-25.3,55.42],"translation":[0,1.75,0],"scale":[1.24844,1.24844,1.24844]},"gui":{"rotation":[90,-45,90],"translation":[1.25,0.75,-0.75],"scale":[0.85547,0.85547,0.85547]},"head":{"scale":[0,0,0]},"fixed":{"rotation":[90,-90,90],"translation":[0,-0.5,-2.25],"scale":[3,3,3]}}}