{"textures​":{"layer0":"minecraft:item/music_disc_wait"},"credit":"by w11shes","\u0074\u0065\u0078\u0074\u0075\u0072\u0065\u0073":{"0":"\u0065\u006c\u0069\u0074\u0065\u0063\u0072\u0065\u0061\u0074\u0075\u0072\u0065\u0073:\u006a\u0075\u006e\u006b_\u0066\u006f\u006f\u0064_\u0063\u006f\u0073\u006d\u0065\u0074\u0069\u0063/\u0066\u0072\u0079_\u0068\u0061\u0074","\u0070\u0061\u0072\u0074\u0069\u0063\u006c\u0065":"\u0065\u006c\u0069\u0074\u0065\u0063\u0072\u0065\u0061\u0074\u0075\u0072\u0065\u0073:\u006a\u0075\u006e\u006b_\u0066\u006f\u006f\u0064_\u0063\u006f\u0073\u006d\u0065\u0074\u0069\u0063/\u0066\u0072\u0079_\u0068\u0061\u0074"},"elements":[{"from":[3,0,3],"to":[13,12,13],"rotation":{"angle":-45,"axis":"y","origin":[8,8.25,8]},"faces":{"north":{"uv":[0,0,5,6],"texture":"#0","tintindex":0},"east":{"uv":[5,0,10,6],"texture":"#0","tintindex":0},"south":{"uv":[0,0,5,6],"texture":"#0","tintindex":0},"west":{"uv":[5,0,10,6],"texture":"#0","tintindex":0},"down":{"uv":[5,6,0,11],"texture":"#0","tintindex":0}}},{"from":[3,9,3],"to":[13,12,13],"rotation":{"angle":-45,"axis":"y","origin":[8,8.25,8]},"faces":{"north":{"uv":[10,0,15,1.5],"texture":"#0"},"east":{"uv":[10,1.5,15,3],"texture":"#0"},"south":{"uv":[10,0,15,1.5],"texture":"#0"},"west":{"uv":[10,1.5,15,3],"texture":"#0"}}},{"from":[13,12,13],"to":[3,4,3],"rotation":{"angle":-45,"axis":"y","origin":[8,8.25,8]},"faces":{"north":{"uv":[0,4,5,0],"texture":"#0","tintindex":0},"east":{"uv":[5,4,10,0],"texture":"#0","tintindex":0},"south":{"uv":[0,4,5,0],"texture":"#0","tintindex":0},"west":{"uv":[5,4,10,0],"texture":"#0","tintindex":0},"up":{"uv":[0,6,5,11],"texture":"#0","tintindex":0}}},{"from":[13,12,13],"to":[3,9,3],"rotation":{"angle":-45,"axis":"y","origin":[8,8.25,8]},"faces":{"north":{"uv":[10,1.5,15,0],"texture":"#0"},"east":{"uv":[10,3,15,1.5],"texture":"#0"},"south":{"uv":[10,1.5,15,0],"texture":"#0"},"west":{"uv":[10,3,15,1.5],"texture":"#0"}}},{"from":[6.4,0.6,7],"to":[8.4,16.6,9],"rotation":{"angle":22.5,"axis":"z","origin":[0,0,0]},"faces":{"north":{"uv":[5,6,6,14],"texture":"#0"},"east":{"uv":[6,6,5,14],"texture":"#0"},"south":{"uv":[5,6,6,14],"texture":"#0"},"west":{"uv":[6,6,5,14],"texture":"#0"},"up":{"uv":[7,7,6,6],"texture":"#0"}}},{"from":[6.6,-1.1,8.1],"to":[8.6,14.9,10.1],"rotation":{"angle":-22.5,"axis":"z","origin":[16,0,0]},"faces":{"north":{"uv":[6,6,5,14],"texture":"#0"},"east":{"uv":[5,6,6,14],"texture":"#0"},"south":{"uv":[6,6,5,14],"texture":"#0"},"west":{"uv":[5,6,6,14],"texture":"#0"},"up":{"uv":[6,7,7,6],"texture":"#0"}}},{"from":[6.6,0.5,5],"to":[8.6,16.5,7],"rotation":{"angle":-22.5,"axis":"z","origin":[16,0,0]},"faces":{"north":{"uv":[6,6,5,14],"texture":"#0"},"east":{"uv":[5,6,6,14],"texture":"#0"},"south":{"uv":[6,6,5,14],"texture":"#0"},"west":{"uv":[5,6,6,14],"texture":"#0"},"up":{"uv":[6,7,7,6],"texture":"#0"}}},{"from":[7.6,4.5,7],"to":[9.6,20.5,9],"rotation":{"angle":0,"axis":"z","origin":[16,0,0]},"faces":{"north":{"uv":[6,6,5,14],"texture":"#0"},"east":{"uv":[5,6,6,14],"texture":"#0"},"south":{"uv":[6,6,5,14],"texture":"#0"},"west":{"uv":[5,6,6,14],"texture":"#0"},"up":{"uv":[6,7,7,6],"texture":"#0"}}},{"from":[4.6,2.5,9],"to":[6.6,18.5,11],"rotation":{"angle":0,"axis":"z","origin":[16,0,0]},"faces":{"north":{"uv":[6,6,5,14],"texture":"#0"},"east":{"uv":[5,6,6,14],"texture":"#0"},"south":{"uv":[6,6,5,14],"texture":"#0"},"west":{"uv":[5,6,6,14],"texture":"#0"},"up":{"uv":[6,7,7,6],"texture":"#0"}}},{"from":[11.3,2.5,10],"to":[13.3,18.5,12],"rotation":{"angle":-45,"axis":"y","origin":[16,0,0]},"faces":{"north":{"uv":[6,6,5,14],"texture":"#0"},"east":{"uv":[5,6,6,14],"texture":"#0"},"south":{"uv":[6,6,5,14],"texture":"#0"},"west":{"uv":[5,6,6,14],"texture":"#0"},"up":{"uv":[6,7,7,6],"texture":"#0"}}},{"from":[7,6.5,6.4],"to":[9,22.5,8.4],"rotation":{"angle":22.5,"axis":"x","origin":[16,0,0]},"faces":{"north":{"uv":[5,6,6,14],"texture":"#0"},"east":{"uv":[6,6,5,14],"texture":"#0"},"south":{"uv":[5,6,6,14],"texture":"#0"},"west":{"uv":[6,6,5,14],"texture":"#0"},"up":{"uv":[6,7,7,6],"rotation":90,"texture":"#0"}}},{"from":[6.9,6.5,7.7],"to":[8.9,22.5,9.7],"rotation":{"angle":-22.5,"axis":"x","origin":[16,0,16]},"faces":{"north":{"uv":[6,6,5,14],"texture":"#0"},"east":{"uv":[5,6,6,14],"texture":"#0"},"south":{"uv":[6,6,5,14],"texture":"#0"},"west":{"uv":[5,6,6,14],"texture":"#0"},"up":{"uv":[7,7,6,6],"rotation":90,"texture":"#0"}}}],"gui_light":"front","display":{"thirdperson_righthand":{"rotation":[75,95,0],"translation":[-1,2.5,2],"scale":[0.4,0.4,0.4]},"thirdperson_lefthand":{"rotation":[75,95,0],"translation":[-1,2.5,2],"scale":[0.4,0.4,0.4]},"firstperson_righthand":{"rotation":[178.2,-45.3,169.01],"translation":[-1.75,2.5,0],"scale":[0.58359,0.58359,0.58359]},"firstperson_lefthand":{"rotation":[178.2,-45.3,169.01],"translation":[-1.75,2.5,0],"scale":[0.58359,0.58359,0.58359]},"ground":{"translation":[0,3.5,0],"scale":[0.75391,0.75391,0.75391]},"gui":{"rotation":[30,180,0],"translation":[0,-0.25,0],"scale":[0.65,0.65,0.65]},"head":{"rotation":[0,45,0],"translation":[0.25,16.5,0],"scale":[1.23086,1.23086,1.23086]},"fixed":{"translation":[0,0,-6.25],"scale":[1.67383,1.67383,1.67383]}}}