{"textures​":{"layer0":"minecraft:item/red_wool"},"credit":"MadewithBlockbench","texture_size":[32,32],"\u0074\u0065\u0078\u0074\u0075\u0072\u0065\u0073":{"0":"\u0064\u0065\u0076\u0069\u006c_\u0061\u006e\u0069\u006d\u0061\u0074\u0065\u0064_\u0077\u0065\u0061\u0070\u006f\u006e_\u0073\u0065\u0074:\u0061\u0078\u0065\u0074\u0065\u0078","1":"\u0064\u0065\u0076\u0069\u006c_\u0061\u006e\u0069\u006d\u0061\u0074\u0065\u0064_\u0077\u0065\u0061\u0070\u006f\u006e_\u0073\u0065\u0074:\u0062\u006c\u006f\u006f\u0064\u006c\u0069\u006e\u0065","\u0070\u0061\u0072\u0074\u0069\u0063\u006c\u0065":"\u0064\u0065\u0076\u0069\u006c_\u0061\u006e\u0069\u006d\u0061\u0074\u0065\u0064_\u0077\u0065\u0061\u0070\u006f\u006e_\u0073\u0065\u0074:\u0061\u0078\u0065\u0074\u0065\u0078"},"elements":[{"from":[7.5,-7,7.5],"to":[8.5,1,8.5],"rotation":{"angle":0,"axis":"y","origin":[8,-2.5,8]},"faces":{"north":{"uv":[1,6.25,1.5,10.25],"texture":"#0"},"east":{"uv":[1,10.25,1.5,14.25],"texture":"#0"},"south":{"uv":[1,6.25,1.5,10.25],"texture":"#0"},"west":{"uv":[1,10.25,1.5,14.25],"texture":"#0"},"up":{"uv":[2,12.875,1.5,12.375],"texture":"#0"},"down":{"uv":[2,12.875,1.5,12.375],"texture":"#0"}}},{"from":[7.2,-9.8,7.6],"to":[8.2,-7.8,8.4],"rotation":{"angle":-22.5,"axis":"z","origin":[15.4,-9,0]},"faces":{"north":{"uv":[2.5,0.5,1.5,0],"rotation":270,"texture":"#0"},"east":{"uv":[1.5,1.5,2.5,1],"rotation":90,"texture":"#0"},"south":{"uv":[1.5,0.5,2.5,0],"rotation":90,"texture":"#0"},"west":{"uv":[1.5,1,2.5,0.5],"rotation":90,"texture":"#0"},"up":{"uv":[0,1,0.5,0.5],"rotation":90,"texture":"#0"},"down":{"uv":[0,1,0.5,0.5],"rotation":90,"texture":"#0"}}},{"from":[13.4,-2,7.5],"to":[15.4,-1,8.5],"rotation":{"angle":45,"axis":"z","origin":[15.4,-9,0]},"faces":{"north":{"uv":[1.5,0,0.5,0.5],"texture":"#0"},"east":{"uv":[0.5,0,0,0.5],"texture":"#0"},"south":{"uv":[0.5,0,1.5,0.5],"texture":"#0"},"west":{"uv":[0.5,0,0,0.5],"texture":"#0"},"up":{"uv":[1.5,0.5,0.5,1],"texture":"#0"},"down":{"uv":[1.5,1,0.5,1.5],"texture":"#0"}}},{"from":[13.2,-5.3,7.6],"to":[14.2,-3.3,8.4],"rotation":{"angle":-22.5,"axis":"z","origin":[15.4,5,0]},"faces":{"north":{"uv":[4.5,1,3.5,0.5],"rotation":270,"texture":"#0"},"east":{"uv":[4.5,1.5,3.5,1],"rotation":90,"texture":"#0"},"south":{"uv":[3.5,1,4.5,0.5],"rotation":90,"texture":"#0"},"west":{"uv":[5,0.5,4,0],"rotation":90,"texture":"#0"},"up":{"uv":[4,0.5,3.5,0],"rotation":90,"texture":"#0"},"down":{"uv":[4,0.5,3.5,0],"rotation":90,"texture":"#0"}}},{"from":[9.8,-4,7.7],"to":[11.8,-3.5,8.2],"rotation":{"angle":-22.5,"axis":"z","origin":[11.4,-4.75,7.95]},"faces":{"north":{"uv":[2.25,1.75,1.25,1.5],"texture":"#0"},"east":{"uv":[0.25,1.75,0,1.5],"texture":"#0"},"south":{"uv":[1.25,1.75,2.25,1.5],"texture":"#0"},"west":{"uv":[0.25,1.75,0,1.5],"texture":"#0"},"up":{"uv":[3.25,1.75,2.25,1.5],"texture":"#0"},"down":{"uv":[1.25,1.75,0.25,1.5],"texture":"#0"}}},{"from":[10.3,-1.5,7.7],"to":[12.3,-1,8.2],"rotation":{"angle":0,"axis":"y","origin":[15.4,-9,0]},"faces":{"north":{"uv":[2.25,1.5,1.25,1.75],"texture":"#0"},"east":{"uv":[0.25,1.5,0,1.75],"texture":"#0"},"south":{"uv":[1.25,1.5,2.25,1.75],"texture":"#0"},"west":{"uv":[0.25,1.5,0,1.75],"texture":"#0"},"up":{"uv":[1.25,1.5,0.25,1.75],"texture":"#0"},"down":{"uv":[3.25,1.5,2.25,1.75],"texture":"#0"}}},{"from":[13.9,0.7,7.6],"to":[14.9,2.7,8.4],"rotation":{"angle":22.5,"axis":"z","origin":[15.4,-9,0]},"faces":{"north":{"uv":[3.5,1,4.5,0.5],"rotation":270,"texture":"#0"},"east":{"uv":[3.5,1.5,4.5,1],"rotation":90,"texture":"#0"},"south":{"uv":[2.5,10,3,11],"texture":"#0"},"west":{"uv":[4,0.5,5,0],"rotation":90,"texture":"#0"},"up":{"uv":[3.5,0.5,4,0],"rotation":90,"texture":"#0"},"down":{"uv":[3.5,0.5,4,0],"rotation":90,"texture":"#0"}}},{"from":[10.2,-2.2,7.5],"to":[11.2,-0.2,8.5],"rotation":{"angle":0,"axis":"y","origin":[15.4,-9,0]},"faces":{"north":{"uv":[2.5,0.5,3.5,0],"rotation":270,"texture":"#0"},"east":{"uv":[2.5,1,3.5,0.5],"rotation":90,"texture":"#0"},"south":{"uv":[3.5,0.5,2.5,0],"rotation":90,"texture":"#0"},"west":{"uv":[2.5,1.5,3.5,1],"rotation":90,"texture":"#0"},"up":{"uv":[0,1.5,0.5,1],"rotation":90,"texture":"#0"},"down":{"uv":[0,1.5,0.5,1],"rotation":90,"texture":"#0"}}},{"from":[10.8,0.5,7.7],"to":[12.8,1,8.2],"rotation":{"angle":22.5,"axis":"z","origin":[11.4,0.75,7.95]},"faces":{"north":{"uv":[2.25,1.5,1.25,1.75],"texture":"#0"},"east":{"uv":[0.25,1.5,0,1.75],"texture":"#0"},"south":{"uv":[1.25,1.5,2.25,1.75],"texture":"#0"},"west":{"uv":[0.25,1.5,0,1.75],"texture":"#0"},"up":{"uv":[1.25,1.5,0.25,1.75],"texture":"#0"},"down":{"uv":[3.25,1.5,2.25,1.75],"texture":"#0"}}},{"from":[18.4,1.9,7.5],"to":[19.4,4.4,8.5],"rotation":{"angle":45,"axis":"z","origin":[15.4,-9,0]},"faces":{"north":{"uv":[5,0.5,6.25,0],"rotation":270,"texture":"#0"},"east":{"uv":[4.5,1,5.75,0.5],"rotation":90,"texture":"#0"},"south":{"uv":[6.25,0.5,5,0],"rotation":90,"texture":"#0"},"west":{"uv":[4.5,1.5,5.75,1],"rotation":90,"texture":"#0"},"up":{"uv":[5.75,1.5,6.25,1],"rotation":90,"texture":"#0"},"down":{"uv":[5.75,1,6.25,0.5],"rotation":90,"texture":"#0"}}},{"from":[7.5,1,7.5],"to":[8.5,9,8.5],"rotation":{"angle":0,"axis":"y","origin":[8,20.5,8]},"faces":{"north":{"uv":[15.5,4,16,0],"texture":"#0"},"east":{"uv":[15.5,8,16,4],"texture":"#0"},"south":{"uv":[15.5,4,16,0],"texture":"#0"},"west":{"uv":[15.5,8,16,4],"texture":"#0"},"up":{"uv":[16,8,15.5,8.5],"texture":"#0"},"down":{"uv":[16,8,15.5,8.5],"texture":"#0"}}},{"from":[2.5,-3,8],"to":[12.5,13,8],"rotation":{"angle":0,"axis":"y","origin":[16,0,0]},"faces":{"north":{"uv":[13.25,0,3.25,16],"texture":"#1"},"east":{"uv":[0,0,0,16],"texture":"#1"},"south":{"uv":[3.25,0,13.25,16],"texture":"#1"},"west":{"uv":[0,0,0,16],"texture":"#1"},"up":{"uv":[7,0,0,0],"texture":"#1"},"down":{"uv":[7,0,0,0],"texture":"#1"}}},{"from":[7.4,-9.5,7.4],"to":[8.6,-7,8.6],"rotation":{"angle":0,"axis":"y","origin":[8,-2.5,8]},"faces":{"north":{"uv":[7.25,2,7.75,3.25],"texture":"#0"},"east":{"uv":[7.75,2,8.25,3.25],"texture":"#0"},"south":{"uv":[7.25,2,7.75,3.25],"texture":"#0"},"west":{"uv":[7.75,2,8.25,3.25],"texture":"#0"},"up":{"uv":[7.75,3.75,7.25,3.25],"texture":"#0"},"down":{"uv":[7.75,3.75,7.25,3.25],"texture":"#0"}}},{"from":[9.4,10.8,7],"to":[10.4,12.8,9],"rotation":{"angle":22.5,"axis":"z","origin":[13,5,8]},"faces":{"north":{"uv":[5.25,1.5,4.75,2.5],"texture":"#0"},"east":{"uv":[6.25,1.5,5.25,2.5],"texture":"#0"},"south":{"uv":[4.75,1.5,5.25,2.5],"texture":"#0"},"west":{"uv":[6.25,2.5,5.25,3.5],"texture":"#0"},"up":{"uv":[4.75,2.5,4.25,3.5],"texture":"#0"},"down":{"uv":[4.75,1.5,4.25,2.5],"texture":"#0"}}},{"from":[7.5,9,7.5],"to":[8.5,12,8.5],"rotation":{"angle":0,"axis":"y","origin":[13,5,8]},"faces":{"north":{"uv":[5.75,3.5,5.25,5],"texture":"#0"},"east":{"uv":[5.25,2.5,4.75,4],"texture":"#0"},"south":{"uv":[5.25,3.5,5.75,5],"texture":"#0"},"west":{"uv":[5.25,2.5,4.75,4],"texture":"#0"},"up":{"uv":[4.75,3.5,4.25,4],"texture":"#0"},"down":{"uv":[4.75,3.5,4.25,4],"texture":"#0"}}},{"from":[6.5,11.5,7],"to":[8.5,14,9],"rotation":{"angle":22.5,"axis":"z","origin":[8,13,8]},"faces":{"north":{"uv":[15,14.75,14,16],"texture":"#0"},"east":{"uv":[15,13.5,14,14.75],"texture":"#0"},"south":{"uv":[14,14.75,15,16],"texture":"#0"},"west":{"uv":[13,14.75,14,16],"texture":"#0"},"up":{"uv":[16,15,15,16],"texture":"#0"},"down":{"uv":[16,14,15,15],"texture":"#0"}}},{"from":[7.7,10.1,7.4],"to":[8.7,13.1,8.6],"rotation":{"angle":-22.5,"axis":"z","origin":[8,11,8]},"faces":{"north":{"uv":[6.25,3.5,5.75,5],"texture":"#0"},"east":{"uv":[5.25,4,4.75,5.5],"texture":"#0"},"south":{"uv":[5.75,3.5,6.25,5],"texture":"#0"},"west":{"uv":[5.25,4,4.75,5.5],"texture":"#0"},"up":{"uv":[5.75,5,5.25,5.5],"texture":"#0"},"down":{"uv":[5.75,5,5.25,5.5],"texture":"#0"}}},{"from":[2,9,8],"to":[19,21,8],"faces":{"north":{"uv":[14.5,7,6,13],"texture":"#0"},"east":{"uv":[0,0,0,7],"texture":"#0"},"south":{"uv":[6,7,14.5,13],"texture":"#0"},"west":{"uv":[0,0,0,7],"texture":"#0"},"up":{"uv":[0,0,9,0],"texture":"#0"},"down":{"uv":[0,0,9,0],"texture":"#0"}}},{"from":[6.1,1.3,7.5],"to":[7.1,2.8,8.5],"rotation":{"angle":-22.5,"axis":"z","origin":[6,1.75,8]},"faces":{"north":{"uv":[6.75,2,6.25,2.75],"texture":"#0"},"east":{"uv":[6.75,2,7.25,2.75],"texture":"#0"},"south":{"uv":[6.25,2,6.75,2.75],"texture":"#0"},"west":{"uv":[6.75,2,7.25,2.75],"texture":"#0"},"up":{"uv":[6.25,2.75,6.75,3.25],"texture":"#0"},"down":{"uv":[6.25,2.75,6.75,3.25],"texture":"#0"}}},{"from":[6.5,0,7],"to":[7.5,1.5,9],"rotation":{"angle":0,"axis":"y","origin":[4,-3.5,0]},"faces":{"north":{"uv":[3,8.25,3.5,9],"texture":"#0"},"east":{"uv":[3.5,8.25,4.5,9],"texture":"#0"},"south":{"uv":[3.5,8.25,3,9],"texture":"#0"},"west":{"uv":[3.5,8.25,4.5,9],"texture":"#0"},"up":{"uv":[3,9,3.5,10],"texture":"#0"},"down":{"uv":[3,9,3.5,10],"texture":"#0"}}},{"from":[6.5,1.5,6.5],"to":[9,3.5,9.5],"rotation":{"angle":0,"axis":"y","origin":[4,-3.5,0]},"faces":{"north":{"uv":[4.25,5.5,3,6.5],"texture":"#0"},"east":{"uv":[3,4.5,4.5,5.5],"texture":"#0"},"south":{"uv":[3,5.5,4.25,6.5],"texture":"#0"},"west":{"uv":[4.25,7.25,5.75,8.25],"texture":"#0"},"up":{"uv":[3,6.5,4.25,8],"texture":"#0"},"down":{"uv":[4.25,5.5,5.5,7],"texture":"#0"}}},{"from":[7,13,7.5],"to":[9,17,8.5],"rotation":{"angle":0,"axis":"y","origin":[0,0,6.5]},"faces":{"north":{"uv":[9.75,1.5,8.75,3.5],"texture":"#0"},"east":{"uv":[8.25,2,8.75,4],"texture":"#0"},"south":{"uv":[8.75,1.5,9.75,3.5],"texture":"#0"},"west":{"uv":[9.75,2,10.25,4],"texture":"#0"},"up":{"uv":[8.75,3.5,9.75,4],"texture":"#0"},"down":{"uv":[8.75,3.5,9.75,4],"texture":"#0"}}},{"from":[9,15,7.5],"to":[13,18,8.5],"rotation":{"angle":0,"axis":"y","origin":[0,0,6.5]},"faces":{"north":{"uv":[12.75,2.5,10.75,4],"texture":"#0"},"east":{"uv":[10.25,2,10.75,3.5],"texture":"#0"},"south":{"uv":[10.75,2.5,12.75,4],"texture":"#0"},"west":{"uv":[10.25,2,10.75,3.5],"texture":"#0"},"up":{"uv":[10.75,2,12.75,2.5],"texture":"#0"},"down":{"uv":[12.25,1.5,14.25,2],"texture":"#0"}}},{"from":[5.9,15.7,7.6],"to":[7.9,18.7,8.4],"rotation":{"angle":-45,"axis":"z","origin":[8,15,7.5]},"faces":{"north":{"uv":[10.75,0,9.75,1.5],"texture":"#0"},"east":{"uv":[9.25,0,9.75,1.5],"texture":"#0"},"south":{"uv":[9.75,0,10.75,1.5],"texture":"#0"},"west":{"uv":[9.25,0,9.75,1.5],"texture":"#0"},"up":{"uv":[10.75,0,11.75,0.5],"texture":"#0"},"down":{"uv":[10.75,0,11.75,0.5],"texture":"#0"}}},{"from":[7.9,14.5,7.6],"to":[9.9,17.5,8.4],"rotation":{"angle":-45,"axis":"z","origin":[8,15,7.5]},"faces":{"north":{"uv":[12.25,0.5,11.25,2],"texture":"#0"},"east":{"uv":[10.75,0.5,11.25,2],"texture":"#0"},"south":{"uv":[11.25,0.5,12.25,2],"texture":"#0"},"west":{"uv":[10.75,0.5,11.25,2],"texture":"#0"},"up":{"uv":[9.75,1.5,10.75,2],"texture":"#0"},"down":{"uv":[9.75,1.5,10.75,2],"texture":"#0"}}}],"gui_light":"front","display":{"thirdperson_righthand":{"rotation":[0,90,0],"translation":[0,7,1.75]},"thirdperson_lefthand":{"rotation":[0,-90,0],"translation":[0,7,1.75]},"firstperson_righthand":{"rotation":[0,90,0],"translation":[3.75,5.5,0.5],"scale":[0.5,0.5,0.5]},"firstperson_lefthand":{"rotation":[0,-90,0],"translation":[3.75,5.5,0.5],"scale":[0.5,0.5,0.5]},"ground":{"rotation":[0,0,-45],"translation":[0,9,0],"scale":[0.6,0.6,0.6]},"gui":{"rotation":[-180,0,-135],"translation":[0.75,-0.25,-2],"scale":[0.58219,0.58219,0.58219]},"head":{"translation":[0,-15.25,-0.5],"scale":[0,0,0]},"fixed":{"translation":[0.25,7.75,-2],"scale":[2,2,2]}}}