{"textures​":{"layer0":"minecraft:item/farmland"},"credit":"Made with Blockbench","\u0074\u0065\u0078\u0074\u0075\u0072\u0065\u0073":{"0":"\u0064\u0065\u0076\u0069\u006c_\u0061\u006e\u0069\u006d\u0061\u0074\u0065\u0064_\u0077\u0065\u0061\u0070\u006f\u006e_\u0073\u0065\u0074:\u0062\u006f\u0077\u0074\u0065\u0078","1":"\u0064\u0065\u0076\u0069\u006c_\u0061\u006e\u0069\u006d\u0061\u0074\u0065\u0064_\u0077\u0065\u0061\u0070\u006f\u006e_\u0073\u0065\u0074:\u0062\u006c\u006f\u006f\u0064\u006c\u0069\u006e\u0065","\u0070\u0061\u0072\u0074\u0069\u0063\u006c\u0065":"\u0064\u0065\u0076\u0069\u006c_\u0061\u006e\u0069\u006d\u0061\u0074\u0065\u0064_\u0077\u0065\u0061\u0070\u006f\u006e_\u0073\u0065\u0074:\u0062\u006f\u0077\u0074\u0065\u0078"},"elements":[{"from":[1,8.1,0],"to":[18,8.1,6],"rotation":{"angle":-22.5,"axis":"y","origin":[9.5,8.1,5]},"faces":{"north":{"uv":[0,8.5,0,0],"rotation":90,"texture":"#0"},"east":{"uv":[0,4,0,0],"rotation":270,"texture":"#0"},"south":{"uv":[0,8.5,0,0],"rotation":90,"texture":"#0"},"west":{"uv":[0,4,0,0],"rotation":90,"texture":"#0"},"up":{"uv":[3.25,6.125,11.75,3.125],"rotation":180,"texture":"#0"},"down":{"uv":[11.75,6.125,3.25,3.125],"texture":"#0"}}},{"from":[1,8.1,10],"to":[18,8.1,16],"rotation":{"angle":22.5,"axis":"y","origin":[9.5,8.1,11]},"faces":{"north":{"uv":[0,0,0,8.5],"rotation":90,"texture":"#0"},"east":{"uv":[0,0,0,4],"rotation":270,"texture":"#0"},"south":{"uv":[0,0,0,8.5],"rotation":90,"texture":"#0"},"west":{"uv":[0,0,0,4],"rotation":90,"texture":"#0"},"up":{"uv":[3.25,3.125,11.75,6.125],"rotation":180,"texture":"#0"},"down":{"uv":[11.75,3.125,3.25,6.125],"texture":"#0"}}},{"from":[13.5,-3.7,7.1],"to":[15.5,-0.7,8.9],"rotation":{"angle":-45,"axis":"z","origin":[11.9,-0.4,8]},"faces":{"north":{"uv":[3,8.375,2,9.875],"rotation":180,"texture":"#0"},"east":{"uv":[7.5,10,8.5,11.5],"rotation":180,"texture":"#0"},"south":{"uv":[2,8.375,3,9.875],"rotation":180,"texture":"#0"},"west":{"uv":[5,10,6,11.5],"rotation":180,"texture":"#0"},"up":{"uv":[5,9,6,10],"texture":"#0"},"down":{"uv":[1.5,12.375,2.5,13.375],"texture":"#0"}}},{"from":[12.1,-7,7.2],"to":[14.1,-4,8.8],"rotation":{"angle":-22.5,"axis":"z","origin":[11.9,-0.4,8]},"faces":{"north":{"uv":[3,8.375,4,9.875],"rotation":180,"texture":"#0"},"east":{"uv":[6.75,10,7.5,11.5],"rotation":180,"texture":"#0"},"south":{"uv":[3,8.375,4,9.875],"rotation":180,"texture":"#0"},"west":{"uv":[6,10,6.75,11.5],"rotation":180,"texture":"#0"},"up":{"uv":[5,11.5,6,12.25],"texture":"#0"},"down":{"uv":[6,9.25,7,10],"texture":"#0"}}},{"from":[13.2,-2.1,7],"to":[15.2,2.9,9],"rotation":{"angle":-22.5,"axis":"z","origin":[12,-0.3,8.1]},"faces":{"north":{"uv":[2,8.375,1,10.875],"rotation":180,"texture":"#0"},"east":{"uv":[1.5,13.5,2.5,16],"rotation":180,"texture":"#0"},"south":{"uv":[1,8.375,2,10.875],"rotation":180,"texture":"#0"},"west":{"uv":[4,8.5,5,11],"rotation":180,"texture":"#0"},"up":{"uv":[2.5,15,3.5,16],"texture":"#0"},"down":{"uv":[2.5,16,3.5,15],"texture":"#0"}}},{"from":[14,1.1,7.5],"to":[16,7.1,8.5],"rotation":{"angle":0,"axis":"y","origin":[8,20.6,8.1]},"faces":{"north":{"uv":[1,10.875,0,7.875],"rotation":180,"texture":"#0"},"east":{"uv":[1,16,1.5,13],"rotation":180,"texture":"#0"},"south":{"uv":[0,10.875,1,7.875],"rotation":180,"texture":"#0"},"west":{"uv":[3.5,16,4,13],"rotation":180,"texture":"#0"},"up":{"uv":[1,12.5,0,13],"rotation":180,"texture":"#0"},"down":{"uv":[1,12.5,0,13],"texture":"#0"}}},{"from":[14,9.1,7.5],"to":[16,15.1,8.5],"rotation":{"angle":0,"axis":"y","origin":[8,-4.4,8.1]},"faces":{"north":{"uv":[1,7.875,0,10.875],"rotation":180,"texture":"#0"},"east":{"uv":[1,13,1.5,16],"rotation":180,"texture":"#0"},"south":{"uv":[0,7.875,1,10.875],"rotation":180,"texture":"#0"},"west":{"uv":[3.5,13,4,16],"rotation":180,"texture":"#0"},"up":{"uv":[1,13,0,12.5],"texture":"#0"},"down":{"uv":[1,13,0,12.5],"rotation":180,"texture":"#0"}}},{"from":[13.2,13.3,7],"to":[15.2,18.3,9],"rotation":{"angle":22.5,"axis":"z","origin":[12,16.5,8.1]},"faces":{"north":{"uv":[2,10.875,1,8.375],"rotation":180,"texture":"#0"},"east":{"uv":[1.5,16,2.5,13.5],"rotation":180,"texture":"#0"},"south":{"uv":[1,10.875,2,8.375],"rotation":180,"texture":"#0"},"west":{"uv":[4,11,5,8.5],"rotation":180,"texture":"#0"},"up":{"uv":[2.5,15,3.5,16],"texture":"#0"},"down":{"uv":[2.5,16,3.5,15],"texture":"#0"}}},{"from":[13.5,16.9,7.1],"to":[15.5,19.9,8.9],"rotation":{"angle":45,"axis":"z","origin":[11.9,16.6,8]},"faces":{"north":{"uv":[3,9.875,2,8.375],"rotation":180,"texture":"#0"},"east":{"uv":[7.5,11.5,8.5,10],"rotation":180,"texture":"#0"},"south":{"uv":[2,9.875,3,8.375],"rotation":180,"texture":"#0"},"west":{"uv":[5,11.5,6,10],"rotation":180,"texture":"#0"},"up":{"uv":[1.5,13.375,2.5,12.375],"texture":"#0"},"down":{"uv":[5,10,6,9],"texture":"#0"}}},{"from":[12.1,20.2,7.2],"to":[14.1,23.2,8.8],"rotation":{"angle":22.5,"axis":"z","origin":[11.9,16.6,8]},"faces":{"north":{"uv":[3,9.875,4,8.375],"rotation":180,"texture":"#0"},"east":{"uv":[6.75,11.5,7.5,10],"rotation":180,"texture":"#0"},"south":{"uv":[3,9.875,4,8.375],"rotation":180,"texture":"#0"},"west":{"uv":[6,11.5,6.75,10],"rotation":180,"texture":"#0"},"up":{"uv":[6,10,7,9.25],"texture":"#0"},"down":{"uv":[5,12.25,6,11.5],"texture":"#0"}}},{"from":[9.8,2.7,8],"to":[10.3,17.2,8],"rotation":{"angle":45,"axis":"z","origin":[18.5,5.95,7.5]},"faces":{"north":{"uv":[12,5.75,11.75,0],"rotation":180,"texture":"#0"},"east":{"uv":[8,0,13.75,0],"rotation":90,"texture":"#0"},"south":{"uv":[11.75,5.75,12,0],"rotation":180,"texture":"#0"},"west":{"uv":[8,0,13.75,0],"rotation":90,"texture":"#0"},"up":{"uv":[8,0.25,8,0],"rotation":90,"texture":"#0"},"down":{"uv":[8,0.25,8,0],"rotation":90,"texture":"#0"}}},{"from":[9.8,-1.2,8],"to":[10.3,13.3,8],"rotation":{"angle":-45,"axis":"z","origin":[18.5,10.05,7.5]},"faces":{"north":{"uv":[12,0,11.75,5.75],"rotation":180,"texture":"#0"},"east":{"uv":[13.75,0,8,0],"rotation":90,"texture":"#0"},"south":{"uv":[11.75,0,12,5.75],"rotation":180,"texture":"#0"},"west":{"uv":[13.75,0,8,0],"rotation":90,"texture":"#0"},"up":{"uv":[8,0.25,8,0],"rotation":90,"texture":"#0"},"down":{"uv":[8,0.25,8,0],"rotation":90,"texture":"#0"}}},{"from":[13.4,7,7],"to":[16.4,9.2,9],"rotation":{"angle":0,"axis":"y","origin":[12,8.1,9.5]},"faces":{"north":{"uv":[16,7.5,14.5,8.5],"texture":"#0"},"east":{"uv":[15,4.5,16,5.5],"rotation":270,"texture":"#0"},"south":{"uv":[14.5,7.5,16,8.5],"texture":"#0"},"west":{"uv":[15,4.5,16,5.5],"rotation":90,"texture":"#0"},"up":{"uv":[16,5.5,14.5,6.5],"rotation":180,"texture":"#0"},"down":{"uv":[14.5,5.5,16,6.5],"texture":"#0"}}},{"from":[15,4.8,8],"to":[21,8.8,8],"rotation":{"angle":0,"axis":"y","origin":[-1,16.1,4]},"faces":{"north":{"uv":[0,2.5,3,4.5],"rotation":180,"texture":"#0"},"east":{"uv":[0,2.5,2,2.5],"rotation":270,"texture":"#0"},"south":{"uv":[0,4.5,3,2.5],"texture":"#0"},"west":{"uv":[0,2.5,2,2.5],"rotation":90,"texture":"#0"},"up":{"uv":[0,2.5,3,2.5],"rotation":180,"texture":"#0"},"down":{"uv":[0,2.5,3,2.5],"texture":"#0"}}},{"from":[16.48346,18.00395,7.6],"to":[17.48346,20.00395,8.4],"rotation":{"angle":45,"axis":"z","origin":[16.96611,14.51075,8.025]},"faces":{"north":{"uv":[1.5,5.5,2.5,5],"rotation":270,"texture":"#0"},"east":{"uv":[1.5,6.5,2.5,6],"rotation":270,"texture":"#0"},"south":{"uv":[2.5,5.5,1.5,5],"rotation":90,"texture":"#0"},"west":{"uv":[1.5,6,2.5,5.5],"rotation":270,"texture":"#0"},"up":{"uv":[0,6,0.5,5.5],"rotation":90,"texture":"#0"},"down":{"uv":[0,6,0.5,5.5],"rotation":90,"texture":"#0"}}},{"from":[12.88346,16.43666,7.5],"to":[14.88346,17.43666,8.5],"rotation":{"angle":-22.5,"axis":"z","origin":[16.26611,15.51075,8.025]},"faces":{"north":{"uv":[0.5,6.125,1.5,6.625],"rotation":180,"texture":"#0"},"east":{"uv":[0.5,6.125,0,6.625],"rotation":180,"texture":"#0"},"south":{"uv":[1.5,6.125,0.5,6.625],"rotation":180,"texture":"#0"},"west":{"uv":[0.5,6.125,0,6.625],"rotation":180,"texture":"#0"},"up":{"uv":[1.5,7.125,0.5,7.625],"texture":"#0"},"down":{"uv":[1.5,6.625,0.5,7.125],"texture":"#0"}}},{"from":[16.90451,12.58633,7.6],"to":[17.90451,14.58633,8.4],"rotation":{"angle":0,"axis":"y","origin":[16.26611,15.51075,8.025]},"faces":{"north":{"uv":[3.5,7.125,4.5,6.625],"rotation":270,"texture":"#0"},"east":{"uv":[3.5,7.625,4.5,7.125],"rotation":270,"texture":"#0"},"south":{"uv":[3.5,7.125,4.5,6.625],"rotation":90,"texture":"#0"},"west":{"uv":[4,6.625,5,6.125],"rotation":270,"texture":"#0"},"up":{"uv":[3.5,6.625,4,6.125],"rotation":90,"texture":"#0"},"down":{"uv":[3.5,6.625,4,6.125],"rotation":90,"texture":"#0"}}},{"from":[16.42589,15.56963,7.6],"to":[17.42589,17.56963,8.4],"rotation":{"angle":45,"axis":"z","origin":[16.26611,15.51075,8.025]},"faces":{"north":{"uv":[3.5,7.125,4.5,6.625],"rotation":270,"texture":"#0"},"east":{"uv":[4.5,7.625,3.5,7.125],"rotation":270,"texture":"#0"},"south":{"uv":[4.5,7.125,3.5,6.625],"rotation":90,"texture":"#0"},"west":{"uv":[5,6.625,4,6.125],"rotation":270,"texture":"#0"},"up":{"uv":[4,6.625,3.5,6.125],"rotation":90,"texture":"#0"},"down":{"uv":[4,6.625,3.5,6.125],"rotation":90,"texture":"#0"}}},{"from":[17.06153,16.55819,7.8],"to":[19.06153,17.05819,8.3],"rotation":{"angle":45,"axis":"z","origin":[16.26611,15.51075,8.025]},"faces":{"north":{"uv":[1.25,7.875,2.25,7.625],"rotation":180,"texture":"#0"},"east":{"uv":[0.25,7.875,0,7.625],"rotation":180,"texture":"#0"},"south":{"uv":[2.25,7.875,1.25,7.625],"rotation":180,"texture":"#0"},"west":{"uv":[0.25,7.875,0,7.625],"rotation":180,"texture":"#0"},"up":{"uv":[1.25,7.875,0.25,7.625],"texture":"#0"},"down":{"uv":[3.25,7.875,2.25,7.625],"texture":"#0"}}},{"from":[16.5,14.8,7.8],"to":[18.5,15.3,8.3],"rotation":{"angle":22.5,"axis":"z","origin":[16.26611,15.51075,8.025]},"faces":{"north":{"uv":[1.25,7.625,2.25,7.875],"rotation":180,"texture":"#0"},"east":{"uv":[0.25,7.625,0,7.875],"rotation":180,"texture":"#0"},"south":{"uv":[2.25,7.625,1.25,7.875],"rotation":180,"texture":"#0"},"west":{"uv":[0.25,7.625,0,7.875],"rotation":180,"texture":"#0"},"up":{"uv":[3.25,7.625,2.25,7.875],"texture":"#0"},"down":{"uv":[1.25,7.625,0.25,7.875],"texture":"#0"}}},{"from":[16.4,14,7.5],"to":[17.4,16,8.5],"rotation":{"angle":22.5,"axis":"z","origin":[16.26611,15.51075,8.025]},"faces":{"north":{"uv":[3.5,6.625,2.5,6.125],"rotation":270,"texture":"#0"},"east":{"uv":[2.5,7.125,3.5,6.625],"rotation":270,"texture":"#0"},"south":{"uv":[2.5,6.625,3.5,6.125],"rotation":90,"texture":"#0"},"west":{"uv":[2.5,7.625,3.5,7.125],"rotation":270,"texture":"#0"},"up":{"uv":[0,7.625,0.5,7.125],"rotation":90,"texture":"#0"},"down":{"uv":[0,7.625,0.5,7.125],"rotation":90,"texture":"#0"}}},{"from":[17.84015,13.49777,7.8],"to":[19.84015,13.99777,8.3],"rotation":{"angle":0,"axis":"y","origin":[16.26611,15.51075,8.025]},"faces":{"north":{"uv":[1.25,7.625,2.25,7.875],"rotation":180,"texture":"#0"},"east":{"uv":[0.25,7.625,0,7.875],"rotation":180,"texture":"#0"},"south":{"uv":[2.25,7.625,1.25,7.875],"rotation":180,"texture":"#0"},"west":{"uv":[0.25,7.625,0,7.875],"rotation":180,"texture":"#0"},"up":{"uv":[3.25,7.625,2.25,7.875],"texture":"#0"},"down":{"uv":[1.25,7.625,0.25,7.875],"texture":"#0"}}},{"from":[18.34933,12.46394,7.8],"to":[20.34933,12.96394,8.3],"rotation":{"angle":-22.5,"axis":"z","origin":[16.26611,15.51075,8.025]},"faces":{"north":{"uv":[2.25,7.875,1.25,7.625],"texture":"#0"},"east":{"uv":[0,7.875,0.25,7.625],"texture":"#0"},"south":{"uv":[1.25,7.875,2.25,7.625],"texture":"#0"},"west":{"uv":[0,7.875,0.25,7.625],"texture":"#0"},"up":{"uv":[2.25,7.875,3.25,7.625],"rotation":180,"texture":"#0"},"down":{"uv":[0.25,7.875,1.25,7.625],"rotation":180,"texture":"#0"}}},{"from":[17.88346,11.03666,7.5],"to":[18.88346,13.53666,8.5],"rotation":{"angle":-22.5,"axis":"z","origin":[16.26611,15.51075,8.025]},"faces":{"north":{"uv":[6.25,6.625,5,6.125],"rotation":270,"texture":"#0"},"east":{"uv":[4.5,7.125,5.75,6.625],"rotation":270,"texture":"#0"},"south":{"uv":[5,6.625,6.25,6.125],"rotation":90,"texture":"#0"},"west":{"uv":[4.5,7.625,5.75,7.125],"rotation":270,"texture":"#0"},"up":{"uv":[5.75,7.125,6.25,6.625],"rotation":90,"texture":"#0"},"down":{"uv":[5.75,7.625,6.25,7.125],"rotation":90,"texture":"#0"}}},{"from":[15,7.6,8],"to":[21,11.6,8],"rotation":{"angle":0,"axis":"y","origin":[-1,-0.9,4]},"faces":{"north":{"uv":[0,4.5,3,2.5],"rotation":180,"texture":"#0"},"east":{"uv":[2,2.5,0,2.5],"rotation":270,"texture":"#0"},"south":{"uv":[0,2.5,3,4.5],"texture":"#0"},"west":{"uv":[2,2.5,0,2.5],"rotation":90,"texture":"#0"},"up":{"uv":[0,2.5,3,2.5],"texture":"#0"},"down":{"uv":[0,2.5,3,2.5],"rotation":180,"texture":"#0"}}},{"from":[17.88346,2.66334,7.5],"to":[18.88346,5.16334,8.5],"rotation":{"angle":22.5,"axis":"z","origin":[16.26611,0.68925,8.025]},"faces":{"north":{"uv":[5,6.625,6.25,6.125],"rotation":270,"texture":"#0"},"east":{"uv":[5.75,7.125,4.5,6.625],"rotation":270,"texture":"#0"},"south":{"uv":[6.25,6.625,5,6.125],"rotation":90,"texture":"#0"},"west":{"uv":[5.75,7.625,4.5,7.125],"rotation":270,"texture":"#0"},"up":{"uv":[6.25,7.625,5.75,7.125],"rotation":90,"texture":"#0"},"down":{"uv":[6.25,7.125,5.75,6.625],"rotation":90,"texture":"#0"}}},{"from":[6.5,5.6,7],"to":[8.5,7.6,9],"rotation":{"angle":-45,"axis":"z","origin":[6,15.6,8]},"faces":{"north":{"uv":[8,8.625,7,9.625],"texture":"#0"},"east":{"uv":[10,8.875,9,9.875],"rotation":180,"texture":"#0"},"south":{"uv":[7,9.625,8,8.625],"rotation":90,"texture":"#0"},"west":{"uv":[8,9.875,9,8.875],"rotation":270,"texture":"#0"},"up":{"uv":[9,9.875,8,8.875],"texture":"#0"},"down":{"uv":[10,9.875,9,8.875],"rotation":270,"texture":"#0"}}},{"from":[18.34933,3.23606,7.8],"to":[20.34933,3.73606,8.3],"rotation":{"angle":22.5,"axis":"z","origin":[16.26611,0.68925,8.025]},"faces":{"north":{"uv":[2.25,7.625,1.25,7.875],"texture":"#0"},"east":{"uv":[0,7.625,0.25,7.875],"texture":"#0"},"south":{"uv":[1.25,7.625,2.25,7.875],"texture":"#0"},"west":{"uv":[0,7.625,0.25,7.875],"texture":"#0"},"up":{"uv":[0.25,7.625,1.25,7.875],"rotation":180,"texture":"#0"},"down":{"uv":[2.25,7.625,3.25,7.875],"rotation":180,"texture":"#0"}}},{"from":[17.84015,2.20223,7.8],"to":[19.84015,2.70223,8.3],"rotation":{"angle":0,"axis":"y","origin":[16.26611,0.68925,8.025]},"faces":{"north":{"uv":[1.25,7.875,2.25,7.625],"rotation":180,"texture":"#0"},"east":{"uv":[0.25,7.875,0,7.625],"rotation":180,"texture":"#0"},"south":{"uv":[2.25,7.875,1.25,7.625],"rotation":180,"texture":"#0"},"west":{"uv":[0.25,7.875,0,7.625],"rotation":180,"texture":"#0"},"up":{"uv":[1.25,7.875,0.25,7.625],"texture":"#0"},"down":{"uv":[3.25,7.875,2.25,7.625],"texture":"#0"}}},{"from":[16.4,0.2,7.5],"to":[17.4,2.2,8.5],"rotation":{"angle":-22.5,"axis":"z","origin":[16.26611,0.68925,8.025]},"faces":{"north":{"uv":[2.5,6.625,3.5,6.125],"rotation":270,"texture":"#0"},"east":{"uv":[3.5,7.125,2.5,6.625],"rotation":270,"texture":"#0"},"south":{"uv":[3.5,6.625,2.5,6.125],"rotation":90,"texture":"#0"},"west":{"uv":[3.5,7.625,2.5,7.125],"rotation":270,"texture":"#0"},"up":{"uv":[0.5,7.625,0,7.125],"rotation":90,"texture":"#0"},"down":{"uv":[0.5,7.625,0,7.125],"rotation":90,"texture":"#0"}}},{"from":[16.5,0.9,7.8],"to":[18.5,1.4,8.3],"rotation":{"angle":-22.5,"axis":"z","origin":[16.26611,0.68925,8.025]},"faces":{"north":{"uv":[1.25,7.875,2.25,7.625],"rotation":180,"texture":"#0"},"east":{"uv":[0.25,7.875,0,7.625],"rotation":180,"texture":"#0"},"south":{"uv":[2.25,7.875,1.25,7.625],"rotation":180,"texture":"#0"},"west":{"uv":[0.25,7.875,0,7.625],"rotation":180,"texture":"#0"},"up":{"uv":[1.25,7.875,0.25,7.625],"texture":"#0"},"down":{"uv":[3.25,7.875,2.25,7.625],"texture":"#0"}}},{"from":[17.06153,-0.85819,7.8],"to":[19.06153,-0.35819,8.3],"rotation":{"angle":-45,"axis":"z","origin":[16.26611,0.68925,8.025]},"faces":{"north":{"uv":[1.25,7.625,2.25,7.875],"rotation":180,"texture":"#0"},"east":{"uv":[0.25,7.625,0,7.875],"rotation":180,"texture":"#0"},"south":{"uv":[2.25,7.625,1.25,7.875],"rotation":180,"texture":"#0"},"west":{"uv":[0.25,7.625,0,7.875],"rotation":180,"texture":"#0"},"up":{"uv":[3.25,7.625,2.25,7.875],"texture":"#0"},"down":{"uv":[1.25,7.625,0.25,7.875],"texture":"#0"}}},{"from":[16.42589,-1.36963,7.6],"to":[17.42589,0.63037,8.4],"rotation":{"angle":-45,"axis":"z","origin":[16.26611,0.68925,8.025]},"faces":{"north":{"uv":[4.5,7.125,3.5,6.625],"rotation":270,"texture":"#0"},"east":{"uv":[3.5,7.625,4.5,7.125],"rotation":270,"texture":"#0"},"south":{"uv":[3.5,7.125,4.5,6.625],"rotation":90,"texture":"#0"},"west":{"uv":[4,6.625,5,6.125],"rotation":270,"texture":"#0"},"up":{"uv":[3.5,6.625,4,6.125],"rotation":90,"texture":"#0"},"down":{"uv":[3.5,6.625,4,6.125],"rotation":90,"texture":"#0"}}},{"from":[16.90451,1.61367,7.6],"to":[17.90451,3.61367,8.4],"rotation":{"angle":0,"axis":"y","origin":[16.26611,0.68925,8.025]},"faces":{"north":{"uv":[4.5,7.125,3.5,6.625],"rotation":270,"texture":"#0"},"east":{"uv":[4.5,7.625,3.5,7.125],"rotation":270,"texture":"#0"},"south":{"uv":[4.5,7.125,3.5,6.625],"rotation":90,"texture":"#0"},"west":{"uv":[5,6.625,4,6.125],"rotation":270,"texture":"#0"},"up":{"uv":[4,6.625,3.5,6.125],"rotation":90,"texture":"#0"},"down":{"uv":[4,6.625,3.5,6.125],"rotation":90,"texture":"#0"}}},{"from":[12.88346,-1.23666,7.5],"to":[14.88346,-0.23666,8.5],"rotation":{"angle":22.5,"axis":"z","origin":[16.26611,0.68925,8.025]},"faces":{"north":{"uv":[0.5,6.625,1.5,6.125],"rotation":180,"texture":"#0"},"east":{"uv":[0.5,6.625,0,6.125],"rotation":180,"texture":"#0"},"south":{"uv":[1.5,6.625,0.5,6.125],"rotation":180,"texture":"#0"},"west":{"uv":[0.5,6.625,0,6.125],"rotation":180,"texture":"#0"},"up":{"uv":[1.5,7.125,0.5,6.625],"texture":"#0"},"down":{"uv":[1.5,7.625,0.5,7.125],"texture":"#0"}}},{"from":[0,7.6,7.5],"to":[18,8.6,8.5],"rotation":{"angle":0,"axis":"y","origin":[-1,2.6,0]},"faces":{"north":{"uv":[14.75,15.25,5.75,15.75],"texture":"#0"},"east":{"uv":[5.25,15.25,5.75,15.75],"texture":"#0"},"south":{"uv":[5.75,15.25,14.75,15.75],"texture":"#0"},"west":{"uv":[5.25,15.25,5.75,15.75],"texture":"#0"},"up":{"uv":[5.75,15.25,14.75,15.75],"texture":"#0"},"down":{"uv":[5.75,15.25,14.75,15.75],"texture":"#0"}}},{"from":[5.55528,14.51112,8],"to":[15.55528,22.51112,8],"rotation":{"angle":45,"axis":"z","origin":[10.55528,20.01112,8]},"faces":{"north":{"uv":[4.25,16,14.25,8],"texture":"#1"},"east":{"uv":[0,0,0,16],"texture":"#1"},"south":{"uv":[14.25,16,4.25,8],"texture":"#1"},"west":{"uv":[0,0,0,16],"texture":"#1"},"up":{"uv":[7,0,0,0],"texture":"#1"},"down":{"uv":[7,0,0,0],"texture":"#1"}}},{"from":[5.55528,-6.51112,8],"to":[15.55528,1.48888,8],"rotation":{"angle":-45,"axis":"z","origin":[10.55528,-4.01112,8]},"faces":{"north":{"uv":[4.25,8,14.25,16],"texture":"#1"},"east":{"uv":[0,16,0,0],"texture":"#1"},"south":{"uv":[14.25,8,4.25,16],"texture":"#1"},"west":{"uv":[0,16,0,0],"texture":"#1"},"up":{"uv":[7,0,0,0],"texture":"#1"},"down":{"uv":[7,0,0,0],"texture":"#1"}}},{"from":[8.9,23.5,8],"to":[10.9,26.5,8],"rotation":{"angle":22.5,"axis":"z","origin":[11,25.1,8]},"faces":{"north":{"uv":[1.75,1.5,0.75,0],"texture":"#0"},"east":{"uv":[0,1.5,0,0],"texture":"#0"},"south":{"uv":[0.75,1.5,1.75,0],"texture":"#0"},"west":{"uv":[0,1.5,0,0],"texture":"#0"},"up":{"uv":[0,0,1,0],"texture":"#0"},"down":{"uv":[0,0,1,0],"texture":"#0"}}},{"from":[10.8,-9.9,8],"to":[12.8,-6.9,8],"rotation":{"angle":-22.5,"axis":"z","origin":[11,-3.9,8]},"faces":{"north":{"uv":[1.75,0,0.75,1.5],"texture":"#0"},"east":{"uv":[0,0,0,1.5],"texture":"#0"},"south":{"uv":[0.75,0,1.75,1.5],"texture":"#0"},"west":{"uv":[0,0,0,1.5],"texture":"#0"},"up":{"uv":[0,0,1,0],"texture":"#0"},"down":{"uv":[0,0,1,0],"texture":"#0"}}}],"gui_light":"front","display":{"thirdperson_righthand":{"rotation":[0,90,0],"translation":[0,-2,5],"scale":[0.7,0.7,0.7]},"thirdperson_lefthand":{"rotation":[0,-90,0],"translation":[0,-2,5],"scale":[0.7,0.7,0.7]},"firstperson_righthand":{"rotation":[12,90,0],"translation":[12.5,8,-3.25],"scale":[0.8,0.8,0.8]},"firstperson_lefthand":{"rotation":[12,-90,0],"translation":[12.5,8,-3.25],"scale":[0.8,0.8,0.8]},"ground":{"rotation":[0,0,45],"translation":[-2,9.75,0],"scale":[0.5,0.5,0.5]},"gui":{"rotation":[0,180,45],"translation":[0.75,-0.75,-2],"scale":[0.57586,0.57586,0.57586]},"head":{"translation":[0,-15.25,-0.5],"scale":[0,0,0]},"fixed":{"translation":[-4.25,5,-2],"scale":[2,2,2]}}}