{"textures​":{"layer0":"minecraft:item/granite_wall"},"credit":"Made by PolygonMC","\u0074\u0065\u0078\u0074\u0075\u0072\u0065\u0073":{"1":"\u0068\u0061\u006c\u006c\u006f\u0077\u0065\u0065\u006e23:\u0073\u0070\u0069\u0064\u0065\u0072_\u0062\u0061\u006c\u006c\u006f\u006f\u006e","\u0070\u0061\u0072\u0074\u0069\u0063\u006c\u0065":"#1"},"elements":[{"from":[5.76,7.3086,5.49761],"to":[10.24,8.4286,9.97761],"rotation":{"angle":0,"axis":"y","origin":[8,7.8686,7.73761]},"faces":{"north":{"uv":[0,10,4.5,11],"texture":"#1","tintindex":0},"east":{"uv":[0,11,4.5,12],"texture":"#1","tintindex":0},"south":{"uv":[0,12,4.5,13],"texture":"#1","tintindex":0},"west":{"uv":[5,12,9.5,13],"texture":"#1","tintindex":0},"up":{"uv":[4.5,4.5,0,0],"texture":"#1","tintindex":0},"down":{"uv":[4.5,5,0,9.5],"texture":"#1","tintindex":0}}},{"from":[6.04,8.4286,5.77761],"to":[9.96,9.5486,9.69761],"rotation":{"angle":0,"axis":"y","origin":[8,7.8686,7.73761]},"faces":{"north":{"uv":[5,10,9,11],"texture":"#1","tintindex":0},"east":{"uv":[5,11,9,12],"texture":"#1","tintindex":0},"south":{"uv":[12,6,16,7],"texture":"#1","tintindex":0},"west":{"uv":[12,7,16,8],"texture":"#1","tintindex":0},"up":{"uv":[9,4,5,0],"texture":"#1","tintindex":0}}},{"from":[6.7375,8.7086,5.49761],"to":[7.8575,9.8286,6.61761],"rotation":{"angle":0,"axis":"y","origin":[3.7975,3.3886,3.25761]},"faces":{"north":{"uv":[12,11,13,12],"texture":"#1","tintindex":0},"east":{"uv":[0,13,1,14],"texture":"#1","tintindex":0},"south":{"uv":[13,0,14,1],"texture":"#1","tintindex":0},"west":{"uv":[1,13,2,14],"texture":"#1","tintindex":0},"up":{"uv":[14,2,13,1],"texture":"#1","tintindex":0},"down":{"uv":[3,13,2,14],"texture":"#1","tintindex":0}}},{"from":[5.8975,9.1286,5.63761],"to":[6.4575,9.6886,6.19761],"rotation":{"angle":0,"axis":"y","origin":[12.1975,3.3886,3.25761]},"faces":{"north":{"uv":[12,13,12.5,13.5],"texture":"#1","tintindex":0},"east":{"uv":[13,12,13.5,12.5],"texture":"#1","tintindex":0},"south":{"uv":[13,13,13.5,13.5],"texture":"#1","tintindex":0},"west":{"uv":[0,14,0.5,14.5],"texture":"#1","tintindex":0},"up":{"uv":[14.5,0.5,14,0],"texture":"#1","tintindex":0},"down":{"uv":[1.5,14,1,14.5],"texture":"#1","tintindex":0}}},{"from":[5.8975,9.1286,6.61761],"to":[6.4575,9.6886,7.17761],"rotation":{"angle":0,"axis":"y","origin":[12.1975,3.3886,3.25761]},"faces":{"north":{"uv":[14,1,14.5,1.5],"texture":"#1","tintindex":0},"east":{"uv":[2,14,2.5,14.5],"texture":"#1","tintindex":0},"south":{"uv":[14,2,14.5,2.5],"texture":"#1","tintindex":0},"west":{"uv":[14,3,14.5,3.5],"texture":"#1","tintindex":0},"up":{"uv":[14.5,4.5,14,4],"texture":"#1","tintindex":0},"down":{"uv":[14.5,5,14,5.5],"texture":"#1","tintindex":0}}},{"from":[9.5425,9.1286,6.61761],"to":[10.1025,9.6886,7.17761],"rotation":{"angle":0,"axis":"y","origin":[3.8025,3.3886,3.25761]},"faces":{"north":{"uv":[14.5,1,14,1.5],"texture":"#1","tintindex":0},"east":{"uv":[14.5,3,14,3.5],"texture":"#1","tintindex":0},"south":{"uv":[14.5,2,14,2.5],"texture":"#1","tintindex":0},"west":{"uv":[2.5,14,2,14.5],"texture":"#1","tintindex":0},"up":{"uv":[14,4.5,14.5,4],"texture":"#1","tintindex":0},"down":{"uv":[14,5,14.5,5.5],"texture":"#1","tintindex":0}}},{"from":[9.5425,9.1286,5.63761],"to":[10.1025,9.6886,6.19761],"rotation":{"angle":0,"axis":"y","origin":[3.8025,3.3886,3.25761]},"faces":{"north":{"uv":[12.5,13,12,13.5],"texture":"#1","tintindex":0},"east":{"uv":[0.5,14,0,14.5],"texture":"#1","tintindex":0},"south":{"uv":[13.5,13,13,13.5],"texture":"#1","tintindex":0},"west":{"uv":[13.5,12,13,12.5],"texture":"#1","tintindex":0},"up":{"uv":[14,0.5,14.5,0],"texture":"#1","tintindex":0},"down":{"uv":[1,14,1.5,14.5],"texture":"#1","tintindex":0}}},{"from":[8.1425,8.7086,5.49761],"to":[9.2625,9.8286,6.61761],"rotation":{"angle":0,"axis":"y","origin":[12.2025,3.3886,3.25761]},"faces":{"north":{"uv":[13,11,12,12],"texture":"#1","tintindex":0},"east":{"uv":[2,13,1,14],"texture":"#1","tintindex":0},"south":{"uv":[14,0,13,1],"texture":"#1","tintindex":0},"west":{"uv":[1,13,0,14],"texture":"#1","tintindex":0},"up":{"uv":[13,2,14,1],"texture":"#1","tintindex":0},"down":{"uv":[2,13,3,14],"texture":"#1","tintindex":0}}},{"from":[8.46,7.1686,5.21761],"to":[9.02,7.7286,5.77761],"rotation":{"angle":0,"axis":"y","origin":[4.54,6.0486,5.21761]},"faces":{"north":{"uv":[9.5,14,9,14.5],"texture":"#1","tintindex":0},"east":{"uv":[14.5,11,14,11.5],"texture":"#1","tintindex":0},"south":{"uv":[11.5,14,11,14.5],"texture":"#1","tintindex":0},"west":{"uv":[10.5,14,10,14.5],"texture":"#1","tintindex":0},"up":{"uv":[12,14.5,12.5,14],"texture":"#1","tintindex":0},"down":{"uv":[14,12,14.5,12.5],"texture":"#1","tintindex":0}}},{"from":[8.49602,6.86482,5.28579],"to":[8.91966,7.28846,5.70943],"rotation":{"angle":-22.5,"axis":"z","origin":[8.70784,7.07664,5.49761]},"faces":{"north":{"uv":[13.5,14,13,14.5],"texture":"#1","tintindex":0},"east":{"uv":[0.5,15,0,15.5],"texture":"#1","tintindex":0},"south":{"uv":[14.5,14,14,14.5],"texture":"#1","tintindex":0},"west":{"uv":[14.5,13,14,13.5],"texture":"#1","tintindex":0},"down":{"uv":[15,0,15.5,0.5],"texture":"#1","tintindex":0}}},{"from":[8.37382,6.67879,5.33451],"to":[8.70003,7.00499,5.66071],"rotation":{"angle":-45,"axis":"z","origin":[8.52292,6.79989,5.49761]},"faces":{"north":{"uv":[2.25,15,2,15.25],"texture":"#1","tintindex":0},"east":{"uv":[15.25,3,15,3.25],"texture":"#1","tintindex":0},"south":{"uv":[3.25,15,3,15.25],"texture":"#1","tintindex":0},"west":{"uv":[15.25,2,15,2.25],"texture":"#1","tintindex":0},"down":{"uv":[4,15,4.25,15.25],"texture":"#1","tintindex":0}}},{"from":[6.98,7.1686,5.21761],"to":[7.54,7.7286,5.77761],"rotation":{"angle":0,"axis":"y","origin":[11.46,6.0486,5.21761]},"faces":{"north":{"uv":[9,14,9.5,14.5],"texture":"#1","tintindex":0},"east":{"uv":[10,14,10.5,14.5],"texture":"#1","tintindex":0},"south":{"uv":[11,14,11.5,14.5],"texture":"#1","tintindex":0},"west":{"uv":[14,11,14.5,11.5],"texture":"#1","tintindex":0},"up":{"uv":[12.5,14.5,12,14],"texture":"#1","tintindex":0},"down":{"uv":[14.5,12,14,12.5],"texture":"#1","tintindex":0}}},{"from":[7.08034,6.86482,5.28579],"to":[7.50398,7.28846,5.70943],"rotation":{"angle":22.5,"axis":"z","origin":[7.29216,7.07664,5.49761]},"faces":{"north":{"uv":[13,14,13.5,14.5],"texture":"#1","tintindex":0},"east":{"uv":[14,13,14.5,13.5],"texture":"#1","tintindex":0},"south":{"uv":[14,14,14.5,14.5],"texture":"#1","tintindex":0},"west":{"uv":[0,15,0.5,15.5],"texture":"#1","tintindex":0},"down":{"uv":[15.5,0,15,0.5],"texture":"#1","tintindex":0}}},{"from":[7.29997,6.67879,5.33451],"to":[7.62618,7.00499,5.66071],"rotation":{"angle":45,"axis":"z","origin":[7.47708,6.79989,5.49761]},"faces":{"north":{"uv":[2,15,2.25,15.25],"texture":"#1","tintindex":0},"east":{"uv":[15,2,15.25,2.25],"texture":"#1","tintindex":0},"south":{"uv":[3,15,3.25,15.25],"texture":"#1","tintindex":0},"west":{"uv":[15,3,15.25,3.25],"texture":"#1","tintindex":0},"down":{"uv":[4.25,15,4,15.25],"texture":"#1","tintindex":0}}},{"from":[9.92675,7.78118,4.77538],"to":[12.17675,8.53118,5.52538],"rotation":{"angle":-22.5,"axis":"y","origin":[8,8.15618,5.61761]},"faces":{"north":{"uv":[14.25,10,12,10.75],"rotation":180,"texture":"#1","tintindex":0},"east":{"uv":[9,13,9.75,13.75],"rotation":270,"texture":"#1","tintindex":0},"south":{"uv":[12.25,12.75,10,12],"texture":"#1","tintindex":0},"west":{"uv":[10,13,10.75,13.75],"rotation":90,"texture":"#1","tintindex":0},"up":{"uv":[12,8,14.25,8.75],"rotation":180,"texture":"#1","tintindex":0},"down":{"uv":[12,9,14.25,9.75],"texture":"#1","tintindex":0}}},{"from":[11.42675,7.78118,3.65038],"to":[12.17675,8.53118,4.77538],"rotation":{"angle":-22.5,"axis":"y","origin":[8,8.15618,5.61761]},"faces":{"north":{"uv":[13.75,11,13,11.75],"rotation":180,"texture":"#1","tintindex":0},"east":{"uv":[6,13,6.75,14.25],"rotation":270,"texture":"#1","tintindex":0},"south":{"uv":[11.75,13.75,11,13],"texture":"#1","tintindex":0},"west":{"uv":[8,13,8.75,14.25],"rotation":90,"texture":"#1","tintindex":0},"up":{"uv":[5,13,5.75,14.25],"rotation":180,"texture":"#1","tintindex":0},"down":{"uv":[7,13,7.75,14.25],"texture":"#1","tintindex":0}}},{"from":[10.81586,7.85618,6.6611],"to":[11.41586,8.45618,8.7236],"rotation":{"angle":45,"axis":"y","origin":[8,8.15618,5.61761]},"faces":{"north":{"uv":[15.5,1,15,1.5],"rotation":180,"texture":"#1","tintindex":0},"east":{"uv":[3,13,3.5,15],"rotation":270,"texture":"#1","tintindex":0},"south":{"uv":[1.5,15.5,1,15],"texture":"#1","tintindex":0},"west":{"uv":[13,4,13.5,6],"rotation":90,"texture":"#1","tintindex":0},"up":{"uv":[13,2,13.5,4],"rotation":180,"texture":"#1","tintindex":0},"down":{"uv":[4,13,4.5,15],"texture":"#1","tintindex":0}}},{"from":[10.39501,8.91255,6.99261],"to":[12.64501,9.66255,7.74261],"rotation":{"angle":45,"axis":"z","origin":[11.72409,8.40618,7.36761]},"faces":{"north":{"uv":[12,8,14.25,8.75],"texture":"#1","tintindex":0},"east":{"uv":[9,13,9.75,13.75],"texture":"#1","tintindex":0},"south":{"uv":[12,9,14.25,9.75],"texture":"#1","tintindex":0},"west":{"uv":[10,13,10.75,13.75],"texture":"#1","tintindex":0},"up":{"uv":[12.25,12.75,10,12],"texture":"#1","tintindex":0},"down":{"uv":[14.25,10,12,10.75],"texture":"#1","tintindex":0}}},{"from":[11.89501,7.78755,6.99261],"to":[12.64501,8.91255,7.74261],"rotation":{"angle":45,"axis":"z","origin":[11.72409,8.40618,7.36761]},"faces":{"north":{"uv":[5,13,5.75,14.25],"texture":"#1","tintindex":0},"east":{"uv":[6,13,6.75,14.25],"texture":"#1","tintindex":0},"south":{"uv":[7,13,7.75,14.25],"texture":"#1","tintindex":0},"west":{"uv":[8,13,8.75,14.25],"texture":"#1","tintindex":0},"up":{"uv":[11.75,13.75,11,13],"texture":"#1","tintindex":0},"down":{"uv":[13.75,11,13,11.75],"texture":"#1","tintindex":0}}},{"from":[12.04804,6.95775,7.06761],"to":[12.64804,9.02025,7.66761],"rotation":{"angle":-22.5,"axis":"z","origin":[11.72409,8.40618,7.36761]},"faces":{"north":{"uv":[13,2,13.5,4],"texture":"#1","tintindex":0},"east":{"uv":[3,13,3.5,15],"texture":"#1","tintindex":0},"south":{"uv":[4,13,4.5,15],"texture":"#1","tintindex":0},"west":{"uv":[13,4,13.5,6],"texture":"#1","tintindex":0},"up":{"uv":[1.5,15.5,1,15],"texture":"#1","tintindex":0},"down":{"uv":[15.5,1,15,1.5],"texture":"#1","tintindex":0}}},{"from":[10.19501,7.73755,7.99261],"to":[12.44501,8.48755,8.74261],"rotation":{"angle":0,"axis":"z","origin":[11.52409,7.23118,8.36761]},"faces":{"north":{"uv":[12,8,14.25,8.75],"texture":"#1","tintindex":0},"east":{"uv":[9,13,9.75,13.75],"texture":"#1","tintindex":0},"south":{"uv":[12,9,14.25,9.75],"texture":"#1","tintindex":0},"west":{"uv":[10,13,10.75,13.75],"texture":"#1","tintindex":0},"up":{"uv":[12.25,12.75,10,12],"texture":"#1","tintindex":0},"down":{"uv":[14.25,10,12,10.75],"texture":"#1","tintindex":0}}},{"from":[11.69501,6.61255,7.99261],"to":[12.44501,7.73755,8.74261],"rotation":{"angle":0,"axis":"z","origin":[11.52409,7.23118,8.36761]},"faces":{"north":{"uv":[5,13,5.75,14.25],"texture":"#1","tintindex":0},"east":{"uv":[6,13,6.75,14.25],"texture":"#1","tintindex":0},"south":{"uv":[7,13,7.75,14.25],"texture":"#1","tintindex":0},"west":{"uv":[8,13,8.75,14.25],"texture":"#1","tintindex":0},"up":{"uv":[11.75,13.75,11,13],"texture":"#1","tintindex":0},"down":{"uv":[13.75,11,13,11.75],"texture":"#1","tintindex":0}}},{"from":[10.07567,6.30722,8.06761],"to":[12.13817,6.90722,8.66761],"rotation":{"angle":22.5,"axis":"z","origin":[11.52409,7.23118,8.36761]},"faces":{"north":{"uv":[13,2,13.5,4],"rotation":270,"texture":"#1","tintindex":0},"east":{"uv":[1.5,15.5,1,15],"rotation":90,"texture":"#1","tintindex":0},"south":{"uv":[4,13,4.5,15],"rotation":90,"texture":"#1","tintindex":0},"west":{"uv":[15.5,1,15,1.5],"rotation":90,"texture":"#1","tintindex":0},"up":{"uv":[13,4,13.5,6],"rotation":90,"texture":"#1","tintindex":0},"down":{"uv":[3,13,3.5,15],"rotation":90,"texture":"#1","tintindex":0}}},{"from":[10.18152,8.04136,8.99261],"to":[12.43152,8.79136,9.74261],"rotation":{"angle":22.5,"axis":"z","origin":[11.33839,7.60448,9.36761]},"faces":{"north":{"uv":[12,8,14.25,8.75],"texture":"#1","tintindex":0},"east":{"uv":[9,13,9.75,13.75],"texture":"#1","tintindex":0},"south":{"uv":[12,9,14.25,9.75],"texture":"#1","tintindex":0},"west":{"uv":[10,13,10.75,13.75],"texture":"#1","tintindex":0},"up":{"uv":[12.25,12.75,10,12],"texture":"#1","tintindex":0},"down":{"uv":[14.25,10,12,10.75],"texture":"#1","tintindex":0}}},{"from":[11.68152,6.91636,8.99261],"to":[12.43152,8.04136,9.74261],"rotation":{"angle":22.5,"axis":"z","origin":[11.33839,7.60448,9.36761]},"faces":{"north":{"uv":[5,13,5.75,14.25],"texture":"#1","tintindex":0},"east":{"uv":[6,13,6.75,14.25],"texture":"#1","tintindex":0},"south":{"uv":[7,13,7.75,14.25],"texture":"#1","tintindex":0},"west":{"uv":[8,13,8.75,14.25],"texture":"#1","tintindex":0},"up":{"uv":[11.75,13.75,11,13],"texture":"#1","tintindex":0},"down":{"uv":[13.75,11,13,11.75],"texture":"#1","tintindex":0}}},{"from":[11.79245,6.28857,9.06761],"to":[12.39245,8.35107,9.66761],"rotation":{"angle":-45,"axis":"z","origin":[11.33839,7.60448,9.36761]},"faces":{"north":{"uv":[13,2,13.5,4],"texture":"#1","tintindex":0},"east":{"uv":[3,13,3.5,15],"texture":"#1","tintindex":0},"south":{"uv":[4,13,4.5,15],"texture":"#1","tintindex":0},"west":{"uv":[13,4,13.5,6],"texture":"#1","tintindex":0},"up":{"uv":[1.5,15.5,1,15],"texture":"#1","tintindex":0},"down":{"uv":[15.5,1,15,1.5],"texture":"#1","tintindex":0}}},{"from":[3.82325,7.78118,4.77538],"to":[6.07325,8.53118,5.52538],"rotation":{"angle":22.5,"axis":"y","origin":[8,8.15618,5.61761]},"faces":{"north":{"uv":[12,10,14.25,10.75],"rotation":180,"texture":"#1","tintindex":0},"east":{"uv":[10.75,13,10,13.75],"rotation":270,"texture":"#1","tintindex":0},"south":{"uv":[10,12.75,12.25,12],"texture":"#1","tintindex":0},"west":{"uv":[9.75,13,9,13.75],"rotation":90,"texture":"#1","tintindex":0},"up":{"uv":[14.25,8,12,8.75],"rotation":180,"texture":"#1","tintindex":0},"down":{"uv":[14.25,9,12,9.75],"texture":"#1","tintindex":0}}},{"from":[3.82325,7.78118,3.65038],"to":[4.57325,8.53118,4.77538],"rotation":{"angle":22.5,"axis":"y","origin":[8,8.15618,5.61761]},"faces":{"north":{"uv":[13,11,13.75,11.75],"rotation":180,"texture":"#1","tintindex":0},"east":{"uv":[8.75,13,8,14.25],"rotation":270,"texture":"#1","tintindex":0},"south":{"uv":[11,13.75,11.75,13],"texture":"#1","tintindex":0},"west":{"uv":[6.75,13,6,14.25],"rotation":90,"texture":"#1","tintindex":0},"up":{"uv":[5.75,13,5,14.25],"rotation":180,"texture":"#1","tintindex":0},"down":{"uv":[7.75,13,7,14.25],"texture":"#1","tintindex":0}}},{"from":[4.58414,7.85618,6.6611],"to":[5.18414,8.45618,8.7236],"rotation":{"angle":-45,"axis":"y","origin":[8,8.15618,5.61761]},"faces":{"north":{"uv":[15,1,15.5,1.5],"rotation":180,"texture":"#1","tintindex":0},"east":{"uv":[13.5,4,13,6],"rotation":270,"texture":"#1","tintindex":0},"south":{"uv":[1,15.5,1.5,15],"texture":"#1","tintindex":0},"west":{"uv":[3.5,13,3,15],"rotation":90,"texture":"#1","tintindex":0},"up":{"uv":[13.5,2,13,4],"rotation":180,"texture":"#1","tintindex":0},"down":{"uv":[4.5,13,4,15],"texture":"#1","tintindex":0}}},{"from":[3.35196,6.95775,7.06761],"to":[3.95196,9.02025,7.66761],"rotation":{"angle":22.5,"axis":"z","origin":[4.27591,8.40618,7.36761]},"faces":{"north":{"uv":[13.5,2,13,4],"texture":"#1","tintindex":0},"east":{"uv":[13.5,4,13,6],"texture":"#1","tintindex":0},"south":{"uv":[4.5,13,4,15],"texture":"#1","tintindex":0},"west":{"uv":[3.5,13,3,15],"texture":"#1","tintindex":0},"up":{"uv":[1,15.5,1.5,15],"texture":"#1","tintindex":0},"down":{"uv":[15,1,15.5,1.5],"texture":"#1","tintindex":0}}},{"from":[3.35499,7.78755,6.99261],"to":[4.10499,8.91255,7.74261],"rotation":{"angle":-45,"axis":"z","origin":[4.27591,8.40618,7.36761]},"faces":{"north":{"uv":[5.75,13,5,14.25],"texture":"#1","tintindex":0},"east":{"uv":[8.75,13,8,14.25],"texture":"#1","tintindex":0},"south":{"uv":[7.75,13,7,14.25],"texture":"#1","tintindex":0},"west":{"uv":[6.75,13,6,14.25],"texture":"#1","tintindex":0},"up":{"uv":[11,13.75,11.75,13],"texture":"#1","tintindex":0},"down":{"uv":[13,11,13.75,11.75],"texture":"#1","tintindex":0}}},{"from":[3.35499,8.91255,6.99261],"to":[5.60499,9.66255,7.74261],"rotation":{"angle":-45,"axis":"z","origin":[4.27591,8.40618,7.36761]},"faces":{"north":{"uv":[14.25,8,12,8.75],"texture":"#1","tintindex":0},"east":{"uv":[10.75,13,10,13.75],"texture":"#1","tintindex":0},"south":{"uv":[14.25,9,12,9.75],"texture":"#1","tintindex":0},"west":{"uv":[9.75,13,9,13.75],"texture":"#1","tintindex":0},"up":{"uv":[10,12.75,12.25,12],"texture":"#1","tintindex":0},"down":{"uv":[12,10,14.25,10.75],"texture":"#1","tintindex":0}}},{"from":[3.86183,6.30722,8.06761],"to":[5.92433,6.90722,8.66761],"rotation":{"angle":-22.5,"axis":"z","origin":[4.47591,7.23118,8.36761]},"faces":{"north":{"uv":[13,4,13.5,2],"rotation":270,"texture":"#1","tintindex":0},"east":{"uv":[15.5,1.5,15,1],"rotation":90,"texture":"#1","tintindex":0},"south":{"uv":[4,15,4.5,13],"rotation":90,"texture":"#1","tintindex":0},"west":{"uv":[1.5,15,1,15.5],"rotation":90,"texture":"#1","tintindex":0},"up":{"uv":[13,6,13.5,4],"rotation":90,"texture":"#1","tintindex":0},"down":{"uv":[3,15,3.5,13],"rotation":90,"texture":"#1","tintindex":0}}},{"from":[3.55499,6.61255,7.99261],"to":[4.30499,7.73755,8.74261],"rotation":{"angle":0,"axis":"z","origin":[4.47591,7.23118,8.36761]},"faces":{"north":{"uv":[5.75,13,5,14.25],"texture":"#1","tintindex":0},"east":{"uv":[8.75,13,8,14.25],"texture":"#1","tintindex":0},"south":{"uv":[7.75,13,7,14.25],"texture":"#1","tintindex":0},"west":{"uv":[6.75,13,6,14.25],"texture":"#1","tintindex":0},"up":{"uv":[11,13.75,11.75,13],"texture":"#1","tintindex":0},"down":{"uv":[13,11,13.75,11.75],"texture":"#1","tintindex":0}}},{"from":[3.55499,7.73755,7.99261],"to":[5.80499,8.48755,8.74261],"rotation":{"angle":0,"axis":"z","origin":[4.47591,7.23118,8.36761]},"faces":{"north":{"uv":[14.25,8,12,8.75],"texture":"#1","tintindex":0},"east":{"uv":[10.75,13,10,13.75],"texture":"#1","tintindex":0},"south":{"uv":[14.25,9,12,9.75],"texture":"#1","tintindex":0},"west":{"uv":[9.75,13,9,13.75],"texture":"#1","tintindex":0},"up":{"uv":[10,12.75,12.25,12],"texture":"#1","tintindex":0},"down":{"uv":[12,10,14.25,10.75],"texture":"#1","tintindex":0}}},{"from":[3.60755,6.28857,9.06761],"to":[4.20755,8.35107,9.66761],"rotation":{"angle":45,"axis":"z","origin":[4.66161,7.60448,9.36761]},"faces":{"north":{"uv":[13.5,2,13,4],"texture":"#1","tintindex":0},"east":{"uv":[13.5,4,13,6],"texture":"#1","tintindex":0},"south":{"uv":[4.5,13,4,15],"texture":"#1","tintindex":0},"west":{"uv":[3.5,13,3,15],"texture":"#1","tintindex":0},"up":{"uv":[1,15.5,1.5,15],"texture":"#1","tintindex":0},"down":{"uv":[15,1,15.5,1.5],"texture":"#1","tintindex":0}}},{"from":[3.56848,6.91636,8.99261],"to":[4.31848,8.04136,9.74261],"rotation":{"angle":-22.5,"axis":"z","origin":[4.66161,7.60448,9.36761]},"faces":{"north":{"uv":[5.75,13,5,14.25],"texture":"#1","tintindex":0},"east":{"uv":[8.75,13,8,14.25],"texture":"#1","tintindex":0},"south":{"uv":[7.75,13,7,14.25],"texture":"#1","tintindex":0},"west":{"uv":[6.75,13,6,14.25],"texture":"#1","tintindex":0},"up":{"uv":[11,13.75,11.75,13],"texture":"#1","tintindex":0},"down":{"uv":[13,11,13.75,11.75],"texture":"#1","tintindex":0}}},{"from":[3.56848,8.04136,8.99261],"to":[5.81848,8.79136,9.74261],"rotation":{"angle":-22.5,"axis":"z","origin":[4.66161,7.60448,9.36761]},"faces":{"north":{"uv":[14.25,8,12,8.75],"texture":"#1","tintindex":0},"east":{"uv":[10.75,13,10,13.75],"texture":"#1","tintindex":0},"south":{"uv":[14.25,9,12,9.75],"texture":"#1","tintindex":0},"west":{"uv":[9.75,13,9,13.75],"texture":"#1","tintindex":0},"up":{"uv":[10,12.75,12.25,12],"texture":"#1","tintindex":0},"down":{"uv":[12,10,14.25,10.75],"texture":"#1","tintindex":0}}},{"from":[6.25,8.42567,9.11761],"to":[9.75,11.42567,12.11761],"rotation":{"angle":-22.5,"axis":"x","origin":[8,9.42567,11.61761]},"faces":{"north":{"uv":[5,4,8.5,7],"texture":"#1","tintindex":0},"east":{"uv":[9,6,12,9],"texture":"#1","tintindex":0},"south":{"uv":[5,7,8.5,10],"texture":"#1","tintindex":0},"west":{"uv":[9,9,12,12],"texture":"#1","tintindex":0},"up":{"uv":[12.5,3,9,0],"texture":"#1","tintindex":0},"down":{"uv":[12.5,3,9,6],"texture":"#1","tintindex":0}}}],"gui_light":"front","display":{"thirdperson_righthand":{"translation":[0,0.75,3]},"thirdperson_lefthand":{"translation":[0,0.75,3]},"firstperson_righthand":{"rotation":[148.75,0,-180],"translation":[-4,4,4.25]},"firstperson_lefthand":{"rotation":[148.75,0,-180],"translation":[-4,4,4.25]},"ground":{"translation":[0,3.25,0],"scale":[2,2,2]},"gui":{"rotation":[25,135,0],"translation":[0.25,-1.5,0],"scale":[1.83398,1.83398,1.83398]},"head":{"translation":[0,8,-2],"scale":[2.17578,2.17578,2.17578]},"fixed":{"rotation":[-90,0,0],"translation":[0,0,-8],"scale":[4,4,4]}}}