{"credit":"Made with Blockbench","texture_size":[128,128],"textures":{"0":"elitecreatures:sakura/sakura_texture","1":"elitecreatures:sakura/sakura_animation_01","2":"elitecreatures:sakura/sakura_animation_02-export","particle":"elitecreatures:sakura/sakura_texture"},"elements":[{"from":[7.25,1,6.5],"to":[8.75,10,7.5],"rotation":{"angle":0,"axis":"y","origin":[0,-5,-10]},"faces":{"north":{"uv":[0.5,0.5625,0.6875,1.6875],"texture":"#0"},"east":{"uv":[0.375,0.5625,0.5,1.6875],"texture":"#0"},"south":{"uv":[0.5,0.5625,0.6875,1.6875],"texture":"#0"},"west":{"uv":[0.375,0.5625,0.5,1.6875],"texture":"#0"},"up":{"uv":[0.5,0.5625,0.6875,0.6875],"texture":"#0"},"down":{"uv":[0.5,0.5625,0.6875,1.6875],"texture":"#0"}}},{"from":[5.5,10.42839,0.53042],"to":[10.5,12.92839,2.03042],"rotation":{"angle":0,"axis":"y","origin":[8,12.59056,2.05022]},"faces":{"north":{"uv":[0.8125,2,1.4375,1.6875],"texture":"#0"},"east":{"uv":[1.4375,2,1.625,1.6875],"texture":"#0"},"south":{"uv":[0.8125,1.6875,1.4375,2],"rotation":180,"texture":"#0"},"west":{"uv":[1.4375,2,1.625,1.6875],"rotation":180,"texture":"#0"},"up":{"uv":[1.4375,2,0.8125,2.1875],"texture":"#0"},"down":{"uv":[1.4375,2,0.8125,2.1875],"rotation":180,"texture":"#0"}}},{"from":[5.25,12.05099,0.17272],"to":[10.75,14.55099,1.67272],"rotation":{"angle":22.5,"axis":"x","origin":[8,12.59056,2.05022]},"faces":{"north":{"uv":[0.8125,2,1.4375,1.6875],"texture":"#0"},"east":{"uv":[1.4375,2,1.625,1.6875],"texture":"#0"},"south":{"uv":[0.8125,1.6875,1.4375,2],"rotation":180,"texture":"#0"},"west":{"uv":[1.4375,2,1.625,1.6875],"rotation":180,"texture":"#0"},"up":{"uv":[1.4375,2,0.8125,2.1875],"texture":"#0"},"down":{"uv":[1.4375,2,0.8125,2.1875],"rotation":180,"texture":"#0"}}},{"from":[5,13.28295,-0.62535],"to":[11,15.78295,0.87465],"rotation":{"angle":45,"axis":"x","origin":[8,12.59056,2.05022]},"faces":{"north":{"uv":[0.8125,2,1.4375,1.6875],"texture":"#0"},"east":{"uv":[1.4375,2,1.625,1.6875],"texture":"#0"},"south":{"uv":[0.8125,1.6875,1.4375,2],"rotation":180,"texture":"#0"},"west":{"uv":[1.4375,2,1.625,1.6875],"rotation":180,"texture":"#0"},"up":{"uv":[1.4375,2,0.8125,2.1875],"texture":"#0"},"down":{"uv":[1.4375,2,0.8125,2.1875],"rotation":180,"texture":"#0"}}},{"from":[5.75,8.75331,0.3075],"to":[10.25,11.25331,1.8075],"rotation":{"angle":-22.5,"axis":"x","origin":[8,12.59056,2.05022]},"faces":{"north":{"uv":[0.375,2.5,0.9375,2.1875],"texture":"#0"},"east":{"uv":[0.9375,2.5,1.125,2.1875],"texture":"#0"},"south":{"uv":[0.375,2.1875,0.9375,2.5],"rotation":180,"texture":"#0"},"west":{"uv":[0.9375,2.5,1.125,2.1875],"rotation":180,"texture":"#0"},"up":{"uv":[0.9375,2.5,0.375,2.6875],"texture":"#0"},"down":{"uv":[0.9375,2.5,0.375,2.6875],"rotation":180,"texture":"#0"}}},{"from":[6.75,11.58251,1.93944],"to":[9.25,15.08251,4.93944],"rotation":{"angle":-45,"axis":"x","origin":[8,14.28341,3.99969]},"faces":{"north":{"uv":[2,1,1.6875,1.4375],"texture":"#0"},"east":{"uv":[1.3125,1,1.6875,1.4375],"texture":"#0"},"south":{"uv":[2,1,1.6875,1.4375],"texture":"#0"},"west":{"uv":[1.6875,1,1.3125,1.4375],"texture":"#0"},"up":{"uv":[1.6875,1.8125,2,1.4375],"texture":"#0"},"down":{"uv":[1.6875,1.8125,2,1.4375],"texture":"#0"}}},{"from":[6.75,13.17278,6.89918],"to":[9.25,16.67278,9.89918],"rotation":{"angle":0,"axis":"y","origin":[8,14.28341,3.99969]},"faces":{"north":{"uv":[1.6875,1,2,1.4375],"texture":"#0"},"east":{"uv":[1.6875,1,1.3125,1.4375],"texture":"#0"},"south":{"uv":[1.6875,1,2,1.4375],"texture":"#0"},"west":{"uv":[1.3125,1,1.6875,1.4375],"texture":"#0"},"up":{"uv":[1.6875,1.4375,2,1.8125],"texture":"#0"},"down":{"uv":[1.6875,1.4375,2,1.8125],"texture":"#0"}}},{"from":[7.75,1,7.05],"to":[8.75,10,8.05],"rotation":{"angle":45,"axis":"y","origin":[8,5.5,7.8]},"faces":{"north":{"uv":[0.8125,0.5625,0.6875,1.6875],"texture":"#0"},"east":{"uv":[0.8125,0.5625,0.6875,1.6875],"texture":"#0"},"south":{"uv":[0.6875,0.5625,0.8125,1.6875],"texture":"#0"},"west":{"uv":[0.8125,0.5625,0.6875,1.6875],"texture":"#0"},"up":{"uv":[0.8125,0.5625,0.6875,0.6875],"texture":"#0"},"down":{"uv":[0.8125,0.5625,0.6875,0.6875],"texture":"#0"}}},{"from":[7.75,1,5.95],"to":[8.75,10,6.95],"rotation":{"angle":-45,"axis":"y","origin":[8,5.5,6.2]},"faces":{"north":{"uv":[0.8125,0.5625,0.6875,1.6875],"texture":"#0"},"east":{"uv":[0.6875,0.5625,0.8125,1.6875],"texture":"#0"},"south":{"uv":[0.6875,0.5625,0.8125,1.6875],"texture":"#0"},"west":{"uv":[0.6875,0.5625,0.8125,1.6875],"texture":"#0"},"up":{"uv":[0.8125,0.6875,0.6875,0.5625],"texture":"#0"},"down":{"uv":[0.8125,0.6875,0.6875,0.5625],"texture":"#0"}}},{"from":[6,11.63621,5.58531],"to":[10,15.63621,9.58531],"rotation":{"angle":22.5,"axis":"x","origin":[8,14.28341,3.99969]},"faces":{"north":{"uv":[1.5625,0.5,2.0625,1],"texture":"#0"},"east":{"uv":[1.5625,0,2.0625,0.5],"texture":"#0"},"south":{"uv":[1.5625,0.5,2.0625,1],"texture":"#0"},"west":{"uv":[2.0625,0,1.5625,0.5],"texture":"#0"},"up":{"uv":[1.5625,0.5,2.0625,1],"texture":"#0"},"down":{"uv":[1.5625,0.5,2.0625,1],"texture":"#0"}}},{"from":[5.5,12.63621,6.58531],"to":[10.5,14.63621,8.58531],"rotation":{"angle":22.5,"axis":"x","origin":[8,14.28341,3.99969]},"faces":{"north":{"uv":[1.0625,1.4375,1.6875,1.6875],"texture":"#0"},"east":{"uv":[0.8125,1.4375,1.0625,1.6875],"texture":"#0"},"south":{"uv":[1.0625,1.4375,1.6875,1.6875],"texture":"#0"},"west":{"uv":[0.8125,1.4375,1.0625,1.6875],"texture":"#0"},"up":{"uv":[1.0625,1.4375,1.6875,1.6875],"texture":"#0"},"down":{"uv":[1.0625,1.4375,1.6875,1.6875],"texture":"#0"}}},{"from":[7,14,5.65],"to":[9,15,9.15],"rotation":{"angle":22.5,"axis":"x","origin":[8,11.92709,6.69079]},"faces":{"north":{"uv":[0.8125,0.625,1.0625,0.75],"texture":"#0"},"east":{"uv":[0.375,1.6875,0.8125,1.8125],"texture":"#0"},"south":{"uv":[0.8125,0.625,1.0625,0.75],"texture":"#0"},"west":{"uv":[0.375,1.6875,0.8125,1.8125],"texture":"#0"},"up":{"uv":[0.8125,1,1.0625,1.4375],"texture":"#0"},"down":{"uv":[0.8125,1,1.0625,1.4375],"texture":"#0"}}},{"from":[7.25,10.71572,0.46974],"to":[8.75,14.21572,2.46974],"rotation":{"angle":-45,"axis":"x","origin":[8,14.28341,3.99969]},"faces":{"north":{"uv":[1.4375,2.4375,1.625,2],"rotation":180,"texture":"#0"},"east":{"uv":[0.8125,1.9375,0.375,2.1875],"rotation":90,"texture":"#0"},"south":{"uv":[1.4375,2.4375,1.625,2],"texture":"#0"},"west":{"uv":[0.8125,1.9375,0.375,2.1875],"rotation":270,"texture":"#0"},"up":{"uv":[1.3125,2.1875,1.125,2.4375],"texture":"#0"},"down":{"uv":[1.3125,2.1875,1.125,2.4375],"rotation":180,"texture":"#0"}}},{"from":[7.25,12.30599,9.36888],"to":[8.75,15.80599,11.36888],"rotation":{"angle":22.5,"axis":"x","origin":[8,14.28341,3.99969]},"faces":{"north":{"uv":[1.625,2.4375,1.4375,2],"texture":"#0"},"east":{"uv":[0.8125,2.1875,0.375,1.9375],"rotation":90,"texture":"#0"},"south":{"uv":[1.625,2.4375,1.4375,2],"rotation":180,"texture":"#0"},"west":{"uv":[0.8125,2.1875,0.375,1.9375],"rotation":270,"texture":"#0"},"up":{"uv":[1.3125,2.4375,1.125,2.1875],"texture":"#0"},"down":{"uv":[1.3125,2.4375,1.125,2.1875],"rotation":180,"texture":"#0"}}},{"from":[7,13.72226,3.89841],"to":[9,21.72226,6.39841],"rotation":{"angle":22.5,"axis":"x","origin":[8,14.28341,3.99969]},"faces":{"north":{"uv":[3.9375,3.5,4.1875,4.5],"texture":"#0"},"east":{"uv":[3.9375,3.5,3.625,4.5],"texture":"#0"},"south":{"uv":[3.9375,3.5,4.1875,4.5],"texture":"#0"},"west":{"uv":[3.9375,3.5,3.625,4.5],"texture":"#0"},"up":{"uv":[3.125,3.1875,3.375,3.5],"texture":"#0"},"down":{"uv":[3.125,3.1875,3.375,3.5],"texture":"#0"}}},{"from":[7.75,20.72226,2.29841],"to":[8.25,26.72226,3.79841],"rotation":{"angle":45,"axis":"x","origin":[8,14.28341,3.99969]},"faces":{"north":{"uv":[3.9375,3.5,4,4.25],"texture":"#0"},"east":{"uv":[3.8125,3.5,3.625,4.25],"texture":"#0"},"south":{"uv":[3.9375,3.5,4,4.25],"texture":"#0"},"west":{"uv":[3.8125,3.5,3.625,4.25],"texture":"#0"},"up":{"uv":[3.125,3.1875,3.1875,3.375],"texture":"#0"},"down":{"uv":[3.125,3.1875,3.1875,3.375],"texture":"#0"}}},{"from":[7.85,19.08468,14.83855],"to":[8.15,20.58468,17.83855],"rotation":{"angle":-22.5,"axis":"x","origin":[8,14.28341,3.99969]},"faces":{"north":{"uv":[3.125,3.1875,3.1875,3.375],"rotation":180,"texture":"#0"},"east":{"uv":[3.8125,3.5,3.625,3.875],"rotation":270,"texture":"#0"},"south":{"uv":[3.125,3.1875,3.1875,3.375],"texture":"#0"},"west":{"uv":[3.8125,3.5,3.625,3.875],"rotation":90,"texture":"#0"},"up":{"uv":[3.9375,3.5,4,3.875],"rotation":180,"texture":"#0"},"down":{"uv":[3.9375,3.5,4,3.875],"texture":"#0"}}},{"from":[7,0,5.25],"to":[9,1,8.75],"rotation":{"angle":0,"axis":"y","origin":[0,7,-1]},"faces":{"north":{"uv":[0.5,0.25,0.75,0.375],"texture":"#0"},"east":{"uv":[0.4375,0.4375,0.875,0.5625],"texture":"#0"},"south":{"uv":[0.5,0.25,0.75,0.375],"texture":"#0"},"west":{"uv":[0.4375,0.4375,0.875,0.5625],"texture":"#0"},"up":{"uv":[0.75,0,1,0.4375],"texture":"#0"},"down":{"uv":[0.75,0,1,0.4375],"texture":"#0"}}},{"from":[7,10,5.25],"to":[9,11,8.75],"rotation":{"angle":0,"axis":"y","origin":[0,7,-1]},"faces":{"north":{"uv":[0.5,0.25,0.75,0.375],"texture":"#0"},"east":{"uv":[0.4375,0.4375,0.875,0.5625],"texture":"#0"},"south":{"uv":[0.5,0.25,0.75,0.375],"texture":"#0"},"west":{"uv":[0.4375,0.4375,0.875,0.5625],"texture":"#0"},"up":{"uv":[0.75,0,1,0.4375],"texture":"#0"},"down":{"uv":[0.75,0,1,0.4375],"texture":"#0"}}},{"from":[7.7,-1.2,11.3],"to":[7.7,6.8,21.3],"rotation":{"angle":-45,"axis":"x","origin":[8,8,-8]},"faces":{"north":{"uv":[0,0,0,1],"texture":"#missing"},"east":{"uv":[4.6875,1,3.4375,0],"texture":"#0"},"south":{"uv":[0,0,0,1],"texture":"#missing"},"west":{"uv":[3.4375,1,4.6875,0],"texture":"#0"},"up":{"uv":[0,0,0,1],"texture":"#missing"},"down":{"uv":[0,0,0,1],"texture":"#missing"}}},{"from":[7.75,5.5,14],"to":[8.25,24.5,14.5],"rotation":{"angle":0,"axis":"y","origin":[8,24,14.25]},"faces":{"north":{"uv":[8.3125,0.5625,5.9375,0.625],"rotation":270,"texture":"#0"},"east":{"uv":[8.3125,0.5625,5.9375,0.625],"rotation":270,"texture":"#0"},"south":{"uv":[8.3125,0.5625,5.9375,0.625],"rotation":270,"texture":"#0"},"west":{"uv":[8.3125,0.5625,5.9375,0.625],"rotation":270,"texture":"#0"},"up":{"uv":[6,0.5625,5.9375,0.625],"rotation":270,"texture":"#0"},"down":{"uv":[6,0.5625,5.9375,0.625],"rotation":270,"texture":"#0"}}},{"from":[7.75,-13.5,14],"to":[8.25,5.5,14.5],"rotation":{"angle":0,"axis":"y","origin":[8,-13,14.25]},"faces":{"north":{"uv":[5.9375,0.5625,8.3125,0.625],"rotation":270,"texture":"#0"},"east":{"uv":[5.9375,0.5625,8.3125,0.625],"rotation":270,"texture":"#0"},"south":{"uv":[5.9375,0.5625,8.3125,0.625],"rotation":270,"texture":"#0"},"west":{"uv":[5.9375,0.5625,8.3125,0.625],"rotation":270,"texture":"#0"},"up":{"uv":[5.9375,0.5625,6,0.625],"rotation":270,"texture":"#0"},"down":{"uv":[5.9375,0.5625,6,0.625],"rotation":270,"texture":"#0"}}},{"from":[7.85,-9.58468,14.83855],"to":[8.15,-8.08468,17.83855],"rotation":{"angle":22.5,"axis":"x","origin":[8,-3.28341,3.99969]},"faces":{"north":{"uv":[3.125,3.375,3.1875,3.1875],"rotation":180,"texture":"#0"},"east":{"uv":[3.625,3.5,3.8125,3.875],"rotation":270,"texture":"#0"},"south":{"uv":[3.125,3.375,3.1875,3.1875],"texture":"#0"},"west":{"uv":[3.625,3.5,3.8125,3.875],"rotation":90,"texture":"#0"},"up":{"uv":[3.9375,3.875,4,3.5],"texture":"#0"},"down":{"uv":[3.9375,3.875,4,3.5],"rotation":180,"texture":"#0"}}},{"from":[8.3,18.38442,5.73833],"to":[8.3,26.38442,15.73833],"rotation":{"angle":-45,"axis":"x","origin":[8.3,24.50574,12.85965]},"faces":{"north":{"uv":[0,0,0,1],"texture":"#missing"},"east":{"uv":[4.6875,1,3.4375,0],"texture":"#0"},"south":{"uv":[0,0,0,1],"texture":"#missing"},"west":{"uv":[3.4375,1,4.6875,0],"texture":"#0"},"up":{"uv":[0,0,0,1],"texture":"#missing"},"down":{"uv":[0,0,0,1],"texture":"#missing"}}},{"from":[7.9,14.3,-0.2],"to":[7.9,24.3,7.8],"rotation":{"angle":0,"axis":"y","origin":[8,8,22]},"faces":{"north":{"uv":[0,1,0,0],"rotation":180,"texture":"#missing"},"east":{"uv":[3.4375,1,4.6875,0],"rotation":270,"texture":"#0"},"south":{"uv":[0,1,0,0],"texture":"#missing"},"west":{"uv":[4.6875,1,3.4375,0],"rotation":90,"texture":"#0"},"up":{"uv":[0,0,0,1],"rotation":180,"texture":"#missing"},"down":{"uv":[0,0,0,1],"texture":"#missing"}}},{"from":[8.1,14.3,-0.2],"to":[8.1,24.3,7.8],"rotation":{"angle":0,"axis":"y","origin":[8,8,22]},"faces":{"north":{"uv":[0,1,0,0],"rotation":180,"texture":"#missing"},"east":{"uv":[3.4375,1,4.6875,0],"rotation":270,"texture":"#0"},"south":{"uv":[0,1,0,0],"texture":"#missing"},"west":{"uv":[4.6875,1,3.4375,0],"rotation":90,"texture":"#0"},"up":{"uv":[0,0,0,1],"rotation":180,"texture":"#missing"},"down":{"uv":[0,0,0,1],"texture":"#missing"}}},{"from":[8.1,-13.3,-0.2],"to":[8.1,-3.3,7.8],"rotation":{"angle":0,"axis":"y","origin":[8,-10.3,3.8]},"faces":{"north":{"uv":[0,0,0,1],"rotation":180,"texture":"#missing"},"east":{"uv":[4.6875,1,3.4375,0],"rotation":270,"texture":"#0"},"south":{"uv":[0,0,0,1],"texture":"#missing"},"west":{"uv":[3.4375,1,4.6875,0],"rotation":90,"texture":"#0"},"up":{"uv":[0,1,0,0],"texture":"#missing"},"down":{"uv":[0,1,0,0],"rotation":180,"texture":"#missing"}}},{"from":[7.9,-13.3,-0.2],"to":[7.9,-3.3,7.8],"rotation":{"angle":0,"axis":"y","origin":[8,-10.3,3.8]},"faces":{"north":{"uv":[0,0,0,1],"rotation":180,"texture":"#missing"},"east":{"uv":[4.6875,1,3.4375,0],"rotation":270,"texture":"#0"},"south":{"uv":[0,0,0,1],"texture":"#missing"},"west":{"uv":[3.4375,1,4.6875,0],"rotation":90,"texture":"#0"},"up":{"uv":[0,1,0,0],"texture":"#missing"},"down":{"uv":[0,1,0,0],"rotation":180,"texture":"#missing"}}},{"from":[7.5,16.1,12],"to":[8.5,16.6,13],"rotation":{"angle":0,"axis":"y","origin":[0,-2,-1]},"faces":{"north":{"uv":[0.5625,0.5,0.6875,0.5625],"texture":"#0"},"east":{"uv":[0.5625,0.5,0.6875,0.5625],"texture":"#0"},"south":{"uv":[0.5625,0.5,0.6875,0.5625],"texture":"#0"},"west":{"uv":[0.5625,0.5,0.6875,0.5625],"texture":"#0"},"up":{"uv":[0.75,0,0.875,0.125],"texture":"#0"},"down":{"uv":[0.75,0,0.875,0.125],"texture":"#0"}}},{"from":[7.5,17.5,12],"to":[8.5,18.5,13],"rotation":{"angle":0,"axis":"y","origin":[0,-2,-1]},"faces":{"north":{"uv":[0.6875,0.4375,0.8125,0.5625],"texture":"#0"},"east":{"uv":[0.6875,0.4375,0.8125,0.5625],"texture":"#0"},"south":{"uv":[0.6875,0.4375,0.8125,0.5625],"texture":"#0"},"west":{"uv":[0.6875,0.4375,0.8125,0.5625],"texture":"#0"},"up":{"uv":[0.75,0,0.875,0.125],"texture":"#0"},"down":{"uv":[0.75,0,0.875,0.125],"texture":"#0"}}},{"from":[8,14,11.3],"to":[8,20,13.3],"rotation":{"angle":0,"axis":"y","origin":[8,-9.75,7]},"faces":{"north":{"uv":[1.0625,1.1875,1.25,1.375],"texture":"#0"},"east":{"uv":[2.3125,0.375,2.0625,1.125],"texture":"#0"},"south":{"uv":[1.0625,1.1875,1.25,1.375],"texture":"#0"},"west":{"uv":[2.0625,0.375,2.3125,1.125],"texture":"#0"},"up":{"uv":[1.0625,1.1875,1.25,1.375],"texture":"#0"},"down":{"uv":[1.0625,1.1875,1.25,1.375],"texture":"#0"}}},{"from":[8,19.5,11.3],"to":[8,23.5,13.3],"rotation":{"angle":0,"axis":"y","origin":[8,-9.75,7]},"faces":{"north":{"uv":[1.0625,1.1875,1.25,1.375],"texture":"#0"},"east":{"uv":[2.0625,0.375,2.3125,0.875],"texture":"#0"},"south":{"uv":[1.0625,1.1875,1.25,1.375],"texture":"#0"},"west":{"uv":[2.0625,0.375,2.3125,0.875],"texture":"#0"},"up":{"uv":[1.0625,1.1875,1.25,1.375],"texture":"#0"},"down":{"uv":[1.0625,1.1875,1.25,1.375],"texture":"#0"}}},{"from":[7.7,4.2,11.3],"to":[7.7,12.2,21.3],"rotation":{"angle":45,"axis":"x","origin":[8,3,-8]},"faces":{"north":{"uv":[0,1,0,0],"texture":"#missing"},"east":{"uv":[4.6875,0,3.4375,1],"texture":"#0"},"south":{"uv":[0,1,0,0],"texture":"#missing"},"west":{"uv":[3.4375,0,4.6875,1],"texture":"#0"},"up":{"uv":[0,1,0,0],"texture":"#missing"},"down":{"uv":[0,1,0,0],"texture":"#missing"}}},{"from":[8.3,4.2,11.3],"to":[8.3,12.2,21.3],"rotation":{"angle":45,"axis":"x","origin":[8,3,-8]},"faces":{"north":{"uv":[0,1,0,0],"texture":"#missing"},"east":{"uv":[4.6875,0,3.4375,1],"texture":"#0"},"south":{"uv":[0,1,0,0],"texture":"#missing"},"west":{"uv":[3.4375,0,4.6875,1],"texture":"#0"},"up":{"uv":[0,1,0,0],"texture":"#missing"},"down":{"uv":[0,1,0,0],"texture":"#missing"}}},{"from":[7.75,-15.72226,2.29841],"to":[8.25,-9.72226,3.79841],"rotation":{"angle":-45,"axis":"x","origin":[8,-3.28341,3.99969]},"faces":{"north":{"uv":[3.9375,4.25,4,3.5],"texture":"#0"},"east":{"uv":[3.8125,4.25,3.625,3.5],"texture":"#0"},"south":{"uv":[3.9375,4.25,4,3.5],"texture":"#0"},"west":{"uv":[3.8125,4.25,3.625,3.5],"texture":"#0"},"up":{"uv":[3.125,3.375,3.1875,3.1875],"texture":"#0"},"down":{"uv":[3.125,3.375,3.1875,3.1875],"texture":"#0"}}},{"from":[6,-4.63621,5.58531],"to":[10,-0.63621,9.58531],"rotation":{"angle":-22.5,"axis":"x","origin":[8,-3.28341,3.99969]},"faces":{"north":{"uv":[1.5625,1,2.0625,0.5],"texture":"#0"},"east":{"uv":[1.5625,0.5,2.0625,0],"texture":"#0"},"south":{"uv":[1.5625,1,2.0625,0.5],"texture":"#0"},"west":{"uv":[2.0625,0.5,1.5625,0],"texture":"#0"},"up":{"uv":[1.5625,1,2.0625,0.5],"texture":"#0"},"down":{"uv":[1.5625,1,2.0625,0.5],"texture":"#0"}}},{"from":[5.5,-3.63621,6.58531],"to":[10.5,-1.63621,8.58531],"rotation":{"angle":-22.5,"axis":"x","origin":[8,-3.28341,3.99969]},"faces":{"north":{"uv":[1.0625,1.6875,1.6875,1.4375],"texture":"#0"},"east":{"uv":[0.8125,1.6875,1.0625,1.4375],"texture":"#0"},"south":{"uv":[1.0625,1.6875,1.6875,1.4375],"texture":"#0"},"west":{"uv":[0.8125,1.6875,1.0625,1.4375],"texture":"#0"},"up":{"uv":[1.0625,1.6875,1.6875,1.4375],"texture":"#0"},"down":{"uv":[1.0625,1.6875,1.6875,1.4375],"texture":"#0"}}},{"from":[7.25,-4.80599,9.36888],"to":[8.75,-1.30599,11.36888],"rotation":{"angle":-22.5,"axis":"x","origin":[8,-3.28341,3.99969]},"faces":{"north":{"uv":[1.625,2,1.4375,2.4375],"texture":"#0"},"east":{"uv":[0.375,2.1875,0.8125,1.9375],"rotation":90,"texture":"#0"},"south":{"uv":[1.625,2,1.4375,2.4375],"rotation":180,"texture":"#0"},"west":{"uv":[0.375,2.1875,0.8125,1.9375],"rotation":270,"texture":"#0"},"up":{"uv":[1.3125,2.1875,1.125,2.4375],"rotation":180,"texture":"#0"},"down":{"uv":[1.3125,2.1875,1.125,2.4375],"texture":"#0"}}},{"from":[6.75,-4.08251,1.93944],"to":[9.25,-0.58251,4.93944],"rotation":{"angle":45,"axis":"x","origin":[8,-3.28341,3.99969]},"faces":{"north":{"uv":[2,1.4375,1.6875,1],"texture":"#0"},"east":{"uv":[1.3125,1.4375,1.6875,1],"texture":"#0"},"south":{"uv":[2,1.4375,1.6875,1],"texture":"#0"},"west":{"uv":[1.6875,1.4375,1.3125,1],"texture":"#0"},"up":{"uv":[1.6875,1.4375,2,1.8125],"texture":"#0"},"down":{"uv":[1.6875,1.4375,2,1.8125],"texture":"#0"}}},{"from":[5,-4.78295,-0.62535],"to":[11,-2.28295,0.87465],"rotation":{"angle":-45,"axis":"x","origin":[8,-1.59056,2.05022]},"faces":{"north":{"uv":[0.8125,1.6875,1.4375,2],"texture":"#0"},"east":{"uv":[1.4375,1.6875,1.625,2],"texture":"#0"},"south":{"uv":[0.8125,2,1.4375,1.6875],"rotation":180,"texture":"#0"},"west":{"uv":[1.4375,1.6875,1.625,2],"rotation":180,"texture":"#0"},"up":{"uv":[1.4375,2.1875,0.8125,2],"rotation":180,"texture":"#0"},"down":{"uv":[1.4375,2.1875,0.8125,2],"texture":"#0"}}},{"from":[5.25,-3.55099,0.17272],"to":[10.75,-1.05099,1.67272],"rotation":{"angle":-22.5,"axis":"x","origin":[8,-1.59056,2.05022]},"faces":{"north":{"uv":[0.8125,1.6875,1.4375,2],"texture":"#0"},"east":{"uv":[1.4375,1.6875,1.625,2],"texture":"#0"},"south":{"uv":[0.8125,2,1.4375,1.6875],"rotation":180,"texture":"#0"},"west":{"uv":[1.4375,1.6875,1.625,2],"rotation":180,"texture":"#0"},"up":{"uv":[1.4375,2.1875,0.8125,2],"rotation":180,"texture":"#0"},"down":{"uv":[1.4375,2.1875,0.8125,2],"texture":"#0"}}},{"from":[5.5,-1.92839,0.53042],"to":[10.5,0.57161,2.03042],"rotation":{"angle":0,"axis":"y","origin":[8,-1.59056,2.05022]},"faces":{"north":{"uv":[0.8125,1.6875,1.4375,2],"texture":"#0"},"east":{"uv":[1.4375,1.6875,1.625,2],"texture":"#0"},"south":{"uv":[0.8125,2,1.4375,1.6875],"rotation":180,"texture":"#0"},"west":{"uv":[1.4375,1.6875,1.625,2],"rotation":180,"texture":"#0"},"up":{"uv":[1.4375,2.1875,0.8125,2],"rotation":180,"texture":"#0"},"down":{"uv":[1.4375,2.1875,0.8125,2],"texture":"#0"}}},{"from":[5.75,-0.25331,0.3075],"to":[10.25,2.24669,1.8075],"rotation":{"angle":22.5,"axis":"x","origin":[8,-1.59056,2.05022]},"faces":{"north":{"uv":[0.375,2.1875,0.9375,2.5],"texture":"#0"},"east":{"uv":[0.9375,2.1875,1.125,2.5],"texture":"#0"},"south":{"uv":[0.375,2.5,0.9375,2.1875],"rotation":180,"texture":"#0"},"west":{"uv":[0.9375,2.1875,1.125,2.5],"rotation":180,"texture":"#0"},"up":{"uv":[0.9375,2.6875,0.375,2.5],"rotation":180,"texture":"#0"},"down":{"uv":[0.9375,2.6875,0.375,2.5],"texture":"#0"}}},{"from":[7.25,-3.21572,0.46974],"to":[8.75,0.28428,2.46974],"rotation":{"angle":45,"axis":"x","origin":[8,-3.28341,3.99969]},"faces":{"north":{"uv":[1.4375,2,1.625,2.4375],"rotation":180,"texture":"#0"},"east":{"uv":[0.375,1.9375,0.8125,2.1875],"rotation":90,"texture":"#0"},"south":{"uv":[1.4375,2,1.625,2.4375],"texture":"#0"},"west":{"uv":[0.375,1.9375,0.8125,2.1875],"rotation":270,"texture":"#0"},"up":{"uv":[1.3125,2.4375,1.125,2.1875],"rotation":180,"texture":"#0"},"down":{"uv":[1.3125,2.4375,1.125,2.1875],"texture":"#0"}}},{"from":[7,-10.72226,3.89841],"to":[9,-2.72226,6.39841],"rotation":{"angle":-22.5,"axis":"x","origin":[8,-3.28341,3.99969]},"faces":{"north":{"uv":[3.9375,4.5,4.1875,3.5],"texture":"#0"},"east":{"uv":[3.9375,4.5,3.625,3.5],"texture":"#0"},"south":{"uv":[3.9375,4.5,4.1875,3.5],"texture":"#0"},"west":{"uv":[3.9375,4.5,3.625,3.5],"texture":"#0"},"up":{"uv":[3.125,3.5,3.375,3.1875],"texture":"#0"},"down":{"uv":[3.125,3.5,3.375,3.1875],"texture":"#0"}}},{"from":[6.75,-5.67278,6.89918],"to":[9.25,-2.17278,9.89918],"rotation":{"angle":0,"axis":"y","origin":[8,-3.28341,3.99969]},"faces":{"north":{"uv":[1.6875,1.4375,2,1],"texture":"#0"},"east":{"uv":[1.6875,1.4375,1.3125,1],"texture":"#0"},"south":{"uv":[1.6875,1.4375,2,1],"texture":"#0"},"west":{"uv":[1.3125,1.4375,1.6875,1],"texture":"#0"},"up":{"uv":[1.6875,1.8125,2,1.4375],"texture":"#0"},"down":{"uv":[1.6875,1.8125,2,1.4375],"texture":"#0"}}},{"from":[11,-10.5,4.25],"to":[11,1.5,9.75],"rotation":{"angle":0,"axis":"y","origin":[16,0,-1]},"faces":{"north":{"uv":[0,0,0,12],"texture":"#1"},"east":{"uv":[5.5,0,0,12],"texture":"#1"},"south":{"uv":[0,0,0,12],"texture":"#1"},"west":{"uv":[0,0,5.5,12],"texture":"#1"},"up":{"uv":[0,6,0,0],"texture":"#1"},"down":{"uv":[0,0,0,6],"texture":"#1"}}},{"from":[5,-10.5,4.25],"to":[5,1.5,9.75],"rotation":{"angle":0,"axis":"y","origin":[0,0,-1]},"faces":{"north":{"uv":[0,0,0,12],"texture":"#1"},"east":{"uv":[5.5,0,0,12],"texture":"#1"},"south":{"uv":[0,0,0,12],"texture":"#1"},"west":{"uv":[0,0,5.5,12],"texture":"#1"},"up":{"uv":[0,6,0,0],"texture":"#1"},"down":{"uv":[0,0,0,6],"texture":"#1"}}},{"from":[5,3,4.25],"to":[5,15,9.75],"rotation":{"angle":0,"axis":"y","origin":[0,0,-1]},"faces":{"north":{"uv":[0,0,0,12],"texture":"#1"},"east":{"uv":[5.5,0,0,12],"texture":"#1"},"south":{"uv":[0,0,0,12],"texture":"#1"},"west":{"uv":[0,0,5.5,12],"texture":"#1"},"up":{"uv":[0,6,0,0],"texture":"#1"},"down":{"uv":[0,0,0,6],"texture":"#1"}}},{"from":[11,3,4.25],"to":[11,15,9.75],"rotation":{"angle":0,"axis":"y","origin":[16,0,-1]},"faces":{"north":{"uv":[0,0,0,12],"texture":"#1"},"east":{"uv":[5.5,0,0,12],"texture":"#1"},"south":{"uv":[0,0,0,12],"texture":"#1"},"west":{"uv":[0,0,5.5,12],"texture":"#1"},"up":{"uv":[0,6,0,0],"texture":"#1"},"down":{"uv":[0,0,0,6],"texture":"#1"}}},{"from":[7.9,9,8],"to":[7.9,19,16],"rotation":{"angle":45,"axis":"x","origin":[7.9,13,18]},"faces":{"north":{"uv":[0,0,0,10],"texture":"#2"},"east":{"uv":[8,10,0,0],"texture":"#2"},"south":{"uv":[0,0,0,10],"texture":"#2"},"west":{"uv":[0,10,8,0],"texture":"#2"},"up":{"uv":[0,8,0,0],"texture":"#2"},"down":{"uv":[0,0,0,8],"texture":"#2"}}},{"from":[8.1,9,8],"to":[8.1,19,16],"rotation":{"angle":45,"axis":"x","origin":[8.1,13,18]},"faces":{"north":{"uv":[0,0,0,10],"texture":"#2"},"east":{"uv":[8,10,0,0],"texture":"#2"},"south":{"uv":[0,0,0,10],"texture":"#2"},"west":{"uv":[0,10,8,0],"texture":"#2"},"up":{"uv":[0,8,0,0],"texture":"#2"},"down":{"uv":[0,0,0,8],"texture":"#2"}}},{"from":[7.9,-9,8],"to":[7.9,1,16],"rotation":{"angle":-45,"axis":"x","origin":[7.9,-3,18]},"faces":{"north":{"uv":[0,10,0,0],"texture":"#2"},"east":{"uv":[8,0,0,10],"texture":"#2"},"south":{"uv":[0,10,0,0],"texture":"#2"},"west":{"uv":[0,0,8,10],"texture":"#2"},"up":{"uv":[0,8,0,0],"texture":"#2"},"down":{"uv":[0,0,0,8],"texture":"#2"}}},{"from":[8.1,-9,8],"to":[8.1,1,16],"rotation":{"angle":-45,"axis":"x","origin":[8.1,-3,18]},"faces":{"north":{"uv":[0,10,0,0],"texture":"#2"},"east":{"uv":[8,0,0,10],"texture":"#2"},"south":{"uv":[0,10,0,0],"texture":"#2"},"west":{"uv":[0,0,8,10],"texture":"#2"},"up":{"uv":[0,8,0,0],"texture":"#2"},"down":{"uv":[0,0,0,8],"texture":"#2"}}}],"gui_light":"front","display":{"thirdperson_righthand":{"translation":[0,-0.25,2],"scale":[0.7,0.7,0.7]},"thirdperson_lefthand":{"translation":[0,-0.25,2],"scale":[0.7,0.7,0.7]},"firstperson_righthand":{"rotation":[-1.25,0,0],"translation":[-0.5,5.5,0.25],"scale":[0.6,0.6,0.6]},"firstperson_lefthand":{"rotation":[-4.5,0,0],"translation":[-0.5,5.5,0.25],"scale":[0.6,0.6,0.6]},"ground":{"rotation":[-1.78,3.74,65.62],"translation":[0,5,0],"scale":[0.6,0.6,0.6]},"gui":{"rotation":[-90,-45,-90],"translation":[0.5,0.75,-1.5],"scale":[0.5,0.5,0.5]},"head":{"rotation":[-94.06,-42.49,-91.99],"translation":[1,-14,5.5],"scale":[0.6,0.6,0.6]},"fixed":{"rotation":[-90,-45,-90],"translation":[0.5,0.75,-4],"scale":[1.23672,1.23672,1.23672]}}}