{"textures​":{"layer0":"minecraft:item/shroomlight"},"credit":"Made by Elo106","\u0074\u0065\u0078\u0074\u0075\u0072\u0065\u0073":{"4":"\u0076\u006f\u0078\u0065\u006c\u0073\u0070\u0061\u0077\u006e\u0073_\u0064\u0061\u0067\u0067\u0065\u0072\u0073:\u0069\u0074\u0065\u006d/\u0076\u0073_\u0064\u0061\u0067\u0067\u0065\u00724","\u0070\u0061\u0072\u0074\u0069\u0063\u006c\u0065":"#4"},"elements":[{"from":[7.5,4,6],"to":[8.5,9,8],"rotation":{"angle":0,"axis":"y","origin":[8,6.5,7]},"faces":{"north":{"uv":[4,0,5,5],"texture":"#4"},"east":{"uv":[0,0,2,5],"texture":"#4"},"south":{"uv":[0,5,1,10],"texture":"#4"},"west":{"uv":[2,0,4,5],"texture":"#4"},"up":{"uv":[6,3,5,1],"texture":"#4"},"down":{"uv":[6,3,5,5],"texture":"#4"}}},{"from":[7.5,3.5,4.5],"to":[8.5,4.5,9.5],"rotation":{"angle":45,"axis":"z","origin":[8,4,7]},"faces":{"north":{"uv":[7,5,8,6],"texture":"#4"},"east":{"uv":[5,0,10,1],"texture":"#4"},"south":{"uv":[0,10,1,11],"texture":"#4"},"west":{"uv":[1,5,6,6],"texture":"#4"},"up":{"uv":[2,11,1,6],"texture":"#4"},"down":{"uv":[7,1,6,6],"texture":"#4"}}},{"from":[7.501,2.001,6.001],"to":[8.499,3.999,7.999],"rotation":{"angle":-45,"axis":"x","origin":[8,3,7]},"faces":{"north":{"uv":[4,8,5,10],"texture":"#4"},"east":{"uv":[2,6,4,8],"texture":"#4"},"south":{"uv":[5,8,6,10],"texture":"#4"},"west":{"uv":[4,6,6,8],"texture":"#4"},"up":{"uv":[9,7,8,5],"texture":"#4"},"down":{"uv":[7,8,6,10],"texture":"#4"}}},{"from":[7.5,0,6],"to":[8.5,2,8],"rotation":{"angle":-45,"axis":"x","origin":[8,1,7]},"faces":{"north":{"uv":[7,8,8,10],"texture":"#4"},"east":{"uv":[6,6,8,8],"texture":"#4"},"south":{"uv":[8,7,9,9],"texture":"#4"},"west":{"uv":[7,1,9,3],"texture":"#4"},"up":{"uv":[10,3,9,1],"texture":"#4"},"down":{"uv":[10,3,9,5],"texture":"#4"}}},{"from":[7.499,-2.001,5.999],"to":[8.501,0.001,8.001],"rotation":{"angle":-45,"axis":"x","origin":[8,-1,7]},"faces":{"north":{"uv":[9,5,10,7],"texture":"#4"},"east":{"uv":[7,3,9,5],"texture":"#4"},"south":{"uv":[9,7,10,9],"texture":"#4"},"west":{"uv":[2,8,4,10],"texture":"#4"},"up":{"uv":[9,11,8,9],"texture":"#4"},"down":{"uv":[10,9,9,11],"texture":"#4"}}}],"gui_light":"front","display":{"thirdperson_righthand":{"rotation":[180,0,0],"translation":[0,-3.25,-0.75]},"thirdperson_lefthand":{"translation":[0,-0.75,1.25]},"firstperson_righthand":{"rotation":[175,-1.5,0],"translation":[5.25,-1,-1.75]},"firstperson_lefthand":{"rotation":[17.5,-1.5,0],"translation":[5.5,7.25,0.5]},"ground":{"translation":[0,7.25,0]},"gui":{"rotation":[-80,-50,100],"translation":[-2.75,-2.5,0]},"fixed":{"rotation":[-90,45,-90],"translation":[3.5,-3,0.5]}}}