{"textures​":{"layer0":"minecraft:item/happy_ghast_spawn_egg"},"credit":"Made by Elo106","\u0074\u0065\u0078\u0074\u0075\u0072\u0065\u0073":{"5":"\u0076\u006f\u0078\u0065\u006c\u0073\u0070\u0061\u0077\u006e\u0073_\u0064\u0061\u0067\u0067\u0065\u0072\u0073:\u0069\u0074\u0065\u006d/\u0076\u0073_\u0064\u0061\u0067\u0067\u0065\u00725","\u0070\u0061\u0072\u0074\u0069\u0063\u006c\u0065":"#5"},"elements":[{"from":[7,4,5.5],"to":[9,5,8.5],"rotation":{"angle":0,"axis":"y","origin":[8,4,7]},"faces":{"north":{"uv":[8,7,10,8],"texture":"#5"},"east":{"uv":[8,3,11,4],"texture":"#5"},"south":{"uv":[8,8,10,9],"texture":"#5"},"west":{"uv":[8,4,11,5],"texture":"#5"},"up":{"uv":[8,3,6,0],"texture":"#5"},"down":{"uv":[8,3,6,6],"texture":"#5"}}},{"from":[6.999,4.64915,4.7675],"to":[9.001,5.65115,5.7695],"rotation":{"angle":-22.5,"axis":"x","origin":[8,4.65015,7.2685]},"faces":{"north":{"uv":[6,9,8,10],"texture":"#5"},"east":{"uv":[11,11,12,12],"texture":"#5"},"south":{"uv":[8,9,10,10],"texture":"#5"},"west":{"uv":[0,12,1,13],"texture":"#5"},"up":{"uv":[12,1,10,0],"texture":"#5"},"down":{"uv":[12,1,10,2],"texture":"#5"}}},{"from":[6.999,4.64915,8.2305],"to":[9.001,5.65115,9.2325],"rotation":{"angle":22.5,"axis":"x","origin":[8,4.65015,6.7315]},"faces":{"north":{"uv":[10,2,12,3],"texture":"#5"},"east":{"uv":[12,0,13,1],"texture":"#5"},"south":{"uv":[6,10,8,11],"texture":"#5"},"west":{"uv":[1,12,2,13],"texture":"#5"},"up":{"uv":[12,8,10,7],"texture":"#5"},"down":{"uv":[10,10,8,11],"texture":"#5"}}},{"from":[7,4.97087,3.84389],"to":[9,5.97087,4.84389],"rotation":{"angle":-45,"axis":"x","origin":[8,4.97087,6.34389]},"faces":{"north":{"uv":[10,8,12,9],"texture":"#5"},"east":{"uv":[12,1,13,2],"texture":"#5"},"south":{"uv":[10,9,12,10],"texture":"#5"},"west":{"uv":[2,12,3,13],"texture":"#5"},"up":{"uv":[12,11,10,10],"texture":"#5"},"down":{"uv":[2,11,0,12],"texture":"#5"}}},{"from":[7,4.97087,9.15611],"to":[9,5.97087,10.15611],"rotation":{"angle":45,"axis":"x","origin":[8,4.97087,7.65611]},"faces":{"north":{"uv":[2,11,4,12],"texture":"#5"},"east":{"uv":[12,2,13,3],"texture":"#5"},"south":{"uv":[11,3,13,4],"texture":"#5"},"west":{"uv":[3,12,4,13],"texture":"#5"},"up":{"uv":[6,12,4,11],"texture":"#5"},"down":{"uv":[13,4,11,5],"texture":"#5"}}},{"from":[7.501,-1.999,6.001],"to":[8.499,8.999,7.999],"rotation":{"angle":0,"axis":"y","origin":[7.5,6.5,9]},"faces":{"north":{"uv":[4,0,5,11],"texture":"#5"},"east":{"uv":[0,0,2,11],"texture":"#5"},"south":{"uv":[5,0,6,11],"texture":"#5"},"west":{"uv":[2,0,4,11],"texture":"#5"},"up":{"uv":[12,7,11,5],"texture":"#5"},"down":{"uv":[7,11,6,13],"texture":"#5"}}},{"from":[7.001,9.001,5.501],"to":[8.999,9.999,8.499],"rotation":{"angle":0,"axis":"y","origin":[7.5,6.5,9]},"faces":{"north":{"uv":[7,11,9,12],"texture":"#5"},"east":{"uv":[8,5,11,6],"texture":"#5"},"south":{"uv":[9,11,11,12],"texture":"#5"},"west":{"uv":[8,6,11,7],"texture":"#5"},"up":{"uv":[8,9,6,6],"texture":"#5"},"down":{"uv":[10,0,8,3],"texture":"#5"}}},{"from":[7.5,-2.40625,6.41421],"to":[8.5,-1,7.83609],"rotation":{"angle":-45,"axis":"x","origin":[8,-2,7.41421]},"faces":{"north":{"uv":[4,12,5,13],"texture":"#5"},"east":{"uv":[5,12,6,13],"texture":"#5"},"south":{"uv":[12,5,13,6],"texture":"#5"},"west":{"uv":[12,6,13,7],"texture":"#5"},"up":{"uv":[8,13,7,12],"texture":"#5"},"down":{"uv":[13,7,12,8],"texture":"#5"}}}],"gui_light":"front","display":{"thirdperson_righthand":{"rotation":[180,0,0],"translation":[0,-3,-0.5]},"thirdperson_lefthand":{"translation":[0,-1,1.25]},"firstperson_righthand":{"rotation":[175,-1.5,0],"translation":[2.5,0.25,0.5]},"firstperson_lefthand":{"rotation":[17.5,-1.5,0],"translation":[5.5,7.25,0.5]},"ground":{"translation":[0,7.25,0]},"gui":{"rotation":[-80,-50,100],"translation":[-2.75,-2.5,0]},"fixed":{"rotation":[-90,45,-90],"translation":[3.5,-3,0.5]}}}