{"textures​":{"layer0":"minecraft:item/archer_pottery_sherd"},"credit":"Made by Elo106","\u0074\u0065\u0078\u0074\u0075\u0072\u0065\u0073":{"9":"\u0076\u006f\u0078\u0065\u006c\u0073\u0070\u0061\u0077\u006e\u0073_\u0064\u0061\u0067\u0067\u0065\u0072\u0073:\u0069\u0074\u0065\u006d/\u0076\u0073_\u0064\u0061\u0067\u0067\u0065\u00728","\u0070\u0061\u0072\u0074\u0069\u0063\u006c\u0065":"#9"},"elements":[{"from":[7.5,1,6],"to":[8.5,8,8],"rotation":{"angle":0,"axis":"y","origin":[7.5,6.5,9]},"faces":{"north":{"uv":[4,0,5,7],"texture":"#9"},"east":{"uv":[0,0,2,7],"texture":"#9"},"south":{"uv":[5,0,6,7],"texture":"#9"},"west":{"uv":[2,0,4,7],"texture":"#9"},"up":{"uv":[8,11,7,9],"texture":"#9"},"down":{"uv":[1,10,0,12],"texture":"#9"}}},{"from":[7,3,5.5],"to":[9,4,8.5],"rotation":{"angle":0,"axis":"y","origin":[7.5,6.5,9]},"faces":{"north":{"uv":[10,3,12,4],"texture":"#9"},"east":{"uv":[4,9,7,10],"texture":"#9"},"south":{"uv":[4,10,6,11],"texture":"#9"},"west":{"uv":[10,0,13,1],"texture":"#9"},"up":{"uv":[8,3,6,0],"texture":"#9"},"down":{"uv":[8,3,6,6],"texture":"#9"}}},{"from":[7,8,5.5],"to":[9,9,8.5],"rotation":{"angle":0,"axis":"y","origin":[7.5,6.5,9]},"faces":{"north":{"uv":[10,4,12,5],"texture":"#9"},"east":{"uv":[10,1,13,2],"texture":"#9"},"south":{"uv":[10,5,12,6],"texture":"#9"},"west":{"uv":[10,2,13,3],"texture":"#9"},"up":{"uv":[8,9,6,6],"texture":"#9"},"down":{"uv":[2,7,0,10],"texture":"#9"}}},{"from":[7.5,-3.50314,5.73254],"to":[8.5,-1.50314,7.73254],"rotation":{"angle":-22.5,"axis":"x","origin":[8,-2.00314,6.73254]},"faces":{"north":{"uv":[1,10,2,12],"texture":"#9"},"east":{"uv":[2,7,4,9],"texture":"#9"},"south":{"uv":[6,10,7,12],"texture":"#9"},"west":{"uv":[4,7,6,9],"texture":"#9"},"up":{"uv":[11,8,10,6],"texture":"#9"},"down":{"uv":[9,10,8,12],"texture":"#9"}}},{"from":[7.5,-1.26015,8.3352],"to":[8.5,-0.26015,10.3352],"rotation":{"angle":22.5,"axis":"x","origin":[8,6.23985,10.3352]},"faces":{"north":{"uv":[10,9,11,10],"texture":"#9"},"east":{"uv":[10,8,12,9],"texture":"#9"},"south":{"uv":[6,12,7,13],"texture":"#9"},"west":{"uv":[9,10,11,11],"texture":"#9"},"up":{"uv":[3,13,2,11],"texture":"#9"},"down":{"uv":[4,11,3,13],"texture":"#9"}}},{"from":[7.501,-1.92288,5.61832],"to":[8.499,0.07512,7.61632],"rotation":{"angle":0,"axis":"y","origin":[8,0.57612,6.61732]},"faces":{"north":{"uv":[4,11,5,13],"texture":"#9"},"east":{"uv":[8,0,10,2],"texture":"#9"},"south":{"uv":[5,11,6,13],"texture":"#9"},"west":{"uv":[8,2,10,4],"texture":"#9"},"up":{"uv":[12,8,11,6],"texture":"#9"},"down":{"uv":[8,11,7,13],"texture":"#9"}}},{"from":[7.499,-0.73323,8.18098],"to":[8.501,1.26877,10.18298],"rotation":{"angle":45,"axis":"x","origin":[8,2.76777,9.18198]},"faces":{"north":{"uv":[9,11,10,13],"texture":"#9"},"east":{"uv":[8,4,10,6],"texture":"#9"},"south":{"uv":[11,9,12,11],"texture":"#9"},"west":{"uv":[8,6,10,8],"texture":"#9"},"up":{"uv":[11,13,10,11],"texture":"#9"},"down":{"uv":[12,11,11,13],"texture":"#9"}}},{"from":[7.501,-4.62419,7.15145],"to":[8.499,-2.62619,9.14945],"rotation":{"angle":-45,"axis":"x","origin":[8,-4.12519,8.15045]},"faces":{"north":{"uv":[0,12,1,14],"texture":"#9"},"east":{"uv":[8,8,10,10],"texture":"#9"},"south":{"uv":[1,12,2,14],"texture":"#9"},"west":{"uv":[2,9,4,11],"texture":"#9"},"up":{"uv":[13,5,12,3],"texture":"#9"},"down":{"uv":[13,5,12,7],"texture":"#9"}}}],"gui_light":"front","display":{"thirdperson_righthand":{"translation":[0,0,1.25]},"thirdperson_lefthand":{"rotation":[180,-180,0],"translation":[0,-4,1.25]},"firstperson_righthand":{"rotation":[17.5,-1.5,0],"translation":[5.5,7.25,0.5]},"firstperson_lefthand":{"rotation":[175,-180,0],"translation":[4.75,-2,0.5]},"ground":{"translation":[0,7.25,0]},"gui":{"rotation":[-80,-45,100],"translation":[-4,-3.25,0]},"fixed":{"rotation":[-90,45,-90],"translation":[3.5,-3,0.5]}}}