{"credit":"Made with Blockbench","texture_size":[24,24],"textures":{"1":"ender_eye_set:ender_eye_set/animation_2","2":"ender_eye_set:ender_eye_set/rod","particle":"ender_eye_set:ender_eye_set/rod"},"elements":[{"from":[7.4,-0.1,7.4],"to":[8.6,1.1,8.6],"rotation":{"angle":-45,"axis":"x","origin":[8,0.5,8]},"faces":{"north":{"uv":[12.66667,8,13.5,8.83333],"texture":"#2"},"east":{"uv":[8.66667,12.66667,9.5,13.5],"texture":"#2"},"south":{"uv":[12.66667,9.33333,13.5,10.16667],"texture":"#2"},"west":{"uv":[12.66667,10.66667,13.5,11.5],"texture":"#2"},"up":{"uv":[13.5,12.83333,12.66667,12],"texture":"#2"},"down":{"uv":[14.16667,0,13.33333,0.83333],"texture":"#2"}}},{"from":[7.5,0.8,7.5],"to":[8.5,7.8,8.5],"rotation":{"angle":0,"axis":"x","origin":[8,1.3,8]},"faces":{"north":{"uv":[6.66667,0,7.33333,4.66667],"texture":"#2"},"east":{"uv":[7.33333,0,8,4.66667],"texture":"#2"},"south":{"uv":[7.33333,4.66667,8,9.33333],"texture":"#2"},"west":{"uv":[8,0,8.66667,4.66667],"texture":"#2"},"up":{"uv":[10.66667,3.33333,10,2.66667],"texture":"#2"},"down":{"uv":[8,10.66667,7.33333,11.33333],"texture":"#2"}}},{"from":[7.4,1.8,7.4],"to":[8.6,3.8,8.6],"rotation":{"angle":0,"axis":"x","origin":[8,2.3,8]},"faces":{"north":{"uv":[8.66667,11.33333,9.5,12.66667],"texture":"#2"},"east":{"uv":[2,12,2.83333,13.33333],"texture":"#2"},"south":{"uv":[12,2.66667,12.83333,4],"texture":"#2"},"west":{"uv":[3.33333,12,4.16667,13.33333],"texture":"#2"},"up":{"uv":[14.16667,2.16667,13.33333,1.33333],"texture":"#2"},"down":{"uv":[2.83333,13.33333,2,14.16667],"texture":"#2"}}},{"from":[7.4,4.8,7.4],"to":[8.6,6.8,8.6],"rotation":{"angle":0,"axis":"x","origin":[8,2.3,8]},"faces":{"north":{"uv":[12,4,12.83333,5.33333],"texture":"#2"},"east":{"uv":[4.66667,12,5.5,13.33333],"texture":"#2"},"south":{"uv":[12,5.33333,12.83333,6.66667],"texture":"#2"},"west":{"uv":[12,6.66667,12.83333,8],"texture":"#2"},"up":{"uv":[14.16667,3.5,13.33333,2.66667],"texture":"#2"},"down":{"uv":[4.16667,13.33333,3.33333,14.16667],"texture":"#2"}}},{"from":[7.284,7.31775,6.24],"to":[8.716,8.19775,7.12],"rotation":{"angle":0,"axis":"y","origin":[7.836,7.31775,6.24]},"faces":{"north":{"uv":[13.33333,5.33333,14.33333,6],"texture":"#2"},"east":{"uv":[10,12.66667,10.66667,13.33333],"texture":"#2"},"south":{"uv":[13.33333,6,14.33333,6.66667],"texture":"#2"},"west":{"uv":[1.33333,14,2,14.66667],"texture":"#2"},"up":{"uv":[14.33333,7.33333,13.33333,6.66667],"texture":"#2"},"down":{"uv":[14.33333,7.33333,13.33333,8],"texture":"#2"}}},{"from":[7.273,7.75775,6.05775],"to":[8.727,9.51775,6.93775],"rotation":{"angle":-45,"axis":"x","origin":[8.287,8.19775,6.49775]},"faces":{"north":{"uv":[10,1.33333,11,2.5],"texture":"#2"},"east":{"uv":[6.66667,4.66667,7.33333,5.83333],"texture":"#2"},"south":{"uv":[10.66667,2.66667,11.66667,3.83333],"texture":"#2"},"west":{"uv":[8.66667,3.33333,9.33333,4.5],"texture":"#2"},"up":{"uv":[11,14,10,13.33333],"texture":"#2"},"down":{"uv":[12.33333,13.33333,11.33333,14],"texture":"#2"}}},{"from":[7.284,11.20225,6.24],"to":[8.716,12.08225,7.12],"rotation":{"angle":0,"axis":"y","origin":[7.836,12.08225,6.24]},"faces":{"north":{"uv":[12.66667,13.33333,13.66667,14],"texture":"#2"},"east":{"uv":[14.66667,3.33333,15.33333,4],"texture":"#2"},"south":{"uv":[0,14,1,14.66667],"texture":"#2"},"west":{"uv":[4,14.66667,4.66667,15.33333],"texture":"#2"},"up":{"uv":[7,14.66667,6,14],"texture":"#2"},"down":{"uv":[8.33333,14,7.33333,14.66667],"texture":"#2"}}},{"from":[7.273,9.88225,6.05775],"to":[8.727,11.64225,6.93775],"rotation":{"angle":45,"axis":"x","origin":[8.287,11.20225,6.49775]},"faces":{"north":{"uv":[10.66667,4,11.66667,5.16667],"texture":"#2"},"east":{"uv":[7.33333,9.33333,8,10.5],"texture":"#2"},"south":{"uv":[10.66667,5.33333,11.66667,6.5],"texture":"#2"},"west":{"uv":[10,11.33333,10.66667,12.5],"texture":"#2"},"up":{"uv":[15,8.66667,14,8],"texture":"#2"},"down":{"uv":[9.66667,14,8.66667,14.66667],"texture":"#2"}}},{"from":[7.262,8.82,5.25324],"to":[8.738,10.58,6.13324],"rotation":{"angle":0,"axis":"x","origin":[8.298,9.26,5.69324]},"faces":{"north":{"uv":[10.66667,6.66667,11.66667,7.83333],"texture":"#2"},"east":{"uv":[12,8,12.66667,9.16667],"texture":"#2"},"south":{"uv":[10.66667,8,11.66667,9.16667],"texture":"#2"},"west":{"uv":[12,9.33333,12.66667,10.5],"texture":"#2"},"up":{"uv":[15,9.33333,14,8.66667],"texture":"#2"},"down":{"uv":[15,9.33333,14,10],"texture":"#2"}}},{"from":[7.372,7.39324,7.56],"to":[8.628,10.91324,11.08],"rotation":{"angle":-45,"axis":"x","origin":[7.66,7.83324,8]},"faces":{"north":{"uv":[6,8.66667,6.83333,11],"texture":"#2"},"east":{"uv":[2,6,4.33333,8.33333],"texture":"#2"},"south":{"uv":[9.33333,3.33333,10.16667,5.66667],"texture":"#2"},"west":{"uv":[4.66667,6,7,8.33333],"texture":"#2"},"up":{"uv":[10.16667,8.33333,9.33333,6],"texture":"#2"},"down":{"uv":[10.16667,8.66667,9.33333,11],"texture":"#2"}}},{"from":[7.273,9.88225,9.06225],"to":[8.727,11.64225,9.94225],"rotation":{"angle":-45,"axis":"x","origin":[8.287,11.20225,9.50225]},"faces":{"north":{"uv":[10.66667,9.33333,11.66667,10.5],"texture":"#2"},"east":{"uv":[10.66667,12,11.33333,13.16667],"texture":"#2"},"south":{"uv":[10.66667,10.66667,11.66667,11.83333],"texture":"#2"},"west":{"uv":[12,10.66667,12.66667,11.83333],"texture":"#2"},"up":{"uv":[11,14.66667,10,14],"texture":"#2"},"down":{"uv":[15,10,14,10.66667],"texture":"#2"}}},{"from":[7.284,11.20225,8.88],"to":[8.716,12.08225,9.76],"rotation":{"angle":0,"axis":"y","origin":[7.836,12.08225,9.76]},"faces":{"north":{"uv":[14,10.66667,15,11.33333],"texture":"#2"},"east":{"uv":[14.66667,4,15.33333,4.66667],"texture":"#2"},"south":{"uv":[11.33333,14,12.33333,14.66667],"texture":"#2"},"west":{"uv":[4.66667,14.66667,5.33333,15.33333],"texture":"#2"},"up":{"uv":[15,12,14,11.33333],"texture":"#2"},"down":{"uv":[15,12,14,12.66667],"texture":"#2"}}},{"from":[7.262,8.82,9.86676],"to":[8.738,10.58,10.74676],"rotation":{"angle":0,"axis":"x","origin":[8.298,9.26,10.30676]},"faces":{"north":{"uv":[11.33333,0,12.33333,1.16667],"texture":"#2"},"east":{"uv":[11.33333,12,12,13.16667],"texture":"#2"},"south":{"uv":[11.33333,1.33333,12.33333,2.5],"texture":"#2"},"west":{"uv":[12,12,12.66667,13.16667],"texture":"#2"},"up":{"uv":[13.66667,14.66667,12.66667,14],"texture":"#2"},"down":{"uv":[15,12.66667,14,13.33333],"texture":"#2"}}},{"from":[7.273,7.75775,9.06225],"to":[8.727,9.51775,9.94225],"rotation":{"angle":45,"axis":"x","origin":[8.287,8.19775,9.50225]},"faces":{"north":{"uv":[6,11.33333,7,12.5],"texture":"#2"},"east":{"uv":[12.66667,0,13.33333,1.16667],"texture":"#2"},"south":{"uv":[7.33333,11.33333,8.33333,12.5],"texture":"#2"},"west":{"uv":[12.66667,1.33333,13.33333,2.5],"texture":"#2"},"up":{"uv":[15,14,14,13.33333],"texture":"#2"},"down":{"uv":[15,14,14,14.66667],"texture":"#2"}}},{"from":[7.284,7.31775,8.88],"to":[8.716,8.19775,9.76],"rotation":{"angle":0,"axis":"y","origin":[7.836,7.31775,9.76]},"faces":{"north":{"uv":[0,14.66667,1,15.33333],"texture":"#2"},"east":{"uv":[14.66667,4.66667,15.33333,5.33333],"texture":"#2"},"south":{"uv":[14.66667,0,15.66667,0.66667],"texture":"#2"},"west":{"uv":[5.33333,14.66667,6,15.33333],"texture":"#2"},"up":{"uv":[15.66667,1.33333,14.66667,0.66667],"texture":"#2"},"down":{"uv":[2.33333,14.66667,1.33333,15.33333],"texture":"#2"}}},{"from":[7.4,12.3,7.4],"to":[8.6,17.3,8.6],"rotation":{"angle":0,"axis":"y","origin":[7,1.6,7]},"faces":{"north":{"uv":[8,4.66667,8.83333,8],"texture":"#2"},"east":{"uv":[8,8,8.83333,11.33333],"texture":"#2"},"south":{"uv":[8.66667,0,9.5,3.33333],"texture":"#2"},"west":{"uv":[2,8.66667,2.83333,12],"texture":"#2"},"up":{"uv":[14.16667,4.83333,13.33333,4],"texture":"#2"},"down":{"uv":[5.5,13.33333,4.66667,14.16667],"texture":"#2"}}},{"from":[7.5,16.5,7.5],"to":[8.5,21.5,8.5],"rotation":{"angle":0,"axis":"y","origin":[7,0.8,7]},"faces":{"north":{"uv":[3.33333,8.66667,4,12],"texture":"#2"},"east":{"uv":[4,8.66667,4.66667,12],"texture":"#2"},"south":{"uv":[4.66667,8.66667,5.33333,12],"texture":"#2"},"west":{"uv":[5.33333,8.66667,6,12],"texture":"#2"},"up":{"uv":[15.33333,8,14.66667,7.33333],"texture":"#2"},"down":{"uv":[8.66667,14.66667,8,15.33333],"texture":"#2"}}},{"from":[7.5,11.6,7.5],"to":[8.5,12.6,8.5],"rotation":{"angle":0,"axis":"y","origin":[7,-0.4,7]},"faces":{"north":{"uv":[14.66667,5.33333,15.33333,6],"texture":"#2"},"east":{"uv":[6,14.66667,6.66667,15.33333],"texture":"#2"},"south":{"uv":[14.66667,6,15.33333,6.66667],"texture":"#2"},"west":{"uv":[6.66667,14.66667,7.33333,15.33333],"texture":"#2"},"up":{"uv":[15.33333,7.33333,14.66667,6.66667],"texture":"#2"},"down":{"uv":[8,14.66667,7.33333,15.33333],"texture":"#2"}}},{"from":[8,5.2,8.8],"to":[8,14.2,13.8],"rotation":{"angle":0,"axis":"x","origin":[8,12,17]},"faces":{"north":{"uv":[0,0,0,6],"texture":"#2"},"east":{"uv":[0,0,3.33333,6],"texture":"#2"},"south":{"uv":[0,0,0,6],"texture":"#2"},"west":{"uv":[3.33333,0,6.66667,6],"texture":"#2"},"up":{"uv":[0,3.33333,0,0],"texture":"#2"},"down":{"uv":[0,0,0,3.33333],"texture":"#2"}}},{"from":[7.46,21.06,7.46],"to":[8.54,22.14,8.54],"rotation":{"angle":45,"axis":"x","origin":[8,21.6,8]},"faces":{"north":{"uv":[8.66667,14.66667,9.33333,15.33333],"texture":"#2"},"east":{"uv":[9.33333,14.66667,10,15.33333],"texture":"#2"},"south":{"uv":[10,14.66667,10.66667,15.33333],"texture":"#2"},"west":{"uv":[10.66667,14.66667,11.33333,15.33333],"texture":"#2"},"up":{"uv":[12,15.33333,11.33333,14.66667],"texture":"#2"},"down":{"uv":[12.66667,14.66667,12,15.33333],"texture":"#2"}}},{"from":[6.425,9,7.21213],"to":[7.425,10.7,8.91213],"rotation":{"angle":-45,"axis":"x","origin":[6.925,9.7,8.21213]},"faces":{"north":{"uv":[6,12.66667,6.66667,13.83333],"texture":"#2"},"south":{"uv":[6.66667,12.66667,7.33333,13.83333],"texture":"#2"},"west":{"uv":[10,0,11.16667,1.16667],"texture":"#2"},"up":{"uv":[8,13.83333,7.33333,12.66667],"texture":"#2"},"down":{"uv":[8.66667,12.66667,8,13.83333],"texture":"#2"}}},{"from":[5.925,9.45,7.25],"to":[6.425,9.95,7.75],"rotation":{"angle":-45,"axis":"x","origin":[5.675,9.7,7.5]},"faces":{"north":{"uv":[14.66667,14.66667,15,15],"texture":"#2"},"east":{"uv":[0,15.33333,0.33333,15.66667],"texture":"#2"},"south":{"uv":[0.66667,15.33333,1,15.66667],"texture":"#2"},"west":{"uv":[1.33333,15.33333,1.66667,15.66667],"texture":"#2"},"up":{"uv":[2.33333,15.66667,2,15.33333],"texture":"#2"},"down":{"uv":[3,15.33333,2.66667,15.66667],"texture":"#2"}}},{"from":[4.425,9.35,7.15],"to":[5.925,10.05,7.85],"rotation":{"angle":-45,"axis":"x","origin":[5.675,9.7,7.5]},"faces":{"north":{"uv":[14.66667,1.33333,15.66667,1.83333],"texture":"#2"},"east":{"uv":[13.33333,14.66667,13.83333,15.16667],"texture":"#2"},"south":{"uv":[14.66667,2,15.66667,2.5],"texture":"#2"},"west":{"uv":[14,14.66667,14.5,15.16667],"texture":"#2"},"up":{"uv":[3.66667,15.16667,2.66667,14.66667],"texture":"#2"},"down":{"uv":[15.66667,2.66667,14.66667,3.16667],"texture":"#2"}}},{"from":[7.5,21.6,6.5],"to":[8.5,21.6,7.5],"rotation":{"angle":0,"axis":"y","origin":[6.5,21.6,5.5]},"faces":{"north":{"uv":[0,0,0.66667,0],"texture":"#2"},"east":{"uv":[0,0,0.66667,0],"texture":"#2"},"south":{"uv":[0,0,0.66667,0],"texture":"#2"},"west":{"uv":[0,0,0.66667,0],"texture":"#2"},"up":{"uv":[13.33333,15.33333,12.66667,14.66667],"texture":"#2"},"down":{"uv":[12.66667,14.66667,13.33333,15.33333],"texture":"#2"}}},{"from":[7.5,18.6,6.5],"to":[8.5,18.6,7.5],"rotation":{"angle":0,"axis":"y","origin":[6.5,18.6,5.5]},"faces":{"north":{"uv":[0,0,0.66667,0],"texture":"#2"},"east":{"uv":[0,0,0.66667,0],"texture":"#2"},"south":{"uv":[0,0,0.66667,0],"texture":"#2"},"west":{"uv":[0,0,0.66667,0],"texture":"#2"},"up":{"uv":[13.33333,15.33333,12.66667,14.66667],"texture":"#2"},"down":{"uv":[12.66667,14.66667,13.33333,15.33333],"texture":"#2"}}},{"from":[7.5,15.6,6.5],"to":[8.5,15.6,7.5],"rotation":{"angle":0,"axis":"y","origin":[6.5,15.6,5.5]},"faces":{"north":{"uv":[0,0,0.66667,0],"texture":"#2"},"east":{"uv":[0,0,0.66667,0],"texture":"#2"},"south":{"uv":[0,0,0.66667,0],"texture":"#2"},"west":{"uv":[0,0,0.66667,0],"texture":"#2"},"up":{"uv":[13.33333,15.33333,12.66667,14.66667],"texture":"#2"},"down":{"uv":[12.66667,14.66667,13.33333,15.33333],"texture":"#2"}}},{"from":[7.5,12.6,6.5],"to":[8.5,12.6,7.5],"rotation":{"angle":0,"axis":"y","origin":[6.5,12.6,5.5]},"faces":{"north":{"uv":[0,0,0.66667,0],"texture":"#2"},"east":{"uv":[0,0,0.66667,0],"texture":"#2"},"south":{"uv":[0,0,0.66667,0],"texture":"#2"},"west":{"uv":[0,0,0.66667,0],"texture":"#2"},"up":{"uv":[13.33333,15.33333,12.66667,14.66667],"texture":"#2"},"down":{"uv":[12.66667,14.66667,13.33333,15.33333],"texture":"#2"}}},{"from":[8,10.6,5],"to":[8,22.6,8],"rotation":{"angle":0,"axis":"z","origin":[8,19.6,6]},"faces":{"north":{"uv":[0,0,0,8],"texture":"#2"},"east":{"uv":[2,6,0,14],"texture":"#2"},"south":{"uv":[0,0,0,8],"texture":"#2"},"west":{"uv":[0,6,2,14],"texture":"#2"},"up":{"uv":[0,2,0,0],"texture":"#2"},"down":{"uv":[0,0,0,2],"texture":"#2"}}},{"from":[7.72,20.945,5.47],"to":[8.28,21.505,6.03],"rotation":{"angle":-22.5,"axis":"x","origin":[8,21.225,5.75]},"faces":{"north":{"uv":[15.33333,15.33333,16,16],"texture":"#2"},"east":{"uv":[15.33333,14.5,16,15.16667],"rotation":90,"texture":"#2"},"south":{"uv":[15.33333,15.33333,16,16],"texture":"#2"},"west":{"uv":[15.33333,15.16667,16,14.5],"rotation":90,"texture":"#2"},"up":{"uv":[15.33333,14.5,16,15.16667],"texture":"#2"},"down":{"uv":[15.33333,15.16667,16,14.5],"texture":"#2"}}},{"from":[9,6,4],"to":[9,14,12],"rotation":{"angle":0,"axis":"y","origin":[9,6,4]},"faces":{"north":{"uv":[0,0,0,5.33334],"texture":"#1"},"east":{"uv":[16,0,0,16],"texture":"#1"},"south":{"uv":[0,0,0,5.33334],"texture":"#1"},"west":{"uv":[0,0,16,16],"texture":"#1"},"up":{"uv":[0,0,0,5.33334],"texture":"#1"},"down":{"uv":[0,0,0,5.33334],"texture":"#1"}}}],"gui_light":"front","display":{"thirdperson_righthand":{"rotation":[16,0,0],"translation":[0,0.25,2.25]},"thirdperson_lefthand":{"rotation":[16,0,0],"translation":[0,0.25,2.25]},"firstperson_righthand":{"rotation":[-9.91,-1.23,6.89],"translation":[1.5,0.75,0]},"firstperson_lefthand":{"rotation":[-9.91,-1.23,6.89],"translation":[1.5,0.75,0]},"ground":{"rotation":[0,0,-86],"translation":[-3.25,-0.25,0.5],"scale":[0.87383,0.87383,0.87383]},"gui":{"rotation":[90,-135,90],"translation":[-2.25,-2,0],"scale":[0.8,0.8,0.8]},"head":{"scale":[0,0,0]},"fixed":{"rotation":[0,90,0],"translation":[0.25,-9.75,-2.25],"scale":[2.33398,2.33398,2.33398]}}}