{"credit":"Made with Blockbench","texture_size":[28,28],"textures":{"1":"ender_eye_set:ender_eye_set/wings","main":"ender_eye_set:ender_eye_set/wings_animation"},"elements":[{"from":[8.88,5.61775,7.284],"to":[9.76,6.49775,8.716],"rotation":{"angle":0,"axis":"y","origin":[8,8,5.42317]},"faces":{"north":{"uv":[8,13.14286,7.42857,13.71429],"texture":"#1"},"east":{"uv":[3.71429,13.14286,2.85714,13.71429],"texture":"#1"},"south":{"uv":[13.71429,10.28571,13.14286,10.85714],"texture":"#1"},"west":{"uv":[14,3.42857,13.14286,4],"texture":"#1"},"up":{"uv":[4,13.71429,4.85714,13.14286],"rotation":90,"texture":"#1"},"down":{"uv":[13.14286,4,14,4.57143],"rotation":270,"texture":"#1"}}},{"from":[9.6845,7.56,7.273],"to":[10.5645,9.32,8.727],"rotation":{"angle":-45,"axis":"z","origin":[8,8,5.42317]},"faces":{"north":{"uv":[1.14286,13.14286,0.57143,14.14286],"texture":"#1"},"east":{"uv":[5.42857,12,4.57143,13],"texture":"#1"},"south":{"uv":[1.71429,13.14286,1.14286,14.14286],"texture":"#1"},"west":{"uv":[12.85714,4.57143,12,5.57143],"texture":"#1"},"up":{"uv":[13.14286,5.14286,14,4.57143],"rotation":90,"texture":"#1"},"down":{"uv":[5.14286,13.14286,6,13.71429],"rotation":270,"texture":"#1"}}},{"from":[8.88,9.50225,7.284],"to":[9.76,10.38225,8.716],"rotation":{"angle":0,"axis":"y","origin":[8,8,5.42317]},"faces":{"north":{"uv":[11.42857,13.14286,10.85714,13.71429],"texture":"#1"},"east":{"uv":[14,5.14286,13.14286,5.71429],"texture":"#1"},"south":{"uv":[13.71429,10.85714,13.14286,11.42857],"texture":"#1"},"west":{"uv":[14,5.71429,13.14286,6.28571],"texture":"#1"},"up":{"uv":[6.28571,13.71429,7.14286,13.14286],"rotation":90,"texture":"#1"},"down":{"uv":[13.14286,6.28571,14,6.85714],"rotation":270,"texture":"#1"}}},{"from":[9.6845,6.68,7.273],"to":[10.5645,8.44,8.727],"rotation":{"angle":45,"axis":"z","origin":[8,8,5.42317]},"faces":{"north":{"uv":[13.71429,1.14286,13.14286,2.14286],"texture":"#1"},"east":{"uv":[6.57143,12,5.71429,13],"texture":"#1"},"south":{"uv":[2.28571,13.14286,1.71429,14.14286],"texture":"#1"},"west":{"uv":[12.85714,5.71429,12,6.71429],"texture":"#1"},"up":{"uv":[13.14286,7.42857,14,6.85714],"rotation":90,"texture":"#1"},"down":{"uv":[13.14286,7.42857,14,8],"rotation":270,"texture":"#1"}}},{"from":[9.86676,7.12,7.262],"to":[10.74676,8.88,8.738],"rotation":{"angle":0,"axis":"x","origin":[8,8,5.42317]},"faces":{"north":{"uv":[2.85714,13.14286,2.28571,14.14286],"texture":"#1"},"east":{"uv":[7.71429,12,6.85714,13],"texture":"#1"},"south":{"uv":[13.71429,2.28571,13.14286,3.28571],"texture":"#1"},"west":{"uv":[12.85714,6.85714,12,7.85714],"texture":"#1"},"up":{"uv":[9.71429,13.71429,10.57143,13.14286],"rotation":90,"texture":"#1"},"down":{"uv":[13.14286,9.71429,14,10.28571],"rotation":270,"texture":"#1"}}},{"from":[6.24,6.24,7.372],"to":[9.76,9.76,8.628],"rotation":{"angle":-45,"axis":"z","origin":[8,8,5.42317]},"faces":{"north":{"uv":[2,10.85714,0,12.85714],"texture":"#1"},"east":{"uv":[11,10.85714,10.28571,12.85714],"texture":"#1"},"south":{"uv":[4.28571,10.85714,2.28571,12.85714],"texture":"#1"},"west":{"uv":[12.14286,10.85714,11.42857,12.85714],"texture":"#1"},"up":{"uv":[12,2,12.71429,0],"rotation":90,"texture":"#1"},"down":{"uv":[12,2.28571,12.71429,4.28571],"rotation":270,"texture":"#1"}}},{"from":[10.34691,8.35595,7.5],"to":[12.34691,9.35595,8.5],"rotation":{"angle":-22.5,"axis":"z","origin":[8,8,5.42317]},"faces":{"north":{"uv":[9.71429,12,8.57143,12.57143],"texture":"#1"},"east":{"uv":[12,13.14286,11.42857,13.71429],"texture":"#1"},"south":{"uv":[13.71429,8,12.57143,8.57143],"texture":"#1"},"west":{"uv":[13.71429,11.42857,13.14286,12],"texture":"#1"},"up":{"uv":[9.71429,13.14286,10.28571,12],"rotation":90,"texture":"#1"},"down":{"uv":[8.57143,12.57143,9.14286,13.71429],"rotation":270,"texture":"#1"}}},{"from":[12.15224,6.66537,7.5125],"to":[14.15224,7.66537,8.4875],"rotation":{"angle":0,"axis":"x","origin":[8,8,5.42317]},"faces":{"north":{"uv":[13.71429,8.57143,12.57143,9.14286],"texture":"#1"},"east":{"uv":[12.57143,13.14286,12,13.71429],"texture":"#1"},"south":{"uv":[13.71429,9.14286,12.57143,9.71429],"texture":"#1"},"west":{"uv":[13.71429,12,13.14286,12.57143],"texture":"#1"},"up":{"uv":[9.14286,13.71429,9.71429,12.57143],"rotation":90,"texture":"#1"},"down":{"uv":[12.57143,9.71429,13.14286,10.85714],"rotation":270,"texture":"#1"}}},{"from":[8.76311,9.26252,7.7625],"to":[13.83811,10.56252,8.2375],"rotation":{"angle":-22.5,"axis":"z","origin":[8,8,5.42317]},"faces":{"north":{"uv":[7.42857,10.85714,4.57143,11.57143],"texture":"#1"},"east":{"uv":[13.42857,13.14286,13.14286,13.85714],"texture":"#1"},"south":{"uv":[10.28571,10.85714,7.42857,11.57143],"texture":"#1"},"west":{"uv":[14,0,13.71429,0.71429],"texture":"#1"},"up":{"uv":[8,14.85714,8.28571,12],"rotation":90,"texture":"#1"},"down":{"uv":[12,8,12.28571,10.85714],"rotation":270,"texture":"#1"}}},{"from":[13.79634,8.92111,7.5],"to":[14.79634,10.92111,8.5],"rotation":{"angle":-22.5,"axis":"z","origin":[8,8,5.42317]},"faces":{"north":{"uv":[13.14286,12,12.57143,13.14286],"texture":"#1"},"east":{"uv":[13.14286,10.85714,12.57143,12],"texture":"#1"},"south":{"uv":[13.71429,0,13.14286,1.14286],"texture":"#1"},"west":{"uv":[0.57143,13.14286,0,14.28571],"texture":"#1"},"up":{"uv":[12.57143,13.71429,13.14286,13.14286],"rotation":90,"texture":"#1"},"down":{"uv":[13.14286,12.57143,13.71429,13.14286],"rotation":270,"texture":"#1"}}},{"from":[9.4,-0.7,8],"to":[16.4,18.3,8],"rotation":{"angle":0,"axis":"y","origin":[8,8,5.42317]},"faces":{"north":{"uv":[8,0,12,10.85714],"texture":"#1"},"east":{"uv":[0,0,0,10.85714],"texture":"#1"},"south":{"uv":[12,0,8,10.85714],"texture":"#1"},"west":{"uv":[0,0,0,10.85714],"texture":"#1"},"up":{"uv":[0,4,0,0],"rotation":90,"texture":"#1"},"down":{"uv":[0,0,0,4],"rotation":270,"texture":"#1"}}},{"from":[5.4355,7.56,7.273],"to":[6.3155,9.32,8.727],"rotation":{"angle":45,"axis":"z","origin":[8,8,5.42317]},"faces":{"north":{"uv":[0.57143,13.14286,1.14286,14.14286],"texture":"#1"},"east":{"uv":[12,4.57143,12.85714,5.57143],"texture":"#1"},"south":{"uv":[1.14286,13.14286,1.71429,14.14286],"texture":"#1"},"west":{"uv":[4.57143,12,5.42857,13],"texture":"#1"},"up":{"uv":[13.14286,4.57143,14,5.14286],"rotation":90,"texture":"#1"},"down":{"uv":[5.14286,13.71429,6,13.14286],"rotation":270,"texture":"#1"}}},{"from":[5.4355,6.68,7.273],"to":[6.3155,8.44,8.727],"rotation":{"angle":-45,"axis":"z","origin":[8,8,5.42317]},"faces":{"north":{"uv":[13.14286,1.14286,13.71429,2.14286],"texture":"#1"},"east":{"uv":[12,5.71429,12.85714,6.71429],"texture":"#1"},"south":{"uv":[1.71429,13.14286,2.28571,14.14286],"texture":"#1"},"west":{"uv":[5.71429,12,6.57143,13],"texture":"#1"},"up":{"uv":[13.14286,6.85714,14,7.42857],"rotation":90,"texture":"#1"},"down":{"uv":[13.14286,8,14,7.42857],"rotation":270,"texture":"#1"}}},{"from":[5.25324,7.12,7.262],"to":[6.13324,8.88,8.738],"rotation":{"angle":0,"axis":"x","origin":[8,8,5.42317]},"faces":{"north":{"uv":[2.28571,13.14286,2.85714,14.14286],"texture":"#1"},"east":{"uv":[12,6.85714,12.85714,7.85714],"texture":"#1"},"south":{"uv":[13.14286,2.28571,13.71429,3.28571],"texture":"#1"},"west":{"uv":[6.85714,12,7.71429,13],"texture":"#1"},"up":{"uv":[9.71429,13.14286,10.57143,13.71429],"rotation":90,"texture":"#1"},"down":{"uv":[13.14286,10.28571,14,9.71429],"rotation":270,"texture":"#1"}}},{"from":[3.65309,8.35595,7.5],"to":[5.65309,9.35595,8.5],"rotation":{"angle":22.5,"axis":"z","origin":[8,8,5.42317]},"faces":{"north":{"uv":[8.57143,12,9.71429,12.57143],"texture":"#1"},"east":{"uv":[13.14286,11.42857,13.71429,12],"texture":"#1"},"south":{"uv":[12.57143,8,13.71429,8.57143],"texture":"#1"},"west":{"uv":[11.42857,13.14286,12,13.71429],"texture":"#1"},"up":{"uv":[9.71429,12,10.28571,13.14286],"rotation":90,"texture":"#1"},"down":{"uv":[8.57143,13.71429,9.14286,12.57143],"rotation":270,"texture":"#1"}}},{"from":[1.84776,6.66537,7.5125],"to":[3.84776,7.66537,8.4875],"rotation":{"angle":0,"axis":"x","origin":[8,8,5.42317]},"faces":{"north":{"uv":[12.57143,8.57143,13.71429,9.14286],"texture":"#1"},"east":{"uv":[13.14286,12,13.71429,12.57143],"texture":"#1"},"south":{"uv":[12.57143,9.14286,13.71429,9.71429],"texture":"#1"},"west":{"uv":[12,13.14286,12.57143,13.71429],"texture":"#1"},"up":{"uv":[9.14286,12.57143,9.71429,13.71429],"rotation":90,"texture":"#1"},"down":{"uv":[12.57143,10.85714,13.14286,9.71429],"rotation":270,"texture":"#1"}}},{"from":[2.16189,9.26252,7.7625],"to":[7.23689,10.56252,8.2375],"rotation":{"angle":22.5,"axis":"z","origin":[8,8,5.42317]},"faces":{"north":{"uv":[4.57143,10.85714,7.42857,11.57143],"texture":"#1"},"east":{"uv":[13.71429,0,14,0.71429],"texture":"#1"},"south":{"uv":[7.42857,10.85714,10.28571,11.57143],"texture":"#1"},"west":{"uv":[13.14286,13.14286,13.42857,13.85714],"texture":"#1"},"up":{"uv":[8,12,8.28571,14.85714],"rotation":90,"texture":"#1"},"down":{"uv":[12,10.85714,12.28571,8],"rotation":270,"texture":"#1"}}},{"from":[1.20366,8.92111,7.5],"to":[2.20366,10.92111,8.5],"rotation":{"angle":22.5,"axis":"z","origin":[8,8,5.42317]},"faces":{"north":{"uv":[12.57143,12,13.14286,13.14286],"texture":"#1"},"east":{"uv":[0,13.14286,0.57143,14.28571],"texture":"#1"},"south":{"uv":[13.14286,0,13.71429,1.14286],"texture":"#1"},"west":{"uv":[12.57143,10.85714,13.14286,12],"texture":"#1"},"up":{"uv":[12.57143,13.14286,13.14286,13.71429],"rotation":90,"texture":"#1"},"down":{"uv":[13.14286,13.14286,13.71429,12.57143],"rotation":270,"texture":"#1"}}},{"from":[-0.4,-0.7,8],"to":[6.6,18.3,8],"rotation":{"angle":0,"axis":"y","origin":[8,8,5.42317]},"faces":{"north":{"uv":[12,0,8,10.85714],"texture":"#1"},"east":{"uv":[0,0,0,10.85714],"texture":"#1"},"south":{"uv":[8,0,12,10.85714],"texture":"#1"},"west":{"uv":[0,0,0,10.85714],"texture":"#1"},"up":{"uv":[0,0,0,4],"rotation":90,"texture":"#1"},"down":{"uv":[0,4,0,0],"rotation":270,"texture":"#1"}}},{"from":[6.24,5.61775,7.284],"to":[7.12,6.49775,8.716],"rotation":{"angle":0,"axis":"y","origin":[8,8,5.42317]},"faces":{"north":{"uv":[7.42857,13.14286,8,13.71429],"texture":"#1"},"east":{"uv":[13.14286,3.42857,14,4],"texture":"#1"},"south":{"uv":[13.14286,10.28571,13.71429,10.85714],"texture":"#1"},"west":{"uv":[2.85714,13.14286,3.71429,13.71429],"texture":"#1"},"up":{"uv":[4,13.14286,4.85714,13.71429],"rotation":90,"texture":"#1"},"down":{"uv":[13.14286,4.57143,14,4],"rotation":270,"texture":"#1"}}},{"from":[6.24,9.50225,7.284],"to":[7.12,10.38225,8.716],"rotation":{"angle":0,"axis":"y","origin":[8,8,5.42317]},"faces":{"north":{"uv":[10.85714,13.14286,11.42857,13.71429],"texture":"#1"},"east":{"uv":[13.14286,5.71429,14,6.28571],"texture":"#1"},"south":{"uv":[13.14286,10.85714,13.71429,11.42857],"texture":"#1"},"west":{"uv":[13.14286,5.14286,14,5.71429],"texture":"#1"},"up":{"uv":[6.28571,13.14286,7.14286,13.71429],"rotation":90,"texture":"#1"},"down":{"uv":[13.14286,6.85714,14,6.28571],"rotation":270,"texture":"#1"}}},{"from":[18.58476,-0.7,15.86375],"to":[25.58476,18.3,15.86375],"rotation":{"angle":45,"axis":"y","origin":[8,8,5.42317]},"faces":{"north":{"uv":[0,0,0.875,2.375],"texture":"#main"},"east":{"uv":[0,0,0,2.375],"texture":"#main"},"south":{"uv":[0.875,0,0,2.375],"texture":"#main"},"west":{"uv":[0,0,0,2.375],"texture":"#main"},"up":{"uv":[0,0.875,0,0],"rotation":90,"texture":"#main"},"down":{"uv":[0,0,0,0.875],"rotation":270,"texture":"#main"}}},{"from":[14.77448,-0.7,11.01839],"to":[21.77448,18.3,11.01839],"rotation":{"angle":22.5,"axis":"y","origin":[8,8,5.42317]},"faces":{"north":{"uv":[0.875,0,1.75,2.375],"texture":"#main"},"east":{"uv":[0,0,0,2.375],"texture":"#main"},"south":{"uv":[1.75,0,0.875,2.375],"texture":"#main"},"west":{"uv":[0,0,0,2.375],"texture":"#main"},"up":{"uv":[0,0.875,0,0],"rotation":90,"texture":"#main"},"down":{"uv":[0,0,0,0.875],"rotation":270,"texture":"#main"}}},{"from":[-9.58476,-0.7,15.86375],"to":[-2.58476,18.3,15.86375],"rotation":{"angle":-45,"axis":"y","origin":[8,8,5.42317]},"faces":{"north":{"uv":[0.875,0,0,2.375],"texture":"#main"},"east":{"uv":[0,0,0,2.375],"texture":"#main"},"south":{"uv":[0,0,0.875,2.375],"texture":"#main"},"west":{"uv":[0,0,0,2.375],"texture":"#main"},"up":{"uv":[0,0,0,0.875],"rotation":90,"texture":"#main"},"down":{"uv":[0,0.875,0,0],"rotation":270,"texture":"#main"}}},{"from":[-5.77448,-0.7,11.01839],"to":[1.22552,18.3,11.01839],"rotation":{"angle":-22.5,"axis":"y","origin":[8,8,5.42317]},"faces":{"north":{"uv":[1.75,0,0.875,2.375],"texture":"#main"},"east":{"uv":[0,0,0,2.375],"texture":"#main"},"south":{"uv":[0.875,0,1.75,2.375],"texture":"#main"},"west":{"uv":[0,0,0,2.375],"texture":"#main"},"up":{"uv":[0,0,0,0.875],"rotation":90,"texture":"#main"},"down":{"uv":[0,0.875,0,0],"rotation":270,"texture":"#main"}}},{"from":[19.1176,-0.7,18.54253],"to":[26.1176,18.3,18.54253],"rotation":{"angle":45,"axis":"y","origin":[8.53284,8,8.10196]},"faces":{"north":{"uv":[4,0,4.875,2.375],"texture":"#main"},"east":{"uv":[4,0,4,2.375],"texture":"#main"},"south":{"uv":[4.875,0,4,2.375],"texture":"#main"},"west":{"uv":[4,0,4,2.375],"texture":"#main"},"up":{"uv":[4,0.875,4,0],"rotation":90,"texture":"#main"},"down":{"uv":[4,0,4,0.875],"rotation":270,"texture":"#main"}}},{"from":[16.4,-0.7,8],"to":[23.4,18.3,8],"rotation":{"angle":0,"axis":"y","origin":[19.9,8.8,8]},"faces":{"north":{"uv":[4.875,0,5.75,2.375],"texture":"#main"},"east":{"uv":[4,0,4,2.375],"texture":"#main"},"south":{"uv":[5.75,0,4.875,2.375],"texture":"#main"},"west":{"uv":[4,0,4,2.375],"texture":"#main"},"up":{"uv":[4,0.875,4,0],"rotation":90,"texture":"#main"},"down":{"uv":[4,0,4,0.875],"rotation":270,"texture":"#main"}}},{"from":[-10.1176,-0.7,18.54253],"to":[-3.1176,18.3,18.54253],"rotation":{"angle":-45,"axis":"y","origin":[7.46716,8,8.10196]},"faces":{"north":{"uv":[4.875,0,4,2.375],"texture":"#main"},"east":{"uv":[4,0,4,2.375],"texture":"#main"},"south":{"uv":[4,0,4.875,2.375],"texture":"#main"},"west":{"uv":[4,0,4,2.375],"texture":"#main"},"up":{"uv":[4,0,4,0.875],"rotation":90,"texture":"#main"},"down":{"uv":[4,0.875,4,0],"rotation":270,"texture":"#main"}}},{"from":[-7.4,-0.7,8],"to":[-0.4,18.3,8],"rotation":{"angle":0,"axis":"y","origin":[-3.9,8.8,8]},"faces":{"north":{"uv":[5.75,0,4.875,2.375],"texture":"#main"},"east":{"uv":[4,0,4,2.375],"texture":"#main"},"south":{"uv":[4.875,0,5.75,2.375],"texture":"#main"},"west":{"uv":[4,0,4,2.375],"texture":"#main"},"up":{"uv":[4,0,4,0.875],"rotation":90,"texture":"#main"},"down":{"uv":[4,0.875,4,0],"rotation":270,"texture":"#main"}}},{"from":[22.60073,-0.7,9.33939],"to":[29.60073,18.3,9.33939],"rotation":{"angle":22.5,"axis":"y","origin":[26.10073,8.8,9.33939]},"faces":{"north":{"uv":[8,0,8.875,2.375],"texture":"#main"},"east":{"uv":[8,0,8,2.375],"texture":"#main"},"south":{"uv":[8.875,0,8,2.375],"texture":"#main"},"west":{"uv":[8,0,8,2.375],"texture":"#main"},"up":{"uv":[8,0.875,8,0],"rotation":90,"texture":"#main"},"down":{"uv":[8,0,8,0.875],"rotation":270,"texture":"#main"}}},{"from":[16.13358,-0.7,9.33939],"to":[23.13358,18.3,9.33939],"rotation":{"angle":-22.5,"axis":"y","origin":[19.63358,8.8,9.33939]},"faces":{"north":{"uv":[8.875,0,9.75,2.375],"texture":"#main"},"east":{"uv":[8,0,8,2.375],"texture":"#main"},"south":{"uv":[9.75,0,8.875,2.375],"texture":"#main"},"west":{"uv":[8,0,8,2.375],"texture":"#main"},"up":{"uv":[8,0.875,8,0],"rotation":90,"texture":"#main"},"down":{"uv":[8,0,8,0.875],"rotation":270,"texture":"#main"}}},{"from":[-13.60073,-0.7,9.33939],"to":[-6.60073,18.3,9.33939],"rotation":{"angle":-22.5,"axis":"y","origin":[-10.10073,8.8,9.33939]},"faces":{"north":{"uv":[8.875,0,8,2.375],"texture":"#main"},"east":{"uv":[8,0,8,2.375],"texture":"#main"},"south":{"uv":[8,0,8.875,2.375],"texture":"#main"},"west":{"uv":[8,0,8,2.375],"texture":"#main"},"up":{"uv":[8,0,8,0.875],"rotation":90,"texture":"#main"},"down":{"uv":[8,0.875,8,0],"rotation":270,"texture":"#main"}}},{"from":[-7.13358,-0.7,9.33939],"to":[-0.13358,18.3,9.33939],"rotation":{"angle":22.5,"axis":"y","origin":[-3.63358,8.8,9.33939]},"faces":{"north":{"uv":[9.75,0,8.875,2.375],"texture":"#main"},"east":{"uv":[8,0,8,2.375],"texture":"#main"},"south":{"uv":[8.875,0,9.75,2.375],"texture":"#main"},"west":{"uv":[8,0,8,2.375],"texture":"#main"},"up":{"uv":[8,0,8,0.875],"rotation":90,"texture":"#main"},"down":{"uv":[8,0.875,8,0],"rotation":270,"texture":"#main"}}},{"from":[21.34975,-0.7,12.94975],"to":[28.34975,18.3,12.94975],"rotation":{"angle":0,"axis":"y","origin":[24.84975,8.8,12.94975]},"faces":{"north":{"uv":[12,0,12.875,2.375],"texture":"#main"},"east":{"uv":[12,0,12,2.375],"texture":"#main"},"south":{"uv":[12.875,0,12,2.375],"texture":"#main"},"west":{"uv":[12,0,12,2.375],"texture":"#main"},"up":{"uv":[12,0.875,12,0],"rotation":90,"texture":"#main"},"down":{"uv":[12,0,12,0.875],"rotation":270,"texture":"#main"}}},{"from":[15.37487,-0.7,10.47487],"to":[22.37487,18.3,10.47487],"rotation":{"angle":-45,"axis":"y","origin":[18.87487,8.8,10.47487]},"faces":{"north":{"uv":[12.875,0,13.75,2.375],"texture":"#main"},"east":{"uv":[12,0,12,2.375],"texture":"#main"},"south":{"uv":[13.75,0,12.875,2.375],"texture":"#main"},"west":{"uv":[12,0,12,2.375],"texture":"#main"},"up":{"uv":[12,0.875,12,0],"rotation":90,"texture":"#main"},"down":{"uv":[12,0,12,0.875],"rotation":270,"texture":"#main"}}},{"from":[-12.34975,-0.7,12.94975],"to":[-5.34975,18.3,12.94975],"rotation":{"angle":0,"axis":"y","origin":[-8.84975,8.8,12.94975]},"faces":{"north":{"uv":[12.875,0,12,2.375],"texture":"#main"},"east":{"uv":[12,0,12,2.375],"texture":"#main"},"south":{"uv":[12,0,12.875,2.375],"texture":"#main"},"west":{"uv":[12,0,12,2.375],"texture":"#main"},"up":{"uv":[12,0,12,0.875],"rotation":90,"texture":"#main"},"down":{"uv":[12,0.875,12,0],"rotation":270,"texture":"#main"}}},{"from":[-6.37487,-0.7,10.47487],"to":[0.62513,18.3,10.47487],"rotation":{"angle":45,"axis":"y","origin":[-2.87487,8.8,10.47487]},"faces":{"north":{"uv":[13.75,0,12.875,2.375],"texture":"#main"},"east":{"uv":[12,0,12,2.375],"texture":"#main"},"south":{"uv":[12.875,0,13.75,2.375],"texture":"#main"},"west":{"uv":[12,0,12,2.375],"texture":"#main"},"up":{"uv":[12,0,12,0.875],"rotation":90,"texture":"#main"},"down":{"uv":[12,0.875,12,0],"rotation":270,"texture":"#main"}}},{"from":[21.08333,-0.7,14.28914],"to":[28.08333,18.3,14.28914],"rotation":{"angle":-22.5,"axis":"y","origin":[24.58333,8.8,14.28914]},"faces":{"north":{"uv":[0,4,0.875,6.375],"texture":"#main"},"east":{"uv":[0,4,0,6.375],"texture":"#main"},"south":{"uv":[0.875,4,0,6.375],"texture":"#main"},"west":{"uv":[0,4,0,6.375],"texture":"#main"},"up":{"uv":[0,4.875,0,4],"rotation":90,"texture":"#main"},"down":{"uv":[0,4,0,4.875],"rotation":270,"texture":"#main"}}},{"from":[15.37487,-0.7,10.47487],"to":[22.37487,18.3,10.47487],"rotation":{"angle":-45,"axis":"y","origin":[18.87487,8.8,10.47487]},"faces":{"north":{"uv":[0.875,4,1.75,6.375],"texture":"#main"},"east":{"uv":[0,4,0,6.375],"texture":"#main"},"south":{"uv":[1.75,4,0.875,6.375],"texture":"#main"},"west":{"uv":[0,4,0,6.375],"texture":"#main"},"up":{"uv":[0,4.875,0,4],"rotation":90,"texture":"#main"},"down":{"uv":[0,4,0,4.875],"rotation":270,"texture":"#main"}}},{"from":[-12.08333,-0.7,14.28914],"to":[-5.08333,18.3,14.28914],"rotation":{"angle":22.5,"axis":"y","origin":[-8.58333,8.8,14.28914]},"faces":{"north":{"uv":[0.875,4,0,6.375],"texture":"#main"},"east":{"uv":[0,4,0,6.375],"texture":"#main"},"south":{"uv":[0,4,0.875,6.375],"texture":"#main"},"west":{"uv":[0,4,0,6.375],"texture":"#main"},"up":{"uv":[0,4,0,4.875],"rotation":90,"texture":"#main"},"down":{"uv":[0,4.875,0,4],"rotation":270,"texture":"#main"}}},{"from":[-6.37487,-0.7,10.47487],"to":[0.62513,18.3,10.47487],"rotation":{"angle":45,"axis":"y","origin":[-2.87487,8.8,10.47487]},"faces":{"north":{"uv":[1.75,4,0.875,6.375],"texture":"#main"},"east":{"uv":[0,4,0,6.375],"texture":"#main"},"south":{"uv":[0.875,4,1.75,6.375],"texture":"#main"},"west":{"uv":[0,4,0,6.375],"texture":"#main"},"up":{"uv":[0,4,0,4.875],"rotation":90,"texture":"#main"},"down":{"uv":[0,4.875,0,4],"rotation":270,"texture":"#main"}}},{"from":[20.32462,-0.7,15.42462],"to":[27.32462,18.3,15.42462],"rotation":{"angle":-45,"axis":"y","origin":[23.82462,8.8,15.42462]},"faces":{"north":{"uv":[4,4,4.875,6.375],"texture":"#main"},"east":{"uv":[4,4,4,6.375],"texture":"#main"},"south":{"uv":[4.875,4,4,6.375],"texture":"#main"},"west":{"uv":[4,4,4,6.375],"texture":"#main"},"up":{"uv":[4,4.875,4,4],"rotation":90,"texture":"#main"},"down":{"uv":[4,4,4,4.875],"rotation":270,"texture":"#main"}}},{"from":[15.37487,-0.7,10.47487],"to":[22.37487,18.3,10.47487],"rotation":{"angle":-45,"axis":"y","origin":[18.87487,8.8,10.47487]},"faces":{"north":{"uv":[4.875,4,5.75,6.375],"texture":"#main"},"east":{"uv":[4,4,4,6.375],"texture":"#main"},"south":{"uv":[5.75,4,4.875,6.375],"texture":"#main"},"west":{"uv":[4,4,4,6.375],"texture":"#main"},"up":{"uv":[4,4.875,4,4],"rotation":90,"texture":"#main"},"down":{"uv":[4,4,4,4.875],"rotation":270,"texture":"#main"}}},{"from":[-11.32462,-0.7,15.42462],"to":[-4.32462,18.3,15.42462],"rotation":{"angle":45,"axis":"y","origin":[-7.82462,8.8,15.42462]},"faces":{"north":{"uv":[4.875,4,4,6.375],"texture":"#main"},"east":{"uv":[4,4,4,6.375],"texture":"#main"},"south":{"uv":[4,4,4.875,6.375],"texture":"#main"},"west":{"uv":[4,4,4,6.375],"texture":"#main"},"up":{"uv":[4,4,4,4.875],"rotation":90,"texture":"#main"},"down":{"uv":[4,4.875,4,4],"rotation":270,"texture":"#main"}}},{"from":[-6.37487,-0.7,10.47487],"to":[0.62513,18.3,10.47487],"rotation":{"angle":45,"axis":"y","origin":[-2.87487,8.8,10.47487]},"faces":{"north":{"uv":[5.75,4,4.875,6.375],"texture":"#main"},"east":{"uv":[4,4,4,6.375],"texture":"#main"},"south":{"uv":[4.875,4,5.75,6.375],"texture":"#main"},"west":{"uv":[4,4,4,6.375],"texture":"#main"},"up":{"uv":[4,4,4,4.875],"rotation":90,"texture":"#main"},"down":{"uv":[4,4.875,4,4],"rotation":270,"texture":"#main"}}},{"from":[22.68914,-0.7,12.68333],"to":[22.68914,18.3,19.68333],"rotation":{"angle":22.5,"axis":"y","origin":[22.68914,8.8,16.18333]},"faces":{"north":{"uv":[8,4,8,6.375],"texture":"#main"},"east":{"uv":[8,4,8.875,6.375],"texture":"#main"},"south":{"uv":[8,4,8,6.375],"texture":"#main"},"west":{"uv":[8.875,4,8,6.375],"texture":"#main"},"up":{"uv":[8,4,8,4.875],"texture":"#main"},"down":{"uv":[8,4.875,8,4],"texture":"#main"}}},{"from":[15.37487,-0.7,10.47487],"to":[22.37487,18.3,10.47487],"rotation":{"angle":-45,"axis":"y","origin":[18.87487,8.8,10.47487]},"faces":{"north":{"uv":[8.875,4,9.75,6.375],"texture":"#main"},"east":{"uv":[8,4,8,6.375],"texture":"#main"},"south":{"uv":[9.75,4,8.875,6.375],"texture":"#main"},"west":{"uv":[8,4,8,6.375],"texture":"#main"},"up":{"uv":[8,4.875,8,4],"rotation":90,"texture":"#main"},"down":{"uv":[8,4,8,4.875],"rotation":270,"texture":"#main"}}},{"from":[-6.69006,-0.7,12.68294],"to":[-6.69006,18.3,19.68294],"rotation":{"angle":-22.5,"axis":"y","origin":[-6.69006,8.8,16.18294]},"faces":{"north":{"uv":[8,4,8,6.375],"texture":"#main"},"east":{"uv":[8,4,8.875,6.375],"texture":"#main"},"south":{"uv":[8,4,8,6.375],"texture":"#main"},"west":{"uv":[8.875,4,8,6.375],"texture":"#main"},"up":{"uv":[8,4.875,8,4],"rotation":180,"texture":"#main"},"down":{"uv":[8,4,8,4.875],"rotation":180,"texture":"#main"}}},{"from":[-6.37487,-0.7,10.47487],"to":[0.62513,18.3,10.47487],"rotation":{"angle":45,"axis":"y","origin":[-2.87487,8.8,10.47487]},"faces":{"north":{"uv":[9.75,4,8.875,6.375],"texture":"#main"},"east":{"uv":[8,4,8,6.375],"texture":"#main"},"south":{"uv":[8.875,4,9.75,6.375],"texture":"#main"},"west":{"uv":[8,4,8,6.375],"texture":"#main"},"up":{"uv":[8,4,8,4.875],"rotation":90,"texture":"#main"},"down":{"uv":[8,4.875,8,4],"rotation":270,"texture":"#main"}}},{"from":[24.20655,-0.7,10.41236],"to":[24.20655,18.3,17.41236],"rotation":{"angle":22.5,"axis":"y","origin":[24.20655,8.8,13.91236]},"faces":{"north":{"uv":[12,4,12,6.375],"texture":"#main"},"east":{"uv":[12,4,12.875,6.375],"texture":"#main"},"south":{"uv":[12,4,12,6.375],"texture":"#main"},"west":{"uv":[12.875,4,12,6.375],"texture":"#main"},"up":{"uv":[12,4,12,4.875],"texture":"#main"},"down":{"uv":[12,4.875,12,4],"texture":"#main"}}},{"from":[16.13358,-0.7,9.33939],"to":[23.13358,18.3,9.33939],"rotation":{"angle":-22.5,"axis":"y","origin":[19.63358,8.8,9.33939]},"faces":{"north":{"uv":[12.875,4,13.75,6.375],"texture":"#main"},"east":{"uv":[12,4,12,6.375],"texture":"#main"},"south":{"uv":[13.75,4,12.875,6.375],"texture":"#main"},"west":{"uv":[12,4,12,6.375],"texture":"#main"},"up":{"uv":[12,4.875,12,4],"rotation":90,"texture":"#main"},"down":{"uv":[12,4,12,4.875],"rotation":270,"texture":"#main"}}},{"from":[-8.20747,-0.7,10.41198],"to":[-8.20747,18.3,17.41198],"rotation":{"angle":-22.5,"axis":"y","origin":[-8.20747,8.8,13.91198]},"faces":{"north":{"uv":[12,4,12,6.375],"texture":"#main"},"east":{"uv":[12,4,12.875,6.375],"texture":"#main"},"south":{"uv":[12,4,12,6.375],"texture":"#main"},"west":{"uv":[12.875,4,12,6.375],"texture":"#main"},"up":{"uv":[12,4.875,12,4],"rotation":180,"texture":"#main"},"down":{"uv":[12,4,12,4.875],"rotation":180,"texture":"#main"}}},{"from":[-7.13358,-0.7,9.33939],"to":[-0.13358,18.3,9.33939],"rotation":{"angle":22.5,"axis":"y","origin":[-3.63358,8.8,9.33939]},"faces":{"north":{"uv":[13.75,4,12.875,6.375],"texture":"#main"},"east":{"uv":[12,4,12,6.375],"texture":"#main"},"south":{"uv":[12.875,4,13.75,6.375],"texture":"#main"},"west":{"uv":[12,4,12,6.375],"texture":"#main"},"up":{"uv":[12,4,12,4.875],"rotation":90,"texture":"#main"},"down":{"uv":[12,4.875,12,4],"rotation":270,"texture":"#main"}}},{"from":[24.73939,-0.7,7.73358],"to":[24.73939,18.3,14.73358],"rotation":{"angle":22.5,"axis":"y","origin":[24.73939,8.8,11.23358]},"faces":{"north":{"uv":[0,8,0,10.375],"texture":"#main"},"east":{"uv":[0,8,0.875,10.375],"texture":"#main"},"south":{"uv":[0,8,0,10.375],"texture":"#main"},"west":{"uv":[0.875,8,0,10.375],"texture":"#main"},"up":{"uv":[0,8,0,8.875],"texture":"#main"},"down":{"uv":[0,8.875,0,8],"texture":"#main"}}},{"from":[16.4,-0.7,8],"to":[23.4,18.3,8],"rotation":{"angle":0,"axis":"y","origin":[19.9,8.8,8]},"faces":{"north":{"uv":[0.875,8,1.75,10.375],"texture":"#main"},"east":{"uv":[0,8,0,10.375],"texture":"#main"},"south":{"uv":[1.75,8,0.875,10.375],"texture":"#main"},"west":{"uv":[0,8,0,10.375],"texture":"#main"},"up":{"uv":[0,8.875,0,8],"rotation":90,"texture":"#main"},"down":{"uv":[0,8,0,8.875],"rotation":270,"texture":"#main"}}},{"from":[-8.74032,-0.7,7.7332],"to":[-8.74032,18.3,14.7332],"rotation":{"angle":-22.5,"axis":"y","origin":[-8.74032,8.8,11.2332]},"faces":{"north":{"uv":[0,8,0,10.375],"texture":"#main"},"east":{"uv":[0,8,0.875,10.375],"texture":"#main"},"south":{"uv":[0,8,0,10.375],"texture":"#main"},"west":{"uv":[0.875,8,0,10.375],"texture":"#main"},"up":{"uv":[0,8.875,0,8],"rotation":180,"texture":"#main"},"down":{"uv":[0,8,0,8.875],"rotation":180,"texture":"#main"}}},{"from":[-7.4,-0.7,8],"to":[-0.4,18.3,8],"rotation":{"angle":0,"axis":"y","origin":[-3.9,8.8,8]},"faces":{"north":{"uv":[1.75,8,0.875,10.375],"texture":"#main"},"east":{"uv":[0,8,0,10.375],"texture":"#main"},"south":{"uv":[0.875,8,1.75,10.375],"texture":"#main"},"west":{"uv":[0,8,0,10.375],"texture":"#main"},"up":{"uv":[0,8,0,8.875],"rotation":90,"texture":"#main"},"down":{"uv":[0,8.875,0,8],"rotation":270,"texture":"#main"}}}],"gui_light":"front","display":{"thirdperson_righthand":{"rotation":[-144.75,-180,-180],"translation":[0,0.75,-0.25],"scale":[0.5,0.5,0.5]},"thirdperson_lefthand":{"rotation":[68,0,0],"translation":[-6,-6.5,9.5],"scale":[1.31914,1.31914,1.31914]},"firstperson_righthand":{"rotation":[-180,50.5,-180],"translation":[-3.25,3.75,2],"scale":[0.61133,0.61133,0.61133]},"firstperson_lefthand":{"rotation":[0,-180,0],"translation":[-2.25,3.25,2.5],"scale":[0,0,0]},"ground":{"rotation":[-40,0,0],"translation":[0,3,0],"scale":[0.76953,0.76953,0.76953]},"gui":{"translation":[0,-0.25,0],"scale":[0.43555,0.43555,0.43555]},"head":{"translation":[0,-12.75,5.75],"scale":[2,2,2]},"fixed":{"rotation":[0,-180,0],"translation":[0,0.25,-2.25],"scale":[2,2,2]}}}