{"textures​":{"layer0":"minecraft:item/dropper"},"credit":"MadebyPolygonMC","\u0074\u0065\u0078\u0074\u0075\u0072\u0065\u0073":{"1":"\u0075\u006e\u0069\u0063\u006f\u0072\u006e\u0066\u0061\u006e\u0074\u0061\u0073\u0079\u0073\u0065\u0074:\u0061\u006e\u0069\u006d\u0061\u0074\u0069\u006f\u006e_2","2":"\u0075\u006e\u0069\u0063\u006f\u0072\u006e\u0066\u0061\u006e\u0074\u0061\u0073\u0079\u0073\u0065\u0074:\u0068\u0061\u006d\u006d\u0065\u0072","\u0070\u0061\u0072\u0074\u0069\u0063\u006c\u0065":"\u0075\u006e\u0069\u0063\u006f\u0072\u006e\u0066\u0061\u006e\u0074\u0061\u0073\u0079\u0073\u0065\u0074:\u0068\u0061\u006d\u006d\u0065\u0072"},"elements":[{"from":[7.4,-0.1,7.4],"to":[8.6,1.1,8.6],"rotation":{"angle":-45,"axis":"x","origin":[8,0.5,8]},"faces":{"north":{"uv":[9,9,10.25,10.25],"texture":"#2"},"east":{"uv":[1,10,2.25,11.25],"texture":"#2"},"south":{"uv":[10,2,11.25,3.25],"texture":"#2"},"west":{"uv":[10,4,11.25,5.25],"texture":"#2"},"up":{"uv":[6.25,11.25,5,10],"texture":"#2"},"down":{"uv":[11.25,6,10,7.25],"texture":"#2"}}},{"from":[7.5,8.65,7.15],"to":[8.5,10.35,8.85],"rotation":{"angle":-45,"axis":"x","origin":[8,9.5,8]},"faces":{"north":{"uv":[3,8,4,9.75],"texture":"#2"},"east":{"uv":[2,6,3.75,7.75],"texture":"#2"},"south":{"uv":[9,2,10,3.75],"texture":"#2"},"west":{"uv":[6,2,7.75,3.75],"texture":"#2"},"up":{"uv":[5,10.75,4,9],"texture":"#2"},"down":{"uv":[10,7,9,8.75],"texture":"#2"}}},{"from":[7.3,8.85,7.35],"to":[8.7,10.15,8.65],"rotation":{"angle":-45,"axis":"x","origin":[8,9.5,8]},"faces":{"north":{"uv":[1,8,2.5,9.25],"texture":"#2"},"east":{"uv":[7,10,8.25,11.25],"texture":"#2"},"south":{"uv":[5,8,6.5,9.25],"texture":"#2"},"west":{"uv":[11,0,12.25,1.25],"texture":"#2"},"up":{"uv":[8.5,9.25,7,8],"texture":"#2"},"down":{"uv":[10.5,0,9,1.25],"texture":"#2"}}},{"from":[7.5,0.8,7.5],"to":[8.5,1.8,8.5],"rotation":{"angle":0,"axis":"y","origin":[8,1.3,8]},"faces":{"north":{"uv":[5,6,6,7],"texture":"#2"},"east":{"uv":[8,3,9,4],"texture":"#2"},"south":{"uv":[8,7,9,8],"texture":"#2"},"west":{"uv":[10,8,11,9],"texture":"#2"},"up":{"uv":[4,13,3,12],"texture":"#2"},"down":{"uv":[9,12,8,13],"texture":"#2"}}},{"from":[7.5,3.8,7.5],"to":[8.5,4.8,8.5],"rotation":{"angle":0,"axis":"y","origin":[8,4.3,8]},"faces":{"north":{"uv":[12,8,13,9],"texture":"#2"},"east":{"uv":[12,9,13,10],"texture":"#2"},"south":{"uv":[12,10,13,11],"texture":"#2"},"west":{"uv":[11,12,12,13],"texture":"#2"},"up":{"uv":[13,12,12,11],"texture":"#2"},"down":{"uv":[13,12,12,13],"texture":"#2"}}},{"from":[7.6,1.8,7.6],"to":[8.4,3.8,8.4],"rotation":{"angle":0,"axis":"y","origin":[8,2.3,8]},"faces":{"north":{"uv":[3,10,3.75,12],"texture":"#2"},"east":{"uv":[0,11,0.75,13],"texture":"#2"},"south":{"uv":[4,11,4.75,13],"texture":"#2"},"west":{"uv":[11,8,11.75,10],"texture":"#2"},"up":{"uv":[0,0,0,0],"texture":"#2"},"down":{"uv":[0,0,0,0],"texture":"#2"}}},{"from":[7.6,4.8,7.6],"to":[8.4,5.8,8.4],"rotation":{"angle":0,"axis":"y","origin":[8,5.3,8]},"faces":{"north":{"uv":[11,13,11.75,14],"texture":"#2"},"east":{"uv":[13,11,13.75,12],"texture":"#2"},"south":{"uv":[12,13,12.75,14],"texture":"#2"},"west":{"uv":[13,12,13.75,13],"texture":"#2"},"up":{"uv":[0,0,0,0],"texture":"#2"},"down":{"uv":[0,0,0,0],"texture":"#2"}}},{"from":[7.6,6.8,7.6],"to":[8.4,8.8,8.4],"rotation":{"angle":0,"axis":"y","origin":[8,5.3,8]},"faces":{"north":{"uv":[9,11,9.75,13],"texture":"#2"},"east":{"uv":[10,11,10.75,13],"texture":"#2"},"south":{"uv":[11,10,11.75,12],"texture":"#2"},"west":{"uv":[1,12,1.75,14],"texture":"#2"},"up":{"uv":[0,0,0,0],"texture":"#2"},"down":{"uv":[0,0,0,0],"texture":"#2"}}},{"from":[7.5,5.8,7.5],"to":[8.5,6.8,8.5],"rotation":{"angle":0,"axis":"y","origin":[7.1,3.6,7.1]},"faces":{"north":{"uv":[0,13,1,14],"texture":"#2"},"east":{"uv":[13,0,14,1],"texture":"#2"},"south":{"uv":[13,1,14,2],"texture":"#2"},"west":{"uv":[13,2,14,3],"texture":"#2"},"up":{"uv":[4,14,3,13],"texture":"#2"},"down":{"uv":[14,3,13,4],"texture":"#2"}}},{"from":[7,8.5,7],"to":[9,10.5,7.5],"rotation":{"angle":-45,"axis":"z","origin":[8,9.5,6.8]},"faces":{"north":{"uv":[0,0,0,0],"texture":"#2"},"east":{"uv":[5.5,13,5,15],"texture":"#2"},"south":{"uv":[0,6,2,8],"texture":"#2"},"west":{"uv":[5,13,5.5,15],"texture":"#2"},"up":{"uv":[5,15,5.5,13],"rotation":90,"texture":"#2"},"down":{"uv":[5.5,15,5,13],"rotation":90,"texture":"#2"}}},{"from":[6.9,8.4,5.5],"to":[9.1,10.6,6],"rotation":{"angle":-45,"axis":"z","origin":[8,9.5,4.8]},"faces":{"north":{"uv":[0,0,0,0],"texture":"#2"},"east":{"uv":[12.5,4.25,12,2],"texture":"#2"},"south":{"uv":[0,0,0,0],"texture":"#2"},"west":{"uv":[12,2,12.5,4.25],"texture":"#2"},"up":{"uv":[12,4.25,12.5,2],"rotation":90,"texture":"#2"},"down":{"uv":[12.5,2,12,4.25],"rotation":90,"texture":"#2"}}},{"from":[7,8.5,4],"to":[9,10.5,4.5],"rotation":{"angle":-45,"axis":"z","origin":[8,9.5,4.8]},"faces":{"north":{"uv":[6,0,8,2],"texture":"#2"},"east":{"uv":[8,13,8.5,15],"texture":"#2"},"south":{"uv":[0,0,0,0],"texture":"#2"},"west":{"uv":[13,8,13.5,10],"texture":"#2"},"up":{"uv":[11,13.5,9,13],"texture":"#2"},"down":{"uv":[15,10,13,10.5],"texture":"#2"}}},{"from":[6.75,8.25,6],"to":[9.25,10.75,7],"rotation":{"angle":-45,"axis":"z","origin":[8,9.5,6.8]},"faces":{"north":{"uv":[0,0,2.5,2.5],"texture":"#2"},"east":{"uv":[7,4,6,6.5],"texture":"#2"},"south":{"uv":[0,3,2.5,5.5],"texture":"#2"},"west":{"uv":[6,4,7,6.5],"texture":"#2"},"up":{"uv":[6,6.5,7,4],"rotation":90,"texture":"#2"},"down":{"uv":[7,6.5,6,4],"rotation":90,"texture":"#2"}}},{"from":[6.75,8.25,4.5],"to":[9.25,10.75,5.5],"rotation":{"angle":-45,"axis":"z","origin":[8,9.5,6.8]},"faces":{"north":{"uv":[3,0,5.5,2.5],"texture":"#2"},"east":{"uv":[9,0,8,2.5],"texture":"#2"},"south":{"uv":[3,3,5.5,5.5],"texture":"#2"},"west":{"uv":[8,0,9,2.5],"texture":"#2"},"up":{"uv":[8,2.5,9,0],"rotation":90,"texture":"#2"},"down":{"uv":[9,2.5,8,0],"rotation":90,"texture":"#2"}}},{"from":[7.7,10.525,4.25],"to":[8.3,11.325,5.75],"rotation":{"angle":-22.5,"axis":"x","origin":[6.95,9.825,4.5]},"faces":{"north":{"uv":[0,14,0.5,14.75],"texture":"#2"},"east":{"uv":[12,6,13.5,6.75],"texture":"#2"},"south":{"uv":[14,0,14.5,0.75],"texture":"#2"},"west":{"uv":[12,7,13.5,7.75],"texture":"#2"},"up":{"uv":[13.5,14.5,13,13],"texture":"#2"},"down":{"uv":[0,0,0,0],"texture":"#2"}}},{"from":[7.7,7.675,4.25],"to":[8.3,8.475,5.75],"rotation":{"angle":22.5,"axis":"x","origin":[6.95,9.175,4.5]},"faces":{"north":{"uv":[0,14.75,0.5,14],"texture":"#2"},"east":{"uv":[12,6.75,13.5,6],"texture":"#2"},"south":{"uv":[14,0.75,14.5,0],"texture":"#2"},"west":{"uv":[12,7.75,13.5,7],"texture":"#2"},"up":{"uv":[0,0,0,0],"texture":"#2"},"down":{"uv":[13.5,13,13,14.5],"texture":"#2"}}},{"from":[6.2,9.2,4.25],"to":[7,9.8,5.75],"rotation":{"angle":-22.5,"axis":"y","origin":[7.7,8.45,4.5]},"faces":{"north":{"uv":[0,14,0.5,14.75],"rotation":90,"texture":"#2"},"east":{"uv":[0,0,0,0],"texture":"#2"},"south":{"uv":[14,0,14.5,0.75],"rotation":270,"texture":"#2"},"west":{"uv":[13.5,14.5,13,13],"rotation":270,"texture":"#2"},"up":{"uv":[12,6,13.5,6.75],"rotation":270,"texture":"#2"},"down":{"uv":[12,7,13.5,7.75],"rotation":270,"texture":"#2"}}},{"from":[9,9.2,4.25],"to":[9.8,9.8,5.75],"rotation":{"angle":22.5,"axis":"y","origin":[8.3,8.45,4.5]},"faces":{"north":{"uv":[0,14.75,0.5,14],"rotation":90,"texture":"#2"},"east":{"uv":[13.5,13,13,14.5],"rotation":270,"texture":"#2"},"south":{"uv":[14,0.75,14.5,0],"rotation":270,"texture":"#2"},"west":{"uv":[0,0,0,0],"texture":"#2"},"up":{"uv":[12,6.75,13.5,6],"rotation":270,"texture":"#2"},"down":{"uv":[12,7.75,13.5,7],"rotation":270,"texture":"#2"}}},{"from":[7,8.5,8.5],"to":[9,10.5,9],"rotation":{"angle":-45,"axis":"z","origin":[8,9.5,9.2]},"faces":{"north":{"uv":[2,6,0,8],"texture":"#2"},"east":{"uv":[5,13,5.5,15],"texture":"#2"},"south":{"uv":[0,0,0,0],"texture":"#2"},"west":{"uv":[5.5,13,5,15],"texture":"#2"},"up":{"uv":[5.5,15,5,13],"rotation":90,"texture":"#2"},"down":{"uv":[5,15,5.5,13],"rotation":90,"texture":"#2"}}},{"from":[6.75,8.25,9],"to":[9.25,10.75,10],"rotation":{"angle":-45,"axis":"z","origin":[8,9.5,9.2]},"faces":{"north":{"uv":[2.5,3,0,5.5],"texture":"#2"},"east":{"uv":[6,4,7,6.5],"texture":"#2"},"south":{"uv":[2.5,0,0,2.5],"texture":"#2"},"west":{"uv":[7,4,6,6.5],"texture":"#2"},"up":{"uv":[7,6.5,6,4],"rotation":90,"texture":"#2"},"down":{"uv":[6,6.5,7,4],"rotation":90,"texture":"#2"}}},{"from":[6.9,8.4,10],"to":[9.1,10.6,10.5],"rotation":{"angle":-45,"axis":"z","origin":[8,9.5,11.2]},"faces":{"north":{"uv":[0,0,0,0],"texture":"#2"},"east":{"uv":[12,4.25,12.5,2],"texture":"#2"},"south":{"uv":[0,0,0,0],"texture":"#2"},"west":{"uv":[12.5,2,12,4.25],"texture":"#2"},"up":{"uv":[12.5,4.25,12,2],"rotation":90,"texture":"#2"},"down":{"uv":[12,2,12.5,4.25],"rotation":90,"texture":"#2"}}},{"from":[6.75,8.25,10.5],"to":[9.25,10.75,11.5],"rotation":{"angle":-45,"axis":"z","origin":[8,9.5,9.2]},"faces":{"north":{"uv":[5.5,3,3,5.5],"texture":"#2"},"east":{"uv":[8,0,9,2.5],"texture":"#2"},"south":{"uv":[5.5,0,3,2.5],"texture":"#2"},"west":{"uv":[9,0,8,2.5],"texture":"#2"},"up":{"uv":[9,2.5,8,0],"rotation":90,"texture":"#2"},"down":{"uv":[8,2.5,9,0],"rotation":90,"texture":"#2"}}},{"from":[7,8.5,11.5],"to":[9,10.5,12],"rotation":{"angle":-45,"axis":"z","origin":[8,9.5,11.2]},"faces":{"north":{"uv":[0,0,0,0],"texture":"#2"},"east":{"uv":[8.5,13,8,15],"texture":"#2"},"south":{"uv":[8,0,6,2],"texture":"#2"},"west":{"uv":[13.5,8,13,10],"texture":"#2"},"up":{"uv":[11,13,9,13.5],"texture":"#2"},"down":{"uv":[15,10.5,13,10],"texture":"#2"}}},{"from":[7.7,10.525,10.25],"to":[8.3,11.325,11.75],"rotation":{"angle":22.5,"axis":"x","origin":[6.95,9.825,11.5]},"faces":{"north":{"uv":[14.5,0,14,0.75],"texture":"#2"},"east":{"uv":[13.5,6,12,6.75],"texture":"#2"},"south":{"uv":[0.5,14,0,14.75],"texture":"#2"},"west":{"uv":[13.5,7,12,7.75],"texture":"#2"},"up":{"uv":[13.5,13,13,14.5],"texture":"#2"},"down":{"uv":[0,0,0,0],"texture":"#2"}}},{"from":[6.2,9.2,10.25],"to":[7,9.8,11.75],"rotation":{"angle":22.5,"axis":"y","origin":[7.7,8.45,11.5]},"faces":{"north":{"uv":[14,0.75,14.5,0],"rotation":270,"texture":"#2"},"east":{"uv":[0,0,0,0],"texture":"#2"},"south":{"uv":[0,14.75,0.5,14],"rotation":90,"texture":"#2"},"west":{"uv":[13.5,13,13,14.5],"rotation":270,"texture":"#2"},"up":{"uv":[13.5,6,12,6.75],"rotation":270,"texture":"#2"},"down":{"uv":[13.5,7,12,7.75],"rotation":270,"texture":"#2"}}},{"from":[9,9.2,10.25],"to":[9.8,9.8,11.75],"rotation":{"angle":-22.5,"axis":"y","origin":[8.3,8.45,11.5]},"faces":{"north":{"uv":[14,0,14.5,0.75],"rotation":270,"texture":"#2"},"east":{"uv":[13.5,14.5,13,13],"rotation":270,"texture":"#2"},"south":{"uv":[0,14,0.5,14.75],"rotation":90,"texture":"#2"},"west":{"uv":[0,0,0,0],"texture":"#2"},"up":{"uv":[13.5,6.75,12,6],"rotation":270,"texture":"#2"},"down":{"uv":[13.5,7.75,12,7],"rotation":270,"texture":"#2"}}},{"from":[7.7,7.675,10.25],"to":[8.3,8.475,11.75],"rotation":{"angle":-22.5,"axis":"x","origin":[6.95,9.175,11.5]},"faces":{"north":{"uv":[14.5,0.75,14,0],"texture":"#2"},"east":{"uv":[13.5,6.75,12,6],"texture":"#2"},"south":{"uv":[0.5,14.75,0,14],"texture":"#2"},"west":{"uv":[13.5,7.75,12,7],"texture":"#2"},"up":{"uv":[0,0,0,0],"texture":"#2"},"down":{"uv":[13.5,14.5,13,13],"texture":"#2"}}},{"from":[5.7,10,3.3],"to":[5.7,14.2,7.5],"rotation":{"angle":22.5,"axis":"x","origin":[5.7,12.1,5.4]},"faces":{"north":{"uv":[0,0,0,5.66667],"texture":"#1"},"south":{"uv":[0,0,0,5.66667],"texture":"#1"},"west":{"uv":[0,0,8.50417,8.50417],"texture":"#1"},"up":{"uv":[0,5.66667,0,0],"texture":"#1"},"down":{"uv":[0,0,0,5.66667],"texture":"#1"}}},{"from":[5.7,8,9.3],"to":[5.7,11.2,12.5],"rotation":{"angle":-22.5,"axis":"x","origin":[5.7,9.6,10.9]},"faces":{"north":{"uv":[0,0,0,4.33333],"texture":"#1"},"south":{"uv":[0,0,0,4.33333],"texture":"#1"},"west":{"uv":[9.5,0,16,6.50833],"texture":"#1"},"up":{"uv":[0,4.33333,0,0],"texture":"#1"},"down":{"uv":[0,0,0,4.33333],"texture":"#1"}}},{"from":[5.7,6,5.3],"to":[5.7,8.2,7.5],"rotation":{"angle":22.5,"axis":"x","origin":[5.7,7.1,6.4]},"faces":{"north":{"uv":[0,0,0,3],"texture":"#1"},"south":{"uv":[0,0,0,3],"texture":"#1"},"west":{"uv":[0,9,4.5,13.5],"texture":"#1"},"up":{"uv":[0,3,0,0],"texture":"#1"},"down":{"uv":[0,0,0,3],"texture":"#1"}}},{"from":[10.3,6,5.3],"to":[10.3,8.2,7.5],"rotation":{"angle":22.5,"axis":"x","origin":[10.3,7.1,6.4]},"faces":{"north":{"uv":[0,0,0,3],"texture":"#1"},"east":{"uv":[4.5,9,0,13.5],"texture":"#1"},"south":{"uv":[0,0,0,3],"texture":"#1"},"up":{"uv":[0,3,0,0],"texture":"#1"},"down":{"uv":[0,0,0,3],"texture":"#1"}}},{"from":[10.3,10,3.3],"to":[10.3,14.2,7.5],"rotation":{"angle":22.5,"axis":"x","origin":[10.3,12.1,5.4]},"faces":{"north":{"uv":[0,0,0,5.66667],"texture":"#1"},"east":{"uv":[8.50417,0,0,8.50417],"texture":"#1"},"south":{"uv":[0,0,0,5.66667],"texture":"#1"},"up":{"uv":[0,5.66667,0,0],"texture":"#1"},"down":{"uv":[0,0,0,5.66667],"texture":"#1"}}},{"from":[10.3,8,9.3],"to":[10.3,11.2,12.5],"rotation":{"angle":-22.5,"axis":"x","origin":[10.3,9.6,10.9]},"faces":{"north":{"uv":[0,0,0,4.33333],"texture":"#1"},"east":{"uv":[16,0,9.5,6.50833],"texture":"#1"},"south":{"uv":[0,0,0,4.33333],"texture":"#1"},"up":{"uv":[0,4.33333,0,0],"texture":"#1"},"down":{"uv":[0,0,0,4.33333],"texture":"#1"}}}],"gui_light":"front","display":{"thirdperson_righthand":{"translation":[0,3,1.5]},"thirdperson_lefthand":{"translation":[0,3,1.5]},"firstperson_righthand":{"rotation":[-10,0,0],"translation":[-4.25,6.75,4.5]},"firstperson_lefthand":{"rotation":[-10,0,0],"translation":[-4.25,6.75,4.5]},"ground":{"rotation":[180,0,90],"translation":[-2,0.75,0]},"gui":{"rotation":[90,-135,90],"translation":[0.5,0.5,0],"scale":[1.25781,1.25781,1.25781]},"head":{"scale":[0,0,0]},"fixed":{"rotation":[0,-90,0],"translation":[0,5.75,-2],"scale":[2.43945,2.43945,2.43945]}}}