{"textures​":{"layer0":"minecraft:item/wooden_axe"},"credit":"MadebyPolygonMC","\u0074\u0065\u0078\u0074\u0075\u0072\u0065\u0073":{"0":"\u0075\u006e\u0069\u0063\u006f\u0072\u006e\u0066\u0061\u006e\u0074\u0061\u0073\u0079\u0073\u0065\u0074:\u0061\u006e\u0069\u006d\u0061\u0074\u0069\u006f\u006e_1","1":"\u0075\u006e\u0069\u0063\u006f\u0072\u006e\u0066\u0061\u006e\u0074\u0061\u0073\u0079\u0073\u0065\u0074:\u0061\u006e\u0069\u006d\u0061\u0074\u0069\u006f\u006e_2","3":"\u0075\u006e\u0069\u0063\u006f\u0072\u006e\u0066\u0061\u006e\u0074\u0061\u0073\u0079\u0073\u0065\u0074:\u0068\u006f\u0065","\u0070\u0061\u0072\u0074\u0069\u0063\u006c\u0065":"\u0075\u006e\u0069\u0063\u006f\u0072\u006e\u0066\u0061\u006e\u0074\u0061\u0073\u0079\u0073\u0065\u0074:\u0061\u006e\u0069\u006d\u0061\u0074\u0069\u006f\u006e_1"},"elements":[{"from":[8,11.35,8.15],"to":[8,15.6,13.15],"rotation":{"angle":0,"axis":"x","origin":[8.3,11.85,16.35]},"faces":{"north":{"uv":[0,0,0,4.25],"texture":"#3"},"east":{"uv":[5,4,0,8.25],"texture":"#3"},"south":{"uv":[0,0,0,4.25],"texture":"#3"},"west":{"uv":[0,4,5,8.25],"texture":"#3"},"up":{"uv":[0,5,0,0],"texture":"#3"},"down":{"uv":[0,0,0,5],"texture":"#3"}}},{"from":[7.4,-0.1,7.4],"to":[8.6,1.1,8.6],"rotation":{"angle":-45,"axis":"x","origin":[8,0.5,8]},"faces":{"north":{"uv":[9,4,10.25,5.25],"texture":"#3"},"east":{"uv":[9,6,10.25,7.25],"texture":"#3"},"south":{"uv":[9,8,10.25,9.25],"texture":"#3"},"west":{"uv":[10,2,11.25,3.25],"texture":"#3"},"up":{"uv":[6.25,11.25,5,10],"texture":"#3"},"down":{"uv":[8.25,10,7,11.25],"texture":"#3"}}},{"from":[7.5,10.65,7.15],"to":[8.5,12.35,8.85],"rotation":{"angle":-45,"axis":"x","origin":[8,11.5,8]},"faces":{"north":{"uv":[2,9,3,10.75],"texture":"#3"},"east":{"uv":[5,4,6.75,5.75],"texture":"#3"},"south":{"uv":[9,2,10,3.75],"texture":"#3"},"west":{"uv":[5,6,6.75,7.75],"texture":"#3"},"up":{"uv":[4,10.75,3,9],"texture":"#3"},"down":{"uv":[5,9,4,10.75],"texture":"#3"}}},{"from":[7.3,10.85,7.35],"to":[8.7,12.15,8.65],"rotation":{"angle":-45,"axis":"x","origin":[8,11.5,8]},"faces":{"north":{"uv":[5,8,6.5,9.25],"texture":"#3"},"east":{"uv":[9,10,10.25,11.25],"texture":"#3"},"south":{"uv":[7,8,8.5,9.25],"texture":"#3"},"west":{"uv":[0,11,1.25,12.25],"texture":"#3"},"up":{"uv":[1.5,10.25,0,9],"texture":"#3"},"down":{"uv":[10.5,0,9,1.25],"texture":"#3"}}},{"from":[7.5,0.8,7.5],"to":[8.5,1.8,8.5],"rotation":{"angle":0,"axis":"y","origin":[8,1.3,8]},"faces":{"north":{"uv":[5,12,6,13],"texture":"#3"},"east":{"uv":[6,12,7,13],"texture":"#3"},"south":{"uv":[12,6,13,7],"texture":"#3"},"west":{"uv":[7,12,8,13],"texture":"#3"},"up":{"uv":[13,8,12,7],"texture":"#3"},"down":{"uv":[9,12,8,13],"texture":"#3"}}},{"from":[7.5,3.8,7.5],"to":[8.5,4.8,8.5],"rotation":{"angle":0,"axis":"y","origin":[8,4.3,8]},"faces":{"north":{"uv":[12,8,13,9],"texture":"#3"},"east":{"uv":[9,12,10,13],"texture":"#3"},"south":{"uv":[12,9,13,10],"texture":"#3"},"west":{"uv":[10,12,11,13],"texture":"#3"},"up":{"uv":[12,13,11,12],"texture":"#3"},"down":{"uv":[13,12,12,13],"texture":"#3"}}},{"from":[7.6,1.8,7.6],"to":[8.4,3.8,8.4],"rotation":{"angle":0,"axis":"y","origin":[8,2.3,8]},"faces":{"north":{"uv":[11,0,11.75,2],"texture":"#3"},"east":{"uv":[2,11,2.75,13],"texture":"#3"},"south":{"uv":[3,11,3.75,13],"texture":"#3"},"west":{"uv":[4,11,4.75,13],"texture":"#3"}}},{"from":[7.8,11.96547,4.861],"to":[8.2,12.76547,6.861],"rotation":{"angle":22.5,"axis":"x","origin":[8,10.60533,5.31048]},"faces":{"north":{"uv":[13,10,13.5,10.75],"texture":"#3"},"east":{"uv":[11,4,13,4.75],"texture":"#3"},"south":{"uv":[11,13,11.5,13.75],"texture":"#3"},"west":{"uv":[11,5,13,5.75],"texture":"#3"},"up":{"uv":[0.5,15,0,13],"texture":"#3"},"down":{"uv":[13.5,0,13,2],"texture":"#3"}}},{"from":[7.8,10.46547,4.861],"to":[8.2,11.96547,5.611],"rotation":{"angle":22.5,"axis":"x","origin":[8,10.60533,5.31048]},"faces":{"north":{"uv":[13,6,13.5,7.5],"texture":"#3"},"east":{"uv":[11,6,11.75,7.5],"texture":"#3"},"south":{"uv":[7,13,7.5,14.5],"texture":"#3"},"west":{"uv":[11,8,11.75,9.5],"texture":"#3"},"up":{"uv":[13.5,11.75,13,11],"texture":"#3"},"down":{"uv":[12.5,13,12,13.75],"texture":"#3"}}},{"from":[7.8,8.4705,3.98466],"to":[8.2,9.9705,4.78466],"rotation":{"angle":22.5,"axis":"x","origin":[8,10.60533,5.31048]},"faces":{"north":{"uv":[9,13,9.5,14.5],"texture":"#3"},"east":{"uv":[12,0,12.75,1.5],"texture":"#3"},"south":{"uv":[10,13,10.5,14.5],"texture":"#3"},"west":{"uv":[12,2,12.75,3.5],"texture":"#3"},"up":{"uv":[13.5,12.75,13,12],"texture":"#3"},"down":{"uv":[13.5,13,13,13.75],"texture":"#3"}}},{"from":[7.8025,10.29393,3.92409],"to":[8.1975,11.09393,5.42409],"rotation":{"angle":-22.5,"axis":"x","origin":[8,10.60533,5.31048]},"faces":{"east":{"uv":[11,10,12.5,10.75],"texture":"#3"},"west":{"uv":[11,11,12.5,11.75],"texture":"#3"},"up":{"uv":[8.5,14.5,8,13],"texture":"#3"},"down":{"uv":[13.5,8,13,9.5],"texture":"#3"}}},{"from":[7.6,4.8,7.6],"to":[8.4,5.8,8.4],"rotation":{"angle":0,"axis":"y","origin":[8,5.3,8]},"faces":{"north":{"uv":[13,4,13.75,5],"texture":"#3"},"east":{"uv":[5,13,5.75,14],"texture":"#3"},"south":{"uv":[13,5,13.75,6],"texture":"#3"},"west":{"uv":[6,13,6.75,14],"texture":"#3"}}},{"from":[7.6,6.8,7.6],"to":[8.4,10.8,8.4],"rotation":{"angle":0,"axis":"y","origin":[8,5.3,8]},"faces":{"north":{"uv":[7,0,7.75,4],"texture":"#3"},"east":{"uv":[7,4,7.75,8],"texture":"#3"},"south":{"uv":[8,0,8.75,4],"texture":"#3"},"west":{"uv":[8,4,8.75,8],"texture":"#3"}}},{"from":[7.5,5.8,7.5],"to":[8.5,6.8,8.5],"rotation":{"angle":0,"axis":"y","origin":[7.1,3.6,7.1]},"faces":{"north":{"uv":[1,13,2,14],"texture":"#3"},"east":{"uv":[2,13,3,14],"texture":"#3"},"south":{"uv":[13,2,14,3],"texture":"#3"},"west":{"uv":[3,13,4,14],"texture":"#3"},"up":{"uv":[14,4,13,3],"texture":"#3"},"down":{"uv":[5,13,4,14],"texture":"#3"}}},{"from":[8,8,1.5],"to":[8,11.5,8.5],"rotation":{"angle":-22.5,"axis":"x","origin":[8,10.60533,5.31048]},"faces":{"north":{"uv":[0,0,0,3.5],"texture":"#3"},"east":{"uv":[7,0,0,3.5],"texture":"#3"},"south":{"uv":[0,0,0,3.5],"texture":"#3"},"west":{"uv":[0,0,7,3.5],"texture":"#3"},"up":{"uv":[0,7,0,0],"texture":"#3"},"down":{"uv":[0,0,0,7],"texture":"#3"}}},{"from":[7.4,7.7,1],"to":[7.4,13.7,11],"rotation":{"angle":-22.5,"axis":"x","origin":[7.4,10.7,6]},"faces":{"north":{"uv":[0,0,0,8],"rotation":180,"texture":"#0"},"south":{"uv":[0,0,0,8],"rotation":180,"texture":"#0"},"west":{"uv":[0,0,13.33333,8],"rotation":180,"texture":"#0"},"up":{"uv":[0,0,0,13.33333],"texture":"#0"},"down":{"uv":[0,13.33333,0,0],"texture":"#0"}}},{"from":[8.6,7.7,1],"to":[8.6,13.7,11],"rotation":{"angle":-22.5,"axis":"x","origin":[8.6,10.7,6]},"faces":{"north":{"uv":[0,0,0,8],"rotation":180,"texture":"#0"},"east":{"uv":[13.33333,0,0,8],"rotation":180,"texture":"#0"},"south":{"uv":[0,0,0,8],"rotation":180,"texture":"#0"},"up":{"uv":[0,0,0,13.33333],"texture":"#0"},"down":{"uv":[0,13.33333,0,0],"texture":"#0"}}},{"from":[8,8.2,10.2],"to":[8,11.4,13.4],"rotation":{"angle":22.5,"axis":"x","origin":[8,9.8,11.8]},"faces":{"north":{"uv":[0,0,0,4.33333],"texture":"#1"},"east":{"uv":[16,0,9.5,6.5],"texture":"#1"},"south":{"uv":[0,0,0,4.33333],"texture":"#1"},"west":{"uv":[9.5,0,16,6.50833],"texture":"#1"},"up":{"uv":[0,4.33333,0,0],"texture":"#1"},"down":{"uv":[0,0,0,4.33333],"texture":"#1"}}},{"from":[8,14.7,7.4],"to":[8,16.9,9.6],"rotation":{"angle":-22.5,"axis":"x","origin":[8,15.8,8.5]},"faces":{"north":{"uv":[0,0,0,3],"texture":"#1"},"east":{"uv":[4.5,9,0,13.5],"texture":"#1"},"south":{"uv":[0,0,0,3],"texture":"#1"},"west":{"uv":[0,9,4.5,13.5],"texture":"#1"},"up":{"uv":[0,3,0,0],"texture":"#1"},"down":{"uv":[0,0,0,3],"texture":"#1"}}}],"gui_light":"front","display":{"thirdperson_righthand":{"translation":[0,2.25,2]},"thirdperson_lefthand":{"translation":[0,2.25,2]},"firstperson_righthand":{"rotation":[-10,0,0],"translation":[-4,5.75,5]},"firstperson_lefthand":{"rotation":[-10,0,0],"translation":[-4,5.75,5]},"ground":{"rotation":[180,0,90],"translation":[-0.5,0.75,0]},"gui":{"rotation":[90,-135,90],"translation":[-0.25,-0.75,0]},"head":{"scale":[0,0,0]},"fixed":{"rotation":[0,-90,0],"translation":[0,3.25,-2],"scale":[2.43945,2.43945,2.43945]}}}