{"textures​":{"0":"\u0075\u006e\u0069\u0063\u006f\u0072\u006e\u0066\u0061\u006e\u0074\u0061\u0073\u0079\u0073\u0065\u0074:\u0061\u006e\u0069\u006d\u0061\u0074\u0069\u006f\u006e_1","1":"\u0075\u006e\u0069\u0063\u006f\u0072\u006e\u0066\u0061\u006e\u0074\u0061\u0073\u0079\u0073\u0065\u0074:\u0061\u006e\u0069\u006d\u0061\u0074\u0069\u006f\u006e_2","2":"\u0075\u006e\u0069\u0063\u006f\u0072\u006e\u0066\u0061\u006e\u0074\u0061\u0073\u0079\u0073\u0065\u0074:\u0070\u0069\u0063\u006b\u0061\u0078\u0065","\u0070\u0061\u0072\u0074\u0069\u0063\u006c\u0065":"\u0075\u006e\u0069\u0063\u006f\u0072\u006e\u0066\u0061\u006e\u0074\u0061\u0073\u0079\u0073\u0065\u0074:\u0061\u006e\u0069\u006d\u0061\u0074\u0069\u006f\u006e_1"},"credit":"MadebyPolygonMC","\u0074\u0065\u0078\u0074\u0075\u0072\u0065\u0073":{"0":"\u0075\u006e\u0069\u0063\u006f\u0072\u006e\u0066\u0061\u006e\u0074\u0061\u0073\u0079\u0073\u0065\u0074:\u0061\u006e\u0069\u006d\u0061\u0074\u0069\u006f\u006e_1","1":"\u0075\u006e\u0069\u0063\u006f\u0072\u006e\u0066\u0061\u006e\u0074\u0061\u0073\u0079\u0073\u0065\u0074:\u0061\u006e\u0069\u006d\u0061\u0074\u0069\u006f\u006e_2","2":"\u0075\u006e\u0069\u0063\u006f\u0072\u006e\u0066\u0061\u006e\u0074\u0061\u0073\u0079\u0073\u0065\u0074:\u0070\u0069\u0063\u006b\u0061\u0078\u0065","\u0070\u0061\u0072\u0074\u0069\u0063\u006c\u0065":"\u0075\u006e\u0069\u0063\u006f\u0072\u006e\u0066\u0061\u006e\u0074\u0061\u0073\u0079\u0073\u0065\u0074:\u0061\u006e\u0069\u006d\u0061\u0074\u0069\u006f\u006e_1"},"elements":[{"from":[7.4,-0.1,7.4],"to":[8.6,1.1,8.6],"rotation":{"angle":-45,"axis":"x","origin":[8,0.5,8]},"faces":{"north":{"uv":[4,8,5.25,9.25],"texture":"#2"},"east":{"uv":[8,4,9.25,5.25],"texture":"#2"},"south":{"uv":[6,8,7.25,9.25],"texture":"#2"},"west":{"uv":[8,6,9.25,7.25],"texture":"#2"},"up":{"uv":[9.25,9.25,8,8],"texture":"#2"},"down":{"uv":[10.25,0,9,1.25],"texture":"#2"}}},{"from":[7.5,10.65,7.15],"to":[8.5,12.35,8.85],"rotation":{"angle":-45,"axis":"x","origin":[8,11.5,8]},"faces":{"north":{"uv":[7,2,8,3.75],"texture":"#2"},"east":{"uv":[0,4,1.75,5.75],"texture":"#2"},"south":{"uv":[2,8,3,9.75],"texture":"#2"},"west":{"uv":[2,4,3.75,5.75],"texture":"#2"},"up":{"uv":[9,3.75,8,2],"texture":"#2"},"down":{"uv":[4,8,3,9.75],"texture":"#2"}}},{"from":[7.3,10.85,7.35],"to":[8.7,12.15,8.65],"rotation":{"angle":-45,"axis":"x","origin":[8,11.5,8]},"faces":{"north":{"uv":[2,6,3.5,7.25],"texture":"#2"},"east":{"uv":[9,2,10.25,3.25],"texture":"#2"},"south":{"uv":[6,4,7.5,5.25],"texture":"#2"},"west":{"uv":[0,10,1.25,11.25],"texture":"#2"},"up":{"uv":[7.5,7.25,6,6],"texture":"#2"},"down":{"uv":[8.5,0,7,1.25],"texture":"#2"}}},{"from":[7.5,0.8,7.5],"to":[8.5,1.8,8.5],"rotation":{"angle":0,"axis":"x","origin":[8,1.3,8]},"faces":{"north":{"uv":[11,0,12,1],"texture":"#2"},"east":{"uv":[11,1,12,2],"texture":"#2"},"south":{"uv":[11,2,12,3],"texture":"#2"},"west":{"uv":[11,3,12,4],"texture":"#2"},"up":{"uv":[12,5,11,4],"texture":"#2"},"down":{"uv":[12,5,11,6],"texture":"#2"}}},{"from":[7.5,3.8,7.5],"to":[8.5,4.8,8.5],"rotation":{"angle":0,"axis":"x","origin":[8,4.3,8]},"faces":{"north":{"uv":[7,11,8,12],"texture":"#2"},"east":{"uv":[8,11,9,12],"texture":"#2"},"south":{"uv":[9,11,10,12],"texture":"#2"},"west":{"uv":[10,11,11,12],"texture":"#2"},"up":{"uv":[12,11,11,10],"texture":"#2"},"down":{"uv":[12,11,11,12],"texture":"#2"}}},{"from":[7.6,1.8,7.6],"to":[8.4,3.8,8.4],"rotation":{"angle":0,"axis":"x","origin":[8,2.3,8]},"faces":{"north":{"uv":[2,10,2.75,12],"texture":"#2"},"east":{"uv":[3,10,3.75,12],"texture":"#2"},"south":{"uv":[4,10,4.75,12],"texture":"#2"},"west":{"uv":[10,4,10.75,6],"texture":"#2"}}},{"from":[7.8,9.45472,5.71937],"to":[8.2,11.45472,6.51937],"rotation":{"angle":-45,"axis":"x","origin":[8,11.9,3.73977]},"faces":{"north":{"uv":[0,12,0.5,14],"texture":"#2"},"east":{"uv":[5,10,5.75,12],"texture":"#2"},"south":{"uv":[12,0,12.5,2],"texture":"#2"},"west":{"uv":[6,10,6.75,12],"texture":"#2"},"up":{"uv":[12.5,10.75,12,10],"texture":"#2"},"down":{"uv":[11.5,12,11,12.75],"texture":"#2"}}},{"from":[7.8,10.77543,4.19008],"to":[8.2,11.52543,5.69008],"rotation":{"angle":-45,"axis":"x","origin":[8,11.97071,3.81048]},"faces":{"north":{"uv":[12,11,12.5,11.75],"texture":"#2"},"east":{"uv":[10,6,11.5,6.75],"texture":"#2"},"south":{"uv":[12,12,12.5,12.75],"texture":"#2"},"west":{"uv":[7,10,8.5,10.75],"texture":"#2"},"up":{"uv":[12.5,7.5,12,6],"texture":"#2"},"down":{"uv":[7.5,12,7,13.5],"texture":"#2"}}},{"from":[7.8,13.01599,2.78089],"to":[8.2,13.81599,4.28089],"rotation":{"angle":-45,"axis":"x","origin":[8,11.97071,5.81048]},"faces":{"north":{"uv":[13,0,13.5,0.75],"texture":"#2"},"east":{"uv":[9,10,10.5,10.75],"texture":"#2"},"south":{"uv":[1,13,1.5,13.75],"texture":"#2"},"west":{"uv":[10,9,11.5,9.75],"texture":"#2"},"up":{"uv":[9.5,13.5,9,12],"texture":"#2"},"down":{"uv":[10.5,12,10,13.5],"texture":"#2"}}},{"from":[7.8025,11.39393,3.42409],"to":[8.1975,12.19393,4.92409],"rotation":{"angle":0,"axis":"x","origin":[8,11.97071,3.81048]},"faces":{"east":{"uv":[10,7,11.5,7.75],"texture":"#2"},"west":{"uv":[10,8,11.5,8.75],"texture":"#2"},"up":{"uv":[8.5,13.5,8,12],"texture":"#2"},"down":{"uv":[12.5,8,12,9.5],"texture":"#2"}}},{"from":[7.6,4.8,7.6],"to":[8.4,5.8,8.4],"rotation":{"angle":0,"axis":"x","origin":[8,5.3,8]},"faces":{"north":{"uv":[12,4,12.75,5],"texture":"#2"},"east":{"uv":[5,12,5.75,13],"texture":"#2"},"south":{"uv":[12,5,12.75,6],"texture":"#2"},"west":{"uv":[6,12,6.75,13],"texture":"#2"}}},{"from":[7.6,6.8,7.6],"to":[8.4,10.8,8.4],"rotation":{"angle":0,"axis":"x","origin":[8,5.3,8]},"faces":{"north":{"uv":[5.75,4,5,8],"texture":"#2"},"east":{"uv":[5,4,5.75,8],"texture":"#2"},"south":{"uv":[1,6,1.75,10],"texture":"#2"},"west":{"uv":[1,6,1.75,10],"texture":"#2"}}},{"from":[7.5,5.8,7.5],"to":[8.5,6.8,8.5],"rotation":{"angle":0,"axis":"y","origin":[7.1,3.6,7.1]},"faces":{"north":{"uv":[1,12,2,13],"texture":"#2"},"east":{"uv":[2,12,3,13],"texture":"#2"},"south":{"uv":[12,2,13,3],"texture":"#2"},"west":{"uv":[3,12,4,13],"texture":"#2"},"up":{"uv":[13,4,12,3],"texture":"#2"},"down":{"uv":[5,12,4,13],"texture":"#2"}}},{"from":[8,9.1,1],"to":[8,12.6,8],"rotation":{"angle":0,"axis":"y","origin":[7,1.6,0]},"faces":{"north":{"uv":[0,0,0,3.5],"texture":"#2"},"east":{"uv":[7,0,0,3.5],"texture":"#2"},"south":{"uv":[0,0,0,3.5],"texture":"#2"},"west":{"uv":[0,0,7,3.5],"texture":"#2"},"up":{"uv":[0,7,0,0],"texture":"#2"},"down":{"uv":[0,0,0,7],"texture":"#2"}}},{"from":[7.8,9.45472,9.48063],"to":[8.2,11.45472,10.28063],"rotation":{"angle":45,"axis":"x","origin":[8,11.9,12.26023]},"faces":{"north":{"uv":[12.5,0,12,2],"texture":"#2"},"east":{"uv":[5.75,10,5,12],"texture":"#2"},"south":{"uv":[0.5,12,0,14],"texture":"#2"},"west":{"uv":[6.75,10,6,12],"texture":"#2"},"up":{"uv":[12.5,10,12,10.75],"texture":"#2"},"down":{"uv":[11.5,12.75,11,12],"texture":"#2"}}},{"from":[7.8,10.77543,10.30992],"to":[8.2,11.52543,11.80992],"rotation":{"angle":45,"axis":"x","origin":[8,11.97071,12.18952]},"faces":{"north":{"uv":[12.5,12,12,12.75],"texture":"#2"},"east":{"uv":[11.5,6,10,6.75],"texture":"#2"},"south":{"uv":[12.5,11,12,11.75],"texture":"#2"},"west":{"uv":[8.5,10,7,10.75],"texture":"#2"},"up":{"uv":[12.5,6,12,7.5],"texture":"#2"},"down":{"uv":[7.5,13.5,7,12],"texture":"#2"}}},{"from":[7.8025,11.39393,11.07591],"to":[8.1975,12.19393,12.57591],"rotation":{"angle":0,"axis":"x","origin":[8,11.97071,12.18952]},"faces":{"east":{"uv":[11.5,7,10,7.75],"texture":"#2"},"west":{"uv":[11.5,8,10,8.75],"texture":"#2"},"up":{"uv":[8.5,12,8,13.5],"texture":"#2"},"down":{"uv":[12.5,9.5,12,8],"texture":"#2"}}},{"from":[7.8,13.01599,11.71911],"to":[8.2,13.81599,13.21911],"rotation":{"angle":45,"axis":"x","origin":[8,11.97071,10.18952]},"faces":{"north":{"uv":[1.5,13,1,13.75],"texture":"#2"},"east":{"uv":[10.5,10,9,10.75],"texture":"#2"},"south":{"uv":[13.5,0,13,0.75],"texture":"#2"},"west":{"uv":[11.5,9,10,9.75],"texture":"#2"},"up":{"uv":[9.5,12,9,13.5],"texture":"#2"},"down":{"uv":[10.5,13.5,10,12],"texture":"#2"}}},{"from":[8,9.1,8],"to":[8,12.6,15],"rotation":{"angle":0,"axis":"y","origin":[7,1.6,16]},"faces":{"north":{"uv":[0,0,0,3.5],"texture":"#2"},"east":{"uv":[0,0,7,3.5],"texture":"#2"},"south":{"uv":[0,0,0,3.5],"texture":"#2"},"west":{"uv":[7,0,0,3.5],"texture":"#2"},"up":{"uv":[0,0,0,7],"texture":"#2"},"down":{"uv":[0,7,0,0],"texture":"#2"}}},{"from":[7.604,8.82,1.4],"to":[7.604,12.78,8],"rotation":{"angle":0,"axis":"y","origin":[7.604,10.8,4.7]},"faces":{"north":{"uv":[0,0,0,8],"rotation":180,"texture":"#0"},"south":{"uv":[0,0,0,8],"rotation":180,"texture":"#0"},"west":{"uv":[0,0,13.33333,8],"rotation":180,"texture":"#0"},"up":{"uv":[0,0,0,13.33333],"texture":"#0"},"down":{"uv":[0,13.33333,0,0],"texture":"#0"}}},{"from":[8.396,8.82,1.4],"to":[8.396,12.78,8],"rotation":{"angle":0,"axis":"y","origin":[8.396,10.8,4.7]},"faces":{"north":{"uv":[0,0,0,8],"rotation":180,"texture":"#0"},"east":{"uv":[13.33333,0,0,8],"rotation":180,"texture":"#0"},"south":{"uv":[0,0,0,8],"rotation":180,"texture":"#0"},"up":{"uv":[0,0,0,13.33333],"texture":"#0"},"down":{"uv":[0,13.33333,0,0],"texture":"#0"}}},{"from":[8.396,8.82,8],"to":[8.396,12.78,14.6],"rotation":{"angle":0,"axis":"y","origin":[8.396,10.8,11.3]},"faces":{"north":{"uv":[0,0,0,8],"rotation":180,"texture":"#0"},"east":{"uv":[0,0,13.33333,8],"rotation":180,"texture":"#0"},"south":{"uv":[0,0,0,8],"rotation":180,"texture":"#0"},"up":{"uv":[0,13.33333,0,0],"texture":"#0"},"down":{"uv":[0,0,0,13.33333],"texture":"#0"}}},{"from":[7.604,8.82,8],"to":[7.604,12.78,14.6],"rotation":{"angle":0,"axis":"y","origin":[7.604,10.8,11.3]},"faces":{"north":{"uv":[0,0,0,8],"rotation":180,"texture":"#0"},"south":{"uv":[0,0,0,8],"rotation":180,"texture":"#0"},"west":{"uv":[13.33333,0,0,8],"rotation":180,"texture":"#0"},"up":{"uv":[0,13.33333,0,0],"texture":"#0"},"down":{"uv":[0,0,0,13.33333],"texture":"#0"}}},{"from":[8,13.4,9],"to":[8,16.6,12.2],"rotation":{"angle":22.5,"axis":"x","origin":[8,15,10.6]},"faces":{"north":{"uv":[0,0,0,4.33333],"texture":"#1"},"east":{"uv":[16,0,9.5,6.5],"texture":"#1"},"south":{"uv":[0,0,0,4.33333],"texture":"#1"},"west":{"uv":[9.5,0,16,6.50833],"texture":"#1"},"up":{"uv":[0,4.33333,0,0],"texture":"#1"},"down":{"uv":[0,0,0,4.33333],"texture":"#1"}}},{"from":[8,13.7,4.4],"to":[8,15.9,6.6],"rotation":{"angle":-22.5,"axis":"x","origin":[8,14.8,5.5]},"faces":{"north":{"uv":[0,0,0,3],"texture":"#1"},"east":{"uv":[4.5,9,0,13.5],"texture":"#1"},"south":{"uv":[0,0,0,3],"texture":"#1"},"west":{"uv":[0,9,4.5,13.5],"texture":"#1"},"up":{"uv":[0,3,0,0],"texture":"#1"},"down":{"uv":[0,0,0,3],"texture":"#1"}}}],"gui_light":"front","display":{"thirdperson_righthand":{"translation":[0,2.25,2]},"thirdperson_lefthand":{"translation":[0,2.25,2]},"firstperson_righthand":{"rotation":[-10,0,0],"translation":[-4,5.75,5]},"firstperson_lefthand":{"rotation":[-10,0,0],"translation":[-4,5.75,5]},"ground":{"rotation":[180,0,90],"translation":[-0.5,0.75,0]},"gui":{"rotation":[90,-135,90],"translation":[-0.25,-0.75,0]},"head":{"scale":[0,0,0]},"fixed":{"rotation":[0,-90,0],"translation":[0,3.25,-2],"scale":[2.43945,2.43945,2.43945]}}}