{"textures​":{"1":"\u0065\u006c\u0069\u0074\u0065\u0063\u0072\u0065\u0061\u0074\u0075\u0072\u0065\u0073:\u0069\u0066\u0072\u0069\u0074_\u0061\u006e\u0069\u006d\u0061\u0074\u0065\u0064/\u0074\u0065\u00781","2":"\u0065\u006c\u0069\u0074\u0065\u0063\u0072\u0065\u0061\u0074\u0075\u0072\u0065\u0073:\u0069\u0066\u0072\u0069\u0074_\u0061\u006e\u0069\u006d\u0061\u0074\u0065\u0064/\u0068\u006f\u0072\u006e\u0066\u0069\u0072\u0065","\u0070\u0061\u0072\u0074\u0069\u0063\u006c\u0065":"\u0065\u006c\u0069\u0074\u0065\u0063\u0072\u0065\u0061\u0074\u0075\u0072\u0065\u0073:\u0069\u0066\u0072\u0069\u0074_\u0061\u006e\u0069\u006d\u0061\u0074\u0065\u0064/\u0068\u006f\u0072\u006e\u0066\u0069\u0072\u0065"},"credit":"Made with Blockbench","texture_size":[64,64],"\u0074\u0065\u0078\u0074\u0075\u0072\u0065\u0073":{"1":"\u0065\u006c\u0069\u0074\u0065\u0063\u0072\u0065\u0061\u0074\u0075\u0072\u0065\u0073:\u0069\u0066\u0072\u0069\u0074_\u0061\u006e\u0069\u006d\u0061\u0074\u0065\u0064/\u0074\u0065\u00781","2":"\u0065\u006c\u0069\u0074\u0065\u0063\u0072\u0065\u0061\u0074\u0075\u0072\u0065\u0073:\u0069\u0066\u0072\u0069\u0074_\u0061\u006e\u0069\u006d\u0061\u0074\u0065\u0064/\u0068\u006f\u0072\u006e\u0066\u0069\u0072\u0065","\u0070\u0061\u0072\u0074\u0069\u0063\u006c\u0065":"\u0065\u006c\u0069\u0074\u0065\u0063\u0072\u0065\u0061\u0074\u0075\u0072\u0065\u0073:\u0069\u0066\u0072\u0069\u0074_\u0061\u006e\u0069\u006d\u0061\u0074\u0065\u0064/\u0068\u006f\u0072\u006e\u0066\u0069\u0072\u0065"},"elements":[{"from":[8,-1,7.42529],"to":[8,16,21.42529],"rotation":{"angle":0,"axis":"y","origin":[8,0.22651,8]},"faces":{"north":{"uv":[7.5,0,7.5,16],"rotation":180,"texture":"#2"},"east":{"uv":[0,0,16,14],"rotation":270,"texture":"#2"},"south":{"uv":[6.875,0,6.875,16],"texture":"#2"},"west":{"uv":[16,0,0,14],"rotation":90,"texture":"#2"},"up":{"uv":[8.125,2,8.125,16],"rotation":180,"texture":"#2"},"down":{"uv":[8.125,2,8.125,16],"texture":"#2"}}},{"from":[6.5,-11.36056,-1.5563],"to":[9.5,-7.36056,2.4437],"rotation":{"angle":-45,"axis":"x","origin":[8,0.22651,8]},"faces":{"north":{"uv":[7.875,8,6.875,7.25],"rotation":90,"texture":"#1"},"east":{"uv":[9.625,7,8.625,8],"texture":"#1"},"south":{"uv":[8.625,7,7.875,8],"texture":"#1"},"west":{"uv":[8.625,8,9.625,7],"rotation":270,"texture":"#1"},"up":{"uv":[8.625,7,7.875,8],"rotation":180,"texture":"#1"},"down":{"uv":[6.875,8,7.875,7.25],"rotation":270,"texture":"#1"}}},{"from":[6.5,-7,7.92529],"to":[9.5,-6,10.92529],"rotation":{"angle":0,"axis":"y","origin":[8,0.22651,8]},"faces":{"north":{"uv":[5.625,3.75,6.375,4],"texture":"#1"},"east":{"uv":[5.625,2.75,6.375,3],"texture":"#1"},"south":{"uv":[5.625,3.75,6.375,4],"texture":"#1"},"west":{"uv":[5.625,2.75,6.375,3],"texture":"#1"},"up":{"uv":[5.625,3,6.375,3.75],"rotation":270,"texture":"#1"},"down":{"uv":[5.625,4,6.375,4.75],"rotation":90,"texture":"#1"}}},{"from":[7,-11,8.42529],"to":[9,2,10.42529],"rotation":{"angle":0,"axis":"y","origin":[8,0.22651,8]},"faces":{"north":{"uv":[10.625,5.25,10.125,8.5],"texture":"#1"},"east":{"uv":[10.625,2,10.125,5.25],"texture":"#1"},"south":{"uv":[10.125,3.5,9.625,6.75],"texture":"#1"},"west":{"uv":[10.125,6.75,9.625,10],"texture":"#1"},"up":{"uv":[9.125,8.5,9.625,8],"rotation":90,"texture":"#1"},"down":{"uv":[9.125,8.5,9.625,8],"rotation":270,"texture":"#1"}}},{"from":[6.5,-1,7.92529],"to":[9.5,0,10.92529],"rotation":{"angle":0,"axis":"y","origin":[8,0.22651,8]},"faces":{"north":{"uv":[5.625,3.75,6.375,4],"texture":"#1"},"east":{"uv":[5.625,2.75,6.375,3],"texture":"#1"},"south":{"uv":[5.625,3.75,6.375,4],"texture":"#1"},"west":{"uv":[5.625,2.75,6.375,3],"texture":"#1"},"up":{"uv":[5.625,3,6.375,3.75],"rotation":270,"texture":"#1"},"down":{"uv":[5.625,4,6.375,4.75],"rotation":90,"texture":"#1"}}},{"from":[6.975,5.27344,15.09644],"to":[8,10.27344,20.09644],"rotation":{"angle":-45,"axis":"x","origin":[8,0.22651,8]},"faces":{"north":{"uv":[5,2,5.25,0.75],"rotation":180,"texture":"#1"},"east":{"uv":[5.25,2,6.5,0.75],"rotation":180,"texture":"#1"},"south":{"uv":[6.25,0.5,5,0.75],"rotation":90,"texture":"#1"},"west":{"uv":[5.25,2,6.5,0.75],"rotation":180,"texture":"#1"},"up":{"uv":[5,2,5.25,0.75],"texture":"#1"},"down":{"uv":[5,0.75,6.25,0.5],"rotation":270,"texture":"#1"}}},{"from":[8,5.27344,15.09644],"to":[9.025,10.27344,20.09644],"rotation":{"angle":-45,"axis":"x","origin":[8,0.22651,8]},"faces":{"north":{"uv":[5.25,2,5,0.75],"rotation":180,"texture":"#1"},"east":{"uv":[6.5,2,5.25,0.75],"rotation":180,"texture":"#1"},"south":{"uv":[6.25,0.75,5,0.5],"rotation":90,"texture":"#1"},"west":{"uv":[6.5,2,5.25,0.75],"rotation":180,"texture":"#1"},"up":{"uv":[5.25,2,5,0.75],"texture":"#1"},"down":{"uv":[5,0.5,6.25,0.75],"rotation":270,"texture":"#1"}}},{"from":[6.5,4,7.92529],"to":[9.5,5,10.92529],"rotation":{"angle":0,"axis":"y","origin":[8,0.22651,8]},"faces":{"north":{"uv":[5.625,4,6.375,3.75],"texture":"#1"},"east":{"uv":[5.625,3,6.375,2.75],"texture":"#1"},"south":{"uv":[5.625,4,6.375,3.75],"texture":"#1"},"west":{"uv":[5.625,3,6.375,2.75],"texture":"#1"},"up":{"uv":[5.625,4.75,6.375,4],"rotation":270,"texture":"#1"},"down":{"uv":[5.625,3.75,6.375,3],"rotation":90,"texture":"#1"}}},{"from":[7,2,8.42529],"to":[9,15,10.42529],"rotation":{"angle":0,"axis":"y","origin":[8,0.22651,8]},"faces":{"north":{"uv":[10.625,8.5,10.125,5.25],"texture":"#1"},"east":{"uv":[10.625,5.25,10.125,2],"texture":"#1"},"south":{"uv":[10.125,6.75,9.625,3.5],"texture":"#1"},"west":{"uv":[10.125,10,9.625,6.75],"texture":"#1"},"up":{"uv":[9.125,8,9.625,8.5],"rotation":90,"texture":"#1"},"down":{"uv":[9.125,8,9.625,8.5],"rotation":270,"texture":"#1"}}},{"from":[7,6.053,13.7284],"to":[9,9.053,16.2284],"rotation":{"angle":-22.5,"axis":"x","origin":[8,0.22651,8]},"faces":{"north":{"uv":[3.25,4.625,2.75,5.375],"texture":"#1"},"east":{"uv":[4,4.625,3.25,4],"rotation":270,"texture":"#1"},"south":{"uv":[3.75,4.625,3.25,5.375],"rotation":180,"texture":"#1"},"west":{"uv":[3.25,4.625,4,4],"rotation":90,"texture":"#1"},"up":{"uv":[2.75,4.625,3.25,4],"rotation":180,"texture":"#1"},"down":{"uv":[3.5,4,4,3.375],"texture":"#1"}}},{"from":[7.25,5.72941,11.35714],"to":[8.75,8.72941,13.35714],"rotation":{"angle":0,"axis":"y","origin":[8,0.22651,8]},"faces":{"north":{"uv":[2.75,5.125,2.375,5.875],"texture":"#1"},"east":{"uv":[2.375,5.625,1.625,5.125],"rotation":270,"texture":"#1"},"south":{"uv":[3.125,5.375,2.75,6.125],"rotation":180,"texture":"#1"},"west":{"uv":[1.625,5.625,2.375,5.125],"rotation":90,"texture":"#1"},"up":{"uv":[1.25,5.625,1.625,5.125],"rotation":180,"texture":"#1"},"down":{"uv":[1.25,5.625,1.625,5.125],"texture":"#1"}}},{"from":[7.5,3.36181,9.33843],"to":[8.5,7.36181,10.83843],"rotation":{"angle":22.5,"axis":"x","origin":[8,0.22651,8]},"faces":{"north":{"uv":[4.25,3.375,4,4.375],"texture":"#1"},"east":{"uv":[5.5,3.125,4.5,2.75],"rotation":270,"texture":"#1"},"south":{"uv":[4.5,3.5,4.25,4.5],"rotation":180,"texture":"#1"},"west":{"uv":[4.5,3.125,5.5,2.75],"rotation":90,"texture":"#1"},"up":{"uv":[4.25,3.5,4.5,3.125],"rotation":180,"texture":"#1"},"down":{"uv":[4.25,3.125,4.5,2.75],"texture":"#1"}}},{"from":[7.75,-1.39259,10.47289],"to":[8.25,2.60741,11.97289],"rotation":{"angle":0,"axis":"y","origin":[8,0.22651,8]},"faces":{"north":{"uv":[4.625,3.625,4.5,4.625],"texture":"#1"},"east":{"uv":[5.625,3.625,4.625,3.25],"rotation":270,"texture":"#1"},"south":{"uv":[4.75,3.625,4.625,4.625],"rotation":180,"texture":"#1"},"west":{"uv":[4.625,3.625,5.625,3.25],"rotation":90,"texture":"#1"},"up":{"uv":[4.5,3.625,4.625,3.25],"rotation":180,"texture":"#1"},"down":{"uv":[4.5,3.625,4.625,3.25],"texture":"#1"}}},{"from":[9,-5.88621,3.90294],"to":[10,-0.88621,8.90294],"rotation":{"angle":-45,"axis":"x","origin":[8,0.22651,8]},"faces":{"north":{"uv":[5,0.5,6.25,0.75],"rotation":270,"texture":"#1"},"east":{"uv":[9.375,0.75,10.625,2],"rotation":270,"texture":"#1"},"south":{"uv":[5,0.75,5.25,2],"rotation":180,"texture":"#1"},"west":{"uv":[9.375,0.75,10.625,2],"rotation":90,"texture":"#1"},"up":{"uv":[5,0.75,5.25,2],"rotation":180,"texture":"#1"},"down":{"uv":[5,0.5,6.25,0.75],"rotation":270,"texture":"#1"}}},{"from":[6,-5.88621,3.90294],"to":[7,-0.88621,8.90294],"rotation":{"angle":-45,"axis":"x","origin":[8,0.22651,8]},"faces":{"north":{"uv":[5,0.75,6.25,0.5],"rotation":270,"texture":"#1"},"east":{"uv":[9.375,2,10.625,0.75],"rotation":90,"texture":"#1"},"south":{"uv":[5.25,0.75,5,2],"rotation":180,"texture":"#1"},"west":{"uv":[9.375,2,10.625,0.75],"rotation":270,"texture":"#1"},"up":{"uv":[5.25,0.75,5,2],"rotation":180,"texture":"#1"},"down":{"uv":[5,0.75,6.25,0.5],"rotation":270,"texture":"#1"}}},{"from":[8,-6.73353,1.91917],"to":[8,-2.73353,5.41917],"rotation":{"angle":22.5,"axis":"x","origin":[8,0.22651,8]},"faces":{"north":{"uv":[0,0.5,0,1.5],"rotation":180,"texture":"#1"},"east":{"uv":[1,0.5,0,1.375],"rotation":270,"texture":"#1"},"south":{"uv":[0,1.5,0,0.5],"texture":"#1"},"west":{"uv":[0,0.5,1,1.375],"rotation":90,"texture":"#1"},"up":{"uv":[0,0.5,0,1.375],"rotation":180,"texture":"#1"},"down":{"uv":[0,0.5,0,1.375],"texture":"#1"}}},{"from":[8,-2,4.42529],"to":[8,3,8.42529],"rotation":{"angle":0,"axis":"y","origin":[8,0.22651,8]},"faces":{"north":{"uv":[0,0,1.25,0],"rotation":270,"texture":"#1"},"east":{"uv":[11.875,0,10.625,1],"rotation":270,"texture":"#1"},"south":{"uv":[0,0,1.25,0],"rotation":270,"texture":"#1"},"west":{"uv":[10.625,0,11.875,1],"rotation":90,"texture":"#1"},"up":{"uv":[0,0,0,1],"rotation":180,"texture":"#1"},"down":{"uv":[0,0,0,1],"texture":"#1"}}},{"from":[8,-5,4.42529],"to":[8,-2,8.42529],"rotation":{"angle":0,"axis":"y","origin":[8,0.22651,8]},"faces":{"north":{"uv":[1.25,0,0,0],"rotation":270,"texture":"#1"},"east":{"uv":[14.75,4.5,15.5,5.5],"rotation":270,"texture":"#1"},"south":{"uv":[1.25,0,0,0],"rotation":270,"texture":"#1"},"west":{"uv":[15.5,4.5,14.75,5.5],"rotation":90,"texture":"#1"},"up":{"uv":[0,0,0,1],"rotation":180,"texture":"#1"},"down":{"uv":[0,0,0,1],"texture":"#1"}}}],"gui_light":"front","display":{"thirdperson_righthand":{"rotation":[-23.5,0,0],"translation":[0,7.25,-3.75],"scale":[0.67773,0.67773,0.67773]},"thirdperson_lefthand":{"rotation":[-23.5,0,0],"translation":[0,7.25,-3.75],"scale":[0.67773,0.67773,0.67773]},"firstperson_righthand":{"rotation":[-57.76,-3.9,-9.36],"translation":[1.25,5.75,-3.5],"scale":[0.70547,0.70547,0.70547]},"firstperson_lefthand":{"rotation":[-57.76,-3.9,-9.36],"translation":[1.25,5.75,-3.5],"scale":[0.70547,0.70547,0.70547]},"ground":{"rotation":[0,0,80],"translation":[-3.75,-1.5,0],"scale":[0.60977,0.60977,0.60977]},"gui":{"rotation":[-90,45,90],"translation":[-3.5,2.25,-1.5],"scale":[0.57617,0.57617,0.57617]},"head":{"rotation":[-77.97,-13.17,-87.22],"translation":[3,13.25,1.75],"scale":[0.6,0.6,0.6]},"fixed":{"rotation":[-90,-45,-90],"translation":[7,4.75,-1.5],"scale":[1.09805,1.09805,1.09805]}}}