{"textures​":{"layer0":"minecraft:item/salmon"},"credit":"Made with Blockbench","texture_size":[64,64],"\u0074\u0065\u0078\u0074\u0075\u0072\u0065\u0073":{"0":"\u0065\u006c\u0069\u0074\u0065\u0063\u0072\u0065\u0061\u0074\u0075\u0072\u0065\u0073:\u0069\u0066\u0072\u0069\u0074_\u0061\u006e\u0069\u006d\u0061\u0074\u0065\u0064/\u0074\u0065\u00784","\u0070\u0061\u0072\u0074\u0069\u0063\u006c\u0065":"\u0065\u006c\u0069\u0074\u0065\u0063\u0072\u0065\u0061\u0074\u0075\u0072\u0065\u0073:\u0069\u0066\u0072\u0069\u0074_\u0061\u006e\u0069\u006d\u0061\u0074\u0065\u0064/\u0074\u0065\u00784"},"elements":[{"from":[14.58132,-9.46621,6.45],"to":[18.58132,-5.46621,9.45],"rotation":{"angle":-45,"axis":"z","origin":[8.025,1.12547,7.975]},"faces":{"north":{"uv":[8.625,8,9.625,7],"rotation":270,"texture":"#0"},"east":{"uv":[7.875,8,6.875,7.25],"rotation":90,"texture":"#0"},"south":{"uv":[9.625,7,8.625,8],"texture":"#0"},"west":{"uv":[8.625,7,7.875,8],"texture":"#0"},"up":{"uv":[8.625,7,7.875,8],"rotation":270,"texture":"#0"},"down":{"uv":[6.875,8,7.875,7.25],"rotation":180,"texture":"#0"}}},{"from":[7,-10,7],"to":[9,3,9],"rotation":{"angle":0,"axis":"y","origin":[8.025,1.12547,7.975]},"faces":{"north":{"uv":[10.125,6.75,9.625,10],"texture":"#0"},"east":{"uv":[10.625,5.25,10.125,8.5],"texture":"#0"},"south":{"uv":[10.625,2,10.125,5.25],"texture":"#0"},"west":{"uv":[10.125,3.5,9.625,6.75],"texture":"#0"},"up":{"uv":[9.125,8.5,9.625,8],"rotation":180,"texture":"#0"},"down":{"uv":[9.125,8.5,9.625,8],"rotation":180,"texture":"#0"}}},{"from":[6.5,0,6.5],"to":[9.5,1,9.5],"rotation":{"angle":0,"axis":"y","origin":[-2,4,0]},"faces":{"north":{"uv":[5.625,2.75,6.375,3],"texture":"#0"},"east":{"uv":[5.625,3.75,6.375,4],"texture":"#0"},"south":{"uv":[5.625,2.75,6.375,3],"texture":"#0"},"west":{"uv":[5.625,3.75,6.375,4],"texture":"#0"},"up":{"uv":[5.625,3,6.375,3.75],"texture":"#0"},"down":{"uv":[5.625,4,6.375,4.75],"texture":"#0"}}},{"from":[6.5,-6,6.5],"to":[9.5,-5,9.5],"rotation":{"angle":0,"axis":"y","origin":[-2,4,0]},"faces":{"north":{"uv":[5.625,2.75,6.375,3],"texture":"#0"},"east":{"uv":[5.625,3.75,6.375,4],"texture":"#0"},"south":{"uv":[5.625,2.75,6.375,3],"texture":"#0"},"west":{"uv":[5.625,3.75,6.375,4],"texture":"#0"},"up":{"uv":[5.625,3,6.375,3.75],"texture":"#0"},"down":{"uv":[5.625,4,6.375,4.75],"texture":"#0"}}},{"from":[11.25,6.3,7.5],"to":[12.75,8.8,8.5],"rotation":{"angle":22.5,"axis":"z","origin":[12.72628,-4.98052,7.925]},"faces":{"north":{"uv":[2,11.375,2.375,12],"rotation":180,"texture":"#0"},"east":{"uv":[2.5,11,2.75,11.625],"rotation":180,"texture":"#0"},"south":{"uv":[2,11.375,2.375,12],"rotation":180,"texture":"#0"},"west":{"uv":[2.5,11.625,2.75,12.25],"rotation":180,"texture":"#0"},"up":{"uv":[3,11.375,2.75,11],"rotation":90,"texture":"#0"},"down":{"uv":[3,11.75,2.75,11.375],"rotation":270,"texture":"#0"}}},{"from":[6.25,3.05,7.25],"to":[9.75,6.05,8.75],"rotation":{"angle":0,"axis":"y","origin":[12.72628,-4.98052,7.925]},"faces":{"north":{"uv":[7.375,10,8.125,9.125],"rotation":90,"texture":"#0"},"east":{"uv":[0,4,0.5,4.75],"texture":"#0"},"south":{"uv":[8.125,10,7.375,9.125],"rotation":270,"texture":"#0"},"west":{"uv":[7.125,8.375,7.625,9.125],"rotation":180,"texture":"#0"},"up":{"uv":[7.375,10,6.875,9.125],"rotation":270,"texture":"#0"},"down":{"uv":[8.125,9.125,7.625,8.25],"rotation":270,"texture":"#0"}}},{"from":[-0.75,3.55,8],"to":[3.25,7.05,8],"rotation":{"angle":0,"axis":"y","origin":[24.875,2.925,7.8]},"faces":{"north":{"uv":[1,1.375,0,0.5],"rotation":180,"texture":"#0"},"east":{"uv":[0,1.375,0,0.5],"rotation":180,"texture":"#0"},"south":{"uv":[0,1.375,1,0.5],"rotation":180,"texture":"#0"},"west":{"uv":[0,1.375,0,0.5],"rotation":180,"texture":"#0"},"up":{"uv":[0,0.5,0,1.5],"rotation":270,"texture":"#0"},"down":{"uv":[0,1.5,0,0.5],"rotation":90,"texture":"#0"}}},{"from":[2.75,3.55,7.25],"to":[6.25,5.55,8.75],"rotation":{"angle":0,"axis":"y","origin":[24.875,2.925,7.8]},"faces":{"north":{"uv":[6.375,11.375,6.875,12.25],"rotation":90,"texture":"#0"},"east":{"uv":[6,12.25,6.375,11.75],"texture":"#0"},"south":{"uv":[6.875,11.375,6.375,12.25],"rotation":270,"texture":"#0"},"west":{"uv":[5.625,12.25,6,11.75],"rotation":180,"texture":"#0"},"up":{"uv":[5.625,11.75,6,10.875],"rotation":90,"texture":"#0"},"down":{"uv":[6,11.75,6.375,10.875],"rotation":90,"texture":"#0"}}},{"from":[3,-8,8],"to":[7,4,8],"faces":{"north":{"uv":[6.625,6,9.625,7],"rotation":90,"texture":"#0"},"east":{"uv":[0,0,0,2.5],"texture":"#0"},"south":{"uv":[6.625,7,9.625,6],"rotation":90,"texture":"#0"},"west":{"uv":[0,0,0,2.5],"texture":"#0"},"up":{"uv":[0,0,1,0],"texture":"#0"},"down":{"uv":[0,0,1,0],"texture":"#0"}}},{"from":[9,0,8],"to":[15,6,8],"faces":{"north":{"uv":[11.75,9.75,10.25,11.25],"texture":"#0"},"east":{"uv":[10.25,9.75,10.25,11.25],"texture":"#0"},"south":{"uv":[10.25,9.75,11.75,11.25],"texture":"#0"},"west":{"uv":[10.25,9.75,10.25,11.25],"texture":"#0"},"up":{"uv":[10.25,9.75,11.75,9.75],"texture":"#0"},"down":{"uv":[10.25,9.75,11.75,9.75],"texture":"#0"}}},{"from":[-3.9,1.85,8],"to":[1.1,6.85,9.025],"rotation":{"angle":45,"axis":"z","origin":[21.8,8,6.75]},"faces":{"north":{"uv":[6.5,0.75,5.25,2],"rotation":180,"texture":"#0"},"east":{"uv":[5.25,0.75,5,2],"rotation":180,"texture":"#0"},"south":{"uv":[6.5,0.75,5.25,2],"rotation":180,"texture":"#0"},"west":{"uv":[5,0.75,6.25,0.5],"rotation":90,"texture":"#0"},"up":{"uv":[5,0.75,6.25,0.5],"rotation":180,"texture":"#0"},"down":{"uv":[5,2,5.25,0.75],"rotation":90,"texture":"#0"}}},{"from":[-3.9,1.85,6.975],"to":[1.1,6.85,8],"rotation":{"angle":45,"axis":"z","origin":[21.8,8,9.25]},"faces":{"north":{"uv":[5.25,0.75,6.5,2],"rotation":180,"texture":"#0"},"east":{"uv":[5,0.75,5.25,2],"rotation":180,"texture":"#0"},"south":{"uv":[5.25,0.75,6.5,2],"rotation":180,"texture":"#0"},"west":{"uv":[5,0.5,6.25,0.75],"rotation":90,"texture":"#0"},"up":{"uv":[5,0.5,6.25,0.75],"rotation":180,"texture":"#0"},"down":{"uv":[5.25,2,5,0.75],"rotation":90,"texture":"#0"}}}],"display":{"thirdperson_righthand":{"rotation":[-102.87,7.52,-158.87],"translation":[2.5,0.5,3.5],"scale":[0.36797,0.36797,0.36797]},"thirdperson_lefthand":{"rotation":[-102.87,7.52,-158.87],"translation":[2.5,0.5,3.5],"scale":[0.36797,0.36797,0.36797]},"firstperson_righthand":{"rotation":[162.44,80,170],"translation":[0.5,8.75,-1.25],"scale":[0.5,0.5,0.5]},"firstperson_lefthand":{"rotation":[162.44,-98,-170],"translation":[0.5,8.75,-1.25],"scale":[0.5,0.5,0.5]},"ground":{"translation":[0,9.75,0],"scale":[0.5,0.5,0.5]},"gui":{"rotation":[0,0,-45],"translation":[4.75,3.75,-2],"scale":[0.6,0.6,0.6]},"head":{"rotation":[-135.5,0,0],"translation":[0,20.5,4.75],"scale":[0.7,0.7,0.7]},"fixed":{"rotation":[-179.03,0.22,143],"translation":[-6,9.5,-0.75],"scale":[1.16094,1.16094,1.16094]}}}