{"textures​":{"1":"\u0061\u006b\u0061\u006c\u0065\u0061\u0066_\u0064\u0069\u0073\u0063\u006f\u0072\u0064_\u006e\u0069\u0074\u0072\u006f:\u0069\u0074\u0065\u006d/\u0061\u006e\u0069\u006d_\u0064\u0069\u0073\u0063\u006f\u0072\u0064_\u006e\u0069\u0074\u0072\u006f_\u0067\u0065\u006d","5":"\u0061\u006b\u0061\u006c\u0065\u0061\u0066_\u0064\u0069\u0073\u0063\u006f\u0072\u0064_\u006e\u0069\u0074\u0072\u006f:\u0069\u0074\u0065\u006d/\u0064\u0069\u0073\u0063\u006f\u0072\u0064_\u006e\u0069\u0074\u0072\u006f_\u0063\u0072\u006f\u0073\u0073\u0062\u006f\u0077_\u0067\u0065\u006e\u0065\u0072\u0061\u006c","\u0070\u0061\u0072\u0074\u0069\u0063\u006c\u0065":"#1"},"texture_size":[64,64],"\u0074\u0065\u0078\u0074\u0075\u0072\u0065\u0073":{"1":"\u0061\u006b\u0061\u006c\u0065\u0061\u0066_\u0064\u0069\u0073\u0063\u006f\u0072\u0064_\u006e\u0069\u0074\u0072\u006f:\u0069\u0074\u0065\u006d/\u0061\u006e\u0069\u006d_\u0064\u0069\u0073\u0063\u006f\u0072\u0064_\u006e\u0069\u0074\u0072\u006f_\u0067\u0065\u006d","5":"\u0061\u006b\u0061\u006c\u0065\u0061\u0066_\u0064\u0069\u0073\u0063\u006f\u0072\u0064_\u006e\u0069\u0074\u0072\u006f:\u0069\u0074\u0065\u006d/\u0064\u0069\u0073\u0063\u006f\u0072\u0064_\u006e\u0069\u0074\u0072\u006f_\u0063\u0072\u006f\u0073\u0073\u0062\u006f\u0077_\u0067\u0065\u006e\u0065\u0072\u0061\u006c","\u0070\u0061\u0072\u0074\u0069\u0063\u006c\u0065":"#1"},"elements":[{"name":"anim","from":[14.40405,21.55866,6.5],"to":[15.40405,23.55866,9.5],"rotation":{"angle":22.5,"axis":"z","origin":[15.40405,22.55866,11]},"faces":{"north":{"uv":[3.25,1.75,3,2.25],"texture":"#1"},"south":{"uv":[3,1.75,3.25,2.25],"texture":"#1"}}},{"name":"anim","from":[13.40405,20.55866,6.5],"to":[14.40405,23.55866,9.5],"rotation":{"angle":22.5,"axis":"z","origin":[15.40405,22.55866,11]},"faces":{"north":{"uv":[3,1.75,2.75,2.5],"texture":"#1"},"south":{"uv":[2.75,1.75,3,2.5],"texture":"#1"},"down":{"uv":[2.75,2.25,3,2.5],"texture":"#1"}}},{"name":"anim","from":[13.77179,18.01984,7],"to":[14.77179,21.01984,9],"rotation":{"angle":-22.5,"axis":"z","origin":[13.27179,19.51984,10.96]},"faces":{"north":{"uv":[3,2.25,2.75,3],"texture":"#1"},"east":{"uv":[2.75,2.25,3,3],"texture":"#1"},"south":{"uv":[2.75,2.25,3,3],"texture":"#1"},"down":{"uv":[2.75,2.75,3,3],"texture":"#1"}}},{"name":"anim","from":[11.77179,18.01984,7],"to":[13.77179,19.01984,9],"rotation":{"angle":-22.5,"axis":"z","origin":[13.27179,19.51984,10.96]},"faces":{"north":{"uv":[2.75,2.75,2.25,3],"texture":"#1"},"south":{"uv":[2.25,2.75,2.75,3],"texture":"#1"},"down":{"uv":[2.25,2.75,2.75,3],"texture":"#1"}}},{"name":"anim","from":[10.20722,19.372,7.04],"to":[11.12722,21.292,8.96],"rotation":{"angle":-45,"axis":"z","origin":[9.17722,19.21301,3.981]},"faces":{"north":{"uv":[2.5,2.75,2.25,3.25],"texture":"#1"},"east":{"uv":[2.25,2.75,2.5,3.25],"texture":"#1"},"south":{"uv":[2.25,2.75,2.5,3.25],"texture":"#1"}}},{"name":"anim","from":[8.12,6.79,7],"to":[9.12,12.79,9],"rotation":{"angle":0,"axis":"y","origin":[14.01,7.24,3.99]},"faces":{"north":{"uv":[2.25,2.25,2.5,3.75],"texture":"#1"},"east":{"uv":[2.25,2.25,2.5,3.75],"texture":"#1"},"south":{"uv":[2.25,2.25,2.5,3.75],"texture":"#1"}}},{"name":"anim","from":[8.09303,17.13717,7.02],"to":[9.05303,20.09717,8.98],"rotation":{"angle":-22.5,"axis":"z","origin":[6.05303,14.09717,7.96]},"faces":{"north":{"uv":[2.5,3,2.25,3.75],"texture":"#1"},"east":{"uv":[2.25,3,2.5,3.75],"texture":"#1"},"south":{"uv":[2.25,3,2.5,3.75],"texture":"#1"}}},{"name":"anim","from":[7.29156,15.06195,7],"to":[9.29156,17.06195,9],"rotation":{"angle":0,"axis":"y","origin":[7.29156,16.56195,4.02]},"faces":{"north":{"uv":[2.25,3.5,1.75,4],"texture":"#1"},"south":{"uv":[1.75,3.5,2.25,4],"texture":"#1"}}},{"name":"anim","from":[8.25179,11.39984,6.98],"to":[11.29179,13.43984,9.02],"rotation":{"angle":22.5,"axis":"z","origin":[9.77179,12.91984,3.96]},"faces":{"north":{"uv":[3,2.25,2.25,2.75],"texture":"#1"},"east":{"uv":[2.75,2.25,3,2.75],"texture":"#1"},"south":{"uv":[2.25,2.25,3,2.75],"texture":"#1"},"down":{"uv":[2.25,2.5,3,2.75],"texture":"#1"}}},{"name":"anim","from":[8.25179,6.06016,6.98],"to":[11.29179,8.10016,9.02],"rotation":{"angle":-22.5,"axis":"z","origin":[9.77179,6.58016,3.96]},"faces":{"north":{"uv":[3,3.25,2.25,3.75],"texture":"#1"},"east":{"uv":[2.75,3.25,3,3.75],"texture":"#1"},"south":{"uv":[2.25,3.25,3,3.75],"texture":"#1"},"up":{"uv":[2.25,3.5,3,3.25],"texture":"#1"}}},{"name":"anim","from":[7.05387,16.78,7.02],"to":[8.01387,17.74,8.98],"rotation":{"angle":-22.5,"axis":"z","origin":[7.01387,13.69918,11.96]},"faces":{"north":{"uv":[2.25,3.5,2,3.75],"texture":"#1"},"south":{"uv":[2,3.5,2.25,3.75],"texture":"#1"}}},{"name":"anim","from":[7.29156,2.43805,7],"to":[9.29156,4.43805,9],"rotation":{"angle":0,"axis":"y","origin":[7.29156,2.93805,4.02]},"faces":{"north":{"uv":[2.25,4,1.75,3.5],"texture":"#1"},"south":{"uv":[1.75,4,2.25,3.5],"texture":"#1"}}},{"name":"anim","from":[8.09303,-0.59717,7.02],"to":[9.05303,2.36283,8.98],"rotation":{"angle":22.5,"axis":"z","origin":[6.05303,5.40283,7.96]},"faces":{"north":{"uv":[2.5,3.75,2.25,3],"texture":"#1"},"east":{"uv":[2.25,3.75,2.5,3],"texture":"#1"},"south":{"uv":[2.25,3.75,2.5,3],"texture":"#1"}}},{"name":"anim","from":[7.05387,1.76,7.02],"to":[8.01387,2.72,8.98],"rotation":{"angle":22.5,"axis":"z","origin":[7.01387,5.80082,11.96]},"faces":{"north":{"uv":[2.25,3.75,2,3.5],"texture":"#1"},"south":{"uv":[2,3.75,2.25,3.5],"texture":"#1"}}},{"name":"anim","from":[10.20722,-1.792,7.04],"to":[11.12722,0.128,8.96],"rotation":{"angle":45,"axis":"z","origin":[9.17722,0.28699,3.981]},"faces":{"north":{"uv":[2.5,3.25,2.25,2.75],"texture":"#1"},"east":{"uv":[2.25,3.25,2.5,2.75],"texture":"#1"},"south":{"uv":[2.25,3.25,2.5,2.75],"texture":"#1"}}},{"name":"anim","from":[11.77179,0.48016,7],"to":[13.77179,1.48016,9],"rotation":{"angle":22.5,"axis":"z","origin":[13.27179,-0.01984,10.96]},"faces":{"north":{"uv":[2.75,3,2.25,2.75],"texture":"#1"},"south":{"uv":[2.25,3,2.75,2.75],"texture":"#1"},"up":{"uv":[2.25,3,2.75,2.75],"texture":"#1"}}},{"name":"anim","from":[13.77179,-1.51984,7],"to":[14.77179,1.48016,9],"rotation":{"angle":22.5,"axis":"z","origin":[13.27179,-0.01984,10.96]},"faces":{"north":{"uv":[3,3,2.75,2.25],"texture":"#1"},"east":{"uv":[2.75,3,3,2.25],"texture":"#1"},"south":{"uv":[2.75,3,3,2.25],"texture":"#1"},"up":{"uv":[2.75,3,3,2.75],"texture":"#1"}}},{"name":"anim","from":[13.40405,-4.05866,6.5],"to":[14.40405,-1.05866,9.5],"rotation":{"angle":-22.5,"axis":"z","origin":[15.40405,-3.05866,11]},"faces":{"north":{"uv":[3,2.5,2.75,1.75],"texture":"#1"},"south":{"uv":[2.75,2.5,3,1.75],"texture":"#1"},"up":{"uv":[2.75,2.5,3,2.25],"texture":"#1"}}},{"name":"anim","from":[14.40405,-4.05866,6.5],"to":[15.40405,-2.05866,9.5],"rotation":{"angle":-22.5,"axis":"z","origin":[15.40405,-3.05866,11]},"faces":{"north":{"uv":[3.25,2.25,3,1.75],"texture":"#1"},"south":{"uv":[3,2.25,3.25,1.75],"texture":"#1"}}},{"name":"anim","from":[6,4.5,6.5],"to":[11,6.5,9.5],"rotation":{"angle":-22.5,"axis":"z","origin":[8.5,5.5,8]},"faces":{"north":{"uv":[3,1.75,2.5,3],"rotation":270,"texture":"#1"},"south":{"uv":[2.5,1.75,3,3],"rotation":90,"texture":"#1"}}},{"name":"anim","from":[6,13,6.5],"to":[11,15,9.5],"rotation":{"angle":22.5,"axis":"z","origin":[8.5,14,8]},"faces":{"north":{"uv":[1,0.75,1.5,2],"rotation":270,"texture":"#1"},"south":{"uv":[1.5,0.75,1,2],"rotation":90,"texture":"#1"}}},{"name":"anim","from":[10,9.25,7.5],"to":[23,10.25,8.5],"rotation":{"angle":0,"axis":"y","origin":[14.01,7.24,7.99]},"faces":{"north":{"uv":[0.25,3.25,0.5,0],"rotation":90,"texture":"#1"},"south":{"uv":[0.25,0,0.5,3.25],"rotation":90,"texture":"#1"}}},{"name":"anim","from":[6.08,0.75,9.56],"to":[11.16,5.83,9.64],"rotation":{"angle":0,"axis":"y","origin":[14.01,7.24,3.99]},"faces":{"south":{"uv":[11,1.25,12.25,2.5],"texture":"#1"}}},{"name":"anim","from":[5.08,13.75,9.56],"to":[10.16,18.83,9.64],"rotation":{"angle":0,"axis":"y","origin":[14.01,7.24,3.99]},"faces":{"south":{"uv":[12.25,0,13.5,1.25],"texture":"#1"}}},{"name":"anim","from":[20.08,8.75,9.56],"to":[25.16,13.83,9.64],"rotation":{"angle":0,"axis":"y","origin":[14.01,7.24,3.99]},"faces":{"south":{"uv":[13.5,1.25,14.75,2.5],"texture":"#1"}}},{"name":"anim","from":[3.08,9.75,9.56],"to":[8.16,14.83,9.64],"rotation":{"angle":0,"axis":"y","origin":[14.01,7.24,3.99]},"faces":{"south":{"uv":[13.5,2.5,14.75,3.75],"texture":"#1"}}},{"name":"anim","from":[7.08,11.75,9.56],"to":[10.16,14.83,9.64],"rotation":{"angle":0,"axis":"y","origin":[14.01,7.24,3.99]},"faces":{"south":{"uv":[8.75,0,9.5,0.75],"texture":"#1"}}},{"name":"anim","from":[4.08,11.75,9.56],"to":[7.16,14.83,9.64],"rotation":{"angle":0,"axis":"y","origin":[14.01,7.24,3.99]},"faces":{"south":{"uv":[8,1.5,8.75,2.25],"texture":"#1"}}},{"name":"anim","from":[8.08,6.75,9.56],"to":[11.16,9.83,9.64],"rotation":{"angle":0,"axis":"y","origin":[14.01,7.24,3.99]},"faces":{"south":{"uv":[9.5,1.5,10.25,2.25],"texture":"#1"}}},{"name":"anim","from":[3.08,4.75,9.56],"to":[6.16,7.83,9.64],"rotation":{"angle":0,"axis":"y","origin":[14.01,7.24,3.99]},"faces":{"south":{"uv":[9.5,0,10.25,0.75],"texture":"#1"}}},{"name":"anim","from":[3.08,13.75,9.56],"to":[8.16,18.83,9.64],"rotation":{"angle":0,"axis":"y","origin":[14.01,7.24,3.99]},"faces":{"south":{"uv":[14.75,0,16,1.25],"texture":"#1"}}},{"name":"anim","from":[11.08,21.75,9.56],"to":[16.16,26.83,9.64],"rotation":{"angle":0,"axis":"y","origin":[14.01,7.24,3.99]},"faces":{"south":{"uv":[11,0,12.25,1.25],"texture":"#1"}}},{"name":"anim","from":[11.08,-6.25,9.56],"to":[16.16,-1.17,9.64],"rotation":{"angle":0,"axis":"y","origin":[14.01,7.24,3.99]},"faces":{"south":{"uv":[11,3.75,12.25,5],"texture":"#1"}}},{"from":[7,15,6.5],"to":[10,16,9.5],"rotation":{"angle":22.5,"axis":"z","origin":[8.5,14,8]},"faces":{"north":{"uv":[4,2.75,4.75,3],"texture":"#5"},"south":{"uv":[7.75,4.75,8.5,5],"texture":"#5"},"up":{"uv":[5.75,4.5,5,3.75],"texture":"#5"}}},{"from":[7,12,6.5],"to":[10,13,9.5],"rotation":{"angle":22.5,"axis":"z","origin":[8.5,14,8]},"faces":{"north":{"uv":[7.75,5,8.5,5.25],"texture":"#5"},"south":{"uv":[7.75,5.25,8.5,5.5],"texture":"#5"},"down":{"uv":[5,5,4.25,5.75],"texture":"#5"}}},{"from":[5.91934,11.41934,6.48],"to":[8.95934,14.45934,9.52],"rotation":{"angle":-22.5,"axis":"z","origin":[8.5,14,8]},"faces":{"north":{"uv":[5,5,5.75,5.75],"texture":"#5"},"east":{"uv":[1.5,5.25,2.25,6],"texture":"#5"},"south":{"uv":[2.25,5.25,3,6],"texture":"#5"},"west":{"uv":[3.5,5.25,4.25,6],"texture":"#5"},"up":{"uv":[0.75,6.5,0,5.75],"texture":"#5"},"down":{"uv":[6.5,0,5.75,0.75],"texture":"#5"}}},{"from":[8.04066,13.54066,6.48],"to":[11.08066,16.58066,9.52],"rotation":{"angle":-22.5,"axis":"z","origin":[8.5,14,8]},"faces":{"north":{"uv":[0.75,5.75,1.5,6.5],"texture":"#5"},"east":{"uv":[5.75,0.75,6.5,1.5],"texture":"#5"},"south":{"uv":[5.75,3.75,6.5,4.5],"texture":"#5"},"west":{"uv":[4.25,5.75,5,6.5],"texture":"#5"},"up":{"uv":[6.5,5.25,5.75,4.5],"texture":"#5"},"down":{"uv":[5.75,5.75,5,6.5],"texture":"#5"}}},{"from":[7,3.5,6.5],"to":[10,4.5,9.5],"rotation":{"angle":-22.5,"axis":"z","origin":[8.5,5.5,8]},"faces":{"north":{"uv":[7.75,5.5,8.5,5.75],"texture":"#5"},"south":{"uv":[7.75,5.75,8.5,6],"texture":"#5"},"down":{"uv":[6.5,5.25,5.75,6],"texture":"#5"}}},{"from":[7,6.5,6.5],"to":[10,7.5,9.5],"rotation":{"angle":-22.5,"axis":"z","origin":[8.5,5.5,8]},"faces":{"north":{"uv":[7.75,6,8.5,6.25],"texture":"#5"},"south":{"uv":[7.75,6.25,8.5,6.5],"texture":"#5"},"up":{"uv":[2.25,6.75,1.5,6],"texture":"#5"}}},{"from":[5.91934,5.04066,6.48],"to":[8.95934,8.08066,9.52],"rotation":{"angle":22.5,"axis":"z","origin":[8.5,5.5,8]},"faces":{"north":{"uv":[2.25,6,3,6.75],"texture":"#5"},"east":{"uv":[3,6,3.75,6.75],"texture":"#5"},"south":{"uv":[5.75,6,6.5,6.75],"texture":"#5"},"west":{"uv":[6.25,2.25,7,3],"texture":"#5"},"up":{"uv":[0.75,7.25,0,6.5],"texture":"#5"},"down":{"uv":[7.25,0,6.5,0.75],"texture":"#5"}}},{"from":[8.04066,2.91934,6.48],"to":[11.08066,5.95934,9.52],"rotation":{"angle":22.5,"axis":"z","origin":[8.5,5.5,8]},"faces":{"north":{"uv":[0.75,6.5,1.5,7.25],"texture":"#5"},"east":{"uv":[6.5,0.75,7.25,1.5],"texture":"#5"},"south":{"uv":[6.5,3,7.25,3.75],"texture":"#5"},"west":{"uv":[3.75,6.5,4.5,7.25],"texture":"#5"},"up":{"uv":[7.25,4.5,6.5,3.75],"texture":"#5"},"down":{"uv":[5.25,6.5,4.5,7.25],"texture":"#5"}}},{"from":[7.12,5.79,7],"to":[8.12,13.79,9],"rotation":{"angle":0,"axis":"y","origin":[13.09,7.24,7.99]},"faces":{"north":{"uv":[6.5,4.5,6.75,6.5],"texture":"#5"},"south":{"uv":[5.25,6.5,5.5,8.5],"texture":"#5"},"west":{"uv":[1,1.5,1.5,3.5],"texture":"#5"}}},{"from":[9.31379,19.30715,7.04],"to":[10.23379,25.22715,8.96],"rotation":{"angle":-45,"axis":"z","origin":[9.23379,19.22715,1.021]},"faces":{"north":{"uv":[5.5,6.5,5.75,8],"texture":"#5"},"south":{"uv":[6.5,6.5,6.75,8],"texture":"#5"},"west":{"uv":[1,4.25,1.5,5.75],"texture":"#5"}}},{"from":[10.22115,21.32765,7.04],"to":[11.14115,23.24765,8.96],"rotation":{"angle":-45,"axis":"z","origin":[9.14115,19.24765,1.021]},"faces":{"north":{"uv":[8.25,0.25,8.5,0.75],"texture":"#5"},"south":{"uv":[2,8.25,2.25,8.75],"texture":"#5"},"west":{"uv":[3.75,6,4.25,6.5],"texture":"#5"}}},{"from":[12.40405,20.55866,6.5],"to":[13.40405,24.55866,9.5],"rotation":{"angle":22.5,"axis":"z","origin":[15.40405,22.55866,8]},"faces":{"north":{"uv":[6.25,6.75,6.5,7.75],"texture":"#5"},"south":{"uv":[7,4.75,7.25,5.75],"texture":"#5"},"west":{"uv":[1.5,4.25,2.25,5.25],"texture":"#5"},"up":{"uv":[1.5,8.5,1.25,7.75],"texture":"#5"},"down":{"uv":[5,7.75,4.75,8.5],"texture":"#5"}}},{"from":[13.40405,23.55866,6.5],"to":[15.40405,24.55866,9.5],"rotation":{"angle":22.5,"axis":"z","origin":[15.40405,22.55866,8]},"faces":{"north":{"uv":[3,5.75,3.5,6],"texture":"#5"},"south":{"uv":[2.25,8.25,2.75,8.5],"texture":"#5"},"up":{"uv":[2,7.5,1.5,6.75],"texture":"#5"}}},{"from":[15.40405,20.55866,6.5],"to":[16.40405,24.55866,9.5],"rotation":{"angle":22.5,"axis":"z","origin":[15.40405,22.55866,8]},"faces":{"north":{"uv":[7,5.75,7.25,6.75],"texture":"#5"},"east":{"uv":[2.25,4.25,3,5.25],"texture":"#5"},"south":{"uv":[6.75,7,7,8],"texture":"#5"},"up":{"uv":[5.25,8.5,5,7.75],"texture":"#5"},"down":{"uv":[6.5,7.75,6.25,8.5],"texture":"#5"}}},{"from":[14.40405,20.55866,6.5],"to":[15.40405,21.55866,9.5],"rotation":{"angle":22.5,"axis":"z","origin":[15.40405,22.55866,8]},"faces":{"north":{"uv":[4.75,3.25,5,3.5],"texture":"#5"},"east":{"uv":[7.75,6.5,8.5,6.75],"texture":"#5"},"south":{"uv":[6.25,3,6.5,3.25],"texture":"#5"},"down":{"uv":[8,6.75,7.75,7.5],"texture":"#5"}}},{"from":[7.05387,17.73918,7.02],"to":[8.01387,19.69918,8.98],"rotation":{"angle":-22.5,"axis":"z","origin":[7.01387,13.69918,11.96]},"faces":{"north":{"uv":[8.25,2.5,8.5,3],"texture":"#5"},"south":{"uv":[2.75,8.25,3,8.75],"texture":"#5"},"west":{"uv":[7,6.75,7.5,7.25],"texture":"#5"}}},{"from":[8.87117,17.95589,7.5],"to":[10.87117,19.95589,8.5],"rotation":{"angle":22.5,"axis":"z","origin":[9.85117,18.93589,8]},"faces":{"north":{"uv":[0,7.25,0.5,7.75],"texture":"#5"},"south":{"uv":[7.25,0,7.75,0.5],"texture":"#5"},"west":{"uv":[3,8.25,3.25,8.75],"texture":"#5"},"up":{"uv":[8.75,3.25,8.25,3],"texture":"#5"}}},{"from":[10.37117,19.95589,7.5],"to":[12.37117,21.95589,8.5],"rotation":{"angle":0,"axis":"y","origin":[11.35117,20.93589,8]},"faces":{"north":{"uv":[0.5,7.25,1,7.75],"texture":"#5"},"south":{"uv":[7.25,0.5,7.75,1],"texture":"#5"},"west":{"uv":[8.25,3.25,8.5,3.75],"texture":"#5"},"up":{"uv":[4.25,8.5,3.75,8.25],"texture":"#5"}}},{"from":[9.37117,15.70589,7.5],"to":[11.37117,17.70589,8.5],"rotation":{"angle":45,"axis":"z","origin":[10.35117,16.68589,8]},"faces":{"north":{"uv":[1,7.25,1.5,7.75],"texture":"#5"},"east":{"uv":[8.25,3.75,8.5,4.25],"texture":"#5"},"south":{"uv":[7.25,1,7.75,1.5],"texture":"#5"},"west":{"uv":[4.25,8.25,4.5,8.75],"texture":"#5"},"up":{"uv":[8.75,4.5,8.25,4.25],"texture":"#5"},"down":{"uv":[8.75,4.5,8.25,4.75],"texture":"#5"}}},{"from":[6.29156,17.06195,7],"to":[9.29156,18.06195,9],"rotation":{"angle":0,"axis":"y","origin":[7.29156,16.56195,8.02]},"faces":{"north":{"uv":[7,7.75,7.75,8],"texture":"#5"},"south":{"uv":[7.75,7.5,8.5,7.75],"texture":"#5"},"west":{"uv":[6.5,8.25,7,8.5],"texture":"#5"},"up":{"uv":[6.25,2.75,5.5,2.25],"texture":"#5"}}},{"from":[6.29156,15.06195,7],"to":[7.29156,17.06195,9],"rotation":{"angle":0,"axis":"y","origin":[7.29156,16.56195,8.02]},"faces":{"north":{"uv":[4.5,8.25,4.75,8.75],"texture":"#5"},"south":{"uv":[7,8.25,7.25,8.75],"texture":"#5"},"west":{"uv":[7.25,1.5,7.75,2],"texture":"#5"}}},{"from":[11.77179,19.01984,7],"to":[13.77179,21.01984,9],"rotation":{"angle":-22.5,"axis":"z","origin":[13.27179,19.51984,7.96]},"faces":{"north":{"uv":[2,7.25,2.5,7.75],"texture":"#5"},"south":{"uv":[7.25,3,7.75,3.5],"texture":"#5"}}},{"from":[6.29156,2.43805,7],"to":[7.29156,4.43805,9],"rotation":{"angle":0,"axis":"y","origin":[7.29156,2.93805,8.02]},"faces":{"north":{"uv":[7.25,8.25,7.5,8.75],"texture":"#5"},"south":{"uv":[7.5,8.25,7.75,8.75],"texture":"#5"},"west":{"uv":[7.25,3.5,7.75,4],"texture":"#5"}}},{"from":[6.29156,1.43805,7],"to":[9.29156,2.43805,9],"rotation":{"angle":0,"axis":"y","origin":[7.29156,2.93805,8.02]},"faces":{"north":{"uv":[7.75,7.75,8.5,8],"texture":"#5"},"south":{"uv":[0,8,0.75,8.25],"texture":"#5"},"west":{"uv":[7.75,8.25,8.25,8.5],"texture":"#5"},"down":{"uv":[2.75,6.75,2,7.25],"texture":"#5"}}},{"from":[9.37117,1.79411,7.5],"to":[11.37117,3.79411,8.5],"rotation":{"angle":-45,"axis":"z","origin":[10.35117,2.81411,8]},"faces":{"north":{"uv":[3.75,7.25,4.25,7.75],"texture":"#5"},"east":{"uv":[8.25,8.25,8.5,8.75],"texture":"#5"},"south":{"uv":[7.25,4,7.75,4.5],"texture":"#5"},"west":{"uv":[0,8.5,0.25,9],"texture":"#5"},"up":{"uv":[0.75,8.75,0.25,8.5],"texture":"#5"},"down":{"uv":[9,0.25,8.5,0.5],"texture":"#5"}}},{"from":[7.05387,-0.19918,7.02],"to":[8.01387,1.76082,8.98],"rotation":{"angle":22.5,"axis":"z","origin":[7.01387,5.80082,11.96]},"faces":{"north":{"uv":[8.5,1,8.75,1.5],"texture":"#5"},"south":{"uv":[1.25,8.5,1.5,9],"texture":"#5"},"west":{"uv":[4.25,7.25,4.75,7.75],"texture":"#5"}}},{"from":[9.31379,-5.72715,7.04],"to":[10.23379,0.19285,8.96],"rotation":{"angle":45,"axis":"z","origin":[9.23379,0.27285,1.021]},"faces":{"north":{"uv":[2.75,6.75,3,8.25],"texture":"#5"},"south":{"uv":[3,6.75,3.25,8.25],"texture":"#5"},"west":{"uv":[3,4.25,3.5,5.75],"texture":"#5"}}},{"from":[8.87117,-0.45589,7.5],"to":[10.87117,1.54411,8.5],"rotation":{"angle":-22.5,"axis":"z","origin":[9.85117,0.56411,8]},"faces":{"north":{"uv":[4.75,7.25,5.25,7.75],"texture":"#5"},"south":{"uv":[7.25,4.75,7.75,5.25],"texture":"#5"},"west":{"uv":[8.5,1.5,8.75,2],"texture":"#5"},"down":{"uv":[9,0.5,8.5,0.75],"texture":"#5"}}},{"from":[11.77179,-1.51984,7],"to":[13.77179,0.48016,9],"rotation":{"angle":22.5,"axis":"z","origin":[13.27179,-0.01984,7.96]},"faces":{"north":{"uv":[7.25,5.25,7.75,5.75],"texture":"#5"},"south":{"uv":[7.25,5.75,7.75,6.25],"texture":"#5"}}},{"from":[10.22115,-3.74765,7.04],"to":[11.14115,-1.82765,8.96],"rotation":{"angle":45,"axis":"z","origin":[9.14115,0.25235,1.021]},"faces":{"north":{"uv":[8.5,2,8.75,2.5],"texture":"#5"},"south":{"uv":[2.25,8.5,2.5,9],"texture":"#5"},"west":{"uv":[7.25,6.25,7.75,6.75],"texture":"#5"}}},{"from":[10.37117,-2.45589,7.5],"to":[12.37117,-0.45589,8.5],"rotation":{"angle":0,"axis":"y","origin":[11.35117,-1.43589,8]},"faces":{"north":{"uv":[7,7.25,7.5,7.75],"texture":"#5"},"south":{"uv":[1.5,7.5,2,8],"texture":"#5"},"west":{"uv":[2.5,8.5,2.75,9],"texture":"#5"},"down":{"uv":[9,2.5,8.5,2.75],"texture":"#5"}}},{"from":[12.40405,-5.05866,6.5],"to":[13.40405,-1.05866,9.5],"rotation":{"angle":-22.5,"axis":"z","origin":[15.40405,-3.05866,8]},"faces":{"north":{"uv":[2.5,7.25,2.75,8.25],"texture":"#5"},"south":{"uv":[3.25,7.5,3.5,8.5],"texture":"#5"},"west":{"uv":[3.5,4.25,4.25,5.25],"texture":"#5"},"up":{"uv":[8.25,0.75,8,0],"texture":"#5"},"down":{"uv":[1,8,0.75,8.75],"texture":"#5"}}},{"from":[13.40405,-5.05866,6.5],"to":[15.40405,-4.05866,9.5],"rotation":{"angle":-22.5,"axis":"z","origin":[15.40405,-3.05866,8]},"faces":{"north":{"uv":[8.5,2.75,9,3],"texture":"#5"},"south":{"uv":[3.25,8.5,3.75,8.75],"texture":"#5"},"down":{"uv":[3.75,6.75,3.25,7.5],"texture":"#5"}}},{"from":[15.40405,-5.05866,6.5],"to":[16.40405,-1.05866,9.5],"rotation":{"angle":-22.5,"axis":"z","origin":[15.40405,-3.05866,8]},"faces":{"north":{"uv":[3.5,7.5,3.75,8.5],"texture":"#5"},"east":{"uv":[4.25,3.5,5,4.5],"texture":"#5"},"south":{"uv":[7.5,6.75,7.75,7.75],"texture":"#5"},"up":{"uv":[1.75,8.75,1.5,8],"texture":"#5"},"down":{"uv":[2,8,1.75,8.75],"texture":"#5"}}},{"from":[14.40405,-2.05866,6.5],"to":[15.40405,-1.05866,9.5],"rotation":{"angle":-22.5,"axis":"z","origin":[15.40405,-3.05866,8]},"faces":{"north":{"uv":[8.5,3.25,8.75,3.5],"texture":"#5"},"east":{"uv":[8,0.75,8.75,1],"texture":"#5"},"south":{"uv":[8.5,3.5,8.75,3.75],"texture":"#5"},"up":{"uv":[5.75,8.75,5.5,8],"texture":"#5"}}},{"from":[3.0054,12.78535,7.502],"to":[6.0014,13.78135,8.498],"rotation":{"angle":-22.5,"axis":"z","origin":[-0.9966,13.78335,8.002]},"faces":{"north":{"uv":[8.75,8,8,8.25],"texture":"#5"},"south":{"uv":[8,6.75,8.75,7],"texture":"#5"},"up":{"uv":[8,8,8.75,8.25],"texture":"#5"},"down":{"uv":[8,8,8.75,8.25],"texture":"#5"}}},{"from":[1.7,7.25,7.5],"to":[2.7,12.25,8.5],"rotation":{"angle":0,"axis":"y","origin":[13.46,6.74,7.99]},"faces":{"north":{"uv":[6.75,4.5,7,5.75],"texture":"#5"},"east":{"uv":[5.75,6.75,6,8],"texture":"#5"},"south":{"uv":[6.75,5.75,7,7],"texture":"#5"},"west":{"uv":[6,6.75,6.25,8],"texture":"#5"},"up":{"uv":[4.25,8.75,4,8.5],"texture":"#5"},"down":{"uv":[8.75,4,8.5,4.25],"texture":"#5"}}},{"from":[3.0054,5.71865,7.502],"to":[6.0014,6.71465,8.498],"rotation":{"angle":22.5,"axis":"z","origin":[-0.9966,5.71665,8.002]},"faces":{"north":{"uv":[8.75,8,8,8.25],"texture":"#5"},"south":{"uv":[8,8,8.75,8.25],"texture":"#5"},"up":{"uv":[8,8,8.75,8.25],"texture":"#5"},"down":{"uv":[8,8,8.75,8.25],"texture":"#5"}}},{"from":[23.9,9.25,5.25],"to":[24.9,10.25,9.25],"rotation":{"angle":22.5,"axis":"y","origin":[24.4,9.75,8.75]},"faces":{"north":{"uv":[5,8.5,5.25,8.75],"texture":"#5"},"east":{"uv":[7.25,2,8.25,2.25],"texture":"#5"},"south":{"uv":[8.5,5,8.75,5.25],"texture":"#5"},"west":{"uv":[0,7.75,1,8],"texture":"#5"},"up":{"uv":[8,1,7.75,0],"texture":"#5"},"down":{"uv":[1.25,7.75,1,8.75],"texture":"#5"}}},{"from":[23,8.25,7.5],"to":[28,11.25,8.5],"rotation":{"angle":0,"axis":"y","origin":[14.01,7.24,7.99]},"faces":{"north":{"uv":[2.75,2.25,1.5,3],"texture":"#5"},"east":{"uv":[5.75,8,6,8.75],"texture":"#5"},"south":{"uv":[1.5,2.25,2.75,3],"texture":"#5"},"up":{"uv":[8.25,2.5,7,2.25],"texture":"#5"},"down":{"uv":[8.25,2.5,7,2.75],"texture":"#5"}}},{"from":[5,8.25,7.5],"to":[10,11.25,8.5],"rotation":{"angle":0,"axis":"y","origin":[14.01,7.24,7.99]},"faces":{"north":{"uv":[4,2.25,2.75,3],"texture":"#5"},"south":{"uv":[2.75,2.25,4,3],"texture":"#5"},"west":{"uv":[8.25,1.75,8.5,2.5],"texture":"#5"},"up":{"uv":[8.25,3,7,2.75],"texture":"#5"},"down":{"uv":[8.25,4.5,7,4.75],"texture":"#5"}}},{"from":[10,10.25,7.5],"to":[23,11.25,8.5],"rotation":{"angle":0,"axis":"y","origin":[14.01,7.24,7.99]},"faces":{"north":{"uv":[4,1.5,7.25,1.75],"texture":"#5"},"south":{"uv":[1.5,3.25,4.75,3.5],"texture":"#5"},"up":{"uv":[4,1.5,7.25,1.75],"texture":"#5"}}},{"from":[10,8.25,7.5],"to":[23,9.25,8.5],"rotation":{"angle":0,"axis":"y","origin":[14.01,7.24,7.99]},"faces":{"north":{"uv":[4,1.5,7.25,1.75],"texture":"#5"},"south":{"uv":[4,1.5,7.25,1.75],"texture":"#5"},"down":{"uv":[4,1.5,7.25,1.75],"texture":"#5"}}},{"name":"string-low","from":[13.43241,-2.64301,8.5],"to":[14.47241,9.39699,8.54],"rotation":{"angle":0,"axis":"z","origin":[13.95241,-2.12301,8.502]},"faces":{"north":{"uv":[0,1.5,0.25,5.75],"texture":"#5"},"south":{"uv":[0.25,1.5,0.5,5.75],"texture":"#5"}}},{"name":"string-high","from":[13.43241,9.10301,8.49],"to":[14.47241,22.14301,8.53],"rotation":{"angle":0,"axis":"z","origin":[13.95241,21.62301,8.501]},"faces":{"north":{"uv":[0.5,1.5,0.75,5.75],"texture":"#5"},"south":{"uv":[0.75,1.5,1,5.75],"texture":"#5"}}}],"gui_light":"front","display":{"thirdperson_righthand":{"rotation":[-90,0,-105],"translation":[1,0.25,-5],"scale":[0.6,0.6,0.6]},"thirdperson_lefthand":{"rotation":[-90,0,75],"translation":[3,0.25,-4.5],"scale":[0.6,0.6,0.6]},"firstperson_righthand":{"rotation":[95,-179,80],"translation":[0.5,1.5,-1],"scale":[0.6,0.6,0.6]},"firstperson_lefthand":{"rotation":[95,-179,-100],"translation":[2.25,1.5,-0.75],"scale":[0.6,0.6,0.6]},"ground":{"rotation":[0,0,-45],"translation":[0,9,0],"scale":[0.5,0.5,0.5]},"gui":{"rotation":[0,0,-45],"translation":[-3,1.5,-0.75],"scale":[0.6,0.6,0.6]},"head":{"rotation":[0,0,-90],"translation":[-1,9,0.75],"scale":[0.6,0.6,0.6]},"fixed":{"rotation":[0,-180,-45],"translation":[3.5,1.75,-0.75],"scale":[0.7,0.7,0.7]}}}