{"credit":"Made by PolygonMC","texture_size":[24,24],"textures":{"0":"halloween23:spider_hat","particle":"halloween23:spider_hat"},"elements":[{"from":[4,7,4],"to":[12,9,12],"rotation":{"angle":0,"axis":"y","origin":[8,8,8]},"faces":{"north":{"uv":[5.33333,4.66667,10.66667,6],"texture":"#0","tintindex":0},"east":{"uv":[5.33333,6,10.66667,7.33333],"texture":"#0","tintindex":0},"south":{"uv":[5.33333,7.33333,10.66667,8.66667],"texture":"#0","tintindex":0},"west":{"uv":[5.33333,8.66667,10.66667,10],"texture":"#0","tintindex":0},"up":{"uv":[5.33333,5.33333,0,0],"texture":"#0","tintindex":0},"down":{"uv":[5.33333,5.33333,0,10.66667],"texture":"#0","tintindex":0}}},{"from":[4.5,9,4.5],"to":[11.5,11,11.5],"rotation":{"angle":0,"axis":"y","origin":[8,8,8]},"faces":{"north":{"uv":[10,0,14.66667,1.33333],"texture":"#0","tintindex":0},"east":{"uv":[10,1.33333,14.66667,2.66667],"texture":"#0","tintindex":0},"south":{"uv":[10,2.66667,14.66667,4],"texture":"#0","tintindex":0},"west":{"uv":[5.33333,10,10,11.33333],"texture":"#0","tintindex":0},"up":{"uv":[10,4.66667,5.33333,0],"texture":"#0","tintindex":0}}},{"from":[5.75,9.5,4],"to":[7.75,11.5,6],"rotation":{"angle":0,"axis":"y","origin":[0.5,0,0]},"faces":{"north":{"uv":[10,10,11.33333,11.33333],"texture":"#0","tintindex":0},"east":{"uv":[0,10.66667,1.33333,12],"texture":"#0","tintindex":0},"south":{"uv":[1.33333,10.66667,2.66667,12],"texture":"#0","tintindex":0},"west":{"uv":[2.66667,10.66667,4,12],"texture":"#0","tintindex":0},"up":{"uv":[5.33333,12,4,10.66667],"texture":"#0","tintindex":0},"down":{"uv":[12,4,10.66667,5.33333],"texture":"#0","tintindex":0}}},{"from":[4.25,10.25,4.25],"to":[5.25,11.25,5.25],"rotation":{"angle":0,"axis":"y","origin":[15.5,0,0]},"faces":{"north":{"uv":[10,4,10.66667,4.66667],"texture":"#0","tintindex":0},"east":{"uv":[10.66667,5.33333,11.33333,6],"texture":"#0","tintindex":0},"south":{"uv":[10.66667,6,11.33333,6.66667],"texture":"#0","tintindex":0},"west":{"uv":[10.66667,6.66667,11.33333,7.33333],"texture":"#0","tintindex":0},"up":{"uv":[11.33333,8,10.66667,7.33333],"texture":"#0","tintindex":0},"down":{"uv":[11.33333,8,10.66667,8.66667],"texture":"#0","tintindex":0}}},{"from":[4.25,10.25,6],"to":[5.25,11.25,7],"rotation":{"angle":0,"axis":"y","origin":[15.5,0,0]},"faces":{"north":{"uv":[10.66667,8.66667,11.33333,9.33333],"texture":"#0","tintindex":0},"east":{"uv":[10.66667,9.33333,11.33333,10],"texture":"#0","tintindex":0},"south":{"uv":[5.33333,11.33333,6,12],"texture":"#0","tintindex":0},"west":{"uv":[11.33333,5.33333,12,6],"texture":"#0","tintindex":0},"up":{"uv":[6.66667,12,6,11.33333],"texture":"#0","tintindex":0},"down":{"uv":[12,6,11.33333,6.66667],"texture":"#0","tintindex":0}}},{"from":[10.75,10.25,6],"to":[11.75,11.25,7],"rotation":{"angle":0,"axis":"y","origin":[0.5,0,0]},"faces":{"north":{"uv":[11.33333,8.66667,10.66667,9.33333],"texture":"#0","tintindex":0},"east":{"uv":[12,5.33333,11.33333,6],"texture":"#0","tintindex":0},"south":{"uv":[6,11.33333,5.33333,12],"texture":"#0","tintindex":0},"west":{"uv":[11.33333,9.33333,10.66667,10],"texture":"#0","tintindex":0},"up":{"uv":[6,12,6.66667,11.33333],"texture":"#0","tintindex":0},"down":{"uv":[11.33333,6,12,6.66667],"texture":"#0","tintindex":0}}},{"from":[10.75,10.25,4.25],"to":[11.75,11.25,5.25],"rotation":{"angle":0,"axis":"y","origin":[0.5,0,0]},"faces":{"north":{"uv":[10.66667,4,10,4.66667],"texture":"#0","tintindex":0},"east":{"uv":[11.33333,6.66667,10.66667,7.33333],"texture":"#0","tintindex":0},"south":{"uv":[11.33333,6,10.66667,6.66667],"texture":"#0","tintindex":0},"west":{"uv":[11.33333,5.33333,10.66667,6],"texture":"#0","tintindex":0},"up":{"uv":[10.66667,8,11.33333,7.33333],"texture":"#0","tintindex":0},"down":{"uv":[10.66667,8,11.33333,8.66667],"texture":"#0","tintindex":0}}},{"from":[8.25,9.5,4],"to":[10.25,11.5,6],"rotation":{"angle":0,"axis":"y","origin":[15.5,0,0]},"faces":{"north":{"uv":[11.33333,10,10,11.33333],"texture":"#0","tintindex":0},"east":{"uv":[4,10.66667,2.66667,12],"texture":"#0","tintindex":0},"south":{"uv":[2.66667,10.66667,1.33333,12],"texture":"#0","tintindex":0},"west":{"uv":[1.33333,10.66667,0,12],"texture":"#0","tintindex":0},"up":{"uv":[4,12,5.33333,10.66667],"texture":"#0","tintindex":0},"down":{"uv":[10.66667,4,12,5.33333],"texture":"#0","tintindex":0}}},{"from":[6.25,6.75,3.5],"to":[7.25,7.75,4.5],"rotation":{"angle":0,"axis":"y","origin":[14.25,4.75,3.5]},"faces":{"north":{"uv":[11.33333,8,12,8.66667],"texture":"#0","tintindex":0},"east":{"uv":[8.66667,11.33333,9.33333,12],"texture":"#0","tintindex":0},"south":{"uv":[11.33333,8.66667,12,9.33333],"texture":"#0","tintindex":0},"west":{"uv":[9.33333,11.33333,10,12],"texture":"#0","tintindex":0},"up":{"uv":[12,10,11.33333,9.33333],"texture":"#0","tintindex":0},"down":{"uv":[10.66667,11.33333,10,12],"texture":"#0","tintindex":0}}},{"from":[6.42917,6.20755,3.62175],"to":[7.18567,6.96405,4.37825],"rotation":{"angle":22.5,"axis":"z","origin":[6.80742,6.5858,4]},"faces":{"north":{"uv":[6.66667,11.33333,7.33333,12],"texture":"#0","tintindex":0},"east":{"uv":[11.33333,6.66667,12,7.33333],"texture":"#0","tintindex":0},"south":{"uv":[7.33333,11.33333,8,12],"texture":"#0","tintindex":0},"west":{"uv":[11.33333,7.33333,12,8],"texture":"#0","tintindex":0},"down":{"uv":[8.66667,11.33333,8,12],"texture":"#0","tintindex":0}}},{"from":[6.82138,5.87534,3.70875],"to":[7.40389,6.45784,4.29125],"rotation":{"angle":45,"axis":"z","origin":[7.13764,6.09159,4]},"faces":{"north":{"uv":[11.33333,10,11.66667,10.33333],"texture":"#0","tintindex":0},"east":{"uv":[10.66667,11.33333,11,11.66667],"texture":"#0","tintindex":0},"south":{"uv":[11.33333,10.66667,11.66667,11],"texture":"#0","tintindex":0},"west":{"uv":[11.33333,11.33333,11.66667,11.66667],"texture":"#0","tintindex":0},"down":{"uv":[0.33333,12,0,12.33333],"texture":"#0","tintindex":0}}},{"from":[8.75,6.75,3.5],"to":[9.75,7.75,4.5],"rotation":{"angle":0,"axis":"y","origin":[1.75,4.75,3.5]},"faces":{"north":{"uv":[12,8,11.33333,8.66667],"texture":"#0","tintindex":0},"east":{"uv":[10,11.33333,9.33333,12],"texture":"#0","tintindex":0},"south":{"uv":[12,8.66667,11.33333,9.33333],"texture":"#0","tintindex":0},"west":{"uv":[9.33333,11.33333,8.66667,12],"texture":"#0","tintindex":0},"up":{"uv":[11.33333,10,12,9.33333],"texture":"#0","tintindex":0},"down":{"uv":[10,11.33333,10.66667,12],"texture":"#0","tintindex":0}}},{"from":[8.81433,6.20755,3.62175],"to":[9.57083,6.96405,4.37825],"rotation":{"angle":-22.5,"axis":"z","origin":[9.19258,6.5858,4]},"faces":{"north":{"uv":[7.33333,11.33333,6.66667,12],"texture":"#0","tintindex":0},"east":{"uv":[12,7.33333,11.33333,8],"texture":"#0","tintindex":0},"south":{"uv":[8,11.33333,7.33333,12],"texture":"#0","tintindex":0},"west":{"uv":[12,6.66667,11.33333,7.33333],"texture":"#0","tintindex":0},"down":{"uv":[8,11.33333,8.66667,12],"texture":"#0","tintindex":0}}},{"from":[8.59611,5.87534,3.70875],"to":[9.17862,6.45784,4.29125],"rotation":{"angle":-45,"axis":"z","origin":[8.86236,6.09159,4]},"faces":{"north":{"uv":[11.66667,10,11.33333,10.33333],"texture":"#0","tintindex":0},"east":{"uv":[11.66667,11.33333,11.33333,11.66667],"texture":"#0","tintindex":0},"south":{"uv":[11.66667,10.66667,11.33333,11],"texture":"#0","tintindex":0},"west":{"uv":[11,11.33333,10.66667,11.66667],"texture":"#0","tintindex":0},"down":{"uv":[0,12,0.33333,12.33333],"texture":"#0","tintindex":0}}}],"gui_light":"front","display":{"thirdperson_righthand":{"rotation":[66.25,0,0],"translation":[0,2,0.25],"scale":[0.75,0.75,0.75]},"thirdperson_lefthand":{"rotation":[66.25,0,0],"translation":[0,2,0.25],"scale":[0.75,0.75,0.75]},"firstperson_righthand":{"rotation":[149.25,0,-180]},"firstperson_lefthand":{"rotation":[149.25,0,-180]},"ground":{"translation":[0,3,0]},"gui":{"rotation":[0,180,0],"translation":[0,-1.5,0],"scale":[2.14648,2.14648,2.14648]},"head":{"rotation":[5.75,0,0],"translation":[0,1.75,-0.5],"scale":[2.17578,2.17578,2.17578]},"fixed":{"rotation":[-90,0,0],"translation":[0,0,-7.25],"scale":[3.05664,3.05664,3.05664]}}}