{"textures​":{"1":"\u0062\u0065\u0061\u0072_\u0073\u0065\u0074:\u0066\u0069\u0073\u0068\u0069\u006e\u0067_\u0072\u006f\u0064","\u0070\u0061\u0072\u0074\u0069\u0063\u006c\u0065":"\u0062\u0065\u0061\u0072_\u0073\u0065\u0074:\u0066\u0069\u0073\u0068\u0069\u006e\u0067_\u0072\u006f\u0064"},"credit":"MadebyPolygonMC","texture_size":[24,24],"\u0074\u0065\u0078\u0074\u0075\u0072\u0065\u0073":{"1":"\u0062\u0065\u0061\u0072_\u0073\u0065\u0074:\u0066\u0069\u0073\u0068\u0069\u006e\u0067_\u0072\u006f\u0064","\u0070\u0061\u0072\u0074\u0069\u0063\u006c\u0065":"\u0062\u0065\u0061\u0072_\u0073\u0065\u0074:\u0066\u0069\u0073\u0068\u0069\u006e\u0067_\u0072\u006f\u0064"},"elements":[{"from":[7.5,1,7.5],"to":[8.5,2,8.5],"rotation":{"angle":0,"axis":"y","origin":[7.5,0,7.5]},"faces":{"north":{"uv":[10.66667,0.66667,11.33333,1.33333],"texture":"#1"},"east":{"uv":[1.33333,10.66667,2,11.33333],"texture":"#1"},"south":{"uv":[10.66667,1.33333,11.33333,2],"texture":"#1"},"west":{"uv":[2,10.66667,2.66667,11.33333],"texture":"#1"},"up":{"uv":[11.33333,2.66667,10.66667,2],"texture":"#1"},"down":{"uv":[11.33333,2.66667,10.66667,3.33333],"texture":"#1"}}},{"from":[7.5,4,7.5],"to":[8.5,5,8.5],"rotation":{"angle":0,"axis":"y","origin":[7.5,3,7.5]},"faces":{"north":{"uv":[10.66667,6.66667,11.33333,7.33333],"texture":"#1"},"east":{"uv":[10.66667,7.33333,11.33333,8],"texture":"#1"},"south":{"uv":[8.66667,10.66667,9.33333,11.33333],"texture":"#1"},"west":{"uv":[10.66667,8.66667,11.33333,9.33333],"texture":"#1"},"up":{"uv":[10,11.33333,9.33333,10.66667],"texture":"#1"},"down":{"uv":[11.33333,9.33333,10.66667,10],"texture":"#1"}}},{"from":[7.6,2,7.6],"to":[8.4,4,8.4],"rotation":{"angle":0,"axis":"y","origin":[7.5,1,7.5]},"faces":{"north":{"uv":[8.66667,0,9.33333,1.33333],"texture":"#1"},"east":{"uv":[4.66667,10,5.33333,11.33333],"texture":"#1"},"south":{"uv":[10,6.66667,10.66667,8],"texture":"#1"},"west":{"uv":[8,10,8.66667,11.33333],"texture":"#1"},"up":{"uv":[10.66667,11.33333,10,10.66667],"texture":"#1"},"down":{"uv":[11.33333,10,10.66667,10.66667],"texture":"#1"}}},{"from":[7.44,0.215,7.44],"to":[8.56,1.335,8.56],"rotation":{"angle":-45,"axis":"x","origin":[8,0.775,8]},"faces":{"north":{"uv":[10.66667,10.66667,11.33333,11.33333],"texture":"#1"},"east":{"uv":[0,11.33333,0.66667,12],"texture":"#1"},"south":{"uv":[11.33333,0,12,0.66667],"texture":"#1"},"west":{"uv":[0.66667,11.33333,1.33333,12],"texture":"#1"},"up":{"uv":[12,1.33333,11.33333,0.66667],"texture":"#1"},"down":{"uv":[2,11.33333,1.33333,12],"texture":"#1"}}},{"from":[7.35,5,7.35],"to":[8.65,7,8.65],"rotation":{"angle":0,"axis":"y","origin":[7,-4,7]},"faces":{"north":{"uv":[8,1.33333,9,2.66667],"texture":"#1"},"east":{"uv":[8,2.66667,9,4],"texture":"#1"},"south":{"uv":[3.33333,8,4.33333,9.33333],"texture":"#1"},"west":{"uv":[8,4,9,5.33333],"texture":"#1"},"up":{"uv":[11,6.33333,10,5.33333],"texture":"#1"},"down":{"uv":[7,10,6,11],"texture":"#1"}}},{"from":[7.45,7,7.45],"to":[8.55,10.5,8.55],"rotation":{"angle":0,"axis":"y","origin":[7,-4,7]},"faces":{"north":{"uv":[8,6.66667,7.33333,9],"texture":"#1"},"east":{"uv":[7.33333,6.66667,8,9],"texture":"#1"},"south":{"uv":[8,6.66667,7.33333,9],"texture":"#1"},"west":{"uv":[7.33333,6.66667,8,9],"texture":"#1"},"up":{"uv":[12,2,11.33333,1.33333],"texture":"#1"}}},{"from":[7.52788,10.4478,7.52788],"to":[8.47212,13.4522,8.47212],"rotation":{"angle":0,"axis":"y","origin":[8,12.33,8]},"faces":{"north":{"uv":[10,0,9.33333,2],"texture":"#1"},"east":{"uv":[9.33333,0,10,2],"texture":"#1"},"south":{"uv":[10,0,9.33333,2],"texture":"#1"},"west":{"uv":[9.33333,0,10,2],"texture":"#1"},"up":{"uv":[12,8,11.33333,7.33333],"texture":"#1"}}},{"from":[7.61286,13.3932,7.03786],"to":[8.38714,15.3568,7.81214],"rotation":{"angle":-22.5,"axis":"x","origin":[8,14.95,8]},"faces":{"north":{"uv":[4.66667,10,4,11.66667],"texture":"#1"},"east":{"uv":[4,10,4.66667,11.66667],"texture":"#1"},"south":{"uv":[4.66667,10,4,11.66667],"texture":"#1"},"west":{"uv":[4,10,4.66667,11.66667],"texture":"#1"},"up":{"uv":[8.66667,12,8,11.33333],"texture":"#1"}}},{"from":[7.70577,14.60198,5.89043],"to":[8.29423,16.47433,6.47888],"rotation":{"angle":-45,"axis":"x","origin":[8,16.31315,6.33465]},"faces":{"north":{"uv":[11.33333,8,11.66667,9.33333],"texture":"#1"},"east":{"uv":[8.66667,11.33333,9,12.66667],"texture":"#1"},"south":{"uv":[9.33333,11.33333,9.66667,12.66667],"texture":"#1"},"west":{"uv":[11.33333,9.33333,11.66667,10.66667],"texture":"#1"},"up":{"uv":[8.33333,12.33333,8,12],"texture":"#1"}}},{"from":[7.45,9.23431,9.0565],"to":[10.15,11.93431,11.7565],"rotation":{"angle":-22.5,"axis":"z","origin":[8.8,10.94007,9.5425]},"faces":{"north":{"uv":[5,4,3.33333,5.66667],"texture":"#1"},"east":{"uv":[5,2,3.33333,3.66667],"texture":"#1"},"south":{"uv":[5,0,3.33333,1.66667],"texture":"#1"},"west":{"uv":[7,0,5.33333,1.66667],"texture":"#1"},"up":{"uv":[7,2,5.33333,3.66667],"texture":"#1"},"down":{"uv":[7,5.66667,5.33333,4],"texture":"#1"}}},{"from":[6.92,7.20931,9.5965],"to":[9.08,9.90931,11.4865],"rotation":{"angle":0,"axis":"y","origin":[8,10.09633,10.15]},"faces":{"north":{"uv":[7.33333,6,6,7.66667],"texture":"#1"},"east":{"uv":[6,6,4.66667,7.66667],"texture":"#1"},"south":{"uv":[4.66667,6,3.33333,7.66667],"texture":"#1"},"west":{"uv":[1.33333,7.33333,0,9],"texture":"#1"},"up":{"uv":[8.66667,0,7.33333,1.33333],"texture":"#1"},"down":{"uv":[2.66667,8.66667,1.33333,7.33333],"texture":"#1"}}},{"from":[6.92,7.20931,9.0565],"to":[9.08,8.83431,9.5965],"rotation":{"angle":0,"axis":"y","origin":[8,10.09633,10.15]},"faces":{"north":{"uv":[6,8,4.66667,9],"texture":"#1"},"east":{"uv":[10.33333,11.33333,10,12.33333],"texture":"#1"},"west":{"uv":[11,11.33333,10.66667,12.33333],"texture":"#1"},"up":{"uv":[12.66667,2,11.33333,2.33333],"texture":"#1"},"down":{"uv":[12.66667,3,11.33333,2.66667],"texture":"#1"}}},{"from":[7.99,9.23431,8.5165],"to":[9.61,10.31431,9.0565],"rotation":{"angle":-22.5,"axis":"z","origin":[8.8,10.94007,9.5425]},"faces":{"north":{"uv":[11,8,10,8.66667],"texture":"#1"},"east":{"uv":[0.33333,12,0,12.66667],"texture":"#1"},"west":{"uv":[12.33333,0,12,0.66667],"texture":"#1"},"up":{"uv":[12.33333,10.66667,11.33333,11],"texture":"#1"},"down":{"uv":[12.33333,11.66667,11.33333,11.33333],"texture":"#1"}}},{"from":[8.422,9.89041,8.4409],"to":[9.178,10.38721,8.9161],"rotation":{"angle":-22.5,"axis":"z","origin":[8.8,10.94007,9.5425]},"faces":{"north":{"uv":[12.66667,0.66667,12,1],"texture":"#1"},"east":{"uv":[5.66667,12,5.33333,12.33333],"texture":"#1"},"south":{"uv":[1.33333,12,0.66667,12.33333],"texture":"#1"},"west":{"uv":[12.33333,5.33333,12,5.66667],"texture":"#1"},"up":{"uv":[2,12,1.33333,12.33333],"texture":"#1"},"down":{"uv":[12.66667,1.66667,12,1.33333],"texture":"#1"}}},{"from":[7.73,7.36924,10.45498],"to":[8.27,7.90924,10.99498],"rotation":{"angle":-22.5,"axis":"x","origin":[8,10.09633,10.15]},"faces":{"north":{"uv":[7,12,6.66667,12.33333],"texture":"#1"},"east":{"uv":[12.33333,6,12,6.33333],"texture":"#1"},"south":{"uv":[6.33333,12,6,12.33333],"texture":"#1"},"west":{"uv":[12.33333,6.66667,12,7],"texture":"#1"},"up":{"uv":[7.66667,12,7.33333,12.33333],"texture":"#1"},"down":{"uv":[12.33333,7.66667,12,7.33333],"texture":"#1"}}},{"from":[7.55935,11.85665,10.104],"to":[8.77435,13.07165,10.694],"rotation":{"angle":0,"axis":"z","origin":[8.8,10.94007,9.5425]},"faces":{"north":{"uv":[12,3.33333,11.33333,4],"texture":"#1"},"east":{"uv":[2.33333,12,2,12.66667],"texture":"#1"},"south":{"uv":[2.66667,11.33333,2,12],"texture":"#1"},"west":{"uv":[3,12,2.66667,12.66667],"texture":"#1"},"up":{"uv":[4,12,3.33333,12.33333],"texture":"#1"},"down":{"uv":[12.66667,3.66667,12,3.33333],"texture":"#1"}}},{"from":[6.51182,6.30431,8.09038],"to":[7.72682,7.51931,11.33038],"rotation":{"angle":-45,"axis":"x","origin":[7.11932,6.91181,9.71038]},"faces":{"north":{"uv":[5.33333,11.33333,4.66667,12],"texture":"#1"},"east":{"uv":[10,5.33333,8,6],"texture":"#1"},"south":{"uv":[12,4,11.33333,4.66667],"texture":"#1"},"west":{"uv":[10,6,8,6.66667],"texture":"#1"},"up":{"uv":[6.66667,8,6,10],"texture":"#1"},"down":{"uv":[7.33333,10,6.66667,8],"texture":"#1"}}},{"from":[6.205,8.52119,7.96945],"to":[7.42,9.73619,10.66945],"rotation":{"angle":-22.5,"axis":"x","origin":[8.5,9.79633,10.15]},"faces":{"north":{"uv":[6,11.33333,5.33333,12],"texture":"#1"},"east":{"uv":[5,9.33333,3.33333,10],"texture":"#1"},"south":{"uv":[12,4.66667,11.33333,5.33333],"texture":"#1"},"west":{"uv":[11,3.33333,9.33333,4],"texture":"#1"},"up":{"uv":[1.33333,9.33333,0.66667,11],"texture":"#1"},"down":{"uv":[6,11,5.33333,9.33333],"texture":"#1"}}},{"from":[8.58,8.52119,7.96945],"to":[9.795,9.73619,10.66945],"rotation":{"angle":-22.5,"axis":"x","origin":[7.5,9.79633,10.15]},"faces":{"north":{"uv":[6.66667,11.33333,6,12],"texture":"#1"},"east":{"uv":[11,4,9.33333,4.66667],"texture":"#1"},"south":{"uv":[12,5.33333,11.33333,6],"texture":"#1"},"west":{"uv":[11,4.66667,9.33333,5.33333],"texture":"#1"},"up":{"uv":[8,9.33333,7.33333,11],"texture":"#1"},"down":{"uv":[10,9.66667,9.33333,8],"texture":"#1"}}},{"from":[8.27318,6.30431,8.09038],"to":[9.48818,7.51931,11.33038],"rotation":{"angle":-45,"axis":"x","origin":[8.88068,6.91181,9.71038]},"faces":{"north":{"uv":[7.33333,11.33333,6.66667,12],"texture":"#1"},"east":{"uv":[10,6.66667,8,7.33333],"texture":"#1"},"south":{"uv":[12,6,11.33333,6.66667],"texture":"#1"},"west":{"uv":[10,7.33333,8,8],"texture":"#1"},"up":{"uv":[8.66667,8,8,10],"texture":"#1"},"down":{"uv":[2,10.66667,1.33333,8.66667],"texture":"#1"}}},{"from":[8.82565,11.85665,10.104],"to":[10.04065,13.07165,10.694],"rotation":{"angle":-45,"axis":"z","origin":[8.8,10.94007,9.5425]},"faces":{"north":{"uv":[8,11.33333,7.33333,12],"texture":"#1"},"east":{"uv":[4.33333,12,4,12.66667],"texture":"#1"},"south":{"uv":[12,6.66667,11.33333,7.33333],"texture":"#1"},"west":{"uv":[12.33333,4,12,4.66667],"texture":"#1"},"up":{"uv":[5.33333,12,4.66667,12.33333],"texture":"#1"},"down":{"uv":[12.66667,5,12,4.66667],"texture":"#1"}}},{"from":[7.5072,7.5572,3.8572],"to":[8.4928,8.5428,4.8428],"rotation":{"angle":0,"axis":"y","origin":[6.5216,0.1224,0.0648]},"faces":{"north":{"uv":[8.66667,10,9.33333,10.66667],"texture":"#1"},"east":{"uv":[10,8.66667,10.66667,9.33333],"texture":"#1"},"south":{"uv":[9.33333,10,10,10.66667],"texture":"#1"},"west":{"uv":[10,9.33333,10.66667,10],"texture":"#1"},"up":{"uv":[10.66667,10.66667,10,10],"texture":"#1"},"down":{"uv":[11.33333,0,10.66667,0.66667],"texture":"#1"}}},{"from":[8,5.5,3.1],"to":[8,16.5,7.6],"rotation":{"angle":0,"axis":"y","origin":[8,0,0]},"faces":{"north":{"uv":[0,0,0,7.33333],"texture":"#1"},"east":{"uv":[3,0,0,7.33333],"texture":"#1"},"south":{"uv":[0,0,0,7.33333],"texture":"#1"},"west":{"uv":[0,0,3,7.33333],"texture":"#1"},"up":{"uv":[0,3,0,0],"texture":"#1"},"down":{"uv":[0,0,0,3],"texture":"#1"}}},{"from":[7.25,8.3,6.1],"to":[8.75,8.3,8.1],"rotation":{"angle":0,"axis":"y","origin":[7.25,0,0]},"faces":{"north":{"uv":[0,0,1,0],"texture":"#1"},"east":{"uv":[0,0,1.33333,0],"texture":"#1"},"south":{"uv":[0,0,1,0],"texture":"#1"},"west":{"uv":[0,0,1.33333,0],"texture":"#1"},"up":{"uv":[10.33333,3.33333,9.33333,2],"texture":"#1"},"down":{"uv":[10.33333,2,9.33333,3.33333],"texture":"#1"}}},{"from":[7.25,11.8,6.1],"to":[8.75,11.8,8.1],"rotation":{"angle":0,"axis":"y","origin":[7.25,0,0]},"faces":{"north":{"uv":[0,0,1,0],"texture":"#1"},"east":{"uv":[0,0,1.33333,0],"texture":"#1"},"south":{"uv":[0,0,1,0],"texture":"#1"},"west":{"uv":[0,0,1.33333,0],"texture":"#1"},"up":{"uv":[10.33333,3.33333,9.33333,2],"texture":"#1"},"down":{"uv":[10.33333,2,9.33333,3.33333],"texture":"#1"}}},{"from":[7.25,14.4,5.6],"to":[8.75,14.4,7.6],"rotation":{"angle":-22.5,"axis":"x","origin":[8,14.3,6.6]},"faces":{"north":{"uv":[0,0,1,0],"texture":"#1"},"east":{"uv":[0,0,1.33333,0],"texture":"#1"},"south":{"uv":[0,0,1,0],"texture":"#1"},"west":{"uv":[0,0,1.33333,0],"texture":"#1"},"up":{"uv":[10.33333,3.33333,9.33333,2],"texture":"#1"},"down":{"uv":[10.33333,2,9.33333,3.33333],"texture":"#1"}}},{"from":[7.25,15.45775,4.38142],"to":[8.75,15.45775,6.38142],"rotation":{"angle":-45,"axis":"x","origin":[8,15.53275,5.55642]},"faces":{"north":{"uv":[0,0,1,0],"texture":"#1"},"east":{"uv":[0,0,1.33333,0],"texture":"#1"},"south":{"uv":[0,0,1,0],"texture":"#1"},"west":{"uv":[0,0,1.33333,0],"texture":"#1"},"up":{"uv":[10.33333,3.33333,9.33333,2],"texture":"#1"},"down":{"uv":[10.33333,2,9.33333,3.33333],"texture":"#1"}}}],"gui_light":"front","display":{"thirdperson_righthand":{"translation":[0,3,1]},"thirdperson_lefthand":{"translation":[0,3,1]},"firstperson_righthand":{"rotation":[-10,0,0],"translation":[-1.5,4.75,2]},"firstperson_lefthand":{"rotation":[-10,0,0],"translation":[-1.5,4.75,2]},"ground":{"translation":[0,8.5,0]},"gui":{"rotation":[-90,45,90],"translation":[1,0,0],"scale":[1.16015,1.16015,1.16015]},"head":{"scale":[0,0,0]},"fixed":{"rotation":[90,-135,90],"translation":[-0.75,-0.25,0],"scale":[1.20118,1.20118,1.20118]}}}