{"textures​":{"layer0":"minecraft:item/netherite_pickaxe"},"credit":"MadebyPolygonMC","texture_size":[32,32],"\u0074\u0065\u0078\u0074\u0075\u0072\u0065\u0073":{"2":"\u0062\u0065\u0061\u0072_\u0073\u0065\u0074:\u0068\u0061\u006d\u006d\u0065\u0072","\u0070\u0061\u0072\u0074\u0069\u0063\u006c\u0065":"#2"},"elements":[{"from":[7.5,7,7.5],"to":[8.5,8,8.5],"rotation":{"angle":0,"axis":"y","origin":[7.5,6,7.5]},"faces":{"north":{"uv":[8.5,2,9,2.5],"texture":"#2"},"east":{"uv":[7.5,8.5,8,9],"texture":"#2"},"south":{"uv":[9,3.5,9.5,4],"texture":"#2"},"west":{"uv":[9.5,5.5,10,6],"texture":"#2"},"up":{"uv":[10.5,3.5,10,3],"texture":"#2"},"down":{"uv":[12,1,11.5,1.5],"texture":"#2"}}},{"from":[7.5,10,7.5],"to":[8.5,11,8.5],"rotation":{"angle":0,"axis":"y","origin":[7.5,9,7.5]},"faces":{"north":{"uv":[1.5,11.5,2,12],"texture":"#2"},"east":{"uv":[11.5,1.5,12,2],"texture":"#2"},"south":{"uv":[3,11.5,3.5,12],"texture":"#2"},"west":{"uv":[11.5,3,12,3.5],"texture":"#2"},"up":{"uv":[4,12,3.5,11.5],"texture":"#2"},"down":{"uv":[12,3.5,11.5,4],"texture":"#2"}}},{"from":[7.6,8,7.6],"to":[8.4,10,8.4],"rotation":{"angle":0,"axis":"y","origin":[7.5,7,7.5]},"faces":{"north":{"uv":[6.5,7.5,7,8.5],"texture":"#2"},"east":{"uv":[10.5,10,11,11],"texture":"#2"},"south":{"uv":[4,11,4.5,12],"texture":"#2"},"west":{"uv":[11,7.5,11.5,8.5],"texture":"#2"},"up":{"uv":[5,12,4.5,11.5],"texture":"#2"},"down":{"uv":[12,4.5,11.5,5],"texture":"#2"}}},{"from":[7.44,6.215,7.44],"to":[8.56,7.335,8.56],"rotation":{"angle":-45,"axis":"x","origin":[8,6.775,8]},"faces":{"north":{"uv":[5,11.5,5.5,12],"texture":"#2"},"east":{"uv":[11.5,5,12,5.5],"texture":"#2"},"south":{"uv":[5.5,11.5,6,12],"texture":"#2"},"west":{"uv":[11.5,5.5,12,6],"texture":"#2"},"up":{"uv":[6.5,12,6,11.5],"texture":"#2"},"down":{"uv":[12,6,11.5,6.5],"texture":"#2"}}},{"from":[7.44,0.215,7.44],"to":[8.56,1.335,8.56],"rotation":{"angle":-45,"axis":"x","origin":[8,0.775,8]},"faces":{"north":{"uv":[6.5,11.5,7,12],"texture":"#2"},"east":{"uv":[11.5,6.5,12,7],"texture":"#2"},"south":{"uv":[7,11.5,7.5,12],"texture":"#2"},"west":{"uv":[11.5,7,12,7.5],"texture":"#2"},"up":{"uv":[12,8,11.5,7.5],"texture":"#2"},"down":{"uv":[12,8,11.5,8.5],"texture":"#2"}}},{"from":[7.35,11,7.35],"to":[8.65,13,8.65],"rotation":{"angle":0,"axis":"y","origin":[7,2,7]},"faces":{"north":{"uv":[10,7.5,10.75,8.5],"texture":"#2"},"east":{"uv":[9.5,10,10.25,11],"texture":"#2"},"south":{"uv":[0,10.5,0.75,11.5],"texture":"#2"},"west":{"uv":[10.5,0,11.25,1],"texture":"#2"},"up":{"uv":[5.25,11.25,4.5,10.5],"texture":"#2"},"down":{"uv":[11.25,4.5,10.5,5.25],"texture":"#2"}}},{"from":[7.35,16.5,7.35],"to":[8.65,20.5,8.65],"rotation":{"angle":0,"axis":"y","origin":[7,2,7]},"faces":{"north":{"uv":[8.5,0,9.25,2],"texture":"#2"},"east":{"uv":[4.5,8.5,5.25,10.5],"texture":"#2"},"south":{"uv":[5.5,8.5,6.25,10.5],"texture":"#2"},"west":{"uv":[6.5,8.5,7.25,10.5],"texture":"#2"},"up":{"uv":[6.25,11.25,5.5,10.5],"texture":"#2"},"down":{"uv":[11.25,5.5,10.5,6.25],"texture":"#2"}}},{"from":[7.45,13,7.45],"to":[8.55,16.5,8.55],"rotation":{"angle":0,"axis":"y","origin":[7,2,7]},"faces":{"north":{"uv":[4,9,4.5,10.75],"texture":"#2"},"east":{"uv":[2,10,2.5,11.75],"texture":"#2"},"south":{"uv":[2.5,10,3,11.75],"texture":"#2"},"west":{"uv":[10,5.5,10.5,7.25],"texture":"#2"}}},{"from":[7.35,1.1,7.35],"to":[8.65,3.1,8.65],"rotation":{"angle":0,"axis":"y","origin":[7,6,7]},"faces":{"north":{"uv":[1,10.5,1.75,11.5],"texture":"#2"},"east":{"uv":[10.5,1,11.25,2],"texture":"#2"},"south":{"uv":[3,10.5,3.75,11.5],"texture":"#2"},"west":{"uv":[10.5,3,11.25,4],"texture":"#2"},"up":{"uv":[7.25,11.25,6.5,10.5],"texture":"#2"},"down":{"uv":[11.25,6.5,10.5,7.25],"texture":"#2"}}},{"from":[7.45,3.1,7.45],"to":[8.55,6.6,8.55],"rotation":{"angle":0,"axis":"y","origin":[7,6,7]},"faces":{"north":{"uv":[7.5,10,8,11.75],"texture":"#2"},"east":{"uv":[8,10,8.5,11.75],"texture":"#2"},"south":{"uv":[8.5,10,9,11.75],"texture":"#2"},"west":{"uv":[9,10,9.5,11.75],"texture":"#2"}}},{"from":[7,17,7],"to":[9,20,9],"rotation":{"angle":0,"axis":"y","origin":[7,2,0]},"faces":{"north":{"uv":[0,9,1,10.5],"texture":"#2"},"east":{"uv":[1,9,2,10.5],"texture":"#2"},"south":{"uv":[9,2,10,3.5],"texture":"#2"},"west":{"uv":[3,9,4,10.5],"texture":"#2"},"up":{"uv":[10,7,9,6],"texture":"#2"},"down":{"uv":[10,7,9,8],"texture":"#2"}}},{"from":[5.9,19.05541,0.199],"to":[10.1,23.25541,4.399],"rotation":{"angle":0,"axis":"y","origin":[8,21.15541,2.299]},"faces":{"north":{"uv":[0,0,2,2],"texture":"#2"},"east":{"uv":[0,2,2,4],"texture":"#2"},"south":{"uv":[2,0,4,2],"texture":"#2"},"west":{"uv":[2,2,4,4],"texture":"#2"},"up":{"uv":[2,6,0,4],"texture":"#2"},"down":{"uv":[6,0,4,2],"texture":"#2"}}},{"from":[6.74,19.05541,-0.641],"to":[9.26,20.73541,0.199],"rotation":{"angle":0,"axis":"y","origin":[8,21.15541,-1.901]},"faces":{"north":{"uv":[9.5,9,10.75,9.75],"texture":"#2"},"east":{"uv":[11.5,0,12,0.75],"texture":"#2"},"west":{"uv":[1,11.5,1.5,12.25],"texture":"#2"},"up":{"uv":[11.25,9,10,8.5],"texture":"#2"},"down":{"uv":[11.75,4,10.5,4.5],"texture":"#2"}}},{"from":[7.412,20.07601,-0.7586],"to":[8.588,20.84881,-0.0194],"rotation":{"angle":0,"axis":"y","origin":[7.916,21.18481,-2.1026]},"faces":{"north":{"uv":[11.5,8.5,12,9],"texture":"#2"},"east":{"uv":[11.5,11.5,11.75,12],"texture":"#2"},"south":{"uv":[11.5,9,12,9.5],"texture":"#2"},"west":{"uv":[0,12,0.25,12.5],"texture":"#2"},"up":{"uv":[12.5,0.25,12,0],"texture":"#2"},"down":{"uv":[1,12,0.5,12.25],"texture":"#2"}}},{"from":[6.32,14.85541,1.039],"to":[9.68,19.05541,3.979],"rotation":{"angle":0,"axis":"y","origin":[8,17.84469,1.564]},"faces":{"north":{"uv":[2,4,3.75,6],"texture":"#2"},"east":{"uv":[4,4,5.5,6],"texture":"#2"},"south":{"uv":[4,2,5.75,4],"texture":"#2"},"west":{"uv":[5.5,4,7,6],"texture":"#2"},"up":{"uv":[4.75,7.5,3,6],"texture":"#2"},"down":{"uv":[6.75,6,5,7.5],"texture":"#2"}}},{"from":[6.32,14.85541,0.199],"to":[9.68,16.95541,1.039],"rotation":{"angle":0,"axis":"y","origin":[8,17.84469,1.564]},"faces":{"north":{"uv":[8,8,9.75,9],"texture":"#2"},"east":{"uv":[11,9,11.5,10],"texture":"#2"},"west":{"uv":[9.5,11,10,12],"texture":"#2"},"up":{"uv":[11.75,2.5,10,2],"texture":"#2"},"down":{"uv":[11.75,2.5,10,3],"texture":"#2"}}},{"from":[9.68,15.19541,0.844],"to":[11.57,19.39541,2.734],"rotation":{"angle":22.5,"axis":"x","origin":[10.52,17.29541,1.894]},"faces":{"north":{"uv":[3,10,2,8],"rotation":180,"texture":"#2"},"east":{"uv":[4.5,7.5,6.5,8.5],"rotation":90,"texture":"#2"},"south":{"uv":[9,6,8,8],"texture":"#2"},"west":{"uv":[0,8,2,9],"rotation":270,"texture":"#2"},"up":{"uv":[8.5,9,9.5,10],"texture":"#2"},"down":{"uv":[7.5,9,8.5,10],"rotation":180,"texture":"#2"}}},{"from":[4.43,15.19541,0.844],"to":[6.32,19.39541,2.734],"rotation":{"angle":22.5,"axis":"x","origin":[5.48,17.29541,1.894]},"faces":{"north":{"uv":[2,10,3,8],"rotation":180,"texture":"#2"},"east":{"uv":[0,9,2,8],"rotation":270,"texture":"#2"},"south":{"uv":[8,6,9,8],"texture":"#2"},"west":{"uv":[4.5,8.5,6.5,7.5],"rotation":90,"texture":"#2"},"up":{"uv":[9.5,9,8.5,10],"texture":"#2"},"down":{"uv":[8.5,9,7.5,10],"rotation":180,"texture":"#2"}}},{"from":[8.3,11.12541,1.514],"to":[10.19,16.16541,3.404],"rotation":{"angle":-22.5,"axis":"x","origin":[9.14,14.06541,2.564]},"faces":{"north":{"uv":[8,8.5,7,6],"rotation":180,"texture":"#2"},"east":{"uv":[7,4,9.5,5],"rotation":90,"texture":"#2"},"south":{"uv":[8.5,0,7.5,2.5],"texture":"#2"},"west":{"uv":[7,5,9.5,6],"rotation":270,"texture":"#2"},"up":{"uv":[9.5,1,10.5,2],"texture":"#2"},"down":{"uv":[9.5,0,10.5,1],"rotation":180,"texture":"#2"}}},{"from":[5.81,11.12541,1.514],"to":[7.7,16.16541,3.404],"rotation":{"angle":-22.5,"axis":"x","origin":[6.86,14.06541,2.564]},"faces":{"north":{"uv":[7,8.5,8,6],"rotation":180,"texture":"#2"},"east":{"uv":[7,6,9.5,5],"rotation":270,"texture":"#2"},"south":{"uv":[7.5,0,8.5,2.5],"texture":"#2"},"west":{"uv":[7,5,9.5,4],"rotation":90,"texture":"#2"},"up":{"uv":[10.5,1,9.5,2],"texture":"#2"},"down":{"uv":[10.5,0,9.5,1],"rotation":180,"texture":"#2"}}},{"from":[8.84,22.42541,1.984],"to":[10.73,24.31541,2.824],"rotation":{"angle":-22.5,"axis":"z","origin":[9.68,23.26541,2.404]},"faces":{"north":{"uv":[9.5,3.5,10.5,4.5],"texture":"#2"},"east":{"uv":[10,11,10.5,12],"texture":"#2"},"south":{"uv":[9.5,4.5,10.5,5.5],"texture":"#2"},"west":{"uv":[11,10,11.5,11],"texture":"#2"},"up":{"uv":[11.5,11.5,10.5,11],"texture":"#2"},"down":{"uv":[1,11.5,0,12],"texture":"#2"}}},{"from":[5.27,22.42541,1.984],"to":[7.16,24.31541,2.824],"rotation":{"angle":22.5,"axis":"z","origin":[6.32,23.26541,2.404]},"faces":{"north":{"uv":[10.5,3.5,9.5,4.5],"texture":"#2"},"east":{"uv":[11.5,10,11,11],"texture":"#2"},"south":{"uv":[10.5,4.5,9.5,5.5],"texture":"#2"},"west":{"uv":[10.5,11,10,12],"texture":"#2"},"up":{"uv":[10.5,11.5,11.5,11],"texture":"#2"},"down":{"uv":[0,11.5,1,12],"texture":"#2"}}},{"from":[7.58,15.73741,3.769],"to":[8.42,16.57741,4.609],"rotation":{"angle":-22.5,"axis":"x","origin":[8,16.15741,4.189]},"faces":{"north":{"uv":[11.5,9.5,12,10],"texture":"#2"},"east":{"uv":[11.5,10,12,10.5],"texture":"#2"},"south":{"uv":[10.5,11.5,11,12],"texture":"#2"},"west":{"uv":[11.5,10.5,12,11],"texture":"#2"},"up":{"uv":[11.5,12,11,11.5],"texture":"#2"},"down":{"uv":[12,11,11.5,11.5],"texture":"#2"}}},{"from":[5.9,19.05541,11.601],"to":[10.1,23.25541,15.801],"rotation":{"angle":0,"axis":"y","origin":[8,21.15541,13.701]},"faces":{"north":{"uv":[4,0,2,2],"texture":"#2"},"east":{"uv":[2,2,0,4],"texture":"#2"},"south":{"uv":[2,0,0,2],"texture":"#2"},"west":{"uv":[4,2,2,4],"texture":"#2"},"up":{"uv":[2,4,0,6],"texture":"#2"},"down":{"uv":[6,2,4,0],"texture":"#2"}}},{"from":[6.74,19.05541,15.801],"to":[9.26,20.73541,16.641],"rotation":{"angle":0,"axis":"y","origin":[8,21.15541,17.901]},"faces":{"east":{"uv":[12,0,11.5,0.75],"texture":"#2"},"south":{"uv":[10.75,9,9.5,9.75],"texture":"#2"},"west":{"uv":[1.5,11.5,1,12.25],"texture":"#2"},"up":{"uv":[11.25,8.5,10,9],"texture":"#2"},"down":{"uv":[11.75,4.5,10.5,4],"texture":"#2"}}},{"from":[7.412,20.07601,16.0194],"to":[8.588,20.84881,16.7586],"rotation":{"angle":0,"axis":"y","origin":[7.916,21.18481,18.1026]},"faces":{"north":{"uv":[12,9,11.5,9.5],"texture":"#2"},"east":{"uv":[11.75,11.5,11.5,12],"texture":"#2"},"south":{"uv":[12,8.5,11.5,9],"texture":"#2"},"west":{"uv":[0.25,12,0,12.5],"texture":"#2"},"up":{"uv":[12.5,0,12,0.25],"texture":"#2"},"down":{"uv":[1,12.25,0.5,12],"texture":"#2"}}},{"from":[6.32,14.85541,12.021],"to":[9.68,19.05541,14.961],"rotation":{"angle":0,"axis":"y","origin":[8,17.84469,14.436]},"faces":{"north":{"uv":[5.75,2,4,4],"texture":"#2"},"east":{"uv":[5.5,4,4,6],"texture":"#2"},"south":{"uv":[3.75,4,2,6],"texture":"#2"},"west":{"uv":[7,4,5.5,6],"texture":"#2"},"up":{"uv":[4.75,6,3,7.5],"texture":"#2"},"down":{"uv":[6.75,7.5,5,6],"texture":"#2"}}},{"from":[6.32,14.85541,14.961],"to":[9.68,16.95541,15.801],"rotation":{"angle":0,"axis":"y","origin":[8,17.84469,14.436]},"faces":{"east":{"uv":[11.5,9,11,10],"texture":"#2"},"south":{"uv":[9.75,8,8,9],"texture":"#2"},"west":{"uv":[10,11,9.5,12],"texture":"#2"},"up":{"uv":[11.75,2,10,2.5],"texture":"#2"},"down":{"uv":[11.75,3,10,2.5],"texture":"#2"}}},{"from":[9.68,15.19541,13.266],"to":[11.57,19.39541,15.156],"rotation":{"angle":-22.5,"axis":"x","origin":[10.52,17.29541,14.106]},"faces":{"north":{"uv":[8,6,9,8],"texture":"#2"},"east":{"uv":[4.5,8.5,6.5,7.5],"rotation":90,"texture":"#2"},"south":{"uv":[2,10,3,8],"rotation":180,"texture":"#2"},"west":{"uv":[0,9,2,8],"rotation":270,"texture":"#2"},"up":{"uv":[8.5,10,9.5,9],"texture":"#2"},"down":{"uv":[7.5,10,8.5,9],"rotation":180,"texture":"#2"}}},{"from":[8.3,11.12541,12.596],"to":[10.19,16.16541,14.486],"rotation":{"angle":22.5,"axis":"x","origin":[9.14,14.06541,13.436]},"faces":{"north":{"uv":[7.5,0,8.5,2.5],"texture":"#2"},"east":{"uv":[7,5,9.5,4],"rotation":90,"texture":"#2"},"south":{"uv":[7,8.5,8,6],"rotation":180,"texture":"#2"},"west":{"uv":[7,6,9.5,5],"rotation":270,"texture":"#2"},"up":{"uv":[9.5,2,10.5,1],"texture":"#2"},"down":{"uv":[9.5,1,10.5,0],"rotation":180,"texture":"#2"}}},{"from":[8.84,22.42541,13.176],"to":[10.73,24.31541,14.016],"rotation":{"angle":-22.5,"axis":"z","origin":[9.68,23.26541,13.596]},"faces":{"north":{"uv":[10.5,4.5,9.5,5.5],"texture":"#2"},"east":{"uv":[10.5,11,10,12],"texture":"#2"},"south":{"uv":[10.5,3.5,9.5,4.5],"texture":"#2"},"west":{"uv":[11.5,10,11,11],"texture":"#2"},"up":{"uv":[11.5,11,10.5,11.5],"texture":"#2"},"down":{"uv":[1,12,0,11.5],"texture":"#2"}}},{"from":[7.58,15.73741,11.391],"to":[8.42,16.57741,12.231],"rotation":{"angle":22.5,"axis":"x","origin":[8,16.15741,11.811]},"faces":{"north":{"uv":[11,11.5,10.5,12],"texture":"#2"},"east":{"uv":[12,10,11.5,10.5],"texture":"#2"},"south":{"uv":[12,9.5,11.5,10],"texture":"#2"},"west":{"uv":[12,10.5,11.5,11],"texture":"#2"},"up":{"uv":[11.5,11.5,11,12],"texture":"#2"},"down":{"uv":[12,11.5,11.5,11],"texture":"#2"}}},{"from":[5.27,22.42541,13.176],"to":[7.16,24.31541,14.016],"rotation":{"angle":22.5,"axis":"z","origin":[6.32,23.26541,13.596]},"faces":{"north":{"uv":[9.5,4.5,10.5,5.5],"texture":"#2"},"east":{"uv":[11,10,11.5,11],"texture":"#2"},"south":{"uv":[9.5,3.5,10.5,4.5],"texture":"#2"},"west":{"uv":[10,11,10.5,12],"texture":"#2"},"up":{"uv":[10.5,11,11.5,11.5],"texture":"#2"},"down":{"uv":[0,12,1,11.5],"texture":"#2"}}},{"from":[5.81,11.12541,12.596],"to":[7.7,16.16541,14.486],"rotation":{"angle":22.5,"axis":"x","origin":[6.86,14.06541,13.436]},"faces":{"north":{"uv":[8.5,0,7.5,2.5],"texture":"#2"},"east":{"uv":[7,5,9.5,6],"rotation":270,"texture":"#2"},"south":{"uv":[8,8.5,7,6],"rotation":180,"texture":"#2"},"west":{"uv":[7,4,9.5,5],"rotation":90,"texture":"#2"},"up":{"uv":[10.5,2,9.5,1],"texture":"#2"},"down":{"uv":[10.5,1,9.5,0],"rotation":180,"texture":"#2"}}},{"from":[4.43,15.19541,13.266],"to":[6.32,19.39541,15.156],"rotation":{"angle":-22.5,"axis":"x","origin":[5.48,17.29541,14.106]},"faces":{"north":{"uv":[9,6,8,8],"texture":"#2"},"east":{"uv":[0,8,2,9],"rotation":270,"texture":"#2"},"south":{"uv":[3,10,2,8],"rotation":180,"texture":"#2"},"west":{"uv":[4.5,7.5,6.5,8.5],"rotation":90,"texture":"#2"},"up":{"uv":[9.5,10,8.5,9],"texture":"#2"},"down":{"uv":[8.5,10,7.5,9],"rotation":180,"texture":"#2"}}},{"from":[6.5,16.5,4],"to":[9.5,20.5,7],"rotation":{"angle":0,"axis":"y","origin":[7,0,0]},"faces":{"north":{"uv":[0,6,1.5,8],"texture":"#2"},"east":{"uv":[6,0,7.5,2],"texture":"#2"},"south":{"uv":[1.5,6,3,8],"texture":"#2"},"west":{"uv":[6,2,7.5,4],"texture":"#2"},"up":{"uv":[9,4,7.5,2.5],"texture":"#2"},"down":{"uv":[4.5,7.5,3,9],"texture":"#2"}}},{"from":[6.5,16.5,9],"to":[9.5,20.5,12],"rotation":{"angle":0,"axis":"y","origin":[7,0,16]},"faces":{"north":{"uv":[3,6,1.5,8],"texture":"#2"},"east":{"uv":[7.5,0,6,2],"texture":"#2"},"south":{"uv":[1.5,6,0,8],"texture":"#2"},"west":{"uv":[7.5,2,6,4],"texture":"#2"},"up":{"uv":[9,2.5,7.5,4],"texture":"#2"},"down":{"uv":[4.5,9,3,7.5],"texture":"#2"}}}],"gui_light":"front","display":{"thirdperson_righthand":{"translation":[0,1.5,1]},"thirdperson_lefthand":{"translation":[0,1.5,1]},"firstperson_righthand":{"rotation":[-15,0,0],"translation":[-0.75,0.25,-1]},"firstperson_lefthand":{"rotation":[-15,0,0],"translation":[-0.75,0.25,-1]},"ground":{"translation":[0,7,0]},"gui":{"rotation":[90,-45,90],"translation":[3.5,-3.5,0],"scale":[0.69531,0.69531,0.69531]},"head":{"scale":[0,0,0]},"fixed":{"rotation":[90,-135.5,90],"translation":[-4,-4.25,0],"scale":[0.81055,0.81055,0.81055]}}}