{"textures​":{"layer0":"minecraft:item/golden_sword"},"credit":"Made by PolygonMC","texture_size":[32,32],"\u0074\u0065\u0078\u0074\u0075\u0072\u0065\u0073":{"2":"\u0062\u0065\u0061\u0072_\u0073\u0065\u0074:\u0073\u0068\u0069\u0065\u006c\u0064","\u0070\u0061\u0072\u0074\u0069\u0063\u006c\u0065":"#2"},"elements":[{"from":[7,-1.75,7.5],"to":[9,14.75,8],"rotation":{"angle":0,"axis":"y","origin":[7,7,7.5]},"faces":{"north":{"uv":[0,0,1,8.25],"texture":"#2"},"east":{"uv":[6,0,6.25,8.25],"texture":"#2"},"south":{"uv":[2,0,3,8.25],"texture":"#2"},"west":{"uv":[6.5,0,6.75,8.25],"texture":"#2"},"up":{"uv":[3.5,10.25,2.5,10],"texture":"#2"},"down":{"uv":[11,2.5,10,2.75],"texture":"#2"}}},{"from":[10.86627,-1.25,7.67231],"to":[12.36627,15.25,8.17231],"rotation":{"angle":-22.5,"axis":"y","origin":[11.36627,4,7.92231]},"faces":{"north":{"uv":[4,0,4.75,8.25],"texture":"#2"},"east":{"uv":[7,0,7.25,8.25],"texture":"#2"},"south":{"uv":[5,0,5.75,8.25],"texture":"#2"},"west":{"uv":[12.75,0,13,8.25],"texture":"#2"},"up":{"uv":[11.25,7.75,10.5,7.5],"texture":"#2"},"down":{"uv":[8.75,10.5,8,10.75],"texture":"#2"}}},{"from":[3.63373,-1.25,7.67231],"to":[5.13373,15.25,8.17231],"rotation":{"angle":22.5,"axis":"y","origin":[4.63373,4,7.92231]},"faces":{"north":{"uv":[4.75,0,4,8.25],"texture":"#2"},"east":{"uv":[13,0,12.75,8.25],"texture":"#2"},"south":{"uv":[5.75,0,5,8.25],"texture":"#2"},"west":{"uv":[7.25,0,7,8.25],"texture":"#2"},"up":{"uv":[10.5,7.75,11.25,7.5],"texture":"#2"},"down":{"uv":[8,10.5,8.75,10.75],"texture":"#2"}}},{"from":[9,0.25,7.5],"to":[11,14.25,8],"rotation":{"angle":0,"axis":"y","origin":[7,7,7.5]},"faces":{"north":{"uv":[1,0,2,7],"texture":"#2"},"south":{"uv":[3,0,4,7],"texture":"#2"},"up":{"uv":[11,1.75,10,1.5],"texture":"#2"},"down":{"uv":[11,2,10,2.25],"texture":"#2"}}},{"from":[5,0.25,7.5],"to":[7,14.25,8],"rotation":{"angle":0,"axis":"y","origin":[9,7,7.5]},"faces":{"north":{"uv":[2,0,1,7],"texture":"#2"},"south":{"uv":[4,0,3,7],"texture":"#2"},"up":{"uv":[10,1.75,11,1.5],"texture":"#2"},"down":{"uv":[10,2,11,2.25],"texture":"#2"}}},{"from":[7.5,5.79822,10],"to":[8.5,6.79822,11],"rotation":{"angle":0,"axis":"y","origin":[7.5,4.79822,10]},"faces":{"north":{"uv":[10,3,10.5,3.5],"texture":"#2"},"east":{"uv":[3.5,10,4,10.5],"texture":"#2"},"south":{"uv":[4,10,4.5,10.5],"texture":"#2"},"west":{"uv":[4.5,10,5,10.5],"texture":"#2"},"up":{"uv":[10.5,5.5,10,5],"texture":"#2"},"down":{"uv":[10.5,5.5,10,6],"texture":"#2"}}},{"from":[7.5,8.79822,10],"to":[8.5,9.79822,11],"rotation":{"angle":0,"axis":"y","origin":[7.5,7.79822,10]},"faces":{"north":{"uv":[10,6,10.5,6.5],"texture":"#2"},"east":{"uv":[6.5,10,7,10.5],"texture":"#2"},"south":{"uv":[7,10,7.5,10.5],"texture":"#2"},"west":{"uv":[10,7.5,10.5,8],"texture":"#2"},"up":{"uv":[10.5,8.5,10,8],"texture":"#2"},"down":{"uv":[10.5,8.5,10,9],"texture":"#2"}}},{"from":[7.6,6.79822,10.1],"to":[8.4,8.79822,10.9],"rotation":{"angle":0,"axis":"y","origin":[7.5,5.79822,10]},"faces":{"north":{"uv":[7.5,9.5,8,10.5],"texture":"#2"},"east":{"uv":[8,9.5,8.5,10.5],"texture":"#2"},"south":{"uv":[8.5,9.5,9,10.5],"texture":"#2"},"west":{"uv":[9,9.5,9.5,10.5],"texture":"#2"},"up":{"uv":[10.5,10,10,9.5],"texture":"#2"},"down":{"uv":[10.5,10,10,10.5],"texture":"#2"}}},{"from":[7.44,5.01322,9.94],"to":[8.56,6.13322,11.06],"rotation":{"angle":-45,"axis":"x","origin":[8,5.57322,10.5]},"faces":{"north":{"uv":[10.5,0,11,0.5],"texture":"#2"},"east":{"uv":[10.5,0.5,11,1],"texture":"#2"},"south":{"uv":[1,10.5,1.5,11],"texture":"#2"},"west":{"uv":[10.5,1,11,1.5],"texture":"#2"},"up":{"uv":[2,11,1.5,10.5],"texture":"#2"},"down":{"uv":[3,10.5,2.5,11],"texture":"#2"}}},{"from":[7.44,9.51322,9.94],"to":[8.56,11.13322,11.56],"rotation":{"angle":-45,"axis":"x","origin":[8,10.07322,10.5]},"faces":{"north":{"uv":[9.5,9.5,10,10.25],"texture":"#2"},"east":{"uv":[5.5,9.5,6.25,10.25],"texture":"#2"},"south":{"uv":[0,10,0.5,10.75],"texture":"#2"},"west":{"uv":[9.5,6.5,10.25,7.25],"texture":"#2"},"up":{"uv":[1,10.75,0.5,10],"texture":"#2"},"down":{"uv":[10.5,0.5,10,1.25],"texture":"#2"}}},{"from":[7.6,9.925,7.85],"to":[8.4,10.925,10.25],"rotation":{"angle":0,"axis":"x","origin":[8,10.425,9.25]},"faces":{"north":{"uv":[10.5,7,11,7.5],"texture":"#2"},"east":{"uv":[3.5,9.5,4.75,10],"texture":"#2"},"south":{"uv":[7.5,10.5,8,11],"texture":"#2"},"west":{"uv":[9.5,4.5,10.75,5],"texture":"#2"},"up":{"uv":[5.5,10.75,5,9.5],"texture":"#2"},"down":{"uv":[10,5,9.5,6.25],"texture":"#2"}}},{"from":[7.6,5.075,7.85],"to":[8.4,6.075,10.25],"rotation":{"angle":0,"axis":"x","origin":[8,5.575,9.25]},"faces":{"north":{"uv":[10.5,7.5,11,7],"texture":"#2"},"east":{"uv":[3.5,10,4.75,9.5],"texture":"#2"},"south":{"uv":[7.5,11,8,10.5],"texture":"#2"},"west":{"uv":[9.5,5,10.75,4.5],"texture":"#2"},"up":{"uv":[10,6.25,9.5,5],"texture":"#2"},"down":{"uv":[5.5,9.5,5,10.75],"texture":"#2"}}},{"from":[6.65,8.15931,5.0815],"to":[9.35,10.85931,7.7815],"rotation":{"angle":0,"axis":"y","origin":[8,9.50931,6.4315]},"faces":{"north":{"uv":[8.75,1.5,7.5,2.75],"texture":"#2"},"east":{"uv":[8.75,0,7.5,1.25],"texture":"#2"},"south":{"uv":[12.75,8.5,11.5,9.75],"texture":"#2"},"west":{"uv":[8.75,3,7.5,4.25],"texture":"#2"},"up":{"uv":[8.75,4.5,7.5,5.75],"texture":"#2"},"down":{"uv":[8.75,7.25,7.5,6],"texture":"#2"}}},{"from":[6.92,5.45931,5.6215],"to":[9.08,8.15931,7.5115],"rotation":{"angle":0,"axis":"y","origin":[8,7.38098,5.959]},"faces":{"north":{"uv":[2,8.5,1,9.75],"texture":"#2"},"east":{"uv":[1,8.5,0,9.75],"texture":"#2"},"south":{"uv":[8.5,7.5,7.5,8.75],"texture":"#2"},"west":{"uv":[12.75,9.75,11.75,11],"texture":"#2"},"up":{"uv":[4.5,8.5,3.5,9.5],"texture":"#2"},"down":{"uv":[5.5,9.5,4.5,8.5],"texture":"#2"}}},{"from":[6.92,5.45931,5.0815],"to":[9.08,7.08431,5.6215],"rotation":{"angle":0,"axis":"y","origin":[8,7.38098,5.959]},"faces":{"north":{"uv":[6.5,8.5,5.5,9.25],"texture":"#2"},"east":{"uv":[10.75,8,10.5,8.75],"texture":"#2"},"west":{"uv":[9.25,10.5,9,11.25],"texture":"#2"},"up":{"uv":[4,10.5,3,10.75],"texture":"#2"},"down":{"uv":[11.5,3.25,10.5,3],"texture":"#2"}}},{"from":[7.19,8.15931,4.5415],"to":[8.81,9.23931,5.0815],"rotation":{"angle":0,"axis":"y","origin":[8,9.50931,3.7315]},"faces":{"north":{"uv":[1.75,10,1,10.5],"texture":"#2"},"east":{"uv":[10.75,9.5,10.5,10],"texture":"#2"},"west":{"uv":[10.75,10,10.5,10.5],"texture":"#2"},"up":{"uv":[11.25,9,10.5,9.25],"texture":"#2"},"down":{"uv":[10.25,10.75,9.5,10.5],"texture":"#2"}}},{"from":[7.622,8.81541,4.4659],"to":[8.378,9.31221,4.9411],"rotation":{"angle":0,"axis":"y","origin":[7.946,9.52821,3.6019]},"faces":{"north":{"uv":[0.5,11,0,11.25],"texture":"#2"},"east":{"uv":[3.25,11,3,11.25],"texture":"#2"},"south":{"uv":[11,10.5,10.5,10.75],"texture":"#2"},"west":{"uv":[3.75,11,3.5,11.25],"texture":"#2"},"up":{"uv":[11.5,0,11,0.25],"texture":"#2"},"down":{"uv":[1,11.25,0.5,11],"texture":"#2"}}},{"from":[7.73,6.02631,7.3765],"to":[8.27,6.56631,7.9165],"rotation":{"angle":-22.5,"axis":"x","origin":[8,6.29631,7.6465]},"faces":{"north":{"uv":[11.25,4,11,4.25],"texture":"#2"},"east":{"uv":[4.25,11,4,11.25],"texture":"#2"},"south":{"uv":[11.25,3.5,11,3.75],"texture":"#2"},"west":{"uv":[4.75,11,4.5,11.25],"texture":"#2"},"up":{"uv":[11.25,4.5,11,4.75],"texture":"#2"},"down":{"uv":[5.25,11.25,5,11],"texture":"#2"}}},{"from":[6.245,10.45431,6.129],"to":[7.46,11.66931,6.719],"rotation":{"angle":22.5,"axis":"z","origin":[6.92,10.99431,6.424]},"faces":{"north":{"uv":[4.5,10.5,4,11],"texture":"#2"},"east":{"uv":[11.25,0.5,11,1],"texture":"#2"},"south":{"uv":[11,3.5,10.5,4],"texture":"#2"},"west":{"uv":[1.25,11,1,11.5],"texture":"#2"},"up":{"uv":[11.5,1,11,1.25],"texture":"#2"},"down":{"uv":[2,11.25,1.5,11],"texture":"#2"}}},{"from":[8.54,10.45431,6.129],"to":[9.755,11.66931,6.719],"rotation":{"angle":-22.5,"axis":"z","origin":[9.08,10.99431,6.424]},"faces":{"north":{"uv":[5,10.5,4.5,11],"texture":"#2"},"east":{"uv":[11.25,1.5,11,2],"texture":"#2"},"south":{"uv":[11,4,10.5,4.5],"texture":"#2"},"west":{"uv":[11.25,2,11,2.5],"texture":"#2"},"up":{"uv":[3,11,2.5,11.25],"texture":"#2"},"down":{"uv":[11.5,2.75,11,2.5],"texture":"#2"}}},{"from":[6.11,5.05431,4.069],"to":[7.325,6.26931,7.309],"rotation":{"angle":22.5,"axis":"y","origin":[6.785,5.59431,5.959]},"faces":{"north":{"uv":[6,10.5,5.5,11],"texture":"#2"},"east":{"uv":[10,7.5,8.5,8],"texture":"#2"},"south":{"uv":[11,5,10.5,5.5],"texture":"#2"},"west":{"uv":[10,8,8.5,8.5],"texture":"#2"},"up":{"uv":[7,8.5,6.5,10],"texture":"#2"},"down":{"uv":[7.5,10,7,8.5],"texture":"#2"}}},{"from":[5.705,6.80931,4.339],"to":[6.92,8.02431,7.039],"rotation":{"angle":-22.5,"axis":"x","origin":[6.38,7.34931,5.689]},"faces":{"north":{"uv":[6.5,10.5,6,11],"texture":"#2"},"east":{"uv":[10.25,3.5,9,4],"texture":"#2"},"south":{"uv":[11,5.5,10.5,6],"texture":"#2"},"west":{"uv":[10.25,4,9,4.5],"texture":"#2"},"up":{"uv":[9.5,4.5,9,5.75],"texture":"#2"},"down":{"uv":[9.5,7.25,9,6],"texture":"#2"}}},{"from":[9.08,6.80931,4.339],"to":[10.295,8.02431,7.039],"rotation":{"angle":-22.5,"axis":"x","origin":[9.62,7.34931,5.689]},"faces":{"north":{"uv":[7,10.5,6.5,11],"texture":"#2"},"east":{"uv":[8.75,9,7.5,9.5],"texture":"#2"},"south":{"uv":[11,6,10.5,6.5],"texture":"#2"},"west":{"uv":[10.25,9,9,9.5],"texture":"#2"},"up":{"uv":[10,0.5,9.5,1.75],"texture":"#2"},"down":{"uv":[10,3.25,9.5,2],"texture":"#2"}}},{"from":[8.675,5.05431,4.069],"to":[9.89,6.26931,7.309],"rotation":{"angle":-22.5,"axis":"y","origin":[9.215,5.59431,5.959]},"faces":{"north":{"uv":[7.5,10.5,7,11],"texture":"#2"},"east":{"uv":[10,8.5,8.5,9],"texture":"#2"},"south":{"uv":[11,6.5,10.5,7],"texture":"#2"},"west":{"uv":[10.5,0,9,0.5],"texture":"#2"},"up":{"uv":[9.5,0.5,9,2],"texture":"#2"},"down":{"uv":[9.5,3.5,9,2],"texture":"#2"}}}],"gui_light":"front","display":{"thirdperson_righthand":{"rotation":[35,-45,0],"translation":[2,0,-1.25]},"thirdperson_lefthand":{"rotation":[35,-45,0],"translation":[2,0,-1.25]},"firstperson_righthand":{"rotation":[0,0,-6],"translation":[-9.5,3,4]},"firstperson_lefthand":{"rotation":[0,0,-6],"translation":[-9.5,3,4]},"ground":{"rotation":[40,0,0],"translation":[0,8.5,0]},"gui":{"rotation":[0,180,-45],"translation":[-0.75,0.75,0],"scale":[0.92578,0.92578,0.92578]},"head":{"scale":[0,0,0]},"fixed":{"translation":[0,1.5,-0.75],"scale":[1.13086,1.13086,1.13086]}}}