{
	"credit": "by w11shes",
	"texture_size": [8, 8],
	"textures": {
		"2": "fishcrate_collection:clericrod/cleric_fishing_rod",
		"4": "fishcrate_collection:clericrod/cleric_particle",
		"particle": "elitecreatures:cleric_assortment/cleric_fishing_rod"
	},
	"elements": [
		{
			"from": [7, -4, 7.56751],
			"to": [9, 32, 9.56751],
			"rotation": {"angle": 0, "axis": "y", "origin": [8, 10.6635, 8]},
			"faces": {
				"north": {"uv": [2.75, 0, 3.25, 9], "texture": "#2"},
				"east": {"uv": [2.75, 0, 2.25, 9], "texture": "#2"},
				"south": {"uv": [0, 3.25, 0.5, 12.25], "texture": "#2"},
				"west": {"uv": [2.25, 0, 2.75, 9], "texture": "#2"},
				"up": {"uv": [7, 7.75, 6.5, 7.25], "rotation": 270, "texture": "#2"}
			}
		},
		{
			"from": [6.09871, 29, 6.90129],
			"to": [9.09871, 31, 9.90129],
			"rotation": {"angle": 45, "axis": "y", "origin": [8, 10.6635, 8]},
			"faces": {
				"north": {"uv": [7, 4.5, 7.75, 5], "texture": "#2"},
				"east": {"uv": [7.75, 4.5, 7, 5], "texture": "#2"},
				"south": {"uv": [7, 4.5, 6.25, 5], "texture": "#2"},
				"west": {"uv": [6.25, 4.5, 7, 5], "texture": "#2"},
				"up": {"uv": [7.75, 7, 7, 6.25], "rotation": 270, "texture": "#2"},
				"down": {"uv": [7.75, 7, 7, 7.75], "rotation": 90, "texture": "#2"}
			}
		},
		{
			"from": [7.56648, 30, 5.43352],
			"to": [10.56648, 30.05, 8.43352],
			"rotation": {"angle": 45, "axis": "y", "origin": [8, 10.6635, 8]},
			"faces": {
				"up": {"uv": [6.5, 8, 5.75, 7.25], "rotation": 270, "texture": "#2"},
				"down": {"uv": [6.5, 7.25, 5.75, 8], "rotation": 90, "texture": "#2"}
			}
		},
		{
			"from": [6.09871, 22, 6.90129],
			"to": [9.09871, 24, 9.90129],
			"rotation": {"angle": 45, "axis": "y", "origin": [8, 10.6635, 8]},
			"faces": {
				"north": {"uv": [7, 4.5, 7.75, 5], "texture": "#2"},
				"east": {"uv": [7.75, 4.5, 7, 5], "texture": "#2"},
				"south": {"uv": [7, 4.5, 6.25, 5], "texture": "#2"},
				"west": {"uv": [6.25, 4.5, 7, 5], "texture": "#2"},
				"up": {"uv": [7.75, 7, 7, 6.25], "rotation": 270, "texture": "#2"},
				"down": {"uv": [7.75, 7, 7, 7.75], "rotation": 90, "texture": "#2"}
			}
		},
		{
			"from": [7.56648, 23, 5.43352],
			"to": [10.56648, 23.05, 8.43352],
			"rotation": {"angle": 45, "axis": "y", "origin": [8, 10.6635, 8]},
			"faces": {
				"up": {"uv": [6.5, 8, 5.75, 7.25], "rotation": 270, "texture": "#2"},
				"down": {"uv": [6.5, 7.25, 5.75, 8], "rotation": 90, "texture": "#2"}
			}
		},
		{
			"from": [6.09871, 15, 6.90129],
			"to": [9.09871, 17, 9.90129],
			"rotation": {"angle": 45, "axis": "y", "origin": [8, 10.6635, 8]},
			"faces": {
				"north": {"uv": [7, 4.5, 7.75, 5], "texture": "#2"},
				"east": {"uv": [7.75, 4.5, 7, 5], "texture": "#2"},
				"south": {"uv": [7, 4.5, 6.25, 5], "texture": "#2"},
				"west": {"uv": [6.25, 4.5, 7, 5], "texture": "#2"},
				"up": {"uv": [7.75, 7, 7, 6.25], "rotation": 270, "texture": "#2"},
				"down": {"uv": [7.75, 7, 7, 7.75], "rotation": 90, "texture": "#2"}
			}
		},
		{
			"from": [7.56648, 16, 5.43352],
			"to": [10.56648, 16.05, 8.43352],
			"rotation": {"angle": 45, "axis": "y", "origin": [8, 10.6635, 8]},
			"faces": {
				"up": {"uv": [6.5, 8, 5.75, 7.25], "rotation": 270, "texture": "#2"},
				"down": {"uv": [6.5, 7.25, 5.75, 8], "rotation": 90, "texture": "#2"}
			}
		},
		{
			"from": [6, -7, 6.56751],
			"to": [10, -4, 10.56751],
			"rotation": {"angle": 0, "axis": "y", "origin": [8, 10.6635, 8]},
			"faces": {
				"north": {"uv": [6.75, 0.75, 7.75, 1.5], "texture": "#2"},
				"east": {"uv": [6.75, 0, 7.75, 0.75], "texture": "#2"},
				"south": {"uv": [4.75, 6.75, 5.75, 7.5], "texture": "#2"},
				"west": {"uv": [6.75, 0, 7.75, 0.75], "texture": "#2"},
				"up": {"uv": [7, 7.25, 6, 6.25], "rotation": 270, "texture": "#2"}
			}
		},
		{
			"from": [8, -11.3095, -5.11761],
			"to": [8.05, -1.3095, 1.88239],
			"rotation": {"angle": -22.5, "axis": "x", "origin": [8, 10.6635, 8]},
			"faces": {
				"east": {"uv": [5, 0, 3.25, 2.5], "texture": "#2"},
				"west": {"uv": [3.25, 0, 5, 2.5], "texture": "#2"}
			}
		},
		{
			"from": [8, -10.87514, 15.16623],
			"to": [8.05, -0.87514, 22.16623],
			"rotation": {"angle": 22.5, "axis": "x", "origin": [8, 10.6635, 8]},
			"faces": {
				"east": {"uv": [3.25, 0, 5, 2.5], "texture": "#2"},
				"west": {"uv": [5, 0, 3.25, 2.5], "texture": "#2"}
			}
		},
		{
			"from": [5.98, -2.83941, 19.47705],
			"to": [10.02, -0.01098, 22.30548],
			"rotation": {"angle": 45, "axis": "x", "origin": [8, 10.6635, 8]},
			"faces": {
				"east": {"uv": [8.25, 1.5, 7.5, 2.25], "texture": "#2"},
				"south": {"uv": [0.5, 7, 1.5, 7.75], "texture": "#2"},
				"west": {"uv": [7.5, 1.5, 8.25, 2.25], "texture": "#2"},
				"down": {"uv": [2.25, 7, 1.5, 8], "rotation": 90, "texture": "#2"}
			}
		},
		{
			"from": [5.5, 5.25715, 7.20893],
			"to": [10.5, 12.25715, 14.20893],
			"rotation": {"angle": 45, "axis": "x", "origin": [8, 10.6635, 8]},
			"faces": {
				"north": {"uv": [5, 3.25, 6.25, 5], "texture": "#2"},
				"east": {"uv": [5, 3.25, 3.25, 5], "texture": "#2"},
				"south": {"uv": [4.75, 5, 6, 6.75], "texture": "#2"},
				"west": {"uv": [3.25, 3.25, 5, 5], "texture": "#2"},
				"up": {"uv": [2.25, 7, 0.5, 5.75], "rotation": 270, "texture": "#2"},
				"down": {"uv": [7.75, 5, 6, 6.25], "rotation": 90, "texture": "#2"}
			}
		},
		{
			"from": [10.5, 11.25714, 13.20893],
			"to": [5.5, 6.25714, 8.20893],
			"rotation": {"angle": 45, "axis": "x", "origin": [8, 10.6635, 8]},
			"faces": {
				"north": {"uv": [4.75, 6.5, 6, 5.25], "texture": "#2"},
				"south": {"uv": [5, 4.75, 6.25, 3.5], "texture": "#2"},
				"up": {"uv": [6.25, 5, 7.5, 6.25], "rotation": 270, "texture": "#2"},
				"down": {"uv": [0.75, 7, 2, 5.75], "rotation": 90, "texture": "#2"}
			}
		},
		{
			"from": [6.5, 4.91396, 0],
			"to": [9.5, 9.91396, 5],
			"rotation": {"angle": 0, "axis": "y", "origin": [8, 10.6635, 8]},
			"faces": {
				"north": {"uv": [3.25, 6.5, 4, 7.75], "texture": "#2"},
				"east": {"uv": [7.5, 3.25, 6.25, 4.5], "texture": "#2"},
				"south": {"uv": [4, 6.5, 4.75, 7.75], "texture": "#2"},
				"west": {"uv": [6.25, 3.25, 7.5, 4.5], "texture": "#2"},
				"up": {"uv": [6.25, 2.5, 5, 1.75], "rotation": 270, "texture": "#2"},
				"down": {"uv": [7.5, 1.75, 6.25, 2.5], "rotation": 90, "texture": "#2"}
			}
		},
		{
			"from": [7, 5.91396, 12],
			"to": [9, 8.91396, 15],
			"rotation": {"angle": 0, "axis": "y", "origin": [8, 10.6635, 8]},
			"faces": {
				"east": {"uv": [8.25, 2.25, 7.5, 3], "texture": "#2"},
				"south": {"uv": [7.5, 3, 8, 3.75], "texture": "#2"},
				"west": {"uv": [7.5, 2.25, 8.25, 3], "texture": "#2"},
				"up": {"uv": [8.25, 4.5, 7.5, 4], "rotation": 270, "texture": "#2"},
				"down": {"uv": [5.5, 7.5, 4.75, 8], "rotation": 90, "texture": "#2"}
			}
		},
		{
			"from": [8, 0.91396, 9],
			"to": [8, 13.91396, 18],
			"rotation": {"angle": 0, "axis": "y", "origin": [8, 10.6635, 8]},
			"faces": {
				"east": {"uv": [2.25, 0, 0, 3.25], "texture": "#2"},
				"west": {"uv": [0, 0, 2.25, 3.25], "texture": "#2"}
			}
		},
		{
			"from": [8, 3.57552, 1.40527],
			"to": [8.05, 13.57552, 8.40527],
			"rotation": {"angle": 45, "axis": "x", "origin": [8, 10.6635, 8]},
			"faces": {
				"east": {"uv": [2.25, 3.25, 0.5, 5.75], "texture": "#2"},
				"west": {"uv": [0.5, 3.25, 2.25, 5.75], "texture": "#2"}
			}
		},
		{
			"from": [8, 11.57552, -3.59473],
			"to": [8.05, 17.57552, 2.40527],
			"rotation": {"angle": 45, "axis": "x", "origin": [8, 10.6635, 8]},
			"faces": {
				"east": {"uv": [4.75, 5, 3.25, 6.5], "texture": "#2"},
				"west": {"uv": [3.25, 5, 4.75, 6.5], "texture": "#2"}
			}
		},
		{
			"from": [8, 16.57552, -8.59473],
			"to": [8.05, 23.57552, -1.59473],
			"rotation": {"angle": 45, "axis": "x", "origin": [8, 10.6635, 8]},
			"faces": {
				"east": {"uv": [6.75, 0, 5, 1.75], "texture": "#2"},
				"west": {"uv": [5, 0, 6.75, 1.75], "texture": "#2"}
			}
		},
		{
			"from": [10.1, 10.82821, 12.83786],
			"to": [5.9, 6.62821, 8.63786],
			"rotation": {"angle": 45, "axis": "x", "origin": [8, 10.6635, 8]},
			"faces": {
				"north": {"uv": [8.5, 1, 9, 1.5], "texture": "#2"},
				"east": {"uv": [8.5, 1, 9, 1.5], "texture": "#2"},
				"south": {"uv": [8.5, 1, 9, 1.5], "texture": "#2"},
				"west": {"uv": [8.5, 1, 9, 1.5], "texture": "#2"},
				"up": {"uv": [8.5, 1, 9, 1.5], "rotation": 270, "texture": "#2"},
				"down": {"uv": [8.5, 1, 9, 1.5], "rotation": 90, "texture": "#2"}
			}
		},
		{
			"from": [9.5, 10.22821, 12.23786],
			"to": [6.5, 7.22821, 9.23786],
			"rotation": {"angle": 45, "axis": "x", "origin": [8, 10.6635, 8]},
			"faces": {
				"north": {"uv": [8.5, 0.5, 9, 1], "texture": "#2"},
				"east": {"uv": [8.5, 0.5, 9, 1], "texture": "#2"},
				"south": {"uv": [8.5, 0.5, 9, 1], "texture": "#2"},
				"west": {"uv": [8.5, 0.5, 9, 1], "texture": "#2"},
				"up": {"uv": [8.5, 0.5, 9, 1], "rotation": 270, "texture": "#2"},
				"down": {"uv": [8.5, 0.5, 9, 1], "rotation": 90, "texture": "#2"}
			}
		},
		{
			"from": [7, 7.72821, 9.73786],
			"to": [9, 9.72821, 11.73786],
			"rotation": {"angle": 45, "axis": "x", "origin": [8, 10.6635, 8]},
			"faces": {
				"north": {"uv": [8.5, 0, 9, 0.5], "texture": "#2"},
				"east": {"uv": [8.5, 0, 9, 0.5], "texture": "#2"},
				"south": {"uv": [8.5, 0, 9, 0.5], "texture": "#2"},
				"west": {"uv": [8.5, 0, 9, 0.5], "texture": "#2"},
				"up": {"uv": [8.5, 0, 9, 0.5], "rotation": 270, "texture": "#2"},
				"down": {"uv": [8.5, 0, 9, 0.5], "rotation": 90, "texture": "#2"}
			}
		},
		{
			"from": [11.35, 4.75, 5.51751],
			"to": [12.15, 5.55, 7.11751],
			"shade": false,
			"rotation": {"angle": 0, "axis": "y", "origin": [8, 10.6635, 8]},
			"faces": {
				"north": {"uv": [0, 14, 2, 16], "rotation": 270, "texture": "#4"},
				"east": {"uv": [0, 14, 2, 16], "rotation": 270, "texture": "#4"},
				"south": {"uv": [0, 14, 2, 16], "rotation": 270, "texture": "#4"},
				"west": {"uv": [0, 14, 2, 16], "rotation": 90, "texture": "#4"},
				"up": {"uv": [0, 14, 2, 16], "rotation": 180, "texture": "#4"},
				"down": {"uv": [0, 14, 2, 16], "texture": "#4"}
			}
		},
		{
			"from": [12.5, 5.9, 7.56751],
			"to": [11, 4.4, 5.06751],
			"shade": false,
			"rotation": {"angle": 0, "axis": "y", "origin": [8, 10.6635, 8]},
			"faces": {
				"north": {"uv": [2, 14, 4, 16], "rotation": 270, "texture": "#4"},
				"east": {"uv": [2, 14, 4, 16], "rotation": 270, "texture": "#4"},
				"south": {"uv": [2, 14, 4, 16], "rotation": 270, "texture": "#4"},
				"west": {"uv": [2, 14, 4, 16], "rotation": 90, "texture": "#4"},
				"up": {"uv": [2, 14, 4, 16], "rotation": 180, "texture": "#4"},
				"down": {"uv": [2, 14, 4, 16], "texture": "#4"}
			}
		},
		{
			"from": [11.3, 4.7, 6.41751],
			"to": [12.2, 5.6, 8.21751],
			"shade": false,
			"rotation": {"angle": 0, "axis": "y", "origin": [8, 10.6635, 8]},
			"faces": {
				"north": {"uv": [0, 12, 2, 14], "rotation": 270, "texture": "#4"},
				"east": {"uv": [0, 12, 2, 14], "rotation": 270, "texture": "#4"},
				"south": {"uv": [0, 12, 2, 14], "rotation": 270, "texture": "#4"},
				"west": {"uv": [0, 12, 2, 14], "rotation": 90, "texture": "#4"},
				"up": {"uv": [0, 12, 2, 14], "rotation": 180, "texture": "#4"},
				"down": {"uv": [0, 12, 2, 14], "texture": "#4"}
			}
		},
		{
			"from": [12.5, 5.9, 8.56751],
			"to": [11, 4.4, 6.06751],
			"shade": false,
			"rotation": {"angle": 0, "axis": "y", "origin": [8, 10.6635, 8]},
			"faces": {
				"north": {"uv": [2, 12, 4, 14], "rotation": 270, "texture": "#4"},
				"east": {"uv": [2, 12, 4, 14], "rotation": 270, "texture": "#4"},
				"south": {"uv": [2, 12, 4, 14], "rotation": 270, "texture": "#4"},
				"west": {"uv": [2, 12, 4, 14], "rotation": 90, "texture": "#4"},
				"up": {"uv": [2, 12, 4, 14], "rotation": 180, "texture": "#4"},
				"down": {"uv": [2, 12, 4, 14], "texture": "#4"}
			}
		},
		{
			"from": [11.25, 4.65, 7.31751],
			"to": [12.25, 5.65, 9.31751],
			"shade": false,
			"rotation": {"angle": 0, "axis": "y", "origin": [8, 10.6635, 8]},
			"faces": {
				"north": {"uv": [0, 10, 2, 12], "rotation": 270, "texture": "#4"},
				"east": {"uv": [0, 10, 2, 12], "rotation": 270, "texture": "#4"},
				"south": {"uv": [0, 10, 2, 12], "rotation": 270, "texture": "#4"},
				"west": {"uv": [0, 10, 2, 12], "rotation": 90, "texture": "#4"},
				"up": {"uv": [0, 10, 2, 12], "rotation": 180, "texture": "#4"},
				"down": {"uv": [0, 10, 2, 12], "texture": "#4"}
			}
		},
		{
			"from": [12.5, 5.9, 9.56751],
			"to": [11, 4.4, 7.06751],
			"shade": false,
			"rotation": {"angle": 0, "axis": "y", "origin": [8, 10.6635, 8]},
			"faces": {
				"north": {"uv": [2, 10, 4, 12], "rotation": 270, "texture": "#4"},
				"east": {"uv": [2, 10, 4, 12], "rotation": 270, "texture": "#4"},
				"south": {"uv": [2, 10, 4, 12], "rotation": 270, "texture": "#4"},
				"west": {"uv": [2, 10, 4, 12], "rotation": 90, "texture": "#4"},
				"up": {"uv": [2, 10, 4, 12], "rotation": 180, "texture": "#4"},
				"down": {"uv": [2, 10, 4, 12], "texture": "#4"}
			}
		},
		{
			"from": [11.25, 4.65, 8.31751],
			"to": [12.25, 5.65, 10.31751],
			"shade": false,
			"rotation": {"angle": 0, "axis": "y", "origin": [8, 10.6635, 8]},
			"faces": {
				"north": {"uv": [0, 8, 2, 10], "rotation": 270, "texture": "#4"},
				"east": {"uv": [0, 8, 2, 10], "rotation": 270, "texture": "#4"},
				"south": {"uv": [0, 8, 2, 10], "rotation": 270, "texture": "#4"},
				"west": {"uv": [0, 8, 2, 10], "rotation": 90, "texture": "#4"},
				"up": {"uv": [0, 8, 2, 10], "rotation": 180, "texture": "#4"},
				"down": {"uv": [0, 8, 2, 10], "texture": "#4"}
			}
		},
		{
			"from": [12.5, 5.9, 10.56751],
			"to": [11, 4.4, 8.06751],
			"shade": false,
			"rotation": {"angle": 0, "axis": "y", "origin": [8, 10.6635, 8]},
			"faces": {
				"north": {"uv": [2, 8, 4, 10], "rotation": 270, "texture": "#4"},
				"east": {"uv": [2, 8, 4, 10], "rotation": 270, "texture": "#4"},
				"south": {"uv": [2, 8, 4, 10], "rotation": 270, "texture": "#4"},
				"west": {"uv": [2, 8, 4, 10], "rotation": 90, "texture": "#4"},
				"up": {"uv": [2, 8, 4, 10], "rotation": 180, "texture": "#4"},
				"down": {"uv": [2, 8, 4, 10], "texture": "#4"}
			}
		},
		{
			"from": [11.25, 4.65, 9.31751],
			"to": [12.25, 5.65, 11.31751],
			"shade": false,
			"rotation": {"angle": 0, "axis": "y", "origin": [8, 10.6635, 8]},
			"faces": {
				"north": {"uv": [0, 6, 2, 8], "rotation": 270, "texture": "#4"},
				"east": {"uv": [0, 6, 2, 8], "rotation": 270, "texture": "#4"},
				"south": {"uv": [0, 6, 2, 8], "rotation": 270, "texture": "#4"},
				"west": {"uv": [0, 6, 2, 8], "rotation": 90, "texture": "#4"},
				"up": {"uv": [0, 6, 2, 8], "rotation": 180, "texture": "#4"},
				"down": {"uv": [0, 6, 2, 8], "texture": "#4"}
			}
		},
		{
			"from": [12.5, 5.9, 11.56751],
			"to": [11, 4.4, 9.06751],
			"shade": false,
			"rotation": {"angle": 0, "axis": "y", "origin": [8, 10.6635, 8]},
			"faces": {
				"north": {"uv": [2, 6, 4, 8], "rotation": 270, "texture": "#4"},
				"east": {"uv": [2, 6, 4, 8], "rotation": 270, "texture": "#4"},
				"south": {"uv": [2, 6, 4, 8], "rotation": 270, "texture": "#4"},
				"west": {"uv": [2, 6, 4, 8], "rotation": 90, "texture": "#4"},
				"up": {"uv": [2, 6, 4, 8], "rotation": 180, "texture": "#4"},
				"down": {"uv": [2, 6, 4, 8], "texture": "#4"}
			}
		},
		{
			"from": [11.3, 4.7, 10.41751],
			"to": [12.2, 5.6, 12.21751],
			"shade": false,
			"rotation": {"angle": 0, "axis": "y", "origin": [8, 10.6635, 8]},
			"faces": {
				"north": {"uv": [0, 4, 2, 6], "rotation": 270, "texture": "#4"},
				"east": {"uv": [0, 4, 2, 6], "rotation": 270, "texture": "#4"},
				"south": {"uv": [0, 4, 2, 6], "rotation": 270, "texture": "#4"},
				"west": {"uv": [0, 4, 2, 6], "rotation": 90, "texture": "#4"},
				"up": {"uv": [0, 4, 2, 6], "rotation": 180, "texture": "#4"},
				"down": {"uv": [0, 4, 2, 6], "texture": "#4"}
			}
		},
		{
			"from": [12.5, 5.9, 12.56751],
			"to": [11, 4.4, 10.06751],
			"shade": false,
			"rotation": {"angle": 0, "axis": "y", "origin": [8, 10.6635, 8]},
			"faces": {
				"north": {"uv": [2, 4, 4, 6], "rotation": 270, "texture": "#4"},
				"east": {"uv": [2, 4, 4, 6], "rotation": 270, "texture": "#4"},
				"south": {"uv": [2, 4, 4, 6], "rotation": 270, "texture": "#4"},
				"west": {"uv": [2, 4, 4, 6], "rotation": 90, "texture": "#4"},
				"up": {"uv": [2, 4, 4, 6], "rotation": 180, "texture": "#4"},
				"down": {"uv": [2, 4, 4, 6], "texture": "#4"}
			}
		},
		{
			"from": [11.35, 4.75, 11.51751],
			"to": [12.15, 5.55, 13.11751],
			"shade": false,
			"rotation": {"angle": 0, "axis": "y", "origin": [8, 10.6635, 8]},
			"faces": {
				"north": {"uv": [0, 2, 2, 4], "rotation": 270, "texture": "#4"},
				"east": {"uv": [0, 2, 2, 4], "rotation": 270, "texture": "#4"},
				"south": {"uv": [0, 2, 2, 4], "rotation": 270, "texture": "#4"},
				"west": {"uv": [0, 2, 2, 4], "rotation": 90, "texture": "#4"},
				"up": {"uv": [0, 2, 2, 4], "rotation": 180, "texture": "#4"},
				"down": {"uv": [0, 2, 2, 4], "texture": "#4"}
			}
		},
		{
			"from": [12.5, 5.9, 13.56751],
			"to": [11, 4.4, 11.06751],
			"shade": false,
			"rotation": {"angle": 0, "axis": "y", "origin": [8, 10.6635, 8]},
			"faces": {
				"north": {"uv": [2, 2, 4, 4], "rotation": 270, "texture": "#4"},
				"east": {"uv": [2, 2, 4, 4], "rotation": 270, "texture": "#4"},
				"south": {"uv": [2, 2, 4, 4], "rotation": 270, "texture": "#4"},
				"west": {"uv": [2, 2, 4, 4], "rotation": 90, "texture": "#4"},
				"up": {"uv": [2, 2, 4, 4], "rotation": 180, "texture": "#4"},
				"down": {"uv": [2, 2, 4, 4], "texture": "#4"}
			}
		},
		{
			"from": [3.85, 9.75, 6.51751],
			"to": [4.65, 10.55, 8.11751],
			"shade": false,
			"rotation": {"angle": 0, "axis": "y", "origin": [8, 10.6635, 8]},
			"faces": {
				"north": {"uv": [4, 14, 6, 16], "rotation": 270, "texture": "#4"},
				"east": {"uv": [4, 14, 6, 16], "rotation": 270, "texture": "#4"},
				"south": {"uv": [4, 14, 6, 16], "rotation": 270, "texture": "#4"},
				"west": {"uv": [4, 14, 6, 16], "rotation": 90, "texture": "#4"},
				"up": {"uv": [4, 14, 6, 16], "rotation": 180, "texture": "#4"},
				"down": {"uv": [4, 14, 6, 16], "texture": "#4"}
			}
		},
		{
			"from": [5, 10.9, 8.56751],
			"to": [3.5, 9.4, 6.06751],
			"shade": false,
			"rotation": {"angle": 0, "axis": "y", "origin": [8, 10.6635, 8]},
			"faces": {
				"north": {"uv": [6, 14, 8, 16], "rotation": 270, "texture": "#4"},
				"east": {"uv": [6, 14, 8, 16], "rotation": 270, "texture": "#4"},
				"south": {"uv": [6, 14, 8, 16], "rotation": 270, "texture": "#4"},
				"west": {"uv": [6, 14, 8, 16], "rotation": 90, "texture": "#4"},
				"up": {"uv": [6, 14, 8, 16], "rotation": 180, "texture": "#4"},
				"down": {"uv": [6, 14, 8, 16], "texture": "#4"}
			}
		},
		{
			"from": [3.8, 9.7, 7.41751],
			"to": [4.7, 10.6, 9.21751],
			"shade": false,
			"rotation": {"angle": 0, "axis": "y", "origin": [8, 10.6635, 8]},
			"faces": {
				"north": {"uv": [4, 12, 6, 14], "rotation": 270, "texture": "#4"},
				"east": {"uv": [4, 12, 6, 14], "rotation": 270, "texture": "#4"},
				"south": {"uv": [4, 12, 6, 14], "rotation": 270, "texture": "#4"},
				"west": {"uv": [4, 12, 6, 14], "rotation": 90, "texture": "#4"},
				"up": {"uv": [4, 12, 6, 14], "rotation": 180, "texture": "#4"},
				"down": {"uv": [4, 12, 6, 14], "texture": "#4"}
			}
		},
		{
			"from": [5, 10.9, 9.56751],
			"to": [3.5, 9.4, 7.06751],
			"shade": false,
			"rotation": {"angle": 0, "axis": "y", "origin": [8, 10.6635, 8]},
			"faces": {
				"north": {"uv": [6, 12, 8, 14], "rotation": 270, "texture": "#4"},
				"east": {"uv": [6, 12, 8, 14], "rotation": 270, "texture": "#4"},
				"south": {"uv": [6, 12, 8, 14], "rotation": 270, "texture": "#4"},
				"west": {"uv": [6, 12, 8, 14], "rotation": 90, "texture": "#4"},
				"up": {"uv": [6, 12, 8, 14], "rotation": 180, "texture": "#4"},
				"down": {"uv": [6, 12, 8, 14], "texture": "#4"}
			}
		},
		{
			"from": [3.75, 9.65, 8.31751],
			"to": [4.75, 10.65, 10.31751],
			"shade": false,
			"rotation": {"angle": 0, "axis": "y", "origin": [8, 10.6635, 8]},
			"faces": {
				"north": {"uv": [4, 10, 6, 12], "rotation": 270, "texture": "#4"},
				"east": {"uv": [4, 10, 6, 12], "rotation": 270, "texture": "#4"},
				"south": {"uv": [4, 10, 6, 12], "rotation": 270, "texture": "#4"},
				"west": {"uv": [4, 10, 6, 12], "rotation": 90, "texture": "#4"},
				"up": {"uv": [4, 10, 6, 12], "rotation": 180, "texture": "#4"},
				"down": {"uv": [4, 10, 6, 12], "texture": "#4"}
			}
		},
		{
			"from": [5, 10.9, 10.56751],
			"to": [3.5, 9.4, 8.06751],
			"shade": false,
			"rotation": {"angle": 0, "axis": "y", "origin": [8, 10.6635, 8]},
			"faces": {
				"north": {"uv": [6, 10, 8, 12], "rotation": 270, "texture": "#4"},
				"east": {"uv": [6, 10, 8, 12], "rotation": 270, "texture": "#4"},
				"south": {"uv": [6, 10, 8, 12], "rotation": 270, "texture": "#4"},
				"west": {"uv": [6, 10, 8, 12], "rotation": 90, "texture": "#4"},
				"up": {"uv": [6, 10, 8, 12], "rotation": 180, "texture": "#4"},
				"down": {"uv": [6, 10, 8, 12], "texture": "#4"}
			}
		},
		{
			"from": [3.75, 9.65, 9.31751],
			"to": [4.75, 10.65, 11.31751],
			"shade": false,
			"rotation": {"angle": 0, "axis": "y", "origin": [8, 10.6635, 8]},
			"faces": {
				"north": {"uv": [4, 8, 6, 10], "rotation": 270, "texture": "#4"},
				"east": {"uv": [4, 8, 6, 10], "rotation": 270, "texture": "#4"},
				"south": {"uv": [4, 8, 6, 10], "rotation": 270, "texture": "#4"},
				"west": {"uv": [4, 8, 6, 10], "rotation": 90, "texture": "#4"},
				"up": {"uv": [4, 8, 6, 10], "rotation": 180, "texture": "#4"},
				"down": {"uv": [4, 8, 6, 10], "texture": "#4"}
			}
		},
		{
			"from": [5, 10.9, 11.56751],
			"to": [3.5, 9.4, 9.06751],
			"shade": false,
			"rotation": {"angle": 0, "axis": "y", "origin": [8, 10.6635, 8]},
			"faces": {
				"north": {"uv": [6, 8, 8, 10], "rotation": 270, "texture": "#4"},
				"east": {"uv": [6, 8, 8, 10], "rotation": 270, "texture": "#4"},
				"south": {"uv": [6, 8, 8, 10], "rotation": 270, "texture": "#4"},
				"west": {"uv": [6, 8, 8, 10], "rotation": 90, "texture": "#4"},
				"up": {"uv": [6, 8, 8, 10], "rotation": 180, "texture": "#4"},
				"down": {"uv": [6, 8, 8, 10], "texture": "#4"}
			}
		},
		{
			"from": [3.75, 9.65, 10.31751],
			"to": [4.75, 10.65, 12.31751],
			"shade": false,
			"rotation": {"angle": 0, "axis": "y", "origin": [8, 10.6635, 8]},
			"faces": {
				"north": {"uv": [4, 6, 6, 8], "rotation": 270, "texture": "#4"},
				"east": {"uv": [4, 6, 6, 8], "rotation": 270, "texture": "#4"},
				"south": {"uv": [4, 6, 6, 8], "rotation": 270, "texture": "#4"},
				"west": {"uv": [4, 6, 6, 8], "rotation": 90, "texture": "#4"},
				"up": {"uv": [4, 6, 6, 8], "rotation": 180, "texture": "#4"},
				"down": {"uv": [4, 6, 6, 8], "texture": "#4"}
			}
		},
		{
			"from": [5, 10.9, 12.56751],
			"to": [3.5, 9.4, 10.06751],
			"shade": false,
			"rotation": {"angle": 0, "axis": "y", "origin": [8, 10.6635, 8]},
			"faces": {
				"north": {"uv": [6, 6, 8, 8], "rotation": 270, "texture": "#4"},
				"east": {"uv": [6, 6, 8, 8], "rotation": 270, "texture": "#4"},
				"south": {"uv": [6, 6, 8, 8], "rotation": 270, "texture": "#4"},
				"west": {"uv": [6, 6, 8, 8], "rotation": 90, "texture": "#4"},
				"up": {"uv": [6, 6, 8, 8], "rotation": 180, "texture": "#4"},
				"down": {"uv": [6, 6, 8, 8], "texture": "#4"}
			}
		},
		{
			"from": [3.8, 9.7, 11.41751],
			"to": [4.7, 10.6, 13.21751],
			"shade": false,
			"rotation": {"angle": 0, "axis": "y", "origin": [8, 10.6635, 8]},
			"faces": {
				"north": {"uv": [4, 4, 6, 6], "rotation": 270, "texture": "#4"},
				"east": {"uv": [4, 4, 6, 6], "rotation": 270, "texture": "#4"},
				"south": {"uv": [4, 4, 6, 6], "rotation": 270, "texture": "#4"},
				"west": {"uv": [4, 4, 6, 6], "rotation": 90, "texture": "#4"},
				"up": {"uv": [4, 4, 6, 6], "rotation": 180, "texture": "#4"},
				"down": {"uv": [4, 4, 6, 6], "texture": "#4"}
			}
		},
		{
			"from": [5, 10.9, 13.56751],
			"to": [3.5, 9.4, 11.06751],
			"shade": false,
			"rotation": {"angle": 0, "axis": "y", "origin": [8, 10.6635, 8]},
			"faces": {
				"north": {"uv": [6, 4, 8, 6], "rotation": 270, "texture": "#4"},
				"east": {"uv": [6, 4, 8, 6], "rotation": 270, "texture": "#4"},
				"south": {"uv": [6, 4, 8, 6], "rotation": 270, "texture": "#4"},
				"west": {"uv": [6, 4, 8, 6], "rotation": 90, "texture": "#4"},
				"up": {"uv": [6, 4, 8, 6], "rotation": 180, "texture": "#4"},
				"down": {"uv": [6, 4, 8, 6], "texture": "#4"}
			}
		},
		{
			"from": [3.85, 9.75, 12.51751],
			"to": [4.65, 10.55, 14.11751],
			"shade": false,
			"rotation": {"angle": 0, "axis": "y", "origin": [8, 10.6635, 8]},
			"faces": {
				"north": {"uv": [4, 2, 6, 4], "rotation": 270, "texture": "#4"},
				"east": {"uv": [4, 2, 6, 4], "rotation": 270, "texture": "#4"},
				"south": {"uv": [4, 2, 6, 4], "rotation": 270, "texture": "#4"},
				"west": {"uv": [4, 2, 6, 4], "rotation": 90, "texture": "#4"},
				"up": {"uv": [4, 2, 6, 4], "rotation": 180, "texture": "#4"},
				"down": {"uv": [4, 2, 6, 4], "texture": "#4"}
			}
		},
		{
			"from": [5, 10.9, 14.56751],
			"to": [3.5, 9.4, 12.06751],
			"shade": false,
			"rotation": {"angle": 0, "axis": "y", "origin": [8, 10.6635, 8]},
			"faces": {
				"north": {"uv": [6, 2, 8, 4], "rotation": 270, "texture": "#4"},
				"east": {"uv": [6, 2, 8, 4], "rotation": 270, "texture": "#4"},
				"south": {"uv": [6, 2, 8, 4], "rotation": 270, "texture": "#4"},
				"west": {"uv": [6, 2, 8, 4], "rotation": 90, "texture": "#4"},
				"up": {"uv": [6, 2, 8, 4], "rotation": 180, "texture": "#4"},
				"down": {"uv": [6, 2, 8, 4], "texture": "#4"}
			}
		},
		{
			"from": [3.85, 4.5, 5.51751],
			"to": [4.65, 5.3, 7.11751],
			"shade": false,
			"rotation": {"angle": 0, "axis": "y", "origin": [8, 10.6635, 8]},
			"faces": {
				"north": {"uv": [8, 14, 10, 16], "rotation": 270, "texture": "#4"},
				"east": {"uv": [8, 14, 10, 16], "rotation": 270, "texture": "#4"},
				"south": {"uv": [8, 14, 10, 16], "rotation": 270, "texture": "#4"},
				"west": {"uv": [8, 14, 10, 16], "rotation": 90, "texture": "#4"},
				"up": {"uv": [8, 14, 10, 16], "rotation": 180, "texture": "#4"},
				"down": {"uv": [8, 14, 10, 16], "texture": "#4"}
			}
		},
		{
			"from": [5, 5.65, 7.56751],
			"to": [3.5, 4.15, 5.06751],
			"shade": false,
			"rotation": {"angle": 0, "axis": "y", "origin": [8, 10.6635, 8]},
			"faces": {
				"north": {"uv": [10, 14, 12, 16], "rotation": 270, "texture": "#4"},
				"east": {"uv": [10, 14, 12, 16], "rotation": 270, "texture": "#4"},
				"south": {"uv": [10, 14, 12, 16], "rotation": 270, "texture": "#4"},
				"west": {"uv": [10, 14, 12, 16], "rotation": 90, "texture": "#4"},
				"up": {"uv": [10, 14, 12, 16], "rotation": 180, "texture": "#4"},
				"down": {"uv": [10, 14, 12, 16], "texture": "#4"}
			}
		},
		{
			"from": [3.8, 4.45, 6.41751],
			"to": [4.7, 5.35, 8.21751],
			"shade": false,
			"rotation": {"angle": 0, "axis": "y", "origin": [8, 10.6635, 8]},
			"faces": {
				"north": {"uv": [8, 12, 10, 14], "rotation": 270, "texture": "#4"},
				"east": {"uv": [8, 12, 10, 14], "rotation": 270, "texture": "#4"},
				"south": {"uv": [8, 12, 10, 14], "rotation": 270, "texture": "#4"},
				"west": {"uv": [8, 12, 10, 14], "rotation": 90, "texture": "#4"},
				"up": {"uv": [8, 12, 10, 14], "rotation": 180, "texture": "#4"},
				"down": {"uv": [8, 12, 10, 14], "texture": "#4"}
			}
		},
		{
			"from": [5, 5.65, 8.56751],
			"to": [3.5, 4.15, 6.06751],
			"shade": false,
			"rotation": {"angle": 0, "axis": "y", "origin": [8, 10.6635, 8]},
			"faces": {
				"north": {"uv": [10, 12, 12, 14], "rotation": 270, "texture": "#4"},
				"east": {"uv": [10, 12, 12, 14], "rotation": 270, "texture": "#4"},
				"south": {"uv": [10, 12, 12, 14], "rotation": 270, "texture": "#4"},
				"west": {"uv": [10, 12, 12, 14], "rotation": 90, "texture": "#4"},
				"up": {"uv": [10, 12, 12, 14], "rotation": 180, "texture": "#4"},
				"down": {"uv": [10, 12, 12, 14], "texture": "#4"}
			}
		},
		{
			"from": [3.75, 4.4, 7.31751],
			"to": [4.75, 5.4, 9.31751],
			"shade": false,
			"rotation": {"angle": 0, "axis": "y", "origin": [8, 10.6635, 8]},
			"faces": {
				"north": {"uv": [8, 10, 10, 12], "rotation": 270, "texture": "#4"},
				"east": {"uv": [8, 10, 10, 12], "rotation": 270, "texture": "#4"},
				"south": {"uv": [8, 10, 10, 12], "rotation": 270, "texture": "#4"},
				"west": {"uv": [8, 10, 10, 12], "rotation": 90, "texture": "#4"},
				"up": {"uv": [8, 10, 10, 12], "rotation": 180, "texture": "#4"},
				"down": {"uv": [8, 10, 10, 12], "texture": "#4"}
			}
		},
		{
			"from": [5, 5.65, 9.56751],
			"to": [3.5, 4.15, 7.06751],
			"shade": false,
			"rotation": {"angle": 0, "axis": "y", "origin": [8, 10.6635, 8]},
			"faces": {
				"north": {"uv": [10, 10, 12, 12], "rotation": 270, "texture": "#4"},
				"east": {"uv": [10, 10, 12, 12], "rotation": 270, "texture": "#4"},
				"south": {"uv": [10, 10, 12, 12], "rotation": 270, "texture": "#4"},
				"west": {"uv": [10, 10, 12, 12], "rotation": 90, "texture": "#4"},
				"up": {"uv": [10, 10, 12, 12], "rotation": 180, "texture": "#4"},
				"down": {"uv": [10, 10, 12, 12], "texture": "#4"}
			}
		},
		{
			"from": [3.75, 4.4, 8.31751],
			"to": [4.75, 5.4, 10.31751],
			"shade": false,
			"rotation": {"angle": 0, "axis": "y", "origin": [8, 10.6635, 8]},
			"faces": {
				"north": {"uv": [8, 8, 10, 10], "rotation": 270, "texture": "#4"},
				"east": {"uv": [8, 8, 10, 10], "rotation": 270, "texture": "#4"},
				"south": {"uv": [8, 8, 10, 10], "rotation": 270, "texture": "#4"},
				"west": {"uv": [8, 8, 10, 10], "rotation": 90, "texture": "#4"},
				"up": {"uv": [8, 8, 10, 10], "rotation": 180, "texture": "#4"},
				"down": {"uv": [8, 8, 10, 10], "texture": "#4"}
			}
		},
		{
			"from": [5, 5.65, 10.56751],
			"to": [3.5, 4.15, 8.06751],
			"shade": false,
			"rotation": {"angle": 0, "axis": "y", "origin": [8, 10.6635, 8]},
			"faces": {
				"north": {"uv": [10, 8, 12, 10], "rotation": 270, "texture": "#4"},
				"east": {"uv": [10, 8, 12, 10], "rotation": 270, "texture": "#4"},
				"south": {"uv": [10, 8, 12, 10], "rotation": 270, "texture": "#4"},
				"west": {"uv": [10, 8, 12, 10], "rotation": 90, "texture": "#4"},
				"up": {"uv": [10, 8, 12, 10], "rotation": 180, "texture": "#4"},
				"down": {"uv": [10, 8, 12, 10], "texture": "#4"}
			}
		},
		{
			"from": [3.75, 4.4, 9.31751],
			"to": [4.75, 5.4, 11.31751],
			"shade": false,
			"rotation": {"angle": 0, "axis": "y", "origin": [8, 10.6635, 8]},
			"faces": {
				"north": {"uv": [8, 6, 10, 8], "rotation": 270, "texture": "#4"},
				"east": {"uv": [8, 6, 10, 8], "rotation": 270, "texture": "#4"},
				"south": {"uv": [8, 6, 10, 8], "rotation": 270, "texture": "#4"},
				"west": {"uv": [8, 6, 10, 8], "rotation": 90, "texture": "#4"},
				"up": {"uv": [8, 6, 10, 8], "rotation": 180, "texture": "#4"},
				"down": {"uv": [8, 6, 10, 8], "texture": "#4"}
			}
		},
		{
			"from": [5, 5.65, 11.56751],
			"to": [3.5, 4.15, 9.06751],
			"shade": false,
			"rotation": {"angle": 0, "axis": "y", "origin": [8, 10.6635, 8]},
			"faces": {
				"north": {"uv": [10, 6, 12, 8], "rotation": 270, "texture": "#4"},
				"east": {"uv": [10, 6, 12, 8], "rotation": 270, "texture": "#4"},
				"south": {"uv": [10, 6, 12, 8], "rotation": 270, "texture": "#4"},
				"west": {"uv": [10, 6, 12, 8], "rotation": 90, "texture": "#4"},
				"up": {"uv": [10, 6, 12, 8], "rotation": 180, "texture": "#4"},
				"down": {"uv": [10, 6, 12, 8], "texture": "#4"}
			}
		},
		{
			"from": [3.8, 4.45, 10.41751],
			"to": [4.7, 5.35, 12.21751],
			"shade": false,
			"rotation": {"angle": 0, "axis": "y", "origin": [8, 10.6635, 8]},
			"faces": {
				"north": {"uv": [8, 4, 10, 6], "rotation": 270, "texture": "#4"},
				"east": {"uv": [8, 4, 10, 6], "rotation": 270, "texture": "#4"},
				"south": {"uv": [8, 4, 10, 6], "rotation": 270, "texture": "#4"},
				"west": {"uv": [8, 4, 10, 6], "rotation": 90, "texture": "#4"},
				"up": {"uv": [8, 4, 10, 6], "rotation": 180, "texture": "#4"},
				"down": {"uv": [8, 4, 10, 6], "texture": "#4"}
			}
		},
		{
			"from": [5, 5.65, 12.56751],
			"to": [3.5, 4.15, 10.06751],
			"shade": false,
			"rotation": {"angle": 0, "axis": "y", "origin": [8, 10.6635, 8]},
			"faces": {
				"north": {"uv": [10, 4, 12, 6], "rotation": 270, "texture": "#4"},
				"east": {"uv": [10, 4, 12, 6], "rotation": 270, "texture": "#4"},
				"south": {"uv": [10, 4, 12, 6], "rotation": 270, "texture": "#4"},
				"west": {"uv": [10, 4, 12, 6], "rotation": 90, "texture": "#4"},
				"up": {"uv": [10, 4, 12, 6], "rotation": 180, "texture": "#4"},
				"down": {"uv": [10, 4, 12, 6], "texture": "#4"}
			}
		},
		{
			"from": [3.85, 4.5, 11.51751],
			"to": [4.65, 5.3, 13.11751],
			"shade": false,
			"rotation": {"angle": 0, "axis": "y", "origin": [8, 10.6635, 8]},
			"faces": {
				"north": {"uv": [8, 2, 10, 4], "rotation": 270, "texture": "#4"},
				"east": {"uv": [8, 2, 10, 4], "rotation": 270, "texture": "#4"},
				"south": {"uv": [8, 2, 10, 4], "rotation": 270, "texture": "#4"},
				"west": {"uv": [8, 2, 10, 4], "rotation": 90, "texture": "#4"},
				"up": {"uv": [8, 2, 10, 4], "rotation": 180, "texture": "#4"},
				"down": {"uv": [8, 2, 10, 4], "texture": "#4"}
			}
		},
		{
			"from": [5, 5.65, 13.56751],
			"to": [3.5, 4.15, 11.06751],
			"shade": false,
			"rotation": {"angle": 0, "axis": "y", "origin": [8, 10.6635, 8]},
			"faces": {
				"north": {"uv": [10, 2, 12, 4], "rotation": 270, "texture": "#4"},
				"east": {"uv": [10, 2, 12, 4], "rotation": 270, "texture": "#4"},
				"south": {"uv": [10, 2, 12, 4], "rotation": 270, "texture": "#4"},
				"west": {"uv": [10, 2, 12, 4], "rotation": 90, "texture": "#4"},
				"up": {"uv": [10, 2, 12, 4], "rotation": 180, "texture": "#4"},
				"down": {"uv": [10, 2, 12, 4], "texture": "#4"}
			}
		},
		{
			"from": [11.35, 9.75, 6.51751],
			"to": [12.15, 10.55, 8.11751],
			"shade": false,
			"rotation": {"angle": 0, "axis": "y", "origin": [8, 10.6635, 8]},
			"faces": {
				"north": {"uv": [8, 14, 10, 16], "rotation": 270, "texture": "#4"},
				"east": {"uv": [8, 14, 10, 16], "rotation": 270, "texture": "#4"},
				"south": {"uv": [8, 14, 10, 16], "rotation": 270, "texture": "#4"},
				"west": {"uv": [8, 14, 10, 16], "rotation": 90, "texture": "#4"},
				"up": {"uv": [8, 14, 10, 16], "rotation": 180, "texture": "#4"},
				"down": {"uv": [8, 14, 10, 16], "texture": "#4"}
			}
		},
		{
			"from": [12.5, 10.9, 8.56751],
			"to": [11, 9.4, 6.06751],
			"shade": false,
			"rotation": {"angle": 0, "axis": "y", "origin": [8, 10.6635, 8]},
			"faces": {
				"north": {"uv": [10, 14, 12, 16], "rotation": 270, "texture": "#4"},
				"east": {"uv": [10, 14, 12, 16], "rotation": 270, "texture": "#4"},
				"south": {"uv": [10, 14, 12, 16], "rotation": 270, "texture": "#4"},
				"west": {"uv": [10, 14, 12, 16], "rotation": 90, "texture": "#4"},
				"up": {"uv": [10, 14, 12, 16], "rotation": 180, "texture": "#4"},
				"down": {"uv": [10, 14, 12, 16], "texture": "#4"}
			}
		},
		{
			"from": [11.3, 9.7, 7.41751],
			"to": [12.2, 10.6, 9.21751],
			"shade": false,
			"rotation": {"angle": 0, "axis": "y", "origin": [8, 10.6635, 8]},
			"faces": {
				"north": {"uv": [8, 12, 10, 14], "rotation": 270, "texture": "#4"},
				"east": {"uv": [8, 12, 10, 14], "rotation": 270, "texture": "#4"},
				"south": {"uv": [8, 12, 10, 14], "rotation": 270, "texture": "#4"},
				"west": {"uv": [8, 12, 10, 14], "rotation": 90, "texture": "#4"},
				"up": {"uv": [8, 12, 10, 14], "rotation": 180, "texture": "#4"},
				"down": {"uv": [8, 12, 10, 14], "texture": "#4"}
			}
		},
		{
			"from": [12.5, 10.9, 9.56751],
			"to": [11, 9.4, 7.06751],
			"shade": false,
			"rotation": {"angle": 0, "axis": "y", "origin": [8, 10.6635, 8]},
			"faces": {
				"north": {"uv": [10, 12, 12, 14], "rotation": 270, "texture": "#4"},
				"east": {"uv": [10, 12, 12, 14], "rotation": 270, "texture": "#4"},
				"south": {"uv": [10, 12, 12, 14], "rotation": 270, "texture": "#4"},
				"west": {"uv": [10, 12, 12, 14], "rotation": 90, "texture": "#4"},
				"up": {"uv": [10, 12, 12, 14], "rotation": 180, "texture": "#4"},
				"down": {"uv": [10, 12, 12, 14], "texture": "#4"}
			}
		},
		{
			"from": [11.25, 9.65, 8.31751],
			"to": [12.25, 10.65, 10.31751],
			"shade": false,
			"rotation": {"angle": 0, "axis": "y", "origin": [8, 10.6635, 8]},
			"faces": {
				"north": {"uv": [8, 10, 10, 12], "rotation": 270, "texture": "#4"},
				"east": {"uv": [8, 10, 10, 12], "rotation": 270, "texture": "#4"},
				"south": {"uv": [8, 10, 10, 12], "rotation": 270, "texture": "#4"},
				"west": {"uv": [8, 10, 10, 12], "rotation": 90, "texture": "#4"},
				"up": {"uv": [8, 10, 10, 12], "rotation": 180, "texture": "#4"},
				"down": {"uv": [8, 10, 10, 12], "texture": "#4"}
			}
		},
		{
			"from": [12.5, 10.9, 10.56751],
			"to": [11, 9.4, 8.06751],
			"shade": false,
			"rotation": {"angle": 0, "axis": "y", "origin": [8, 10.6635, 8]},
			"faces": {
				"north": {"uv": [10, 10, 12, 12], "rotation": 270, "texture": "#4"},
				"east": {"uv": [10, 10, 12, 12], "rotation": 270, "texture": "#4"},
				"south": {"uv": [10, 10, 12, 12], "rotation": 270, "texture": "#4"},
				"west": {"uv": [10, 10, 12, 12], "rotation": 90, "texture": "#4"},
				"up": {"uv": [10, 10, 12, 12], "rotation": 180, "texture": "#4"},
				"down": {"uv": [10, 10, 12, 12], "texture": "#4"}
			}
		},
		{
			"from": [11.25, 9.65, 9.31751],
			"to": [12.25, 10.65, 11.31751],
			"shade": false,
			"rotation": {"angle": 0, "axis": "y", "origin": [8, 10.6635, 8]},
			"faces": {
				"north": {"uv": [8, 8, 10, 10], "rotation": 270, "texture": "#4"},
				"east": {"uv": [8, 8, 10, 10], "rotation": 270, "texture": "#4"},
				"south": {"uv": [8, 8, 10, 10], "rotation": 270, "texture": "#4"},
				"west": {"uv": [8, 8, 10, 10], "rotation": 90, "texture": "#4"},
				"up": {"uv": [8, 8, 10, 10], "rotation": 180, "texture": "#4"},
				"down": {"uv": [8, 8, 10, 10], "texture": "#4"}
			}
		},
		{
			"from": [12.5, 10.9, 11.56751],
			"to": [11, 9.4, 9.06751],
			"shade": false,
			"rotation": {"angle": 0, "axis": "y", "origin": [8, 10.6635, 8]},
			"faces": {
				"north": {"uv": [10, 8, 12, 10], "rotation": 270, "texture": "#4"},
				"east": {"uv": [10, 8, 12, 10], "rotation": 270, "texture": "#4"},
				"south": {"uv": [10, 8, 12, 10], "rotation": 270, "texture": "#4"},
				"west": {"uv": [10, 8, 12, 10], "rotation": 90, "texture": "#4"},
				"up": {"uv": [10, 8, 12, 10], "rotation": 180, "texture": "#4"},
				"down": {"uv": [10, 8, 12, 10], "texture": "#4"}
			}
		},
		{
			"from": [11.25, 9.65, 10.31751],
			"to": [12.25, 10.65, 12.31751],
			"shade": false,
			"rotation": {"angle": 0, "axis": "y", "origin": [8, 10.6635, 8]},
			"faces": {
				"north": {"uv": [8, 6, 10, 8], "rotation": 270, "texture": "#4"},
				"east": {"uv": [8, 6, 10, 8], "rotation": 270, "texture": "#4"},
				"south": {"uv": [8, 6, 10, 8], "rotation": 270, "texture": "#4"},
				"west": {"uv": [8, 6, 10, 8], "rotation": 90, "texture": "#4"},
				"up": {"uv": [8, 6, 10, 8], "rotation": 180, "texture": "#4"},
				"down": {"uv": [8, 6, 10, 8], "texture": "#4"}
			}
		},
		{
			"from": [12.5, 10.9, 12.56751],
			"to": [11, 9.4, 10.06751],
			"shade": false,
			"rotation": {"angle": 0, "axis": "y", "origin": [8, 10.6635, 8]},
			"faces": {
				"north": {"uv": [10, 6, 12, 8], "rotation": 270, "texture": "#4"},
				"east": {"uv": [10, 6, 12, 8], "rotation": 270, "texture": "#4"},
				"south": {"uv": [10, 6, 12, 8], "rotation": 270, "texture": "#4"},
				"west": {"uv": [10, 6, 12, 8], "rotation": 90, "texture": "#4"},
				"up": {"uv": [10, 6, 12, 8], "rotation": 180, "texture": "#4"},
				"down": {"uv": [10, 6, 12, 8], "texture": "#4"}
			}
		},
		{
			"from": [11.3, 9.7, 11.41751],
			"to": [12.2, 10.6, 13.21751],
			"shade": false,
			"rotation": {"angle": 0, "axis": "y", "origin": [8, 10.6635, 8]},
			"faces": {
				"north": {"uv": [8, 4, 10, 6], "rotation": 270, "texture": "#4"},
				"east": {"uv": [8, 4, 10, 6], "rotation": 270, "texture": "#4"},
				"south": {"uv": [8, 4, 10, 6], "rotation": 270, "texture": "#4"},
				"west": {"uv": [8, 4, 10, 6], "rotation": 90, "texture": "#4"},
				"up": {"uv": [8, 4, 10, 6], "rotation": 180, "texture": "#4"},
				"down": {"uv": [8, 4, 10, 6], "texture": "#4"}
			}
		},
		{
			"from": [12.5, 10.9, 13.56751],
			"to": [11, 9.4, 11.06751],
			"shade": false,
			"rotation": {"angle": 0, "axis": "y", "origin": [8, 10.6635, 8]},
			"faces": {
				"north": {"uv": [10, 4, 12, 6], "rotation": 270, "texture": "#4"},
				"east": {"uv": [10, 4, 12, 6], "rotation": 270, "texture": "#4"},
				"south": {"uv": [10, 4, 12, 6], "rotation": 270, "texture": "#4"},
				"west": {"uv": [10, 4, 12, 6], "rotation": 90, "texture": "#4"},
				"up": {"uv": [10, 4, 12, 6], "rotation": 180, "texture": "#4"},
				"down": {"uv": [10, 4, 12, 6], "texture": "#4"}
			}
		},
		{
			"from": [11.35, 9.75, 12.51751],
			"to": [12.15, 10.55, 14.11751],
			"shade": false,
			"rotation": {"angle": 0, "axis": "y", "origin": [8, 10.6635, 8]},
			"faces": {
				"north": {"uv": [8, 2, 10, 4], "rotation": 270, "texture": "#4"},
				"east": {"uv": [8, 2, 10, 4], "rotation": 270, "texture": "#4"},
				"south": {"uv": [8, 2, 10, 4], "rotation": 270, "texture": "#4"},
				"west": {"uv": [8, 2, 10, 4], "rotation": 90, "texture": "#4"},
				"up": {"uv": [8, 2, 10, 4], "rotation": 180, "texture": "#4"},
				"down": {"uv": [8, 2, 10, 4], "texture": "#4"}
			}
		},
		{
			"from": [12.5, 10.9, 14.56751],
			"to": [11, 9.4, 12.06751],
			"shade": false,
			"rotation": {"angle": 0, "axis": "y", "origin": [8, 10.6635, 8]},
			"faces": {
				"north": {"uv": [10, 2, 12, 4], "rotation": 270, "texture": "#4"},
				"east": {"uv": [10, 2, 12, 4], "rotation": 270, "texture": "#4"},
				"south": {"uv": [10, 2, 12, 4], "rotation": 270, "texture": "#4"},
				"west": {"uv": [10, 2, 12, 4], "rotation": 90, "texture": "#4"},
				"up": {"uv": [10, 2, 12, 4], "rotation": 180, "texture": "#4"},
				"down": {"uv": [10, 2, 12, 4], "texture": "#4"}
			}
		}
	],
	"gui_light": "front",
	"display": {
		"thirdperson_righthand": {
			"translation": [0, 3.25, 0.75],
			"scale": [0.6, 0.6, 0.6]
		},
		"thirdperson_lefthand": {
			"translation": [0, 3.25, 0.75],
			"scale": [0.6, 0.6, 0.6]
		},
		"firstperson_righthand": {
			"rotation": [-48.75, 15, -4],
			"translation": [3.75, 0.75, -1],
			"scale": [0.54883, 0.54883, 0.54883]
		},
		"firstperson_lefthand": {
			"rotation": [-48.75, 15, -4],
			"translation": [3.75, 0.75, -1],
			"scale": [0.54883, 0.54883, 0.54883]
		},
		"ground": {
			"rotation": [94, 85, 0],
			"translation": [0, 0.25, -0.75],
			"scale": [0.5, 0.5, 0.5]
		},
		"gui": {
			"rotation": [-90, 45, 88],
			"translation": [0, -0.75, 0],
			"scale": [0.45, 0.45, 0.45]
		},
		"head": {
			"rotation": [90, -171, 90],
			"translation": [-2.25, 9.25, 0.25],
			"scale": [0.7, 0.7, 0.7]
		},
		"fixed": {
			"rotation": [0, 90, 0],
			"translation": [1.5, -6.75, -1.25],
			"scale": [1.42109, 1.42109, 1.42109]
		}
	},
	"groups": [
		0,
		1,
		2,
		3,
		4,
		5,
		6,
		7,
		8,
		9,
		10,
		11,
		12,
		13,
		14,
		15,
		16,
		17,
		18,
		19,
		20,
		21,
		{
			"name": "particles",
			"origin": [8, 8, 8],
			"color": 0,
			"children": [
				{
					"name": "particles1",
					"origin": [0, 0, 0],
					"color": 0,
					"children": [
						{
							"name": "particle1",
							"origin": [0, 0, 0],
							"color": 0,
							"children": [22, 23]
						},
						{
							"name": "particle2",
							"origin": [0, 0, 0],
							"color": 0,
							"children": [24, 25]
						},
						{
							"name": "particle3",
							"origin": [0, 0, 0],
							"color": 0,
							"children": [26, 27]
						},
						{
							"name": "particle4",
							"origin": [0, 0, 0],
							"color": 0,
							"children": [28, 29]
						},
						{
							"name": "particle5",
							"origin": [0, 0, 0],
							"color": 0,
							"children": [30, 31]
						},
						{
							"name": "particle6",
							"origin": [0, 0, 0],
							"color": 0,
							"children": [32, 33]
						},
						{
							"name": "particle7",
							"origin": [0, 0, 0],
							"color": 0,
							"children": [34, 35]
						}
					]
				},
				{
					"name": "particles2",
					"origin": [0, 0, 0],
					"color": 0,
					"children": [
						{
							"name": "particle1",
							"origin": [0, 0, 0],
							"color": 0,
							"children": [36, 37]
						},
						{
							"name": "particle2",
							"origin": [0, 0, 0],
							"color": 0,
							"children": [38, 39]
						},
						{
							"name": "particle3",
							"origin": [0, 0, 0],
							"color": 0,
							"children": [40, 41]
						},
						{
							"name": "particle4",
							"origin": [0, 0, 0],
							"color": 0,
							"children": [42, 43]
						},
						{
							"name": "particle5",
							"origin": [0, 0, 0],
							"color": 0,
							"children": [44, 45]
						},
						{
							"name": "particle6",
							"origin": [0, 0, 0],
							"color": 0,
							"children": [46, 47]
						},
						{
							"name": "particle7",
							"origin": [0, 0, 0],
							"color": 0,
							"children": [48, 49]
						}
					]
				},
				{
					"name": "particles3",
					"origin": [0, 0, 0],
					"color": 0,
					"children": [
						{
							"name": "particle1",
							"origin": [0, 0, 0],
							"color": 0,
							"children": [50, 51]
						},
						{
							"name": "particle2",
							"origin": [0, 0, 0],
							"color": 0,
							"children": [52, 53]
						},
						{
							"name": "particle3",
							"origin": [0, 0, 0],
							"color": 0,
							"children": [54, 55]
						},
						{
							"name": "particle4",
							"origin": [0, 0, 0],
							"color": 0,
							"children": [56, 57]
						},
						{
							"name": "particle5",
							"origin": [0, 0, 0],
							"color": 0,
							"children": [58, 59]
						},
						{
							"name": "particle6",
							"origin": [0, 0, 0],
							"color": 0,
							"children": [60, 61]
						},
						{
							"name": "particle7",
							"origin": [0, 0, 0],
							"color": 0,
							"children": [62, 63]
						}
					]
				},
				{
					"name": "particles4",
					"origin": [0, 0, 0],
					"color": 0,
					"children": [
						{
							"name": "particle1",
							"origin": [0, 0, 0],
							"color": 0,
							"children": [64, 65]
						},
						{
							"name": "particle2",
							"origin": [0, 0, 0],
							"color": 0,
							"children": [66, 67]
						},
						{
							"name": "particle3",
							"origin": [0, 0, 0],
							"color": 0,
							"children": [68, 69]
						},
						{
							"name": "particle4",
							"origin": [0, 0, 0],
							"color": 0,
							"children": [70, 71]
						},
						{
							"name": "particle5",
							"origin": [0, 0, 0],
							"color": 0,
							"children": [72, 73]
						},
						{
							"name": "particle6",
							"origin": [0, 0, 0],
							"color": 0,
							"children": [74, 75]
						},
						{
							"name": "particle7",
							"origin": [0, 0, 0],
							"color": 0,
							"children": [76, 77]
						}
					]
				}
			]
		}
	]
}