{"credit":"MadewithBlockbench","texture_size":[256,256],"textures":{"0":"royal:royal_chair","1":"royal:royal_table_war","particle":"royal:royal_chair"},"elements":[{"name":"0","from":[-16,14,-8],"to":[32,16,24],"rotation":{"angle":0,"axis":"y","origin":[0,0,8]},"faces":{"north":{"uv":[6,1.375,9,1.5],"texture":"#1"},"east":{"uv":[6,2.875,8,3],"texture":"#1"},"south":{"uv":[6,1.375,9,1.5],"texture":"#1"},"west":{"uv":[6,2.875,8,3],"texture":"#1"},"up":{"uv":[3,2,0,0],"texture":"#1"},"down":{"uv":[3,2,0,0],"texture":"#1"}}},{"name":"0","from":[-15,16,-7],"to":[31,18,-5],"rotation":{"angle":0,"axis":"y","origin":[0,0,8]},"faces":{"north":{"uv":[6,2,8.875,2.125],"texture":"#1"},"east":{"uv":[5.125,6.0625,5.25,6.1875],"texture":"#1"},"south":{"uv":[6,2,8.875,2.125],"texture":"#1"},"west":{"uv":[5.125,6.0625,5.25,6.1875],"texture":"#1"},"up":{"uv":[8.875,2.375,6,2.25],"texture":"#1"}}},{"name":"0","from":[4,18,-6],"to":[30,20,-6],"rotation":{"angle":0,"axis":"y","origin":[0,0,8]},"faces":{"north":{"uv":[8.5,9.25,2.5,8.75],"texture":"#0"},"south":{"uv":[2.5,9.25,8.5,8.75],"texture":"#0"}}},{"name":"0","from":[30,18,-6],"to":[30,20,20],"rotation":{"angle":0,"axis":"y","origin":[0,0,8]},"faces":{"east":{"uv":[8.5,9.25,2.5,8.75],"texture":"#0"},"west":{"uv":[2.5,9.25,8.5,8.75],"texture":"#0"}}},{"name":"0","from":[-14,18,-4],"to":[-14,20,22],"rotation":{"angle":0,"axis":"y","origin":[16,0,24]},"faces":{"east":{"uv":[2.5,9.25,8.5,8.75],"texture":"#0"},"west":{"uv":[8.5,9.25,2.5,8.75],"texture":"#0"}}},{"name":"0","from":[-14,18,22],"to":[12,20,22],"rotation":{"angle":0,"axis":"y","origin":[16,0,24]},"faces":{"north":{"uv":[2.5,9.25,8.5,8.75],"texture":"#0"},"south":{"uv":[8.5,9.25,2.5,8.75],"texture":"#0"}}},{"name":"0","from":[-15,16,21],"to":[31,18,23],"rotation":{"angle":0,"axis":"y","origin":[0,0,24]},"faces":{"north":{"uv":[8.875,2,6,2.125],"texture":"#1"},"east":{"uv":[5.25,6.0625,5.125,6.1875],"texture":"#1"},"south":{"uv":[8.875,2,6,2.125],"texture":"#1"},"west":{"uv":[5.25,6.0625,5.125,6.1875],"texture":"#1"},"up":{"uv":[8.875,2.25,6,2.375],"texture":"#1"}}},{"name":"0","from":[29,16,-5],"to":[31,18,21],"rotation":{"angle":0,"axis":"y","origin":[0,0,8]},"faces":{"east":{"uv":[6,3.125,7.625,3.25],"texture":"#1"},"west":{"uv":[6,3.125,7.625,3.25],"texture":"#1"},"up":{"uv":[5.375,7.375,5.25,5.75],"texture":"#1"}}},{"name":"0","from":[-15,16,-5],"to":[-13,18,21],"rotation":{"angle":0,"axis":"y","origin":[16,0,8]},"faces":{"east":{"uv":[7.625,3.125,6,3.25],"texture":"#1"},"west":{"uv":[7.625,3.125,6,3.25],"texture":"#1"},"up":{"uv":[5.25,7.375,5.375,5.75],"texture":"#1"}}},{"name":"0","from":[22,16,10],"to":[24,19,12],"rotation":{"angle":0,"axis":"y","origin":[0,0,8]},"faces":{"north":{"uv":[3.375,6.0625,3.5,6.25],"texture":"#1"},"east":{"uv":[3.375,6.0625,3.5,6.25],"texture":"#1"},"south":{"uv":[3.375,6.0625,3.5,6.25],"texture":"#1"},"west":{"uv":[3.375,6.0625,3.5,6.25],"texture":"#1"},"up":{"uv":[4.375,6.25,4.25,6.125],"texture":"#1"}}},{"name":"0","from":[17,16,6],"to":[19,19,8],"rotation":{"angle":0,"axis":"y","origin":[0,0,8]},"faces":{"north":{"uv":[3.375,6.0625,3.5,6.25],"texture":"#1"},"east":{"uv":[3.375,6.0625,3.5,6.25],"texture":"#1"},"south":{"uv":[3.375,6.0625,3.5,6.25],"texture":"#1"},"west":{"uv":[3.375,6.0625,3.5,6.25],"texture":"#1"},"up":{"uv":[4.375,6.25,4.25,6.125],"texture":"#1"}}},{"name":"0","from":[-5,16,4],"to":[-3,19,6],"rotation":{"angle":0,"axis":"y","origin":[0,0,8]},"faces":{"north":{"uv":[3.5,6.0625,3.625,6.25],"texture":"#1"},"east":{"uv":[3.5,6.0625,3.625,6.25],"texture":"#1"},"south":{"uv":[3.5,6.0625,3.625,6.25],"texture":"#1"},"west":{"uv":[3.5,6.0625,3.625,6.25],"texture":"#1"},"up":{"uv":[5,6.25,4.875,6.125],"texture":"#1"}}},{"name":"0","from":[1,16,-1],"to":[3,19,1],"rotation":{"angle":0,"axis":"y","origin":[0,0,8]},"faces":{"north":{"uv":[3.5,6.0625,3.625,6.25],"texture":"#1"},"east":{"uv":[3.5,6.0625,3.625,6.25],"texture":"#1"},"south":{"uv":[3.5,6.0625,3.625,6.25],"texture":"#1"},"west":{"uv":[3.5,6.0625,3.625,6.25],"texture":"#1"},"up":{"uv":[5,6.25,4.875,6.125],"texture":"#1"}}},{"name":"0","from":[-14,11,-6],"to":[30,14,22],"rotation":{"angle":0,"axis":"y","origin":[0,0,8]},"faces":{"north":{"uv":[6,0.375,8.75,0.5625],"texture":"#1"},"east":{"uv":[6,2.5,7.75,2.6875],"texture":"#1"},"south":{"uv":[8.75,0.375,6,0.5625],"texture":"#1"},"west":{"uv":[7.75,2.5,6,2.6875],"texture":"#1"},"down":{"uv":[5.5,4,2.75,5.75],"texture":"#1"}}},{"name":"0","from":[-14,3,-6],"to":[30,6,22],"rotation":{"angle":0,"axis":"y","origin":[0,16,8]},"faces":{"north":{"uv":[6,0.5625,8.75,0.375],"texture":"#1"},"east":{"uv":[6,2.6875,7.75,2.5],"texture":"#1"},"south":{"uv":[8.75,0.5625,6,0.375],"texture":"#1"},"west":{"uv":[7.75,2.6875,6,2.5],"texture":"#1"},"up":{"uv":[5.5,5.75,2.75,4],"texture":"#1"}}},{"name":"0","from":[-13,6,-5],"to":[29,11,21],"rotation":{"angle":0,"axis":"y","origin":[0,0,8]},"faces":{"north":{"uv":[0,5.75,2.625,6.0625],"texture":"#1"},"east":{"uv":[6,0.75,7.625,1.0625],"texture":"#1"},"south":{"uv":[0,5.75,2.625,6.0625],"texture":"#1"},"west":{"uv":[6,0.75,7.625,1.0625],"texture":"#1"}}},{"name":"0","from":[-16,0,-8],"to":[32,3,24],"rotation":{"angle":0,"axis":"y","origin":[0,0,8]},"faces":{"north":{"uv":[6,0,9,0.1875],"texture":"#1"},"east":{"uv":[6,1.625,8,1.8125],"texture":"#1"},"south":{"uv":[6,0,9,0.1875],"texture":"#1"},"west":{"uv":[6,1.625,8,1.8125],"texture":"#1"},"up":{"uv":[6,2,3,0],"texture":"#1"},"down":{"uv":[6,0,3,2],"texture":"#1"}}},{"name":"0","from":[23,3,-7],"to":[26,14,-5],"rotation":{"angle":0,"axis":"y","origin":[0,0,8]},"faces":{"north":{"uv":[0,6.0625,0.1875,6.75],"texture":"#1"},"east":{"uv":[0,6.75,0.125,7.4375],"texture":"#1"},"west":{"uv":[0,6.75,0.125,7.4375],"texture":"#1"}}},{"name":"0","from":[21,3,-6],"to":[28,11,-6],"rotation":{"angle":45,"axis":"y","origin":[24.5,7,-6]},"faces":{"north":{"uv":[0.125,6.75,0.5625,7.25],"texture":"#1"},"south":{"uv":[0.125,6.75,0.5625,7.25],"texture":"#1"}}},{"name":"0","from":[21,3,-6],"to":[28,11,-6],"rotation":{"angle":0,"axis":"y","origin":[0,0,8]},"faces":{"north":{"uv":[0.125,6.75,0.5625,7.25],"texture":"#1"},"south":{"uv":[0.5625,6.75,0.125,7.25],"texture":"#1"}}},{"name":"0","from":[21,3,-6],"to":[28,11,-6],"rotation":{"angle":-45,"axis":"y","origin":[24.5,7,-6]},"faces":{"north":{"uv":[0.125,6.75,0.5625,7.25],"texture":"#1"},"south":{"uv":[0,6.0625,0.1875,6.75],"texture":"#1"}}},{"name":"0","from":[20,16,-2],"to":[25,18,3],"rotation":{"angle":0,"axis":"y","origin":[0,0,8]},"faces":{"north":{"uv":[2.0625,6.0625,2.375,6.1875],"texture":"#1"},"east":{"uv":[2.0625,6.0625,2.375,6.1875],"texture":"#1"},"south":{"uv":[2.0625,6.0625,2.375,6.1875],"texture":"#1"},"west":{"uv":[2.0625,6.0625,2.375,6.1875],"texture":"#1"},"up":{"uv":[6.3125,3.6875,6,3.375],"texture":"#1"}}},{"name":"0","from":[21,18,-1],"to":[24,22,2],"rotation":{"angle":0,"axis":"y","origin":[0,0,8]},"faces":{"north":{"uv":[1.1875,6.0625,1.375,6.3125],"texture":"#1"},"east":{"uv":[1.1875,6.0625,1.375,6.3125],"texture":"#1"},"south":{"uv":[1.1875,6.0625,1.375,6.3125],"texture":"#1"},"west":{"uv":[1.1875,6.0625,1.375,6.3125],"texture":"#1"}}},{"name":"0","from":[20,23,2],"to":[21,24,3],"rotation":{"angle":0,"axis":"y","origin":[16,0,8]},"faces":{"north":{"uv":[4.5625,6.125,4.5,6.1875],"texture":"#1"},"east":{"uv":[4.75,6.125,4.6875,6.1875],"texture":"#1"},"south":{"uv":[4.6875,6.125,4.625,6.1875],"texture":"#1"},"west":{"uv":[4.625,6.125,4.5625,6.1875],"texture":"#1"},"up":{"uv":[4.75,6.1875,4.8125,6.125],"texture":"#1"}}},{"name":"0","from":[20,23,0],"to":[21,24,1],"rotation":{"angle":0,"axis":"y","origin":[16,0,8]},"faces":{"north":{"uv":[4.5625,6.125,4.5,6.1875],"texture":"#1"},"east":{"uv":[4.75,6.125,4.6875,6.1875],"texture":"#1"},"south":{"uv":[4.6875,6.125,4.625,6.1875],"texture":"#1"},"west":{"uv":[4.625,6.125,4.5625,6.1875],"texture":"#1"},"up":{"uv":[4.75,6.1875,4.8125,6.125],"texture":"#1"}}},{"name":"0","from":[22,23,2],"to":[23,24,3],"rotation":{"angle":0,"axis":"y","origin":[20.5,23.5,33.5]},"faces":{"north":{"uv":[4.6875,6.125,4.75,6.1875],"texture":"#1"},"east":{"uv":[4.5,6.125,4.5625,6.1875],"texture":"#1"},"south":{"uv":[4.5625,6.125,4.625,6.1875],"texture":"#1"},"west":{"uv":[4.625,6.125,4.6875,6.1875],"texture":"#1"},"up":{"uv":[4.8125,6.1875,4.75,6.125],"rotation":90,"texture":"#1"}}},{"name":"0","from":[22,23,-2],"to":[23,24,-1],"rotation":{"angle":0,"axis":"y","origin":[20.5,23.5,-1.5]},"faces":{"north":{"uv":[4.625,6.125,4.5625,6.1875],"texture":"#1"},"east":{"uv":[4.5625,6.125,4.5,6.1875],"texture":"#1"},"south":{"uv":[4.75,6.125,4.6875,6.1875],"texture":"#1"},"west":{"uv":[4.6875,6.125,4.625,6.1875],"texture":"#1"},"up":{"uv":[4.75,6.1875,4.8125,6.125],"rotation":90,"texture":"#1"}}},{"name":"0","from":[20,23,-2],"to":[21,24,-1],"rotation":{"angle":0,"axis":"y","origin":[16,0,8]},"faces":{"north":{"uv":[4.5625,6.125,4.5,6.1875],"texture":"#1"},"east":{"uv":[4.75,6.125,4.6875,6.1875],"texture":"#1"},"south":{"uv":[4.6875,6.125,4.625,6.1875],"texture":"#1"},"west":{"uv":[4.625,6.125,4.5625,6.1875],"texture":"#1"},"up":{"uv":[4.75,6.1875,4.8125,6.125],"texture":"#1"}}},{"name":"0","from":[24,23,-2],"to":[25,24,-1],"rotation":{"angle":0,"axis":"y","origin":[0,0,8]},"faces":{"north":{"uv":[4.5,6.125,4.5625,6.1875],"texture":"#1"},"east":{"uv":[4.5625,6.125,4.625,6.1875],"texture":"#1"},"south":{"uv":[4.625,6.125,4.6875,6.1875],"texture":"#1"},"west":{"uv":[4.6875,6.125,4.75,6.1875],"texture":"#1"},"up":{"uv":[4.8125,6.1875,4.75,6.125],"texture":"#1"}}},{"name":"0","from":[24,23,2],"to":[25,24,3],"rotation":{"angle":0,"axis":"y","origin":[0,0,8]},"faces":{"north":{"uv":[4.5,6.125,4.5625,6.1875],"texture":"#1"},"east":{"uv":[4.5625,6.125,4.625,6.1875],"texture":"#1"},"south":{"uv":[4.625,6.125,4.6875,6.1875],"texture":"#1"},"west":{"uv":[4.6875,6.125,4.75,6.1875],"texture":"#1"},"up":{"uv":[4.8125,6.1875,4.75,6.125],"texture":"#1"}}},{"name":"0","from":[24,23,0],"to":[25,24,1],"rotation":{"angle":0,"axis":"y","origin":[0,0,8]},"faces":{"north":{"uv":[4.5,6.125,4.5625,6.1875],"texture":"#1"},"east":{"uv":[4.5625,6.125,4.625,6.1875],"texture":"#1"},"south":{"uv":[4.625,6.125,4.6875,6.1875],"texture":"#1"},"west":{"uv":[4.6875,6.125,4.75,6.1875],"texture":"#1"},"up":{"uv":[4.8125,6.1875,4.75,6.125],"texture":"#1"}}},{"name":"0","from":[20,22,-2],"to":[25,23,3],"rotation":{"angle":0,"axis":"y","origin":[0,0,8]},"faces":{"north":{"uv":[4.1875,6.0625,4.5,6.125],"texture":"#1"},"east":{"uv":[4.1875,6.0625,4.5,6.125],"texture":"#1"},"south":{"uv":[4.1875,6.0625,4.5,6.125],"texture":"#1"},"west":{"uv":[4.1875,6.0625,4.5,6.125],"texture":"#1"},"up":{"uv":[0.6875,6.375,0.375,6.0625],"texture":"#1"},"down":{"uv":[1,6.0625,0.6875,6.375],"texture":"#1"}}},{"name":"0","from":[-7,16,12],"to":[-2,18,17],"rotation":{"angle":0,"axis":"y","origin":[0,0,8]},"faces":{"north":{"uv":[2.0625,6.0625,2.375,6.1875],"texture":"#1"},"east":{"uv":[2.0625,6.0625,2.375,6.1875],"texture":"#1"},"south":{"uv":[2.0625,6.0625,2.375,6.1875],"texture":"#1"},"west":{"uv":[2.0625,6.0625,2.375,6.1875],"texture":"#1"},"up":{"uv":[6.3125,3.6875,6,3.375],"texture":"#1"}}},{"name":"0","from":[-6,18,13],"to":[-3,22,16],"rotation":{"angle":0,"axis":"y","origin":[0,0,8]},"faces":{"north":{"uv":[1.1875,6.0625,1.375,6.3125],"texture":"#1"},"east":{"uv":[1.1875,6.0625,1.375,6.3125],"texture":"#1"},"south":{"uv":[1.1875,6.0625,1.375,6.3125],"texture":"#1"},"west":{"uv":[1.1875,6.0625,1.375,6.3125],"texture":"#1"}}},{"name":"0","from":[-7,23,16],"to":[-6,24,17],"rotation":{"angle":0,"axis":"y","origin":[16,0,8]},"faces":{"north":{"uv":[4.5625,6.125,4.5,6.1875],"texture":"#1"},"east":{"uv":[4.75,6.125,4.6875,6.1875],"texture":"#1"},"south":{"uv":[4.6875,6.125,4.625,6.1875],"texture":"#1"},"west":{"uv":[4.625,6.125,4.5625,6.1875],"texture":"#1"},"up":{"uv":[4.75,6.1875,4.8125,6.125],"texture":"#1"}}},{"name":"0","from":[-7,23,14],"to":[-6,24,15],"rotation":{"angle":0,"axis":"y","origin":[16,0,8]},"faces":{"north":{"uv":[4.5625,6.125,4.5,6.1875],"texture":"#1"},"east":{"uv":[4.75,6.125,4.6875,6.1875],"texture":"#1"},"south":{"uv":[4.6875,6.125,4.625,6.1875],"texture":"#1"},"west":{"uv":[4.625,6.125,4.5625,6.1875],"texture":"#1"},"up":{"uv":[4.75,6.1875,4.8125,6.125],"texture":"#1"}}},{"name":"0","from":[-5,23,16],"to":[-4,24,17],"rotation":{"angle":0,"axis":"y","origin":[20.5,23.5,33.5]},"faces":{"north":{"uv":[4.6875,6.125,4.75,6.1875],"texture":"#1"},"east":{"uv":[4.5,6.125,4.5625,6.1875],"texture":"#1"},"south":{"uv":[4.5625,6.125,4.625,6.1875],"texture":"#1"},"west":{"uv":[4.625,6.125,4.6875,6.1875],"texture":"#1"},"up":{"uv":[4.8125,6.1875,4.75,6.125],"rotation":90,"texture":"#1"}}},{"name":"0","from":[-5,23,12],"to":[-4,24,13],"rotation":{"angle":0,"axis":"y","origin":[20.5,23.5,-1.5]},"faces":{"north":{"uv":[4.625,6.125,4.5625,6.1875],"texture":"#1"},"east":{"uv":[4.5625,6.125,4.5,6.1875],"texture":"#1"},"south":{"uv":[4.75,6.125,4.6875,6.1875],"texture":"#1"},"west":{"uv":[4.6875,6.125,4.625,6.1875],"texture":"#1"},"up":{"uv":[4.75,6.1875,4.8125,6.125],"rotation":90,"texture":"#1"}}},{"name":"0","from":[-7,23,12],"to":[-6,24,13],"rotation":{"angle":0,"axis":"y","origin":[16,0,8]},"faces":{"north":{"uv":[4.5625,6.125,4.5,6.1875],"texture":"#1"},"east":{"uv":[4.75,6.125,4.6875,6.1875],"texture":"#1"},"south":{"uv":[4.6875,6.125,4.625,6.1875],"texture":"#1"},"west":{"uv":[4.625,6.125,4.5625,6.1875],"texture":"#1"},"up":{"uv":[4.75,6.1875,4.8125,6.125],"texture":"#1"}}},{"name":"0","from":[-3,23,12],"to":[-2,24,13],"rotation":{"angle":0,"axis":"y","origin":[0,0,8]},"faces":{"north":{"uv":[4.5,6.125,4.5625,6.1875],"texture":"#1"},"east":{"uv":[4.5625,6.125,4.625,6.1875],"texture":"#1"},"south":{"uv":[4.625,6.125,4.6875,6.1875],"texture":"#1"},"west":{"uv":[4.6875,6.125,4.75,6.1875],"texture":"#1"},"up":{"uv":[4.8125,6.1875,4.75,6.125],"texture":"#1"}}},{"name":"0","from":[-3,23,16],"to":[-2,24,17],"rotation":{"angle":0,"axis":"y","origin":[0,0,8]},"faces":{"north":{"uv":[4.5,6.125,4.5625,6.1875],"texture":"#1"},"east":{"uv":[4.5625,6.125,4.625,6.1875],"texture":"#1"},"south":{"uv":[4.625,6.125,4.6875,6.1875],"texture":"#1"},"west":{"uv":[4.6875,6.125,4.75,6.1875],"texture":"#1"},"up":{"uv":[4.8125,6.1875,4.75,6.125],"texture":"#1"}}},{"name":"0","from":[-3,23,14],"to":[-2,24,15],"rotation":{"angle":0,"axis":"y","origin":[0,0,8]},"faces":{"north":{"uv":[4.5,6.125,4.5625,6.1875],"texture":"#1"},"east":{"uv":[4.5625,6.125,4.625,6.1875],"texture":"#1"},"south":{"uv":[4.625,6.125,4.6875,6.1875],"texture":"#1"},"west":{"uv":[4.6875,6.125,4.75,6.1875],"texture":"#1"},"up":{"uv":[4.8125,6.1875,4.75,6.125],"texture":"#1"}}},{"name":"0","from":[-7,22,12],"to":[-2,23,17],"rotation":{"angle":0,"axis":"y","origin":[0,0,8]},"faces":{"north":{"uv":[4.1875,6.0625,4.5,6.125],"texture":"#1"},"east":{"uv":[4.1875,6.0625,4.5,6.125],"texture":"#1"},"south":{"uv":[4.1875,6.0625,4.5,6.125],"texture":"#1"},"west":{"uv":[4.1875,6.0625,4.5,6.125],"texture":"#1"},"up":{"uv":[0.6875,6.375,0.375,6.0625],"texture":"#1"},"down":{"uv":[1,6.0625,0.6875,6.375],"texture":"#1"}}},{"name":"0","from":[-5.5,16,-0.5],"to":[-3,17,2],"rotation":{"angle":0,"axis":"y","origin":[0,0,8]},"faces":{"north":{"uv":[2.0625,6.0625,2.375,6.1875],"texture":"#1"},"east":{"uv":[2.0625,6.0625,2.375,6.1875],"texture":"#1"},"south":{"uv":[2.0625,6.0625,2.375,6.1875],"texture":"#1"},"west":{"uv":[2.0625,6.0625,2.375,6.1875],"texture":"#1"},"up":{"uv":[6.3125,3.6875,6,3.375],"texture":"#1"}}},{"name":"0","from":[-5,17,0],"to":[-3.5,19,1.5],"rotation":{"angle":0,"axis":"y","origin":[0,0,8]},"faces":{"north":{"uv":[1.1875,6.0625,1.375,6.3125],"texture":"#1"},"east":{"uv":[1.1875,6.0625,1.375,6.3125],"texture":"#1"},"south":{"uv":[1.1875,6.0625,1.375,6.3125],"texture":"#1"},"west":{"uv":[1.1875,6.0625,1.375,6.3125],"texture":"#1"}}},{"name":"0","from":[-5.5,19.5,1.5],"to":[-5,20,2],"rotation":{"angle":0,"axis":"y","origin":[8,0,8]},"faces":{"north":{"uv":[4.5625,6.125,4.5,6.1875],"texture":"#1"},"east":{"uv":[4.75,6.125,4.6875,6.1875],"texture":"#1"},"south":{"uv":[4.6875,6.125,4.625,6.1875],"texture":"#1"},"west":{"uv":[4.625,6.125,4.5625,6.1875],"texture":"#1"},"up":{"uv":[4.75,6.1875,4.8125,6.125],"texture":"#1"}}},{"name":"0","from":[-5.5,19.5,0.5],"to":[-5,20,1],"rotation":{"angle":0,"axis":"y","origin":[8,0,8]},"faces":{"north":{"uv":[4.5625,6.125,4.5,6.1875],"texture":"#1"},"east":{"uv":[4.75,6.125,4.6875,6.1875],"texture":"#1"},"south":{"uv":[4.6875,6.125,4.625,6.1875],"texture":"#1"},"west":{"uv":[4.625,6.125,4.5625,6.1875],"texture":"#1"},"up":{"uv":[4.75,6.1875,4.8125,6.125],"texture":"#1"}}},{"name":"0","from":[-4.5,19.5,1.5],"to":[-4,20,2],"rotation":{"angle":0,"axis":"y","origin":[10.25,11.75,20.75]},"faces":{"north":{"uv":[4.6875,6.125,4.75,6.1875],"texture":"#1"},"east":{"uv":[4.5,6.125,4.5625,6.1875],"texture":"#1"},"south":{"uv":[4.5625,6.125,4.625,6.1875],"texture":"#1"},"west":{"uv":[4.625,6.125,4.6875,6.1875],"texture":"#1"},"up":{"uv":[4.8125,6.1875,4.75,6.125],"rotation":90,"texture":"#1"}}},{"name":"0","from":[-4.5,19.5,-0.5],"to":[-4,20,0],"rotation":{"angle":0,"axis":"y","origin":[10.25,11.75,3.25]},"faces":{"north":{"uv":[4.625,6.125,4.5625,6.1875],"texture":"#1"},"east":{"uv":[4.5625,6.125,4.5,6.1875],"texture":"#1"},"south":{"uv":[4.75,6.125,4.6875,6.1875],"texture":"#1"},"west":{"uv":[4.6875,6.125,4.625,6.1875],"texture":"#1"},"up":{"uv":[4.75,6.1875,4.8125,6.125],"rotation":90,"texture":"#1"}}},{"name":"0","from":[-5.5,19.5,-0.5],"to":[-5,20,0],"rotation":{"angle":0,"axis":"y","origin":[8,0,8]},"faces":{"north":{"uv":[4.5625,6.125,4.5,6.1875],"texture":"#1"},"east":{"uv":[4.75,6.125,4.6875,6.1875],"texture":"#1"},"south":{"uv":[4.6875,6.125,4.625,6.1875],"texture":"#1"},"west":{"uv":[4.625,6.125,4.5625,6.1875],"texture":"#1"},"up":{"uv":[4.75,6.1875,4.8125,6.125],"texture":"#1"}}},{"name":"0","from":[-3.5,19.5,-0.5],"to":[-3,20,0],"rotation":{"angle":0,"axis":"y","origin":[0,0,8]},"faces":{"north":{"uv":[4.5,6.125,4.5625,6.1875],"texture":"#1"},"east":{"uv":[4.5625,6.125,4.625,6.1875],"texture":"#1"},"south":{"uv":[4.625,6.125,4.6875,6.1875],"texture":"#1"},"west":{"uv":[4.6875,6.125,4.75,6.1875],"texture":"#1"},"up":{"uv":[4.8125,6.1875,4.75,6.125],"texture":"#1"}}},{"name":"0","from":[-3.5,19.5,1.5],"to":[-3,20,2],"rotation":{"angle":0,"axis":"y","origin":[0,0,8]},"faces":{"north":{"uv":[4.5,6.125,4.5625,6.1875],"texture":"#1"},"east":{"uv":[4.5625,6.125,4.625,6.1875],"texture":"#1"},"south":{"uv":[4.625,6.125,4.6875,6.1875],"texture":"#1"},"west":{"uv":[4.6875,6.125,4.75,6.1875],"texture":"#1"},"up":{"uv":[4.8125,6.1875,4.75,6.125],"texture":"#1"}}},{"name":"0","from":[-3.5,19.5,0.5],"to":[-3,20,1],"rotation":{"angle":0,"axis":"y","origin":[0,0,8]},"faces":{"north":{"uv":[4.5,6.125,4.5625,6.1875],"texture":"#1"},"east":{"uv":[4.5625,6.125,4.625,6.1875],"texture":"#1"},"south":{"uv":[4.625,6.125,4.6875,6.1875],"texture":"#1"},"west":{"uv":[4.6875,6.125,4.75,6.1875],"texture":"#1"},"up":{"uv":[4.8125,6.1875,4.75,6.125],"texture":"#1"}}},{"name":"0","from":[-5.5,19,-0.5],"to":[-3,19.5,2],"rotation":{"angle":0,"axis":"y","origin":[0,0,8]},"faces":{"north":{"uv":[4.1875,6.0625,4.5,6.125],"texture":"#1"},"east":{"uv":[4.1875,6.0625,4.5,6.125],"texture":"#1"},"south":{"uv":[4.1875,6.0625,4.5,6.125],"texture":"#1"},"west":{"uv":[4.1875,6.0625,4.5,6.125],"texture":"#1"},"up":{"uv":[0.6875,6.375,0.375,6.0625],"texture":"#1"},"down":{"uv":[1,6.0625,0.6875,6.375],"texture":"#1"}}},{"name":"0","from":[2.5,16,9.5],"to":[5,17,12],"rotation":{"angle":0,"axis":"y","origin":[0,0,8]},"faces":{"north":{"uv":[2.0625,6.0625,2.375,6.1875],"texture":"#1"},"east":{"uv":[2.0625,6.0625,2.375,6.1875],"texture":"#1"},"south":{"uv":[2.0625,6.0625,2.375,6.1875],"texture":"#1"},"west":{"uv":[2.0625,6.0625,2.375,6.1875],"texture":"#1"},"up":{"uv":[6.3125,3.6875,6,3.375],"texture":"#1"}}},{"name":"0","from":[3,17,10],"to":[4.5,19,11.5],"rotation":{"angle":0,"axis":"y","origin":[0,0,8]},"faces":{"north":{"uv":[1.1875,6.0625,1.375,6.3125],"texture":"#1"},"east":{"uv":[1.1875,6.0625,1.375,6.3125],"texture":"#1"},"south":{"uv":[1.1875,6.0625,1.375,6.3125],"texture":"#1"},"west":{"uv":[1.1875,6.0625,1.375,6.3125],"texture":"#1"}}},{"name":"0","from":[2.5,19.5,11.5],"to":[3,20,12],"rotation":{"angle":0,"axis":"y","origin":[8,0,8]},"faces":{"north":{"uv":[4.5625,6.125,4.5,6.1875],"texture":"#1"},"east":{"uv":[4.75,6.125,4.6875,6.1875],"texture":"#1"},"south":{"uv":[4.6875,6.125,4.625,6.1875],"texture":"#1"},"west":{"uv":[4.625,6.125,4.5625,6.1875],"texture":"#1"},"up":{"uv":[4.75,6.1875,4.8125,6.125],"texture":"#1"}}},{"name":"0","from":[2.5,19.5,10.5],"to":[3,20,11],"rotation":{"angle":0,"axis":"y","origin":[8,0,8]},"faces":{"north":{"uv":[4.5625,6.125,4.5,6.1875],"texture":"#1"},"east":{"uv":[4.75,6.125,4.6875,6.1875],"texture":"#1"},"south":{"uv":[4.6875,6.125,4.625,6.1875],"texture":"#1"},"west":{"uv":[4.625,6.125,4.5625,6.1875],"texture":"#1"},"up":{"uv":[4.75,6.1875,4.8125,6.125],"texture":"#1"}}},{"name":"0","from":[3.5,19.5,11.5],"to":[4,20,12],"rotation":{"angle":0,"axis":"y","origin":[10.25,11.75,20.75]},"faces":{"north":{"uv":[4.6875,6.125,4.75,6.1875],"texture":"#1"},"east":{"uv":[4.5,6.125,4.5625,6.1875],"texture":"#1"},"south":{"uv":[4.5625,6.125,4.625,6.1875],"texture":"#1"},"west":{"uv":[4.625,6.125,4.6875,6.1875],"texture":"#1"},"up":{"uv":[4.8125,6.1875,4.75,6.125],"rotation":90,"texture":"#1"}}},{"name":"0","from":[3.5,19.5,9.5],"to":[4,20,10],"rotation":{"angle":0,"axis":"y","origin":[10.25,11.75,3.25]},"faces":{"north":{"uv":[4.625,6.125,4.5625,6.1875],"texture":"#1"},"east":{"uv":[4.5625,6.125,4.5,6.1875],"texture":"#1"},"south":{"uv":[4.75,6.125,4.6875,6.1875],"texture":"#1"},"west":{"uv":[4.6875,6.125,4.625,6.1875],"texture":"#1"},"up":{"uv":[4.75,6.1875,4.8125,6.125],"rotation":90,"texture":"#1"}}},{"name":"0","from":[2.5,19.5,9.5],"to":[3,20,10],"rotation":{"angle":0,"axis":"y","origin":[8,0,8]},"faces":{"north":{"uv":[4.5625,6.125,4.5,6.1875],"texture":"#1"},"east":{"uv":[4.75,6.125,4.6875,6.1875],"texture":"#1"},"south":{"uv":[4.6875,6.125,4.625,6.1875],"texture":"#1"},"west":{"uv":[4.625,6.125,4.5625,6.1875],"texture":"#1"},"up":{"uv":[4.75,6.1875,4.8125,6.125],"texture":"#1"}}},{"name":"0","from":[4.5,19.5,9.5],"to":[5,20,10],"rotation":{"angle":0,"axis":"y","origin":[0,0,8]},"faces":{"north":{"uv":[4.5,6.125,4.5625,6.1875],"texture":"#1"},"east":{"uv":[4.5625,6.125,4.625,6.1875],"texture":"#1"},"south":{"uv":[4.625,6.125,4.6875,6.1875],"texture":"#1"},"west":{"uv":[4.6875,6.125,4.75,6.1875],"texture":"#1"},"up":{"uv":[4.8125,6.1875,4.75,6.125],"texture":"#1"}}},{"name":"0","from":[4.5,19.5,11.5],"to":[5,20,12],"rotation":{"angle":0,"axis":"y","origin":[0,0,8]},"faces":{"north":{"uv":[4.5,6.125,4.5625,6.1875],"texture":"#1"},"east":{"uv":[4.5625,6.125,4.625,6.1875],"texture":"#1"},"south":{"uv":[4.625,6.125,4.6875,6.1875],"texture":"#1"},"west":{"uv":[4.6875,6.125,4.75,6.1875],"texture":"#1"},"up":{"uv":[4.8125,6.1875,4.75,6.125],"texture":"#1"}}},{"name":"0","from":[4.5,19.5,10.5],"to":[5,20,11],"rotation":{"angle":0,"axis":"y","origin":[0,0,8]},"faces":{"north":{"uv":[4.5,6.125,4.5625,6.1875],"texture":"#1"},"east":{"uv":[4.5625,6.125,4.625,6.1875],"texture":"#1"},"south":{"uv":[4.625,6.125,4.6875,6.1875],"texture":"#1"},"west":{"uv":[4.6875,6.125,4.75,6.1875],"texture":"#1"},"up":{"uv":[4.8125,6.1875,4.75,6.125],"texture":"#1"}}},{"name":"0","from":[2.5,19,9.5],"to":[5,19.5,12],"rotation":{"angle":0,"axis":"y","origin":[0,0,8]},"faces":{"north":{"uv":[4.1875,6.0625,4.5,6.125],"texture":"#1"},"east":{"uv":[4.1875,6.0625,4.5,6.125],"texture":"#1"},"south":{"uv":[4.1875,6.0625,4.5,6.125],"texture":"#1"},"west":{"uv":[4.1875,6.0625,4.5,6.125],"texture":"#1"},"up":{"uv":[0.6875,6.375,0.375,6.0625],"texture":"#1"},"down":{"uv":[1,6.0625,0.6875,6.375],"texture":"#1"}}},{"name":"0","from":[16.5,16,13.5],"to":[19,17,16],"rotation":{"angle":0,"axis":"y","origin":[0,0,8]},"faces":{"north":{"uv":[2.0625,6.0625,2.375,6.1875],"texture":"#1"},"east":{"uv":[2.0625,6.0625,2.375,6.1875],"texture":"#1"},"south":{"uv":[2.0625,6.0625,2.375,6.1875],"texture":"#1"},"west":{"uv":[2.0625,6.0625,2.375,6.1875],"texture":"#1"},"up":{"uv":[6.3125,3.6875,6,3.375],"texture":"#1"}}},{"name":"0","from":[17,17,14],"to":[18.5,19,15.5],"rotation":{"angle":0,"axis":"y","origin":[0,0,8]},"faces":{"north":{"uv":[1.1875,6.0625,1.375,6.3125],"texture":"#1"},"east":{"uv":[1.1875,6.0625,1.375,6.3125],"texture":"#1"},"south":{"uv":[1.1875,6.0625,1.375,6.3125],"texture":"#1"},"west":{"uv":[1.1875,6.0625,1.375,6.3125],"texture":"#1"}}},{"name":"0","from":[16.5,19.5,15.5],"to":[17,20,16],"rotation":{"angle":0,"axis":"y","origin":[8,0,8]},"faces":{"north":{"uv":[4.5625,6.125,4.5,6.1875],"texture":"#1"},"east":{"uv":[4.75,6.125,4.6875,6.1875],"texture":"#1"},"south":{"uv":[4.6875,6.125,4.625,6.1875],"texture":"#1"},"west":{"uv":[4.625,6.125,4.5625,6.1875],"texture":"#1"},"up":{"uv":[4.75,6.1875,4.8125,6.125],"texture":"#1"}}},{"name":"0","from":[16.5,19.5,14.5],"to":[17,20,15],"rotation":{"angle":0,"axis":"y","origin":[8,0,8]},"faces":{"north":{"uv":[4.5625,6.125,4.5,6.1875],"texture":"#1"},"east":{"uv":[4.75,6.125,4.6875,6.1875],"texture":"#1"},"south":{"uv":[4.6875,6.125,4.625,6.1875],"texture":"#1"},"west":{"uv":[4.625,6.125,4.5625,6.1875],"texture":"#1"},"up":{"uv":[4.75,6.1875,4.8125,6.125],"texture":"#1"}}},{"name":"0","from":[17.5,19.5,15.5],"to":[18,20,16],"rotation":{"angle":0,"axis":"y","origin":[10.25,11.75,20.75]},"faces":{"north":{"uv":[4.6875,6.125,4.75,6.1875],"texture":"#1"},"east":{"uv":[4.5,6.125,4.5625,6.1875],"texture":"#1"},"south":{"uv":[4.5625,6.125,4.625,6.1875],"texture":"#1"},"west":{"uv":[4.625,6.125,4.6875,6.1875],"texture":"#1"},"up":{"uv":[4.8125,6.1875,4.75,6.125],"rotation":90,"texture":"#1"}}},{"name":"0","from":[17.5,19.5,13.5],"to":[18,20,14],"rotation":{"angle":0,"axis":"y","origin":[10.25,11.75,3.25]},"faces":{"north":{"uv":[4.625,6.125,4.5625,6.1875],"texture":"#1"},"east":{"uv":[4.5625,6.125,4.5,6.1875],"texture":"#1"},"south":{"uv":[4.75,6.125,4.6875,6.1875],"texture":"#1"},"west":{"uv":[4.6875,6.125,4.625,6.1875],"texture":"#1"},"up":{"uv":[4.75,6.1875,4.8125,6.125],"rotation":90,"texture":"#1"}}},{"name":"0","from":[16.5,19.5,13.5],"to":[17,20,14],"rotation":{"angle":0,"axis":"y","origin":[8,0,8]},"faces":{"north":{"uv":[4.5625,6.125,4.5,6.1875],"texture":"#1"},"east":{"uv":[4.75,6.125,4.6875,6.1875],"texture":"#1"},"south":{"uv":[4.6875,6.125,4.625,6.1875],"texture":"#1"},"west":{"uv":[4.625,6.125,4.5625,6.1875],"texture":"#1"},"up":{"uv":[4.75,6.1875,4.8125,6.125],"texture":"#1"}}},{"name":"0","from":[18.5,19.5,13.5],"to":[19,20,14],"rotation":{"angle":0,"axis":"y","origin":[0,0,8]},"faces":{"north":{"uv":[4.5,6.125,4.5625,6.1875],"texture":"#1"},"east":{"uv":[4.5625,6.125,4.625,6.1875],"texture":"#1"},"south":{"uv":[4.625,6.125,4.6875,6.1875],"texture":"#1"},"west":{"uv":[4.6875,6.125,4.75,6.1875],"texture":"#1"},"up":{"uv":[4.8125,6.1875,4.75,6.125],"texture":"#1"}}},{"name":"0","from":[18.5,19.5,15.5],"to":[19,20,16],"rotation":{"angle":0,"axis":"y","origin":[0,0,8]},"faces":{"north":{"uv":[4.5,6.125,4.5625,6.1875],"texture":"#1"},"east":{"uv":[4.5625,6.125,4.625,6.1875],"texture":"#1"},"south":{"uv":[4.625,6.125,4.6875,6.1875],"texture":"#1"},"west":{"uv":[4.6875,6.125,4.75,6.1875],"texture":"#1"},"up":{"uv":[4.8125,6.1875,4.75,6.125],"texture":"#1"}}},{"name":"0","from":[18.5,19.5,14.5],"to":[19,20,15],"rotation":{"angle":0,"axis":"y","origin":[0,0,8]},"faces":{"north":{"uv":[4.5,6.125,4.5625,6.1875],"texture":"#1"},"east":{"uv":[4.5625,6.125,4.625,6.1875],"texture":"#1"},"south":{"uv":[4.625,6.125,4.6875,6.1875],"texture":"#1"},"west":{"uv":[4.6875,6.125,4.75,6.1875],"texture":"#1"},"up":{"uv":[4.8125,6.1875,4.75,6.125],"texture":"#1"}}},{"name":"0","from":[16.5,19,13.5],"to":[19,19.5,16],"rotation":{"angle":0,"axis":"y","origin":[0,0,8]},"faces":{"north":{"uv":[4.1875,6.0625,4.5,6.125],"texture":"#1"},"east":{"uv":[4.1875,6.0625,4.5,6.125],"texture":"#1"},"south":{"uv":[4.1875,6.0625,4.5,6.125],"texture":"#1"},"west":{"uv":[4.1875,6.0625,4.5,6.125],"texture":"#1"},"up":{"uv":[0.6875,6.375,0.375,6.0625],"texture":"#1"},"down":{"uv":[1,6.0625,0.6875,6.375],"texture":"#1"}}},{"name":"0","from":[20,16,15],"to":[26,23,15],"rotation":{"angle":0,"axis":"y","origin":[23,19.5,15]},"faces":{"north":{"uv":[4.875,6.25,5.25,6.6875],"texture":"#1"},"south":{"uv":[5.25,6.25,4.875,6.6875],"texture":"#1"}}},{"name":"0","from":[23,16,12],"to":[23,23,18],"rotation":{"angle":22.5,"axis":"y","origin":[23,19.5,15]},"faces":{"east":{"uv":[4.875,6.25,5.25,6.6875],"texture":"#1"},"west":{"uv":[5.25,6.25,4.875,6.6875],"texture":"#1"}}},{"name":"0","from":[10,16,-1],"to":[16,23,-1],"rotation":{"angle":0,"axis":"y","origin":[13,19.5,-1]},"faces":{"north":{"uv":[4.875,6.25,5.25,6.6875],"texture":"#1"},"south":{"uv":[5.25,6.25,4.875,6.6875],"texture":"#1"}}},{"name":"0","from":[13,16,-4],"to":[13,23,2],"rotation":{"angle":22.5,"axis":"y","origin":[13,19.5,-1]},"faces":{"east":{"uv":[4.875,6.25,5.25,6.6875],"texture":"#1"},"west":{"uv":[5.25,6.25,4.875,6.6875],"texture":"#1"}}},{"name":"0","from":[10,16,17],"to":[16,23,17],"rotation":{"angle":45,"axis":"y","origin":[13,19.5,17]},"faces":{"north":{"uv":[4.875,6.25,5.25,6.6875],"texture":"#1"},"south":{"uv":[5.25,6.25,4.875,6.6875],"texture":"#1"}}},{"name":"0","from":[10,16,17],"to":[16,23,17],"rotation":{"angle":-22.5,"axis":"y","origin":[13,19.5,17]},"faces":{"north":{"uv":[4.875,6.25,5.25,6.6875],"texture":"#1"},"south":{"uv":[5.25,6.25,4.875,6.6875],"texture":"#1"}}},{"name":"0","from":[-12,16,10],"to":[-6,23,10],"rotation":{"angle":0,"axis":"y","origin":[-9,19.5,10]},"faces":{"north":{"uv":[4.875,6.25,5.25,6.6875],"texture":"#1"},"south":{"uv":[5.25,6.25,4.875,6.6875],"texture":"#1"}}},{"name":"0","from":[-9,16,7],"to":[-9,23,13],"rotation":{"angle":22.5,"axis":"y","origin":[-9,19.5,10]},"faces":{"east":{"uv":[4.875,6.25,5.25,6.6875],"texture":"#1"},"west":{"uv":[5.25,6.25,4.875,6.6875],"texture":"#1"}}},{"name":"0","from":[-10,3,-7],"to":[-7,14,-5],"rotation":{"angle":0,"axis":"y","origin":[16,0,8]},"faces":{"north":{"uv":[0.1875,6.0625,0,6.75],"texture":"#1"},"east":{"uv":[0.125,6.75,0,7.4375],"texture":"#1"},"west":{"uv":[0.125,6.75,0,7.4375],"texture":"#1"}}},{"name":"0","from":[-12,3,-6],"to":[-5,11,-6],"rotation":{"angle":-45,"axis":"y","origin":[-8.5,7,-6]},"faces":{"north":{"uv":[0.5625,6.75,0.125,7.25],"texture":"#1"},"south":{"uv":[0.5625,6.75,0.125,7.25],"texture":"#1"}}},{"name":"0","from":[-12,3,-6],"to":[-5,11,-6],"rotation":{"angle":0,"axis":"y","origin":[16,0,8]},"faces":{"north":{"uv":[0.5625,6.75,0.125,7.25],"texture":"#1"},"south":{"uv":[0.125,6.75,0.5625,7.25],"texture":"#1"}}},{"name":"0","from":[-12,3,-6],"to":[-5,11,-6],"rotation":{"angle":45,"axis":"y","origin":[-8.5,7,-6]},"faces":{"north":{"uv":[0.5625,6.75,0.125,7.25],"texture":"#1"},"south":{"uv":[0.1875,6.0625,0,6.75],"texture":"#1"}}},{"name":"0","from":[-10,3,21],"to":[-7,14,23],"rotation":{"angle":0,"axis":"y","origin":[16,0,8]},"faces":{"east":{"uv":[0,6.75,0.125,7.4375],"texture":"#1"},"south":{"uv":[0,6.0625,0.1875,6.75],"texture":"#1"},"west":{"uv":[0,6.75,0.125,7.4375],"texture":"#1"}}},{"name":"0","from":[-12,3,22],"to":[-5,11,22],"rotation":{"angle":45,"axis":"y","origin":[-8.5,7,22]},"faces":{"north":{"uv":[0.125,6.75,0.5625,7.25],"texture":"#1"},"south":{"uv":[0.125,6.75,0.5625,7.25],"texture":"#1"}}},{"name":"0","from":[-12,3,22],"to":[-5,11,22],"rotation":{"angle":0,"axis":"y","origin":[16,0,8]},"faces":{"north":{"uv":[0.5625,6.75,0.125,7.25],"texture":"#1"},"south":{"uv":[0.125,6.75,0.5625,7.25],"texture":"#1"}}},{"name":"0","from":[-12,3,22],"to":[-5,11,22],"rotation":{"angle":-45,"axis":"y","origin":[-8.5,7,22]},"faces":{"north":{"uv":[0,6.0625,0.1875,6.75],"texture":"#1"},"south":{"uv":[0.125,6.75,0.5625,7.25],"texture":"#1"}}},{"name":"0","from":[23,3,21],"to":[26,14,23],"rotation":{"angle":0,"axis":"y","origin":[0,0,8]},"faces":{"east":{"uv":[0.125,6.75,0,7.4375],"texture":"#1"},"south":{"uv":[0.1875,6.0625,0,6.75],"texture":"#1"},"west":{"uv":[0.125,6.75,0,7.4375],"texture":"#1"}}},{"name":"0","from":[21,3,22],"to":[28,11,22],"rotation":{"angle":-45,"axis":"y","origin":[24.5,7,22]},"faces":{"north":{"uv":[0.5625,6.75,0.125,7.25],"texture":"#1"},"south":{"uv":[0.5625,6.75,0.125,7.25],"texture":"#1"}}},{"name":"0","from":[21,3,22],"to":[28,11,22],"rotation":{"angle":0,"axis":"y","origin":[0,0,8]},"faces":{"north":{"uv":[0.125,6.75,0.5625,7.25],"texture":"#1"},"south":{"uv":[0.5625,6.75,0.125,7.25],"texture":"#1"}}},{"name":"0","from":[21,3,22],"to":[28,11,22],"rotation":{"angle":45,"axis":"y","origin":[24.5,7,22]},"faces":{"north":{"uv":[0.1875,6.0625,0,6.75],"texture":"#1"},"south":{"uv":[0.5625,6.75,0.125,7.25],"texture":"#1"}}}],"display":{"thirdperson_righthand":{"rotation":[45,0,0],"translation":[0,0.75,-2.25],"scale":[0.25,0.25,0.25]},"thirdperson_lefthand":{"rotation":[45,0,0],"translation":[0,0.75,-2.25],"scale":[0.25,0.25,0.25]},"firstperson_righthand":{"translation":[16.5,-6.5,-14.5],"scale":[0.3,0.3,0.3]},"firstperson_lefthand":{"translation":[16.5,-6.5,-14.5],"scale":[0.3,0.3,0.3]},"ground":{"translation":[0,-0.25,0],"scale":[0.2,0.2,0.2]},"gui":{"rotation":[15,-145,0],"translation":[0,-0.5,0],"scale":[0.25,0.25,0.25]},"head":{"translation":[0,-31.25,0],"scale":[1.5,1.5,1.5]},"fixed":{"rotation":[-90,0,0],"translation":[-32,16,-16],"scale":[2,2,2]}}}